# FoundationPose asset from cylinder_1.obj
# scale=0.001 pre_center_m=(-6.855184396144154e-12,0.018499999855184246,9.028291776943218e-20)
mtllib cylinder_1.mtl
o cylinder_1
v -0.013965897 -0.011650000 0.000976591
v -0.013965897 0.000000000 0.000976591
v -0.014000000 -0.011650000 -0.000000000
v -0.014000000 0.000000000 -0.000000000
v -0.013965897 -0.011650000 -0.000976591
v -0.013965897 0.000000000 -0.000976591
v -0.013863753 -0.011650000 -0.001948423
v -0.013863753 0.000000000 -0.001948423
v -0.013694066 -0.011650000 -0.002910764
v -0.013694066 0.000000000 -0.002910764
v -0.013457664 -0.011650000 -0.003858923
v -0.013457664 0.000000000 -0.003858923
v -0.013155697 -0.011650000 -0.004788282
v -0.013155697 0.000000000 -0.004788282
v -0.012789637 -0.011650000 -0.005694313
v -0.012789637 0.000000000 -0.005694313
v -0.012361266 -0.011650000 -0.006572602
v -0.012361266 0.000000000 -0.006572602
v -0.011872673 -0.011650000 -0.007418869
v -0.011872673 0.000000000 -0.007418869
v -0.011326238 -0.011650000 -0.008228993
v -0.011326238 0.000000000 -0.008228993
v -0.010724622 -0.011650000 -0.008999026
v -0.010724622 0.000000000 -0.008999026
v -0.010070757 -0.011650000 -0.009725217
v -0.010070757 0.000000000 -0.009725217
v -0.009367828 -0.011650000 -0.010404028
v -0.009367828 0.000000000 -0.010404028
v -0.008619261 -0.011650000 -0.011032150
v -0.008619261 0.000000000 -0.011032150
v -0.007828701 -0.011650000 -0.011606526
v -0.007828701 0.000000000 -0.011606526
v -0.007000000 -0.011650000 -0.012124355
v -0.007000000 0.000000000 -0.012124355
v -0.006137196 -0.011650000 -0.012583117
v -0.006137196 0.000000000 -0.012583117
v -0.005244493 -0.011650000 -0.012980574
v -0.005244493 0.000000000 -0.012980574
v -0.004326238 -0.011650000 -0.013314792
v -0.004326238 0.000000000 -0.013314792
v -0.003386907 -0.011650000 -0.013584140
v -0.003386907 0.000000000 -0.013584140
v -0.002431074 -0.011650000 -0.013787309
v -0.002431074 0.000000000 -0.013787309
v -0.001463398 -0.011650000 -0.013923306
v -0.001463398 0.000000000 -0.013923306
v -0.000488593 -0.011650000 -0.013991471
v -0.000488593 0.000000000 -0.013991471
v 0.000488593 -0.011650000 -0.013991471
v 0.000488593 0.000000000 -0.013991471
v 0.001463398 -0.011650000 -0.013923306
v 0.001463398 0.000000000 -0.013923306
v 0.002431074 -0.011650000 -0.013787309
v 0.002431074 0.000000000 -0.013787309
v 0.003386907 -0.011650000 -0.013584140
v 0.003386907 0.000000000 -0.013584140
v 0.004326238 -0.011650000 -0.013314792
v 0.004326238 0.000000000 -0.013314792
v 0.005244493 -0.011650000 -0.012980574
v 0.005244493 0.000000000 -0.012980574
v 0.006137196 -0.011650000 -0.012583117
v 0.006137196 0.000000000 -0.012583117
v 0.007000000 -0.011650000 -0.012124355
v 0.007000000 0.000000000 -0.012124355
v 0.007828701 -0.011650000 -0.011606526
v 0.007828701 0.000000000 -0.011606526
v 0.008619261 -0.011650000 -0.011032150
v 0.008619261 0.000000000 -0.011032150
v 0.009367828 -0.011650000 -0.010404028
v 0.009367828 0.000000000 -0.010404028
v 0.010070757 -0.011650000 -0.009725217
v 0.010070757 0.000000000 -0.009725217
v 0.010724622 -0.011650000 -0.008999026
v 0.010724622 0.000000000 -0.008999026
v 0.011326238 -0.011650000 -0.008228993
v 0.011326238 0.000000000 -0.008228993
v 0.011872673 -0.011650000 -0.007418869
v 0.011872673 0.000000000 -0.007418869
v 0.012361266 -0.011650000 -0.006572602
v 0.012361266 0.000000000 -0.006572602
v 0.012789637 -0.011650000 -0.005694313
v 0.012789637 0.000000000 -0.005694313
v 0.013155697 -0.011650000 -0.004788282
v 0.013155697 0.000000000 -0.004788282
v 0.013457664 -0.011650000 -0.003858923
v 0.013457664 0.000000000 -0.003858923
v 0.013694066 -0.011650000 -0.002910764
v 0.013694066 0.000000000 -0.002910764
v 0.013863753 -0.011650000 -0.001948423
v 0.013863753 0.000000000 -0.001948423
v 0.013965897 -0.011650000 -0.000976591
v 0.013965897 0.000000000 -0.000976591
v 0.014000000 -0.011650000 -0.000000000
v 0.014000000 0.000000000 -0.000000000
v 0.013965897 -0.011650000 0.000976591
v 0.013965897 0.000000000 0.000976591
v 0.013863753 -0.011650000 0.001948423
v 0.013863753 0.000000000 0.001948423
v 0.013694066 -0.011650000 0.002910764
v 0.013694066 0.000000000 0.002910764
v 0.013457664 -0.011650000 0.003858923
v 0.013457664 0.000000000 0.003858923
v 0.013155697 -0.011650000 0.004788282
v 0.013155697 0.000000000 0.004788282
v 0.012789637 -0.011650000 0.005694313
v 0.012789637 0.000000000 0.005694313
v 0.012361266 -0.011650000 0.006572602
v 0.012361266 0.000000000 0.006572602
v 0.011872673 -0.011650000 0.007418869
v 0.011872673 0.000000000 0.007418869
v 0.011326238 -0.011650000 0.008228993
v 0.011326238 0.000000000 0.008228993
v 0.010724622 -0.011650000 0.008999026
v 0.010724622 0.000000000 0.008999026
v 0.010070757 -0.011650000 0.009725217
v 0.010070757 0.000000000 0.009725217
v 0.009367828 -0.011650000 0.010404028
v 0.009367828 0.000000000 0.010404028
v 0.008619261 -0.011650000 0.011032150
v 0.008619261 0.000000000 0.011032150
v 0.007828701 -0.011650000 0.011606526
v 0.007828701 0.000000000 0.011606526
v 0.007000000 -0.011650000 0.012124355
v 0.007000000 0.000000000 0.012124355
v 0.006137196 -0.011650000 0.012583117
v 0.006137196 0.000000000 0.012583117
v 0.005244493 -0.011650000 0.012980574
v 0.005244493 0.000000000 0.012980574
v 0.004326238 -0.011650000 0.013314792
v 0.004326238 0.000000000 0.013314792
v 0.003386907 -0.011650000 0.013584140
v 0.003386907 0.000000000 0.013584140
v 0.002431074 -0.011650000 0.013787309
v 0.002431074 0.000000000 0.013787309
v 0.001463398 -0.011650000 0.013923306
v 0.001463398 0.000000000 0.013923306
v 0.000488593 -0.011650000 0.013991471
v 0.000488593 0.000000000 0.013991471
v -0.000488593 -0.011650000 0.013991471
v -0.000488593 0.000000000 0.013991471
v -0.001463398 -0.011650000 0.013923306
v -0.001463398 0.000000000 0.013923306
v -0.002431074 -0.011650000 0.013787309
v -0.002431074 0.000000000 0.013787309
v -0.003386907 -0.011650000 0.013584140
v -0.003386907 0.000000000 0.013584140
v -0.004326238 -0.011650000 0.013314792
v -0.004326238 0.000000000 0.013314792
v -0.005244493 -0.011650000 0.012980574
v -0.005244493 0.000000000 0.012980574
v -0.006137196 -0.011650000 0.012583117
v -0.006137196 0.000000000 0.012583117
v -0.007000000 -0.011650000 0.012124355
v -0.007000000 0.000000000 0.012124355
v -0.007828701 -0.011650000 0.011606526
v -0.007828701 0.000000000 0.011606526
v -0.008619261 -0.011650000 0.011032150
v -0.008619261 0.000000000 0.011032150
v -0.009367828 -0.011650000 0.010404028
v -0.009367828 0.000000000 0.010404028
v -0.010070757 -0.011650000 0.009725217
v -0.010070757 0.000000000 0.009725217
v -0.010724622 -0.011650000 0.008999026
v -0.010724622 0.000000000 0.008999026
v -0.011326238 -0.011650000 0.008228993
v -0.011326238 0.000000000 0.008228993
v -0.011872673 -0.011650000 0.007418869
v -0.011872673 0.000000000 0.007418869
v -0.012361266 -0.011650000 0.006572602
v -0.012361266 0.000000000 0.006572602
v -0.012789637 -0.011650000 0.005694313
v -0.012789637 0.000000000 0.005694313
v -0.013155697 -0.011650000 0.004788282
v -0.013155697 0.000000000 0.004788282
v -0.013457664 -0.011650000 0.003858923
v -0.013457664 0.000000000 0.003858923
v -0.013694066 -0.011650000 0.002910764
v -0.013694066 0.000000000 0.002910764
v -0.013863753 -0.011650000 0.001948423
v -0.013863753 0.000000000 0.001948423
v -0.013965897 0.011650000 -0.000976591
v -0.014000000 0.011650000 -0.000000000
v -0.013965897 0.011650000 0.000976591
v -0.013863753 0.011650000 0.001948423
v -0.013694066 0.011650000 0.002910764
v -0.013457664 0.011650000 0.003858923
v -0.013155697 0.011650000 0.004788282
v -0.012789637 0.011650000 0.005694313
v -0.012361266 0.011650000 0.006572602
v -0.011872673 0.011650000 0.007418869
v -0.011326238 0.011650000 0.008228993
v -0.010724622 0.011650000 0.008999026
v -0.010070757 0.011650000 0.009725217
v -0.009367828 0.011650000 0.010404028
v -0.008619261 0.011650000 0.011032150
v -0.007828701 0.011650000 0.011606526
v -0.007000000 0.011650000 0.012124355
v -0.006137196 0.011650000 0.012583117
v -0.005244493 0.011650000 0.012980574
v -0.004326238 0.011650000 0.013314792
v -0.003386907 0.011650000 0.013584140
v -0.002431074 0.011650000 0.013787309
v -0.001463398 0.011650000 0.013923306
v -0.000488593 0.011650000 0.013991471
v 0.000488593 0.011650000 0.013991471
v 0.001463398 0.011650000 0.013923306
v 0.002431074 0.011650000 0.013787309
v 0.003386907 0.011650000 0.013584140
v 0.004326238 0.011650000 0.013314792
v 0.005244493 0.011650000 0.012980574
v 0.006137196 0.011650000 0.012583117
v 0.007000000 0.011650000 0.012124355
v 0.007828701 0.011650000 0.011606526
v 0.008619261 0.011650000 0.011032150
v 0.009367828 0.011650000 0.010404028
v 0.010070757 0.011650000 0.009725217
v 0.010724622 0.011650000 0.008999026
v 0.011326238 0.011650000 0.008228993
v 0.011872673 0.011650000 0.007418869
v 0.012361266 0.011650000 0.006572602
v 0.012789637 0.011650000 0.005694313
v 0.013155697 0.011650000 0.004788282
v 0.013457664 0.011650000 0.003858923
v 0.013694066 0.011650000 0.002910764
v 0.013863753 0.011650000 0.001948423
v 0.013965897 0.011650000 0.000976591
v 0.014000000 0.011650000 -0.000000000
v 0.013965897 0.011650000 -0.000976591
v 0.013863753 0.011650000 -0.001948423
v 0.013694066 0.011650000 -0.002910764
v 0.013457664 0.011650000 -0.003858923
v 0.013155697 0.011650000 -0.004788282
v 0.012789637 0.011650000 -0.005694313
v 0.012361266 0.011650000 -0.006572602
v 0.011872673 0.011650000 -0.007418869
v 0.011326238 0.011650000 -0.008228993
v 0.010724622 0.011650000 -0.008999026
v 0.010070757 0.011650000 -0.009725217
v 0.009367828 0.011650000 -0.010404028
v 0.008619261 0.011650000 -0.011032150
v 0.007828701 0.011650000 -0.011606526
v 0.007000000 0.011650000 -0.012124355
v 0.006137196 0.011650000 -0.012583117
v 0.005244493 0.011650000 -0.012980574
v 0.004326238 0.011650000 -0.013314792
v 0.003386907 0.011650000 -0.013584140
v 0.002431074 0.011650000 -0.013787309
v 0.001463398 0.011650000 -0.013923306
v 0.000488593 0.011650000 -0.013991471
v -0.000488593 0.011650000 -0.013991471
v -0.001463398 0.011650000 -0.013923306
v -0.002431074 0.011650000 -0.013787309
v -0.003386907 0.011650000 -0.013584140
v -0.004326238 0.011650000 -0.013314792
v -0.005244493 0.011650000 -0.012980574
v -0.006137196 0.011650000 -0.012583117
v -0.007000000 0.011650000 -0.012124355
v -0.007828701 0.011650000 -0.011606526
v -0.008619261 0.011650000 -0.011032150
v -0.009367828 0.011650000 -0.010404028
v -0.010070757 0.011650000 -0.009725217
v -0.010724622 0.011650000 -0.008999026
v -0.011326238 0.011650000 -0.008228993
v -0.011872673 0.011650000 -0.007418869
v -0.012361266 0.011650000 -0.006572602
v -0.012789637 0.011650000 -0.005694313
v -0.013155697 0.011650000 -0.004788282
v -0.013457664 0.011650000 -0.003858923
v -0.013694066 0.011650000 -0.002910764
v -0.013863753 0.011650000 -0.001948423
v -0.013965897 0.017700001 -0.000976591
v -0.013965897 0.013250000 -0.000976591
v -0.014000000 0.017700001 -0.000000000
v -0.014000000 0.013250000 -0.000000000
v -0.013965897 0.017700001 0.000976591
v -0.013965897 0.013250000 0.000976591
v -0.013863753 0.017700001 0.001948423
v -0.013863753 0.013250000 0.001948423
v -0.013694066 0.017700001 0.002910764
v -0.013694066 0.013250000 0.002910764
v -0.013457664 0.017700001 0.003858923
v -0.013457664 0.013250000 0.003858923
v -0.013155697 0.017700001 0.004788282
v -0.013155697 0.013250000 0.004788282
v -0.012789637 0.017700001 0.005694313
v -0.012789637 0.013250000 0.005694313
v -0.012361266 0.017700001 0.006572602
v -0.012361266 0.013250000 0.006572602
v -0.011872673 0.017700001 0.007418869
v -0.011872673 0.013250000 0.007418869
v -0.011326238 0.017700001 0.008228993
v -0.011326238 0.013250000 0.008228993
v -0.010724622 0.017700001 0.008999026
v -0.010724622 0.013250000 0.008999026
v -0.010070757 0.017700001 0.009725217
v -0.010070757 0.013250000 0.009725217
v -0.009367828 0.017700001 0.010404028
v -0.009367828 0.013250000 0.010404028
v -0.008619261 0.017700001 0.011032150
v -0.008619261 0.013250000 0.011032150
v -0.007828701 0.017700001 0.011606526
v -0.007828701 0.013250000 0.011606526
v -0.007000000 0.017700001 0.012124355
v -0.007000000 0.013250000 0.012124355
v -0.006137196 0.017700001 0.012583117
v -0.006137196 0.013250000 0.012583117
v -0.005244493 0.017700001 0.012980574
v -0.005244493 0.013250000 0.012980574
v -0.004326238 0.017700001 0.013314792
v -0.004326238 0.013250000 0.013314792
v -0.003386907 0.017700001 0.013584140
v -0.003386907 0.013250000 0.013584140
v -0.002431074 0.017700001 0.013787309
v -0.002431074 0.013250000 0.013787309
v -0.001463398 0.017700001 0.013923306
v -0.001463398 0.013250000 0.013923306
v -0.000488593 0.017700001 0.013991471
v -0.000488593 0.013250000 0.013991471
v 0.000488593 0.017700001 0.013991471
v 0.000488593 0.013250000 0.013991471
v 0.001463398 0.017700001 0.013923306
v 0.001463398 0.013250000 0.013923306
v 0.002431074 0.017700001 0.013787309
v 0.002431074 0.013250000 0.013787309
v 0.003386907 0.017700001 0.013584140
v 0.003386907 0.013250000 0.013584140
v 0.004326238 0.017700001 0.013314792
v 0.004326238 0.013250000 0.013314792
v 0.005244493 0.017700001 0.012980574
v 0.005244493 0.013250000 0.012980574
v 0.006137196 0.017700001 0.012583117
v 0.006137196 0.013250000 0.012583117
v 0.007000000 0.017700001 0.012124355
v 0.007000000 0.013250000 0.012124355
v 0.007828701 0.017700001 0.011606526
v 0.007828701 0.013250000 0.011606526
v 0.008619261 0.017700001 0.011032150
v 0.008619261 0.013250000 0.011032150
v 0.009367828 0.017700001 0.010404028
v 0.009367828 0.013250000 0.010404028
v 0.010070757 0.017700001 0.009725217
v 0.010070757 0.013250000 0.009725217
v 0.010724622 0.017700001 0.008999026
v 0.010724622 0.013250000 0.008999026
v 0.011326238 0.017700001 0.008228993
v 0.011326238 0.013250000 0.008228993
v 0.011872673 0.017700001 0.007418869
v 0.011872673 0.013250000 0.007418869
v 0.012361266 0.017700001 0.006572602
v 0.012361266 0.013250000 0.006572602
v 0.012789637 0.017700001 0.005694313
v 0.012789637 0.013250000 0.005694313
v 0.013155697 0.017700001 0.004788282
v 0.013155697 0.013250000 0.004788282
v 0.013457664 0.017700001 0.003858923
v 0.013457664 0.013250000 0.003858923
v 0.013694066 0.017700001 0.002910764
v 0.013694066 0.013250000 0.002910764
v 0.013863753 0.017700001 0.001948423
v 0.013863753 0.013250000 0.001948423
v 0.013965897 0.017700001 0.000976591
v 0.013965897 0.013250000 0.000976591
v 0.014000000 0.017700001 -0.000000000
v 0.014000000 0.013250000 -0.000000000
v 0.013965897 0.017700001 -0.000976591
v 0.013965897 0.013250000 -0.000976591
v 0.013863753 0.017700001 -0.001948423
v 0.013863753 0.013250000 -0.001948423
v 0.013694066 0.017700001 -0.002910764
v 0.013694066 0.013250000 -0.002910764
v 0.013457664 0.017700001 -0.003858923
v 0.013457664 0.013250000 -0.003858923
v 0.013155697 0.017700001 -0.004788282
v 0.013155697 0.013250000 -0.004788282
v 0.012789637 0.017700001 -0.005694313
v 0.012789637 0.013250000 -0.005694313
v 0.012361266 0.017700001 -0.006572602
v 0.012361266 0.013250000 -0.006572602
v 0.011872673 0.017700001 -0.007418869
v 0.011872673 0.013250000 -0.007418869
v 0.011326238 0.017700001 -0.008228993
v 0.011326238 0.013250000 -0.008228993
v 0.010724622 0.017700001 -0.008999026
v 0.010724622 0.013250000 -0.008999026
v 0.010070757 0.017700001 -0.009725217
v 0.010070757 0.013250000 -0.009725217
v 0.009367828 0.017700001 -0.010404028
v 0.009367828 0.013250000 -0.010404028
v 0.008619261 0.017700001 -0.011032150
v 0.008619261 0.013250000 -0.011032150
v 0.007828701 0.017700001 -0.011606526
v 0.007828701 0.013250000 -0.011606526
v 0.007000000 0.017700001 -0.012124355
v 0.007000000 0.013250000 -0.012124355
v 0.006137196 0.017700001 -0.012583117
v 0.006137196 0.013250000 -0.012583117
v 0.005244493 0.017700001 -0.012980574
v 0.005244493 0.013250000 -0.012980574
v 0.004326238 0.017700001 -0.013314792
v 0.004326238 0.013250000 -0.013314792
v 0.003386907 0.017700001 -0.013584140
v 0.003386907 0.013250000 -0.013584140
v 0.002431074 0.017700001 -0.013787309
v 0.002431074 0.013250000 -0.013787309
v 0.001463398 0.017700001 -0.013923306
v 0.001463398 0.013250000 -0.013923306
v 0.000488593 0.017700001 -0.013991471
v 0.000488593 0.013250000 -0.013991471
v -0.000488593 0.017700001 -0.013991471
v -0.000488593 0.013250000 -0.013991471
v -0.001463398 0.017700001 -0.013923306
v -0.001463398 0.013250000 -0.013923306
v -0.002431074 0.017700001 -0.013787309
v -0.002431074 0.013250000 -0.013787309
v -0.003386907 0.017700001 -0.013584140
v -0.003386907 0.013250000 -0.013584140
v -0.004326238 0.017700001 -0.013314792
v -0.004326238 0.013250000 -0.013314792
v -0.005244493 0.017700001 -0.012980574
v -0.005244493 0.013250000 -0.012980574
v -0.006137196 0.017700001 -0.012583117
v -0.006137196 0.013250000 -0.012583117
v -0.007000000 0.017700001 -0.012124355
v -0.007000000 0.013250000 -0.012124355
v -0.007828701 0.017700001 -0.011606526
v -0.007828701 0.013250000 -0.011606526
v -0.008619261 0.017700001 -0.011032150
v -0.008619261 0.013250000 -0.011032150
v -0.009367828 0.017700001 -0.010404028
v -0.009367828 0.013250000 -0.010404028
v -0.010070757 0.017700001 -0.009725217
v -0.010070757 0.013250000 -0.009725217
v -0.010724622 0.017700001 -0.008999026
v -0.010724622 0.013250000 -0.008999026
v -0.011326238 0.017700001 -0.008228993
v -0.011326238 0.013250000 -0.008228993
v -0.011872673 0.017700001 -0.007418869
v -0.011872673 0.013250000 -0.007418869
v -0.012361266 0.017700001 -0.006572602
v -0.012361266 0.013250000 -0.006572602
v -0.012789637 0.017700001 -0.005694313
v -0.012789637 0.013250000 -0.005694313
v -0.013155697 0.017700001 -0.004788282
v -0.013155697 0.013250000 -0.004788282
v -0.013457664 0.017700001 -0.003858923
v -0.013457664 0.013250000 -0.003858923
v -0.013694066 0.017700001 -0.002910764
v -0.013694066 0.013250000 -0.002910764
v -0.013863753 0.017700001 -0.001948423
v -0.013863753 0.013250000 -0.001948423
v -0.013965897 -0.017700000 0.000976591
v -0.013965897 -0.013250000 0.000976591
v -0.014000000 -0.017700000 -0.000000000
v -0.014000000 -0.013250000 -0.000000000
v -0.013965897 -0.017700000 -0.000976591
v -0.013965897 -0.013250000 -0.000976591
v -0.013863753 -0.017700000 -0.001948423
v -0.013863753 -0.013250000 -0.001948423
v -0.013694066 -0.017700000 -0.002910764
v -0.013694066 -0.013250000 -0.002910764
v -0.013457664 -0.017700000 -0.003858923
v -0.013457664 -0.013250000 -0.003858923
v -0.013155697 -0.017700000 -0.004788282
v -0.013155697 -0.013250000 -0.004788282
v -0.012789637 -0.017700000 -0.005694313
v -0.012789637 -0.013250000 -0.005694313
v -0.012361266 -0.017700000 -0.006572602
v -0.012361266 -0.013250000 -0.006572602
v -0.011872673 -0.017700000 -0.007418869
v -0.011872673 -0.013250000 -0.007418869
v -0.011326238 -0.017700000 -0.008228993
v -0.011326238 -0.013250000 -0.008228993
v -0.010724622 -0.017700000 -0.008999026
v -0.010724622 -0.013250000 -0.008999026
v -0.010070757 -0.017700000 -0.009725217
v -0.010070757 -0.013250000 -0.009725217
v -0.009367828 -0.017700000 -0.010404028
v -0.009367828 -0.013250000 -0.010404028
v -0.008619261 -0.017700000 -0.011032150
v -0.008619261 -0.013250000 -0.011032150
v -0.007828701 -0.017700000 -0.011606526
v -0.007828701 -0.013250000 -0.011606526
v -0.007000000 -0.017700000 -0.012124355
v -0.007000000 -0.013250000 -0.012124355
v -0.006137196 -0.017700000 -0.012583117
v -0.006137196 -0.013250000 -0.012583117
v -0.005244493 -0.017700000 -0.012980574
v -0.005244493 -0.013250000 -0.012980574
v -0.004326238 -0.017700000 -0.013314792
v -0.004326238 -0.013250000 -0.013314792
v -0.003386907 -0.017700000 -0.013584140
v -0.003386907 -0.013250000 -0.013584140
v -0.002431074 -0.017700000 -0.013787309
v -0.002431074 -0.013250000 -0.013787309
v -0.001463398 -0.017700000 -0.013923306
v -0.001463398 -0.013250000 -0.013923306
v -0.000488593 -0.017700000 -0.013991471
v -0.000488593 -0.013250000 -0.013991471
v 0.000488593 -0.017700000 -0.013991471
v 0.000488593 -0.013250000 -0.013991471
v 0.001463398 -0.017700000 -0.013923306
v 0.001463398 -0.013250000 -0.013923306
v 0.002431074 -0.017700000 -0.013787309
v 0.002431074 -0.013250000 -0.013787309
v 0.003386907 -0.017700000 -0.013584140
v 0.003386907 -0.013250000 -0.013584140
v 0.004326238 -0.017700000 -0.013314792
v 0.004326238 -0.013250000 -0.013314792
v 0.005244493 -0.017700000 -0.012980574
v 0.005244493 -0.013250000 -0.012980574
v 0.006137196 -0.017700000 -0.012583117
v 0.006137196 -0.013250000 -0.012583117
v 0.007000000 -0.017700000 -0.012124355
v 0.007000000 -0.013250000 -0.012124355
v 0.007828701 -0.017700000 -0.011606526
v 0.007828701 -0.013250000 -0.011606526
v 0.008619261 -0.017700000 -0.011032150
v 0.008619261 -0.013250000 -0.011032150
v 0.009367828 -0.017700000 -0.010404028
v 0.009367828 -0.013250000 -0.010404028
v 0.010070757 -0.017700000 -0.009725217
v 0.010070757 -0.013250000 -0.009725217
v 0.010724622 -0.017700000 -0.008999026
v 0.010724622 -0.013250000 -0.008999026
v 0.011326238 -0.017700000 -0.008228993
v 0.011326238 -0.013250000 -0.008228993
v 0.011872673 -0.017700000 -0.007418869
v 0.011872673 -0.013250000 -0.007418869
v 0.012361266 -0.017700000 -0.006572602
v 0.012361266 -0.013250000 -0.006572602
v 0.012789637 -0.017700000 -0.005694313
v 0.012789637 -0.013250000 -0.005694313
v 0.013155697 -0.017700000 -0.004788282
v 0.013155697 -0.013250000 -0.004788282
v 0.013457664 -0.017700000 -0.003858923
v 0.013457664 -0.013250000 -0.003858923
v 0.013694066 -0.017700000 -0.002910764
v 0.013694066 -0.013250000 -0.002910764
v 0.013863753 -0.017700000 -0.001948423
v 0.013863753 -0.013250000 -0.001948423
v 0.013965897 -0.017700000 -0.000976591
v 0.013965897 -0.013250000 -0.000976591
v 0.014000000 -0.017700000 -0.000000000
v 0.014000000 -0.013250000 -0.000000000
v 0.013965897 -0.017700000 0.000976591
v 0.013965897 -0.013250000 0.000976591
v 0.013863753 -0.017700000 0.001948423
v 0.013863753 -0.013250000 0.001948423
v 0.013694066 -0.017700000 0.002910764
v 0.013694066 -0.013250000 0.002910764
v 0.013457664 -0.017700000 0.003858923
v 0.013457664 -0.013250000 0.003858923
v 0.013155697 -0.017700000 0.004788282
v 0.013155697 -0.013250000 0.004788282
v 0.012789637 -0.017700000 0.005694313
v 0.012789637 -0.013250000 0.005694313
v 0.012361266 -0.017700000 0.006572602
v 0.012361266 -0.013250000 0.006572602
v 0.011872673 -0.017700000 0.007418869
v 0.011872673 -0.013250000 0.007418869
v 0.011326238 -0.017700000 0.008228993
v 0.011326238 -0.013250000 0.008228993
v 0.010724622 -0.017700000 0.008999026
v 0.010724622 -0.013250000 0.008999026
v 0.010070757 -0.017700000 0.009725217
v 0.010070757 -0.013250000 0.009725217
v 0.009367828 -0.017700000 0.010404028
v 0.009367828 -0.013250000 0.010404028
v 0.008619261 -0.017700000 0.011032150
v 0.008619261 -0.013250000 0.011032150
v 0.007828701 -0.017700000 0.011606526
v 0.007828701 -0.013250000 0.011606526
v 0.007000000 -0.017700000 0.012124355
v 0.007000000 -0.013250000 0.012124355
v 0.006137196 -0.017700000 0.012583117
v 0.006137196 -0.013250000 0.012583117
v 0.005244493 -0.017700000 0.012980574
v 0.005244493 -0.013250000 0.012980574
v 0.004326238 -0.017700000 0.013314792
v 0.004326238 -0.013250000 0.013314792
v 0.003386907 -0.017700000 0.013584140
v 0.003386907 -0.013250000 0.013584140
v 0.002431074 -0.017700000 0.013787309
v 0.002431074 -0.013250000 0.013787309
v 0.001463398 -0.017700000 0.013923306
v 0.001463398 -0.013250000 0.013923306
v 0.000488593 -0.017700000 0.013991471
v 0.000488593 -0.013250000 0.013991471
v -0.000488593 -0.017700000 0.013991471
v -0.000488593 -0.013250000 0.013991471
v -0.001463398 -0.017700000 0.013923306
v -0.001463398 -0.013250000 0.013923306
v -0.002431074 -0.017700000 0.013787309
v -0.002431074 -0.013250000 0.013787309
v -0.003386907 -0.017700000 0.013584140
v -0.003386907 -0.013250000 0.013584140
v -0.004326238 -0.017700000 0.013314792
v -0.004326238 -0.013250000 0.013314792
v -0.005244493 -0.017700000 0.012980574
v -0.005244493 -0.013250000 0.012980574
v -0.006137196 -0.017700000 0.012583117
v -0.006137196 -0.013250000 0.012583117
v -0.007000000 -0.017700000 0.012124355
v -0.007000000 -0.013250000 0.012124355
v -0.007828701 -0.017700000 0.011606526
v -0.007828701 -0.013250000 0.011606526
v -0.008619261 -0.017700000 0.011032150
v -0.008619261 -0.013250000 0.011032150
v -0.009367828 -0.017700000 0.010404028
v -0.009367828 -0.013250000 0.010404028
v -0.010070757 -0.017700000 0.009725217
v -0.010070757 -0.013250000 0.009725217
v -0.010724622 -0.017700000 0.008999026
v -0.010724622 -0.013250000 0.008999026
v -0.011326238 -0.017700000 0.008228993
v -0.011326238 -0.013250000 0.008228993
v -0.011872673 -0.017700000 0.007418869
v -0.011872673 -0.013250000 0.007418869
v -0.012361266 -0.017700000 0.006572602
v -0.012361266 -0.013250000 0.006572602
v -0.012789637 -0.017700000 0.005694313
v -0.012789637 -0.013250000 0.005694313
v -0.013155697 -0.017700000 0.004788282
v -0.013155697 -0.013250000 0.004788282
v -0.013457664 -0.017700000 0.003858923
v -0.013457664 -0.013250000 0.003858923
v -0.013694066 -0.017700000 0.002910764
v -0.013694066 -0.013250000 0.002910764
v -0.013863753 -0.017700000 0.001948423
v -0.013863753 -0.013250000 0.001948423
v -0.013166368 0.018500000 -0.000941677
v -0.013200000 0.018500000 -0.000000000
v -0.008000000 0.018500000 -0.000000000
v -0.013166368 0.018500000 0.000941677
v -0.007965873 0.018500000 0.000738147
v -0.013065643 0.018500000 0.001878556
v -0.007863785 0.018500000 0.001469996
v -0.012898338 0.018500000 0.002805862
v -0.007694605 0.018500000 0.002189304
v -0.012665307 0.018500000 0.003718870
v -0.012367737 0.018500000 0.004612927
v -0.007459778 0.018500000 0.002889933
v -0.012007142 0.018500000 0.005483478
v -0.007161306 0.018500000 0.003565907
v -0.011585362 0.018500000 0.006326087
v -0.006801737 0.018500000 0.004211457
v -0.011104547 0.018500000 0.007136459
v -0.006384138 0.018500000 0.004821077
v -0.010567144 0.018500000 0.007910465
v -0.009975894 0.018500000 0.008644161
v -0.005912071 0.018500000 0.005389565
v -0.009333810 0.018500000 0.009333810
v -0.005389565 0.018500000 0.005912071
v -0.008644161 0.018500000 0.009975894
v -0.004821077 0.018500000 0.006384138
v -0.007910465 0.018500000 0.010567144
v -0.007136459 0.018500000 0.011104547
v -0.004211457 0.018500000 0.006801737
v -0.006326087 0.018500000 0.011585362
v -0.003565907 0.018500000 0.007161306
v -0.005483478 0.018500000 0.012007142
v -0.002889933 0.018500000 0.007459778
v -0.004612927 0.018500000 0.012367737
v -0.002189304 0.018500000 0.007694605
v -0.003718870 0.018500000 0.012665307
v -0.002805862 0.018500000 0.012898338
v -0.001469996 0.018500000 0.007863785
v -0.001878556 0.018500000 0.013065643
v -0.000738147 0.018500000 0.007965873
v -0.000941677 0.018500000 0.013166368
v 0.000000000 0.018500000 0.008000000
v 0.000000000 0.018500000 0.013200000
v 0.000941677 0.018500000 0.013166368
v 0.000738147 0.018500000 0.007965873
v 0.001878556 0.018500000 0.013065643
v 0.001469996 0.018500000 0.007863785
v 0.002805862 0.018500000 0.012898338
v 0.002189304 0.018500000 0.007694605
v 0.003718870 0.018500000 0.012665307
v 0.004612927 0.018500000 0.012367737
v 0.002889933 0.018500000 0.007459778
v 0.005483478 0.018500000 0.012007142
v 0.003565907 0.018500000 0.007161306
v 0.006326087 0.018500000 0.011585362
v 0.004211457 0.018500000 0.006801737
v 0.007136459 0.018500000 0.011104547
v 0.004821077 0.018500000 0.006384138
v 0.007910465 0.018500000 0.010567144
v 0.008644161 0.018500000 0.009975894
v 0.005389565 0.018500000 0.005912071
v 0.009333810 0.018500000 0.009333810
v 0.005912071 0.018500000 0.005389565
v 0.009975894 0.018500000 0.008644161
v 0.006384138 0.018500000 0.004821077
v 0.010567144 0.018500000 0.007910465
v 0.011104547 0.018500000 0.007136459
v 0.006801737 0.018500000 0.004211457
v 0.011585362 0.018500000 0.006326087
v 0.007161306 0.018500000 0.003565907
v 0.012007142 0.018500000 0.005483478
v 0.007459778 0.018500000 0.002889933
v 0.012367737 0.018500000 0.004612927
v 0.007694605 0.018500000 0.002189304
v 0.012665307 0.018500000 0.003718870
v 0.012898338 0.018500000 0.002805862
v 0.007863785 0.018500000 0.001469996
v 0.013065643 0.018500000 0.001878556
v 0.007965873 0.018500000 0.000738147
v 0.013166368 0.018500000 0.000941677
v 0.008000000 0.018500000 -0.000000000
v 0.013200000 0.018500000 -0.000000000
v 0.013166368 0.018500000 -0.000941677
v 0.007965873 0.018500000 -0.000738147
v 0.013065643 0.018500000 -0.001878556
v 0.007863785 0.018500000 -0.001469996
v 0.012898338 0.018500000 -0.002805862
v 0.007694605 0.018500000 -0.002189304
v 0.012665307 0.018500000 -0.003718870
v 0.012367737 0.018500000 -0.004612927
v 0.007459778 0.018500000 -0.002889933
v 0.012007142 0.018500000 -0.005483478
v 0.007161306 0.018500000 -0.003565907
v 0.011585362 0.018500000 -0.006326087
v 0.006801737 0.018500000 -0.004211457
v 0.011104547 0.018500000 -0.007136459
v 0.006384138 0.018500000 -0.004821077
v 0.010567144 0.018500000 -0.007910465
v 0.009975894 0.018500000 -0.008644161
v 0.005912071 0.018500000 -0.005389565
v 0.009333810 0.018500000 -0.009333810
v 0.005389565 0.018500000 -0.005912071
v 0.008644161 0.018500000 -0.009975894
v 0.004821077 0.018500000 -0.006384138
v 0.007910465 0.018500000 -0.010567144
v 0.007136459 0.018500000 -0.011104547
v 0.004211457 0.018500000 -0.006801737
v 0.006326087 0.018500000 -0.011585362
v 0.003565907 0.018500000 -0.007161306
v 0.005483478 0.018500000 -0.012007142
v 0.002889933 0.018500000 -0.007459778
v 0.004612927 0.018500000 -0.012367737
v 0.002189304 0.018500000 -0.007694605
v 0.003718870 0.018500000 -0.012665307
v 0.002805862 0.018500000 -0.012898338
v 0.001469996 0.018500000 -0.007863785
v 0.001878556 0.018500000 -0.013065643
v 0.000738147 0.018500000 -0.007965873
v 0.000941677 0.018500000 -0.013166368
v 0.000000000 0.018500000 -0.008000000
v 0.000000000 0.018500000 -0.013200000
v -0.000941677 0.018500000 -0.013166368
v -0.000738147 0.018500000 -0.007965873
v -0.001878556 0.018500000 -0.013065643
v -0.001469996 0.018500000 -0.007863785
v -0.002805862 0.018500000 -0.012898338
v -0.002189304 0.018500000 -0.007694605
v -0.003718870 0.018500000 -0.012665307
v -0.004612927 0.018500000 -0.012367737
v -0.002889933 0.018500000 -0.007459778
v -0.005483478 0.018500000 -0.012007142
v -0.003565907 0.018500000 -0.007161306
v -0.006326087 0.018500000 -0.011585362
v -0.004211457 0.018500000 -0.006801737
v -0.007136459 0.018500000 -0.011104547
v -0.004821077 0.018500000 -0.006384138
v -0.007910465 0.018500000 -0.010567144
v -0.008644161 0.018500000 -0.009975894
v -0.005389565 0.018500000 -0.005912071
v -0.009333810 0.018500000 -0.009333810
v -0.005912071 0.018500000 -0.005389565
v -0.009975894 0.018500000 -0.008644161
v -0.006384138 0.018500000 -0.004821077
v -0.010567144 0.018500000 -0.007910465
v -0.011104547 0.018500000 -0.007136459
v -0.006801737 0.018500000 -0.004211457
v -0.011585362 0.018500000 -0.006326087
v -0.007161306 0.018500000 -0.003565907
v -0.012007142 0.018500000 -0.005483478
v -0.007459778 0.018500000 -0.002889933
v -0.012367737 0.018500000 -0.004612927
v -0.007694605 0.018500000 -0.002189304
v -0.012665307 0.018500000 -0.003718870
v -0.012898338 0.018500000 -0.002805862
v -0.007863785 0.018500000 -0.001469996
v -0.013065643 0.018500000 -0.001878556
v -0.007965873 0.018500000 -0.000738147
v -0.007965873 0.006166666 0.000738147
v -0.008000000 0.006166666 -0.000000000
v -0.007965873 0.006166666 -0.000738147
v -0.007863785 0.006166666 -0.001469996
v -0.007694605 0.006166666 -0.002189304
v -0.007459778 0.006166666 -0.002889933
v -0.007161306 0.006166666 -0.003565907
v -0.006801737 0.006166666 -0.004211457
v -0.006384138 0.006166666 -0.004821077
v -0.005912071 0.006166666 -0.005389565
v -0.005389565 0.006166666 -0.005912071
v -0.004821077 0.006166666 -0.006384138
v -0.004211457 0.006166666 -0.006801737
v -0.003565907 0.006166666 -0.007161306
v -0.002889933 0.006166666 -0.007459778
v -0.002189304 0.006166666 -0.007694605
v -0.001469996 0.006166666 -0.007863785
v -0.000738147 0.006166666 -0.007965873
v 0.000000000 0.006166666 -0.008000000
v 0.000738147 0.006166666 -0.007965873
v 0.001469996 0.006166666 -0.007863785
v 0.002189304 0.006166666 -0.007694605
v 0.002889933 0.006166666 -0.007459778
v 0.003565907 0.006166666 -0.007161306
v 0.004211457 0.006166666 -0.006801737
v 0.004821077 0.006166666 -0.006384138
v 0.005389565 0.006166666 -0.005912071
v 0.005912071 0.006166666 -0.005389565
v 0.006384138 0.006166666 -0.004821077
v 0.006801737 0.006166666 -0.004211457
v 0.007161306 0.006166666 -0.003565907
v 0.007459778 0.006166666 -0.002889933
v 0.007694605 0.006166666 -0.002189304
v 0.007863785 0.006166666 -0.001469996
v 0.007965873 0.006166666 -0.000738147
v 0.008000000 0.006166666 -0.000000000
v 0.007965873 0.006166666 0.000738147
v 0.007863785 0.006166666 0.001469996
v 0.007694605 0.006166666 0.002189304
v 0.007459778 0.006166666 0.002889933
v 0.007161306 0.006166666 0.003565907
v 0.006801737 0.006166666 0.004211457
v 0.006384138 0.006166666 0.004821077
v 0.005912071 0.006166666 0.005389565
v 0.005389565 0.006166666 0.005912071
v 0.004821077 0.006166666 0.006384138
v 0.004211457 0.006166666 0.006801737
v 0.003565907 0.006166666 0.007161306
v 0.002889933 0.006166666 0.007459778
v 0.002189304 0.006166666 0.007694605
v 0.001469996 0.006166666 0.007863785
v 0.000738147 0.006166666 0.007965873
v 0.000000000 0.006166666 0.008000000
v -0.000738147 0.006166666 0.007965873
v -0.001469996 0.006166666 0.007863785
v -0.002189304 0.006166666 0.007694605
v -0.002889933 0.006166666 0.007459778
v -0.003565907 0.006166666 0.007161306
v -0.004211457 0.006166666 0.006801737
v -0.004821077 0.006166666 0.006384138
v -0.005389565 0.006166666 0.005912071
v -0.005912071 0.006166666 0.005389565
v -0.006384138 0.006166666 0.004821077
v -0.006801737 0.006166666 0.004211457
v -0.007161306 0.006166666 0.003565907
v -0.007459778 0.006166666 0.002889933
v -0.007694605 0.006166666 0.002189304
v -0.007863785 0.006166666 0.001469996
v -0.007965873 -0.018500000 -0.000738147
v -0.007965873 -0.006166667 -0.000738147
v -0.008000000 -0.018500000 -0.000000000
v -0.008000000 -0.006166667 -0.000000000
v -0.007965873 -0.018500000 0.000738147
v -0.007965873 -0.006166667 0.000738147
v -0.007863785 -0.018500000 0.001469996
v -0.007863785 -0.006166667 0.001469996
v -0.007694605 -0.018500000 0.002189304
v -0.007694605 -0.006166667 0.002189304
v -0.007459778 -0.018500000 0.002889933
v -0.007459778 -0.006166667 0.002889933
v -0.007161306 -0.018500000 0.003565907
v -0.007161306 -0.006166667 0.003565907
v -0.006801737 -0.018500000 0.004211457
v -0.006801737 -0.006166667 0.004211457
v -0.006384138 -0.018500000 0.004821077
v -0.006384138 -0.006166667 0.004821077
v -0.005912071 -0.018500000 0.005389565
v -0.005912071 -0.006166667 0.005389565
v -0.005389565 -0.018500000 0.005912071
v -0.005389565 -0.006166667 0.005912071
v -0.004821077 -0.018500000 0.006384138
v -0.004821077 -0.006166667 0.006384138
v -0.004211457 -0.018500000 0.006801737
v -0.004211457 -0.006166667 0.006801737
v -0.003565907 -0.018500000 0.007161306
v -0.003565907 -0.006166667 0.007161306
v -0.002889933 -0.018500000 0.007459778
v -0.002889933 -0.006166667 0.007459778
v -0.002189304 -0.018500000 0.007694605
v -0.002189304 -0.006166667 0.007694605
v -0.001469996 -0.018500000 0.007863785
v -0.001469996 -0.006166667 0.007863785
v -0.000738147 -0.018500000 0.007965873
v -0.000738147 -0.006166667 0.007965873
v 0.000000000 -0.018500000 0.008000000
v 0.000000000 -0.006166667 0.008000000
v 0.000738147 -0.018500000 0.007965873
v 0.000738147 -0.006166667 0.007965873
v 0.001469996 -0.018500000 0.007863785
v 0.001469996 -0.006166667 0.007863785
v 0.002189304 -0.018500000 0.007694605
v 0.002189304 -0.006166667 0.007694605
v 0.002889933 -0.018500000 0.007459778
v 0.002889933 -0.006166667 0.007459778
v 0.003565907 -0.018500000 0.007161306
v 0.003565907 -0.006166667 0.007161306
v 0.004211457 -0.018500000 0.006801737
v 0.004211457 -0.006166667 0.006801737
v 0.004821077 -0.018500000 0.006384138
v 0.004821077 -0.006166667 0.006384138
v 0.005389565 -0.018500000 0.005912071
v 0.005389565 -0.006166667 0.005912071
v 0.005912071 -0.018500000 0.005389565
v 0.005912071 -0.006166667 0.005389565
v 0.006384138 -0.018500000 0.004821077
v 0.006384138 -0.006166667 0.004821077
v 0.006801737 -0.018500000 0.004211457
v 0.006801737 -0.006166667 0.004211457
v 0.007161306 -0.018500000 0.003565907
v 0.007161306 -0.006166667 0.003565907
v 0.007459778 -0.018500000 0.002889933
v 0.007459778 -0.006166667 0.002889933
v 0.007694605 -0.018500000 0.002189304
v 0.007694605 -0.006166667 0.002189304
v 0.007863785 -0.018500000 0.001469996
v 0.007863785 -0.006166667 0.001469996
v 0.007965873 -0.018500000 0.000738147
v 0.007965873 -0.006166667 0.000738147
v 0.008000000 -0.018500000 -0.000000000
v 0.008000000 -0.006166667 -0.000000000
v 0.007965873 -0.018500000 -0.000738147
v 0.007965873 -0.006166667 -0.000738147
v 0.007863785 -0.018500000 -0.001469996
v 0.007863785 -0.006166667 -0.001469996
v 0.007694605 -0.018500000 -0.002189304
v 0.007694605 -0.006166667 -0.002189304
v 0.007459778 -0.018500000 -0.002889933
v 0.007459778 -0.006166667 -0.002889933
v 0.007161306 -0.018500000 -0.003565907
v 0.007161306 -0.006166667 -0.003565907
v 0.006801737 -0.018500000 -0.004211457
v 0.006801737 -0.006166667 -0.004211457
v 0.006384138 -0.018500000 -0.004821077
v 0.006384138 -0.006166667 -0.004821077
v 0.005912071 -0.018500000 -0.005389565
v 0.005912071 -0.006166667 -0.005389565
v 0.005389565 -0.018500000 -0.005912071
v 0.005389565 -0.006166667 -0.005912071
v 0.004821077 -0.018500000 -0.006384138
v 0.004821077 -0.006166667 -0.006384138
v 0.004211457 -0.018500000 -0.006801737
v 0.004211457 -0.006166667 -0.006801737
v 0.003565907 -0.018500000 -0.007161306
v 0.003565907 -0.006166667 -0.007161306
v 0.002889933 -0.018500000 -0.007459778
v 0.002889933 -0.006166667 -0.007459778
v 0.002189304 -0.018500000 -0.007694605
v 0.002189304 -0.006166667 -0.007694605
v 0.001469996 -0.018500000 -0.007863785
v 0.001469996 -0.006166667 -0.007863785
v 0.000738147 -0.018500000 -0.007965873
v 0.000738147 -0.006166667 -0.007965873
v 0.000000000 -0.018500000 -0.008000000
v 0.000000000 -0.006166667 -0.008000000
v -0.000738147 -0.018500000 -0.007965873
v -0.000738147 -0.006166667 -0.007965873
v -0.001469996 -0.018500000 -0.007863785
v -0.001469996 -0.006166667 -0.007863785
v -0.002189304 -0.018500000 -0.007694605
v -0.002189304 -0.006166667 -0.007694605
v -0.002889933 -0.018500000 -0.007459778
v -0.002889933 -0.006166667 -0.007459778
v -0.003565907 -0.018500000 -0.007161306
v -0.003565907 -0.006166667 -0.007161306
v -0.004211457 -0.018500000 -0.006801737
v -0.004211457 -0.006166667 -0.006801737
v -0.004821077 -0.018500000 -0.006384138
v -0.004821077 -0.006166667 -0.006384138
v -0.005389565 -0.018500000 -0.005912071
v -0.005389565 -0.006166667 -0.005912071
v -0.005912071 -0.018500000 -0.005389565
v -0.005912071 -0.006166667 -0.005389565
v -0.006384138 -0.018500000 -0.004821077
v -0.006384138 -0.006166667 -0.004821077
v -0.006801737 -0.018500000 -0.004211457
v -0.006801737 -0.006166667 -0.004211457
v -0.007161306 -0.018500000 -0.003565907
v -0.007161306 -0.006166667 -0.003565907
v -0.007459778 -0.018500000 -0.002889933
v -0.007459778 -0.006166667 -0.002889933
v -0.007694605 -0.018500000 -0.002189304
v -0.007694605 -0.006166667 -0.002189304
v -0.007863785 -0.018500000 -0.001469996
v -0.007863785 -0.006166667 -0.001469996
v -0.013166368 -0.018500000 0.000941677
v -0.013200000 -0.018500000 -0.000000000
v -0.013166368 -0.018500000 -0.000941677
v -0.013065643 -0.018500000 -0.001878556
v -0.012898338 -0.018500000 -0.002805862
v -0.012665307 -0.018500000 -0.003718870
v -0.012367737 -0.018500000 -0.004612927
v -0.012007142 -0.018500000 -0.005483478
v -0.011585362 -0.018500000 -0.006326087
v -0.011104547 -0.018500000 -0.007136459
v -0.010567144 -0.018500000 -0.007910465
v -0.009975894 -0.018500000 -0.008644161
v -0.009333810 -0.018500000 -0.009333810
v -0.008644161 -0.018500000 -0.009975894
v -0.007910465 -0.018500000 -0.010567144
v -0.007136459 -0.018500000 -0.011104547
v -0.006326087 -0.018500000 -0.011585362
v -0.005483478 -0.018500000 -0.012007142
v -0.004612927 -0.018500000 -0.012367737
v -0.003718870 -0.018500000 -0.012665307
v -0.002805862 -0.018500000 -0.012898338
v -0.001878556 -0.018500000 -0.013065643
v -0.000941677 -0.018500000 -0.013166368
v 0.000000000 -0.018500000 -0.013200000
v 0.000941677 -0.018500000 -0.013166368
v 0.001878556 -0.018500000 -0.013065643
v 0.002805862 -0.018500000 -0.012898338
v 0.003718870 -0.018500000 -0.012665307
v 0.004612927 -0.018500000 -0.012367737
v 0.005483478 -0.018500000 -0.012007142
v 0.006326087 -0.018500000 -0.011585362
v 0.007136459 -0.018500000 -0.011104547
v 0.007910465 -0.018500000 -0.010567144
v 0.008644161 -0.018500000 -0.009975894
v 0.009333810 -0.018500000 -0.009333810
v 0.009975894 -0.018500000 -0.008644161
v 0.010567144 -0.018500000 -0.007910465
v 0.011104547 -0.018500000 -0.007136459
v 0.011585362 -0.018500000 -0.006326087
v 0.012007142 -0.018500000 -0.005483478
v 0.012367737 -0.018500000 -0.004612927
v 0.012665307 -0.018500000 -0.003718870
v 0.012898338 -0.018500000 -0.002805862
v 0.013065643 -0.018500000 -0.001878556
v 0.013166368 -0.018500000 -0.000941677
v 0.013200000 -0.018500000 -0.000000000
v 0.013166368 -0.018500000 0.000941677
v 0.013065643 -0.018500000 0.001878556
v 0.012898338 -0.018500000 0.002805862
v 0.012665307 -0.018500000 0.003718870
v 0.012367737 -0.018500000 0.004612927
v 0.012007142 -0.018500000 0.005483478
v 0.011585362 -0.018500000 0.006326087
v 0.011104547 -0.018500000 0.007136459
v 0.010567144 -0.018500000 0.007910465
v 0.009975894 -0.018500000 0.008644161
v 0.009333810 -0.018500000 0.009333810
v 0.008644161 -0.018500000 0.009975894
v 0.007910465 -0.018500000 0.010567144
v 0.007136459 -0.018500000 0.011104547
v 0.006326087 -0.018500000 0.011585362
v 0.005483478 -0.018500000 0.012007142
v 0.004612927 -0.018500000 0.012367737
v 0.003718870 -0.018500000 0.012665307
v 0.002805862 -0.018500000 0.012898338
v 0.001878556 -0.018500000 0.013065643
v 0.000941677 -0.018500000 0.013166368
v 0.000000000 -0.018500000 0.013200000
v -0.000941677 -0.018500000 0.013166368
v -0.001878556 -0.018500000 0.013065643
v -0.002805862 -0.018500000 0.012898338
v -0.003718870 -0.018500000 0.012665307
v -0.004612927 -0.018500000 0.012367737
v -0.005483478 -0.018500000 0.012007142
v -0.006326087 -0.018500000 0.011585362
v -0.007136459 -0.018500000 0.011104547
v -0.007910465 -0.018500000 0.010567144
v -0.008644161 -0.018500000 0.009975894
v -0.009333810 -0.018500000 0.009333810
v -0.009975894 -0.018500000 0.008644161
v -0.010567144 -0.018500000 0.007910465
v -0.011104547 -0.018500000 0.007136459
v -0.011585362 -0.018500000 0.006326087
v -0.012007142 -0.018500000 0.005483478
v -0.012367737 -0.018500000 0.004612927
v -0.012665307 -0.018500000 0.003718870
v -0.012898338 -0.018500000 0.002805862
v -0.013065643 -0.018500000 0.001878556
v -0.013374396 -0.018472741 0.000935229
v -0.013407055 -0.018472741 -0.000000000
v -0.013374396 -0.018472741 -0.000935229
v -0.013600000 -0.018392820 -0.000000000
v -0.013566871 -0.018392820 -0.000948688
v -0.013765685 -0.018265685 -0.000000000
v -0.013732153 -0.018265685 -0.000960246
v -0.013892820 -0.018100000 -0.000000000
v -0.013858978 -0.018100000 -0.000969114
v -0.013972741 -0.017907055 -0.000000000
v -0.013938704 -0.017907055 -0.000974689
v -0.013276579 -0.018472741 0.001865901
v -0.013114079 -0.018472741 0.002787483
v -0.012887689 -0.018472741 0.003695485
v -0.012598511 -0.018472741 0.004585483
v -0.012247954 -0.018472741 0.005453141
v -0.011837728 -0.018472741 0.006294231
v -0.011369827 -0.018472741 0.007104657
v -0.010846536 -0.018472741 0.007880469
v -0.010270400 -0.018472741 0.008617889
v -0.009644228 -0.018472741 0.009313323
v -0.008971071 -0.018472741 0.009963384
v -0.008254208 -0.018472741 0.010564903
v -0.007497130 -0.018472741 0.011114952
v -0.006703527 -0.018472741 0.011610850
v -0.005877266 -0.018472741 0.012050181
v -0.005022371 -0.018472741 0.012430805
v -0.004143008 -0.018472741 0.012750867
v -0.003243460 -0.018472741 0.013008808
v -0.002328111 -0.018472741 0.013203372
v -0.001401419 -0.018472741 0.013333610
v -0.000467899 -0.018472741 0.013398888
v 0.000467899 -0.018472741 0.013398888
v 0.001401419 -0.018472741 0.013333610
v 0.002328111 -0.018472741 0.013203372
v 0.003243460 -0.018472741 0.013008808
v 0.004143008 -0.018472741 0.012750867
v 0.005022371 -0.018472741 0.012430805
v 0.005877266 -0.018472741 0.012050181
v 0.006703527 -0.018472741 0.011610850
v 0.007497130 -0.018472741 0.011114952
v 0.008254208 -0.018472741 0.010564903
v 0.008971071 -0.018472741 0.009963384
v 0.009644228 -0.018472741 0.009313323
v 0.010270400 -0.018472741 0.008617889
v 0.010846536 -0.018472741 0.007880469
v 0.011369827 -0.018472741 0.007104657
v 0.011837728 -0.018472741 0.006294231
v 0.012247954 -0.018472741 0.005453141
v 0.012598511 -0.018472741 0.004585483
v 0.012887689 -0.018472741 0.003695485
v 0.013114079 -0.018472741 0.002787483
v 0.013276579 -0.018472741 0.001865901
v 0.013374396 -0.018472741 0.000935229
v 0.013407055 -0.018472741 -0.000000000
v 0.013374396 -0.018472741 -0.000935229
v 0.013566871 -0.018392820 -0.000948688
v 0.013467646 -0.018392820 -0.001892754
v 0.013631719 -0.018265685 -0.001915813
v 0.013464872 -0.018265685 -0.002862047
v 0.013589229 -0.018100000 -0.002888480
v 0.013354636 -0.018100000 -0.003829380
v 0.013431460 -0.017907055 -0.003851409
v 0.013130081 -0.017907055 -0.004778959
v 0.012764733 -0.017907055 -0.005683226
v 0.012337197 -0.017907055 -0.006559804
v 0.011849556 -0.017907055 -0.007404425
v 0.011304185 -0.017907055 -0.008212971
v 0.010703740 -0.017907055 -0.008981504
v 0.010051148 -0.017907055 -0.009706282
v 0.009349588 -0.017907055 -0.010383770
v 0.008602478 -0.017907055 -0.011010670
v 0.007813457 -0.017907055 -0.011583927
v 0.006986371 -0.017907055 -0.012100748
v 0.006125247 -0.017907055 -0.012558616
v 0.005234281 -0.017907055 -0.012955299
v 0.004317814 -0.017907055 -0.013288866
v 0.003380312 -0.017907055 -0.013557691
v 0.002426341 -0.017907055 -0.013760464
v 0.001460549 -0.017907055 -0.013896196
v 0.000487642 -0.017907055 -0.013964229
v -0.000487642 -0.017907055 -0.013964229
v -0.001460549 -0.017907055 -0.013896196
v -0.002426341 -0.017907055 -0.013760464
v -0.003380312 -0.017907055 -0.013557691
v -0.004317814 -0.017907055 -0.013288866
v -0.005234281 -0.017907055 -0.012955299
v -0.006125247 -0.017907055 -0.012558616
v -0.006986371 -0.017907055 -0.012100748
v -0.007813457 -0.017907055 -0.011583927
v -0.008602478 -0.017907055 -0.011010670
v -0.009349588 -0.017907055 -0.010383770
v -0.010051148 -0.017907055 -0.009706282
v -0.010703740 -0.017907055 -0.008981504
v -0.011304185 -0.017907055 -0.008212971
v -0.011849556 -0.017907055 -0.007404425
v -0.012337197 -0.017907055 -0.006559804
v -0.012764733 -0.017907055 -0.005683226
v -0.013130081 -0.017907055 -0.004778959
v -0.013431460 -0.017907055 -0.003851409
v -0.013667403 -0.017907055 -0.002905096
v -0.013836759 -0.017907055 -0.001944630
v 0.013276579 -0.018472741 -0.001865901
v 0.013302808 -0.018392820 -0.002827599
v 0.013232426 -0.018265685 -0.003794337
v 0.013054980 -0.018100000 -0.004751625
v 0.013114079 -0.018472741 -0.002787483
v 0.013073159 -0.018392820 -0.003748668
v 0.012935513 -0.018265685 -0.004708142
v 0.012691723 -0.018100000 -0.005650719
v 0.012887689 -0.018472741 -0.003695485
v 0.012779819 -0.018392820 -0.004651474
v 0.012575580 -0.018265685 -0.005599009
v 0.012266632 -0.018100000 -0.006522284
v 0.012598511 -0.018472741 -0.004585483
v 0.012424218 -0.018392820 -0.005531618
v 0.012154379 -0.018265685 -0.006462598
v 0.011781780 -0.018100000 -0.007362073
v 0.012247954 -0.018472741 -0.005453141
v 0.012008087 -0.018392820 -0.006384813
v 0.011673964 -0.018265685 -0.007294702
v 0.011239528 -0.018100000 -0.008165995
v 0.011837728 -0.018472741 -0.006294231
v 0.011533454 -0.018392820 -0.007206902
v 0.011136673 -0.018265685 -0.008091267
v 0.010642518 -0.018100000 -0.008930133
v 0.011369827 -0.018472741 -0.007104657
v 0.011002631 -0.018392820 -0.007993879
v 0.010545127 -0.018265685 -0.008848412
v 0.009993659 -0.018100000 -0.009650764
v 0.010846536 -0.018472741 -0.007880469
v 0.010418204 -0.018392820 -0.008741912
v 0.009902205 -0.018265685 -0.009562449
v 0.009296111 -0.018100000 -0.010324377
v 0.010270400 -0.018472741 -0.008617889
v 0.009783021 -0.018392820 -0.009447353
v 0.009211041 -0.018265685 -0.010229897
v 0.008553274 -0.018100000 -0.010947692
v 0.009644228 -0.018472741 -0.009313323
v 0.009100176 -0.018392820 -0.010106770
v 0.008475002 -0.018265685 -0.010847508
v 0.007768766 -0.018100000 -0.011517670
v 0.008971071 -0.018472741 -0.009963384
v 0.008372996 -0.018392820 -0.010716947
v 0.007697674 -0.018265685 -0.011412271
v 0.006946410 -0.018100000 -0.012031535
v 0.008254208 -0.018472741 -0.010564903
v 0.007605023 -0.018392820 -0.011274911
v 0.006882843 -0.018265685 -0.011921433
v 0.006090211 -0.018100000 -0.012486784
v 0.007497130 -0.018472741 -0.011114952
v 0.006800000 -0.018392820 -0.011777946
v 0.006034479 -0.018265685 -0.012372516
v 0.005204342 -0.018100000 -0.012881199
v 0.006703527 -0.018472741 -0.011610850
v 0.005961848 -0.018392820 -0.012223599
v 0.005156716 -0.018265685 -0.012763321
v 0.004293118 -0.018100000 -0.013212857
v 0.005877266 -0.018472741 -0.012050181
v 0.005094650 -0.018392820 -0.012609700
v 0.004253831 -0.018265685 -0.013091945
v 0.003360977 -0.018100000 -0.013480145
v 0.005022371 -0.018472741 -0.012430805
v 0.004202631 -0.018392820 -0.012934369
v 0.003330221 -0.018265685 -0.013356786
v 0.002412463 -0.018100000 -0.013681757
v 0.004143008 -0.018472741 -0.012750867
v 0.003290138 -0.018392820 -0.013196022
v 0.002390386 -0.018265685 -0.013556554
v 0.001452195 -0.018100000 -0.013816714
v 0.003243460 -0.018472741 -0.013008808
v 0.002361615 -0.018392820 -0.013393386
v 0.001438906 -0.018265685 -0.013690275
v 0.000484852 -0.018100000 -0.013884357
v 0.002328111 -0.018472741 -0.013203372
v 0.001421587 -0.018392820 -0.013525497
v 0.000480415 -0.018265685 -0.013757299
v -0.000484852 -0.018100000 -0.013884357
v 0.001401419 -0.018472741 -0.013333610
v 0.000474633 -0.018392820 -0.013591715
v -0.000480415 -0.018265685 -0.013757299
v -0.001452195 -0.018100000 -0.013816714
v 0.000467899 -0.018472741 -0.013398888
v -0.000474633 -0.018392820 -0.013591715
v -0.001438906 -0.018265685 -0.013690275
v -0.002412463 -0.018100000 -0.013681757
v -0.000467899 -0.018472741 -0.013398888
v -0.001421587 -0.018392820 -0.013525497
v -0.002390386 -0.018265685 -0.013556554
v -0.003360977 -0.018100000 -0.013480145
v -0.001401419 -0.018472741 -0.013333610
v -0.002361615 -0.018392820 -0.013393386
v -0.003330221 -0.018265685 -0.013356786
v -0.004293118 -0.018100000 -0.013212857
v -0.002328111 -0.018472741 -0.013203372
v -0.003290138 -0.018392820 -0.013196022
v -0.004253831 -0.018265685 -0.013091945
v -0.005204342 -0.018100000 -0.012881199
v -0.003243460 -0.018472741 -0.013008808
v -0.004202631 -0.018392820 -0.012934369
v -0.005156716 -0.018265685 -0.012763321
v -0.006090211 -0.018100000 -0.012486784
v -0.004143008 -0.018472741 -0.012750867
v -0.005094650 -0.018392820 -0.012609700
v -0.006034479 -0.018265685 -0.012372516
v -0.006946410 -0.018100000 -0.012031535
v -0.005022371 -0.018472741 -0.012430805
v -0.005961848 -0.018392820 -0.012223599
v -0.006882843 -0.018265685 -0.011921433
v -0.007768766 -0.018100000 -0.011517670
v -0.005877266 -0.018472741 -0.012050181
v -0.006800000 -0.018392820 -0.011777946
v -0.007697674 -0.018265685 -0.011412271
v -0.008553274 -0.018100000 -0.010947692
v -0.006703527 -0.018472741 -0.011610850
v -0.007605023 -0.018392820 -0.011274911
v -0.008475002 -0.018265685 -0.010847508
v -0.009296111 -0.018100000 -0.010324377
v -0.007497130 -0.018472741 -0.011114952
v -0.008372996 -0.018392820 -0.010716947
v -0.009211041 -0.018265685 -0.010229897
v -0.009993659 -0.018100000 -0.009650764
v -0.008254208 -0.018472741 -0.010564903
v -0.009100176 -0.018392820 -0.010106770
v -0.009902205 -0.018265685 -0.009562449
v -0.010642518 -0.018100000 -0.008930133
v -0.008971071 -0.018472741 -0.009963384
v -0.009783021 -0.018392820 -0.009447353
v -0.010545127 -0.018265685 -0.008848412
v -0.011239528 -0.018100000 -0.008165995
v -0.009644228 -0.018472741 -0.009313323
v -0.010418204 -0.018392820 -0.008741912
v -0.011136673 -0.018265685 -0.008091267
v -0.011781780 -0.018100000 -0.007362073
v -0.010270400 -0.018472741 -0.008617889
v -0.011002631 -0.018392820 -0.007993879
v -0.011673964 -0.018265685 -0.007294702
v -0.012266632 -0.018100000 -0.006522284
v -0.010846536 -0.018472741 -0.007880469
v -0.011533454 -0.018392820 -0.007206902
v -0.012154379 -0.018265685 -0.006462598
v -0.012691723 -0.018100000 -0.005650719
v -0.011369827 -0.018472741 -0.007104657
v -0.012008087 -0.018392820 -0.006384813
v -0.012575580 -0.018265685 -0.005599009
v -0.013054980 -0.018100000 -0.004751625
v -0.011837728 -0.018472741 -0.006294231
v -0.012424218 -0.018392820 -0.005531618
v -0.012935513 -0.018265685 -0.004708142
v -0.013354636 -0.018100000 -0.003829380
v -0.012247954 -0.018472741 -0.005453141
v -0.012779819 -0.018392820 -0.004651474
v -0.013232426 -0.018265685 -0.003794337
v -0.013589229 -0.018100000 -0.002888480
v -0.012598511 -0.018472741 -0.004585483
v -0.013073159 -0.018392820 -0.003748668
v -0.013464872 -0.018265685 -0.002862047
v -0.013757616 -0.018100000 -0.001933507
v -0.012887689 -0.018472741 -0.003695485
v -0.013302808 -0.018392820 -0.002827599
v -0.013631719 -0.018265685 -0.001915813
v -0.013114079 -0.018472741 -0.002787483
v -0.013467646 -0.018392820 -0.001892754
v -0.013276579 -0.018472741 -0.001865901
v 0.013667403 -0.017907055 -0.002905096
v 0.013757616 -0.018100000 -0.001933507
v 0.013732153 -0.018265685 -0.000960246
v 0.013600000 -0.018392820 -0.000000000
v 0.013836759 -0.017907055 -0.001944630
v 0.013858978 -0.018100000 -0.000969114
v 0.013765685 -0.018265685 -0.000000000
v 0.013566871 -0.018392820 0.000948688
v 0.013938704 -0.017907055 -0.000974689
v 0.013892820 -0.018100000 -0.000000000
v 0.013732153 -0.018265685 0.000960246
v 0.013467646 -0.018392820 0.001892754
v 0.013972741 -0.017907055 -0.000000000
v 0.013858978 -0.018100000 0.000969114
v 0.013631719 -0.018265685 0.001915813
v 0.013302808 -0.018392820 0.002827599
v 0.013938704 -0.017907055 0.000974689
v 0.013757616 -0.018100000 0.001933507
v 0.013464872 -0.018265685 0.002862047
v 0.013073159 -0.018392820 0.003748668
v 0.013836759 -0.017907055 0.001944630
v 0.013589229 -0.018100000 0.002888480
v 0.013232426 -0.018265685 0.003794337
v 0.012779819 -0.018392820 0.004651474
v 0.013667403 -0.017907055 0.002905096
v 0.013354636 -0.018100000 0.003829380
v 0.012935513 -0.018265685 0.004708142
v 0.012424218 -0.018392820 0.005531618
v 0.013431460 -0.017907055 0.003851409
v 0.013054980 -0.018100000 0.004751625
v 0.012575580 -0.018265685 0.005599009
v 0.012008087 -0.018392820 0.006384813
v 0.013130081 -0.017907055 0.004778959
v 0.012691723 -0.018100000 0.005650719
v 0.012154379 -0.018265685 0.006462598
v 0.011533454 -0.018392820 0.007206902
v 0.012764733 -0.017907055 0.005683226
v 0.012266632 -0.018100000 0.006522284
v 0.011673964 -0.018265685 0.007294702
v 0.011002631 -0.018392820 0.007993879
v 0.012337197 -0.017907055 0.006559804
v 0.011781780 -0.018100000 0.007362073
v 0.011136673 -0.018265685 0.008091267
v 0.010418204 -0.018392820 0.008741912
v 0.011849556 -0.017907055 0.007404425
v 0.011239528 -0.018100000 0.008165995
v 0.010545127 -0.018265685 0.008848412
v 0.009783021 -0.018392820 0.009447353
v 0.011304185 -0.017907055 0.008212971
v 0.010642518 -0.018100000 0.008930133
v 0.009902205 -0.018265685 0.009562449
v 0.009100176 -0.018392820 0.010106770
v 0.010703740 -0.017907055 0.008981504
v 0.009993659 -0.018100000 0.009650764
v 0.009211041 -0.018265685 0.010229897
v 0.008372996 -0.018392820 0.010716947
v 0.010051148 -0.017907055 0.009706282
v 0.009296111 -0.018100000 0.010324377
v 0.008475002 -0.018265685 0.010847508
v 0.007605023 -0.018392820 0.011274911
v 0.009349588 -0.017907055 0.010383770
v 0.008553274 -0.018100000 0.010947692
v 0.007697674 -0.018265685 0.011412271
v 0.006800000 -0.018392820 0.011777946
v 0.008602478 -0.017907055 0.011010670
v 0.007768766 -0.018100000 0.011517670
v 0.006882843 -0.018265685 0.011921433
v 0.005961848 -0.018392820 0.012223599
v 0.007813457 -0.017907055 0.011583927
v 0.006946410 -0.018100000 0.012031535
v 0.006034479 -0.018265685 0.012372516
v 0.005094650 -0.018392820 0.012609700
v 0.006986371 -0.017907055 0.012100748
v 0.006090211 -0.018100000 0.012486784
v 0.005156716 -0.018265685 0.012763321
v 0.004202631 -0.018392820 0.012934369
v 0.006125247 -0.017907055 0.012558616
v 0.005204342 -0.018100000 0.012881199
v 0.004253831 -0.018265685 0.013091945
v 0.003290138 -0.018392820 0.013196022
v 0.005234281 -0.017907055 0.012955299
v 0.004293118 -0.018100000 0.013212857
v 0.003330221 -0.018265685 0.013356786
v 0.002361615 -0.018392820 0.013393386
v 0.004317814 -0.017907055 0.013288866
v 0.003360977 -0.018100000 0.013480145
v 0.002390386 -0.018265685 0.013556554
v 0.001421587 -0.018392820 0.013525497
v 0.003380312 -0.017907055 0.013557691
v 0.002412463 -0.018100000 0.013681757
v 0.001438906 -0.018265685 0.013690275
v 0.000474633 -0.018392820 0.013591715
v 0.002426341 -0.017907055 0.013760464
v 0.001452195 -0.018100000 0.013816714
v 0.000480415 -0.018265685 0.013757299
v -0.000474633 -0.018392820 0.013591715
v 0.001460549 -0.017907055 0.013896196
v 0.000484852 -0.018100000 0.013884357
v -0.000480415 -0.018265685 0.013757299
v -0.001421587 -0.018392820 0.013525497
v 0.000487642 -0.017907055 0.013964229
v -0.000484852 -0.018100000 0.013884357
v -0.001438906 -0.018265685 0.013690275
v -0.002361615 -0.018392820 0.013393386
v -0.000487642 -0.017907055 0.013964229
v -0.001452195 -0.018100000 0.013816714
v -0.002390386 -0.018265685 0.013556554
v -0.003290138 -0.018392820 0.013196022
v -0.001460549 -0.017907055 0.013896196
v -0.002412463 -0.018100000 0.013681757
v -0.003330221 -0.018265685 0.013356786
v -0.004202631 -0.018392820 0.012934369
v -0.002426341 -0.017907055 0.013760464
v -0.003360977 -0.018100000 0.013480145
v -0.004253831 -0.018265685 0.013091945
v -0.005094650 -0.018392820 0.012609700
v -0.003380312 -0.017907055 0.013557691
v -0.004293118 -0.018100000 0.013212857
v -0.005156716 -0.018265685 0.012763321
v -0.005961848 -0.018392820 0.012223599
v -0.004317814 -0.017907055 0.013288866
v -0.005204342 -0.018100000 0.012881199
v -0.006034479 -0.018265685 0.012372516
v -0.006800000 -0.018392820 0.011777946
v -0.005234281 -0.017907055 0.012955299
v -0.006090211 -0.018100000 0.012486784
v -0.006882843 -0.018265685 0.011921433
v -0.007605023 -0.018392820 0.011274911
v -0.006125247 -0.017907055 0.012558616
v -0.006946410 -0.018100000 0.012031535
v -0.007697674 -0.018265685 0.011412271
v -0.008372996 -0.018392820 0.010716947
v -0.006986371 -0.017907055 0.012100748
v -0.007768766 -0.018100000 0.011517670
v -0.008475002 -0.018265685 0.010847508
v -0.009100176 -0.018392820 0.010106770
v -0.007813457 -0.017907055 0.011583927
v -0.008553274 -0.018100000 0.010947692
v -0.009211041 -0.018265685 0.010229897
v -0.009783021 -0.018392820 0.009447353
v -0.008602478 -0.017907055 0.011010670
v -0.009296111 -0.018100000 0.010324377
v -0.009902205 -0.018265685 0.009562449
v -0.010418204 -0.018392820 0.008741912
v -0.009349588 -0.017907055 0.010383770
v -0.009993659 -0.018100000 0.009650764
v -0.010545127 -0.018265685 0.008848412
v -0.011002631 -0.018392820 0.007993879
v -0.010051148 -0.017907055 0.009706282
v -0.010642518 -0.018100000 0.008930133
v -0.011136673 -0.018265685 0.008091267
v -0.011533454 -0.018392820 0.007206902
v -0.010703740 -0.017907055 0.008981504
v -0.011239528 -0.018100000 0.008165995
v -0.011673964 -0.018265685 0.007294702
v -0.012008087 -0.018392820 0.006384813
v -0.011304185 -0.017907055 0.008212971
v -0.011781780 -0.018100000 0.007362073
v -0.012154379 -0.018265685 0.006462598
v -0.012424218 -0.018392820 0.005531618
v -0.011849556 -0.017907055 0.007404425
v -0.012266632 -0.018100000 0.006522284
v -0.012575580 -0.018265685 0.005599009
v -0.012779819 -0.018392820 0.004651474
v -0.012337197 -0.017907055 0.006559804
v -0.012691723 -0.018100000 0.005650719
v -0.012935513 -0.018265685 0.004708142
v -0.013073159 -0.018392820 0.003748668
v -0.012764733 -0.017907055 0.005683226
v -0.013054980 -0.018100000 0.004751625
v -0.013232426 -0.018265685 0.003794337
v -0.013302808 -0.018392820 0.002827599
v -0.013130081 -0.017907055 0.004778959
v -0.013354636 -0.018100000 0.003829380
v -0.013464872 -0.018265685 0.002862047
v -0.013467646 -0.018392820 0.001892754
v -0.013431460 -0.017907055 0.003851409
v -0.013589229 -0.018100000 0.002888480
v -0.013631719 -0.018265685 0.001915813
v -0.013566871 -0.018392820 0.000948688
v -0.013667403 -0.017907055 0.002905096
v -0.013757616 -0.018100000 0.001933507
v -0.013732153 -0.018265685 0.000960246
v -0.013836759 -0.017907055 0.001944630
v -0.013858978 -0.018100000 0.000969114
v -0.013938704 -0.017907055 0.000974689
v -0.013938704 0.017907055 0.000974689
v -0.013972741 0.017907055 -0.000000000
v -0.013938704 0.017907055 -0.000974689
v -0.013836759 0.017907055 -0.001944630
v -0.013667403 0.017907055 -0.002905096
v -0.013431460 0.017907055 -0.003851409
v -0.013130081 0.017907055 -0.004778959
v -0.012764733 0.017907055 -0.005683226
v -0.012337197 0.017907055 -0.006559804
v -0.011849556 0.017907055 -0.007404425
v -0.011304185 0.017907055 -0.008212971
v -0.010703740 0.017907055 -0.008981504
v -0.010051148 0.017907055 -0.009706282
v -0.009349588 0.017907055 -0.010383770
v -0.008602478 0.017907055 -0.011010670
v -0.007813457 0.017907055 -0.011583927
v -0.006986371 0.017907055 -0.012100748
v -0.006125247 0.017907055 -0.012558616
v -0.005234281 0.017907055 -0.012955299
v -0.004317814 0.017907055 -0.013288866
v -0.003380312 0.017907055 -0.013557691
v -0.002426341 0.017907055 -0.013760464
v -0.001460549 0.017907055 -0.013896196
v -0.000487642 0.017907055 -0.013964229
v 0.000487642 0.017907055 -0.013964229
v 0.001460549 0.017907055 -0.013896196
v 0.002426341 0.017907055 -0.013760464
v 0.003380312 0.017907055 -0.013557691
v 0.004317814 0.017907055 -0.013288866
v 0.005234281 0.017907055 -0.012955299
v 0.006125247 0.017907055 -0.012558616
v 0.006986371 0.017907055 -0.012100748
v 0.007813457 0.017907055 -0.011583927
v 0.008602478 0.017907055 -0.011010670
v 0.009349588 0.017907055 -0.010383770
v 0.010051148 0.017907055 -0.009706282
v 0.010703740 0.017907055 -0.008981504
v 0.011304185 0.017907055 -0.008212971
v 0.011849556 0.017907055 -0.007404425
v 0.012337197 0.017907055 -0.006559804
v 0.012764733 0.017907055 -0.005683226
v 0.013130081 0.017907055 -0.004778959
v 0.013431460 0.017907055 -0.003851409
v 0.013667403 0.017907055 -0.002905096
v 0.013836759 0.017907055 -0.001944630
v 0.013938704 0.017907055 -0.000974689
v 0.013972741 0.017907055 -0.000000000
v 0.013938704 0.017907055 0.000974689
v 0.013836759 0.017907055 0.001944630
v 0.013667403 0.017907055 0.002905096
v 0.013431460 0.017907055 0.003851409
v 0.013130081 0.017907055 0.004778959
v 0.012764733 0.017907055 0.005683226
v 0.012337197 0.017907055 0.006559804
v 0.011849556 0.017907055 0.007404425
v 0.011304185 0.017907055 0.008212971
v 0.010703740 0.017907055 0.008981504
v 0.010051148 0.017907055 0.009706282
v 0.009349588 0.017907055 0.010383770
v 0.008602478 0.017907055 0.011010670
v 0.007813457 0.017907055 0.011583927
v 0.006986371 0.017907055 0.012100748
v 0.006125247 0.017907055 0.012558616
v 0.005234281 0.017907055 0.012955299
v 0.004317814 0.017907055 0.013288866
v 0.003380312 0.017907055 0.013557691
v 0.002426341 0.017907055 0.013760464
v 0.001460549 0.017907055 0.013896196
v 0.000487642 0.017907055 0.013964229
v -0.000487642 0.017907055 0.013964229
v -0.001460549 0.017907055 0.013896196
v -0.002426341 0.017907055 0.013760464
v -0.003380312 0.017907055 0.013557691
v -0.004317814 0.017907055 0.013288866
v -0.005234281 0.017907055 0.012955299
v -0.006125247 0.017907055 0.012558616
v -0.006986371 0.017907055 0.012100748
v -0.007813457 0.017907055 0.011583927
v -0.008602478 0.017907055 0.011010670
v -0.009349588 0.017907055 0.010383770
v -0.010051148 0.017907055 0.009706282
v -0.010703740 0.017907055 0.008981504
v -0.011304185 0.017907055 0.008212971
v -0.011849556 0.017907055 0.007404425
v -0.012337197 0.017907055 0.006559804
v -0.012764733 0.017907055 0.005683226
v -0.013130081 0.017907055 0.004778959
v -0.013431460 0.017907055 0.003851409
v -0.013667403 0.017907055 0.002905096
v -0.013836759 0.017907055 0.001944630
v -0.013374396 0.018472740 -0.000935229
v -0.013407055 0.018472740 -0.000000000
v -0.013374396 0.018472740 0.000935229
v -0.013600000 0.018392818 -0.000000000
v -0.013566871 0.018392818 0.000948688
v -0.013765685 0.018265686 -0.000000000
v -0.013732153 0.018265686 0.000960246
v -0.013892820 0.018099998 -0.000000000
v -0.013858978 0.018099998 0.000969114
v -0.013276579 0.018472740 -0.001865901
v -0.013114079 0.018472740 -0.002787483
v -0.012887689 0.018472740 -0.003695485
v -0.012598511 0.018472740 -0.004585483
v -0.012247954 0.018472740 -0.005453141
v -0.011837728 0.018472740 -0.006294231
v -0.011369827 0.018472740 -0.007104657
v -0.010846536 0.018472740 -0.007880469
v -0.010270400 0.018472740 -0.008617889
v -0.009644228 0.018472740 -0.009313323
v -0.008971071 0.018472740 -0.009963384
v -0.008254208 0.018472740 -0.010564903
v -0.007497130 0.018472740 -0.011114952
v -0.006703527 0.018472740 -0.011610850
v -0.005877266 0.018472740 -0.012050181
v -0.005022371 0.018472740 -0.012430805
v -0.004143008 0.018472740 -0.012750867
v -0.003243460 0.018472740 -0.013008808
v -0.002328111 0.018472740 -0.013203372
v -0.001401419 0.018472740 -0.013333610
v -0.000467899 0.018472740 -0.013398888
v 0.000467899 0.018472740 -0.013398888
v 0.001401419 0.018472740 -0.013333610
v 0.002328111 0.018472740 -0.013203372
v 0.003243460 0.018472740 -0.013008808
v 0.004143008 0.018472740 -0.012750867
v 0.005022371 0.018472740 -0.012430805
v 0.005877266 0.018472740 -0.012050181
v 0.006703527 0.018472740 -0.011610850
v 0.007497130 0.018472740 -0.011114952
v 0.008254208 0.018472740 -0.010564903
v 0.008971071 0.018472740 -0.009963384
v 0.009644228 0.018472740 -0.009313323
v 0.010270400 0.018472740 -0.008617889
v 0.010846536 0.018472740 -0.007880469
v 0.011369827 0.018472740 -0.007104657
v 0.011837728 0.018472740 -0.006294231
v 0.012247954 0.018472740 -0.005453141
v 0.012598511 0.018472740 -0.004585483
v 0.012887689 0.018472740 -0.003695485
v 0.013114079 0.018472740 -0.002787483
v 0.013276579 0.018472740 -0.001865901
v 0.013374396 0.018472740 -0.000935229
v 0.013407055 0.018472740 -0.000000000
v 0.013374396 0.018472740 0.000935229
v 0.013566871 0.018392818 0.000948688
v 0.013467646 0.018392818 0.001892754
v 0.013631719 0.018265686 0.001915813
v 0.013464872 0.018265686 0.002862047
v 0.013589229 0.018099998 0.002888480
v 0.013354636 0.018099998 0.003829380
v 0.013276579 0.018472740 0.001865901
v 0.013302808 0.018392818 0.002827599
v 0.013232426 0.018265686 0.003794337
v 0.013054980 0.018099998 0.004751625
v 0.013114079 0.018472740 0.002787483
v 0.013073159 0.018392818 0.003748668
v 0.012935513 0.018265686 0.004708142
v 0.012691723 0.018099998 0.005650719
v 0.012887689 0.018472740 0.003695485
v 0.012779819 0.018392818 0.004651474
v 0.012575580 0.018265686 0.005599009
v 0.012266632 0.018099998 0.006522284
v 0.012598511 0.018472740 0.004585483
v 0.012424218 0.018392818 0.005531618
v 0.012154379 0.018265686 0.006462598
v 0.011781780 0.018099998 0.007362073
v 0.012247954 0.018472740 0.005453141
v 0.012008087 0.018392818 0.006384813
v 0.011673964 0.018265686 0.007294702
v 0.011239528 0.018099998 0.008165995
v 0.011837728 0.018472740 0.006294231
v 0.011533454 0.018392818 0.007206902
v 0.011136673 0.018265686 0.008091267
v 0.010642518 0.018099998 0.008930133
v 0.011369827 0.018472740 0.007104657
v 0.011002631 0.018392818 0.007993879
v 0.010545127 0.018265686 0.008848412
v 0.009993659 0.018099998 0.009650764
v 0.010846536 0.018472740 0.007880469
v 0.010418204 0.018392818 0.008741912
v 0.009902205 0.018265686 0.009562449
v 0.009296111 0.018099998 0.010324377
v 0.010270400 0.018472740 0.008617889
v 0.009783021 0.018392818 0.009447353
v 0.009211041 0.018265686 0.010229897
v 0.008553274 0.018099998 0.010947692
v 0.009644228 0.018472740 0.009313323
v 0.009100176 0.018392818 0.010106770
v 0.008475002 0.018265686 0.010847508
v 0.007768766 0.018099998 0.011517670
v 0.008971071 0.018472740 0.009963384
v 0.008372996 0.018392818 0.010716947
v 0.007697674 0.018265686 0.011412271
v 0.006946410 0.018099998 0.012031535
v 0.008254208 0.018472740 0.010564903
v 0.007605023 0.018392818 0.011274911
v 0.006882843 0.018265686 0.011921433
v 0.006090211 0.018099998 0.012486784
v 0.007497130 0.018472740 0.011114952
v 0.006800000 0.018392818 0.011777946
v 0.006034479 0.018265686 0.012372516
v 0.005204342 0.018099998 0.012881199
v 0.006703527 0.018472740 0.011610850
v 0.005961848 0.018392818 0.012223599
v 0.005156716 0.018265686 0.012763321
v 0.004293118 0.018099998 0.013212857
v 0.005877266 0.018472740 0.012050181
v 0.005094650 0.018392818 0.012609700
v 0.004253831 0.018265686 0.013091945
v 0.003360977 0.018099998 0.013480145
v 0.005022371 0.018472740 0.012430805
v 0.004202631 0.018392818 0.012934369
v 0.003330221 0.018265686 0.013356786
v 0.002412463 0.018099998 0.013681757
v 0.004143008 0.018472740 0.012750867
v 0.003290138 0.018392818 0.013196022
v 0.002390386 0.018265686 0.013556554
v 0.001452195 0.018099998 0.013816714
v 0.003243460 0.018472740 0.013008808
v 0.002361615 0.018392818 0.013393386
v 0.001438906 0.018265686 0.013690275
v 0.000484852 0.018099998 0.013884357
v 0.002328111 0.018472740 0.013203372
v 0.001421587 0.018392818 0.013525497
v 0.000480415 0.018265686 0.013757299
v -0.000484852 0.018099998 0.013884357
v 0.001401419 0.018472740 0.013333610
v 0.000474633 0.018392818 0.013591715
v -0.000480415 0.018265686 0.013757299
v -0.001452195 0.018099998 0.013816714
v 0.000467899 0.018472740 0.013398888
v -0.000474633 0.018392818 0.013591715
v -0.001438906 0.018265686 0.013690275
v -0.002412463 0.018099998 0.013681757
v -0.000467899 0.018472740 0.013398888
v -0.001421587 0.018392818 0.013525497
v -0.002390386 0.018265686 0.013556554
v -0.003360977 0.018099998 0.013480145
v -0.001401419 0.018472740 0.013333610
v -0.002361615 0.018392818 0.013393386
v -0.003330221 0.018265686 0.013356786
v -0.004293118 0.018099998 0.013212857
v -0.002328111 0.018472740 0.013203372
v -0.003290138 0.018392818 0.013196022
v -0.004253831 0.018265686 0.013091945
v -0.005204342 0.018099998 0.012881199
v -0.003243460 0.018472740 0.013008808
v -0.004202631 0.018392818 0.012934369
v -0.005156716 0.018265686 0.012763321
v -0.006090211 0.018099998 0.012486784
v -0.004143008 0.018472740 0.012750867
v -0.005094650 0.018392818 0.012609700
v -0.006034479 0.018265686 0.012372516
v -0.006946410 0.018099998 0.012031535
v -0.005022371 0.018472740 0.012430805
v -0.005961848 0.018392818 0.012223599
v -0.006882843 0.018265686 0.011921433
v -0.007768766 0.018099998 0.011517670
v -0.005877266 0.018472740 0.012050181
v -0.006800000 0.018392818 0.011777946
v -0.007697674 0.018265686 0.011412271
v -0.008553274 0.018099998 0.010947692
v -0.006703527 0.018472740 0.011610850
v -0.007605023 0.018392818 0.011274911
v -0.008475002 0.018265686 0.010847508
v -0.009296111 0.018099998 0.010324377
v -0.007497130 0.018472740 0.011114952
v -0.008372996 0.018392818 0.010716947
v -0.009211041 0.018265686 0.010229897
v -0.009993659 0.018099998 0.009650764
v -0.008254208 0.018472740 0.010564903
v -0.009100176 0.018392818 0.010106770
v -0.009902205 0.018265686 0.009562449
v -0.010642518 0.018099998 0.008930133
v -0.008971071 0.018472740 0.009963384
v -0.009783021 0.018392818 0.009447353
v -0.010545127 0.018265686 0.008848412
v -0.011239528 0.018099998 0.008165995
v -0.009644228 0.018472740 0.009313323
v -0.010418204 0.018392818 0.008741912
v -0.011136673 0.018265686 0.008091267
v -0.011781780 0.018099998 0.007362073
v -0.010270400 0.018472740 0.008617889
v -0.011002631 0.018392818 0.007993879
v -0.011673964 0.018265686 0.007294702
v -0.012266632 0.018099998 0.006522284
v -0.010846536 0.018472740 0.007880469
v -0.011533454 0.018392818 0.007206902
v -0.012154379 0.018265686 0.006462598
v -0.012691723 0.018099998 0.005650719
v -0.011369827 0.018472740 0.007104657
v -0.012008087 0.018392818 0.006384813
v -0.012575580 0.018265686 0.005599009
v -0.013054980 0.018099998 0.004751625
v -0.011837728 0.018472740 0.006294231
v -0.012424218 0.018392818 0.005531618
v -0.012935513 0.018265686 0.004708142
v -0.013354636 0.018099998 0.003829380
v -0.012247954 0.018472740 0.005453141
v -0.012779819 0.018392818 0.004651474
v -0.013232426 0.018265686 0.003794337
v -0.013589229 0.018099998 0.002888480
v -0.012598511 0.018472740 0.004585483
v -0.013073159 0.018392818 0.003748668
v -0.013464872 0.018265686 0.002862047
v -0.013757616 0.018099998 0.001933507
v -0.012887689 0.018472740 0.003695485
v -0.013302808 0.018392818 0.002827599
v -0.013631719 0.018265686 0.001915813
v -0.013114079 0.018472740 0.002787483
v -0.013467646 0.018392818 0.001892754
v -0.013276579 0.018472740 0.001865901
v 0.013892820 0.018099998 -0.000000000
v 0.013858978 0.018099998 0.000969114
v 0.013757616 0.018099998 0.001933507
v 0.013765685 0.018265686 -0.000000000
v 0.013732153 0.018265686 0.000960246
v 0.013858978 0.018099998 -0.000969114
v 0.013757616 0.018099998 -0.001933507
v 0.013589229 0.018099998 -0.002888480
v 0.013354636 0.018099998 -0.003829380
v 0.013054980 0.018099998 -0.004751625
v 0.012691723 0.018099998 -0.005650719
v 0.012266632 0.018099998 -0.006522284
v 0.011781780 0.018099998 -0.007362073
v 0.011239528 0.018099998 -0.008165995
v 0.010642518 0.018099998 -0.008930133
v 0.009993659 0.018099998 -0.009650764
v 0.009296111 0.018099998 -0.010324377
v 0.008553274 0.018099998 -0.010947692
v 0.007768766 0.018099998 -0.011517670
v 0.006946410 0.018099998 -0.012031535
v 0.006090211 0.018099998 -0.012486784
v 0.005204342 0.018099998 -0.012881199
v 0.004293118 0.018099998 -0.013212857
v 0.003360977 0.018099998 -0.013480145
v 0.002412463 0.018099998 -0.013681757
v 0.001452195 0.018099998 -0.013816714
v 0.000484852 0.018099998 -0.013884357
v -0.000484852 0.018099998 -0.013884357
v -0.001452195 0.018099998 -0.013816714
v -0.002412463 0.018099998 -0.013681757
v -0.003360977 0.018099998 -0.013480145
v -0.004293118 0.018099998 -0.013212857
v -0.005204342 0.018099998 -0.012881199
v -0.006090211 0.018099998 -0.012486784
v -0.006946410 0.018099998 -0.012031535
v -0.007768766 0.018099998 -0.011517670
v -0.008553274 0.018099998 -0.010947692
v -0.009296111 0.018099998 -0.010324377
v -0.009993659 0.018099998 -0.009650764
v -0.010642518 0.018099998 -0.008930133
v -0.011239528 0.018099998 -0.008165995
v -0.011781780 0.018099998 -0.007362073
v -0.012266632 0.018099998 -0.006522284
v -0.012691723 0.018099998 -0.005650719
v -0.013054980 0.018099998 -0.004751625
v -0.013354636 0.018099998 -0.003829380
v -0.013589229 0.018099998 -0.002888480
v -0.013757616 0.018099998 -0.001933507
v -0.013858978 0.018099998 -0.000969114
v 0.013600000 0.018392818 -0.000000000
v 0.013732153 0.018265686 -0.000960246
v 0.013631719 0.018265686 -0.001915813
v 0.013464872 0.018265686 -0.002862047
v 0.013232426 0.018265686 -0.003794337
v 0.012935513 0.018265686 -0.004708142
v 0.012575580 0.018265686 -0.005599009
v 0.012154379 0.018265686 -0.006462598
v 0.011673964 0.018265686 -0.007294702
v 0.011136673 0.018265686 -0.008091267
v 0.010545127 0.018265686 -0.008848412
v 0.009902205 0.018265686 -0.009562449
v 0.009211041 0.018265686 -0.010229897
v 0.008475002 0.018265686 -0.010847508
v 0.007697674 0.018265686 -0.011412271
v 0.006882843 0.018265686 -0.011921433
v 0.006034479 0.018265686 -0.012372516
v 0.005156716 0.018265686 -0.012763321
v 0.004253831 0.018265686 -0.013091945
v 0.003330221 0.018265686 -0.013356786
v 0.002390386 0.018265686 -0.013556554
v 0.001438906 0.018265686 -0.013690275
v 0.000480415 0.018265686 -0.013757299
v -0.000480415 0.018265686 -0.013757299
v -0.001438906 0.018265686 -0.013690275
v -0.002390386 0.018265686 -0.013556554
v -0.003330221 0.018265686 -0.013356786
v -0.004253831 0.018265686 -0.013091945
v -0.005156716 0.018265686 -0.012763321
v -0.006034479 0.018265686 -0.012372516
v -0.006882843 0.018265686 -0.011921433
v -0.007697674 0.018265686 -0.011412271
v -0.008475002 0.018265686 -0.010847508
v -0.009211041 0.018265686 -0.010229897
v -0.009902205 0.018265686 -0.009562449
v -0.010545127 0.018265686 -0.008848412
v -0.011136673 0.018265686 -0.008091267
v -0.011673964 0.018265686 -0.007294702
v -0.012154379 0.018265686 -0.006462598
v -0.012575580 0.018265686 -0.005599009
v -0.012935513 0.018265686 -0.004708142
v -0.013232426 0.018265686 -0.003794337
v -0.013464872 0.018265686 -0.002862047
v -0.013631719 0.018265686 -0.001915813
v -0.013732153 0.018265686 -0.000960246
v 0.013566871 0.018392818 -0.000948688
v 0.013467646 0.018392818 -0.001892754
v 0.013302808 0.018392818 -0.002827599
v 0.013073159 0.018392818 -0.003748668
v 0.012779819 0.018392818 -0.004651474
v 0.012424218 0.018392818 -0.005531618
v 0.012008087 0.018392818 -0.006384813
v 0.011533454 0.018392818 -0.007206902
v 0.011002631 0.018392818 -0.007993879
v 0.010418204 0.018392818 -0.008741912
v 0.009783021 0.018392818 -0.009447353
v 0.009100176 0.018392818 -0.010106770
v 0.008372996 0.018392818 -0.010716947
v 0.007605023 0.018392818 -0.011274911
v 0.006800000 0.018392818 -0.011777946
v 0.005961848 0.018392818 -0.012223599
v 0.005094650 0.018392818 -0.012609700
v 0.004202631 0.018392818 -0.012934369
v 0.003290138 0.018392818 -0.013196022
v 0.002361615 0.018392818 -0.013393386
v 0.001421587 0.018392818 -0.013525497
v 0.000474633 0.018392818 -0.013591715
v -0.000474633 0.018392818 -0.013591715
v -0.001421587 0.018392818 -0.013525497
v -0.002361615 0.018392818 -0.013393386
v -0.003290138 0.018392818 -0.013196022
v -0.004202631 0.018392818 -0.012934369
v -0.005094650 0.018392818 -0.012609700
v -0.005961848 0.018392818 -0.012223599
v -0.006800000 0.018392818 -0.011777946
v -0.007605023 0.018392818 -0.011274911
v -0.008372996 0.018392818 -0.010716947
v -0.009100176 0.018392818 -0.010106770
v -0.009783021 0.018392818 -0.009447353
v -0.010418204 0.018392818 -0.008741912
v -0.011002631 0.018392818 -0.007993879
v -0.011533454 0.018392818 -0.007206902
v -0.012008087 0.018392818 -0.006384813
v -0.012424218 0.018392818 -0.005531618
v -0.012779819 0.018392818 -0.004651474
v -0.013073159 0.018392818 -0.003748668
v -0.013302808 0.018392818 -0.002827599
v -0.013467646 0.018392818 -0.001892754
v -0.013566871 0.018392818 -0.000948688
v -0.013500000 -0.011650000 -0.000000000
v -0.013466372 -0.011650000 -0.000952276
v -0.013365655 -0.011650000 -0.001899808
v -0.013198351 -0.011650000 -0.002837875
v -0.012965294 -0.011650000 -0.003761804
v -0.012667644 -0.011650000 -0.004666991
v -0.012306884 -0.011650000 -0.005548928
v -0.011884812 -0.011650000 -0.006403221
v -0.011403531 -0.011650000 -0.007225613
v -0.010865438 -0.011650000 -0.008012008
v -0.010273213 -0.011650000 -0.008758486
v -0.009629808 -0.011650000 -0.009461330
v -0.008938429 -0.011650000 -0.010117040
v -0.008202518 -0.011650000 -0.010722345
v -0.007425743 -0.011650000 -0.011274234
v -0.006611972 -0.011650000 -0.011769954
v -0.005765262 -0.011650000 -0.012207037
v -0.004889829 -0.011650000 -0.012583305
v -0.003990036 -0.011650000 -0.012896884
v -0.003070364 -0.011650000 -0.013146212
v -0.002135395 -0.011650000 -0.013330045
v -0.001189789 -0.011650000 -0.013447468
v -0.000238254 -0.011650000 -0.013497897
v 0.000714467 -0.011650000 -0.013481081
v 0.001663628 -0.011650000 -0.013397102
v 0.002604502 -0.011650000 -0.013246380
v 0.003532400 -0.011650000 -0.013029664
v 0.004442700 -0.011650000 -0.012748035
v 0.005330866 -0.011650000 -0.012402898
v 0.006192475 -0.011650000 -0.011995969
v 0.007023232 -0.011650000 -0.011529276
v 0.007819001 -0.011650000 -0.011005145
v 0.008575815 -0.011650000 -0.010426188
v 0.009289906 -0.011650000 -0.009795287
v 0.009957714 -0.011650000 -0.009115587
v 0.010575913 -0.011650000 -0.008390473
v 0.011141425 -0.011650000 -0.007623559
v 0.011651430 -0.011650000 -0.006818665
v 0.012103388 -0.011650000 -0.005979800
v 0.012495048 -0.011650000 -0.005111144
v 0.012824457 -0.011650000 -0.004217024
v 0.013089976 -0.011650000 -0.003301896
v 0.013290282 -0.011650000 -0.002370318
v 0.013424376 -0.011650000 -0.001426931
v 0.013491590 -0.011650000 -0.000476435
v 0.013491590 -0.011650000 0.000476435
v 0.013424376 -0.011650000 0.001426931
v 0.013290282 -0.011650000 0.002370318
v 0.013089976 -0.011650000 0.003301896
v 0.012824457 -0.011650000 0.004217024
v 0.012495048 -0.011650000 0.005111144
v 0.012103388 -0.011650000 0.005979800
v 0.011651430 -0.011650000 0.006818665
v 0.011141425 -0.011650000 0.007623559
v 0.010575913 -0.011650000 0.008390473
v 0.009957714 -0.011650000 0.009115587
v 0.009289906 -0.011650000 0.009795287
v 0.008575815 -0.011650000 0.010426188
v 0.007819001 -0.011650000 0.011005145
v 0.007023232 -0.011650000 0.011529276
v 0.006192475 -0.011650000 0.011995969
v 0.005330866 -0.011650000 0.012402898
v 0.004442700 -0.011650000 0.012748035
v 0.003532400 -0.011650000 0.013029664
v 0.002604502 -0.011650000 0.013246380
v 0.001663628 -0.011650000 0.013397102
v 0.000714467 -0.011650000 0.013481081
v -0.000238254 -0.011650000 0.013497897
v -0.001189789 -0.011650000 0.013447468
v -0.002135395 -0.011650000 0.013330045
v -0.003070364 -0.011650000 0.013146212
v -0.003990036 -0.011650000 0.012896884
v -0.004889829 -0.011650000 0.012583305
v -0.005765262 -0.011650000 0.012207037
v -0.006611972 -0.011650000 0.011769954
v -0.007425743 -0.011650000 0.011274234
v -0.008202518 -0.011650000 0.010722345
v -0.008938429 -0.011650000 0.010117040
v -0.009629808 -0.011650000 0.009461330
v -0.010273213 -0.011650000 0.008758486
v -0.010865438 -0.011650000 0.008012008
v -0.011403531 -0.011650000 0.007225613
v -0.011884812 -0.011650000 0.006403221
v -0.012306884 -0.011650000 0.005548928
v -0.012667644 -0.011650000 0.004666991
v -0.012965294 -0.011650000 0.003761804
v -0.013198351 -0.011650000 0.002837875
v -0.013365655 -0.011650000 0.001899808
v -0.013466372 -0.011650000 0.000952276
v -0.013466372 -0.013250000 -0.000952276
v -0.013500000 -0.013250000 -0.000000000
v -0.013466372 -0.013250000 0.000952276
v -0.013365655 -0.013250000 0.001899808
v -0.013365655 -0.013250000 -0.001899808
v -0.013198351 -0.013250000 -0.002837875
v -0.012965294 -0.013250000 -0.003761804
v -0.012667644 -0.013250000 -0.004666991
v -0.012306884 -0.013250000 -0.005548928
v -0.011884812 -0.013250000 -0.006403221
v -0.011403531 -0.013250000 -0.007225613
v -0.010865438 -0.013250000 -0.008012008
v -0.010273213 -0.013250000 -0.008758486
v -0.009629808 -0.013250000 -0.009461330
v -0.008938429 -0.013250000 -0.010117040
v -0.008202518 -0.013250000 -0.010722345
v -0.007425743 -0.013250000 -0.011274234
v -0.006611972 -0.013250000 -0.011769954
v -0.005765262 -0.013250000 -0.012207037
v -0.004889829 -0.013250000 -0.012583305
v -0.003990036 -0.013250000 -0.012896884
v -0.003070364 -0.013250000 -0.013146212
v -0.002135395 -0.013250000 -0.013330045
v -0.001189789 -0.013250000 -0.013447468
v -0.000238254 -0.013250000 -0.013497897
v 0.000714467 -0.013250000 -0.013481081
v 0.001663628 -0.013250000 -0.013397102
v 0.002604502 -0.013250000 -0.013246380
v 0.003532400 -0.013250000 -0.013029664
v 0.004442700 -0.013250000 -0.012748035
v 0.005330866 -0.013250000 -0.012402898
v 0.006192475 -0.013250000 -0.011995969
v 0.007023232 -0.013250000 -0.011529276
v 0.007819001 -0.013250000 -0.011005145
v 0.008575815 -0.013250000 -0.010426188
v 0.009289906 -0.013250000 -0.009795287
v 0.009957714 -0.013250000 -0.009115587
v 0.010575913 -0.013250000 -0.008390473
v 0.011141425 -0.013250000 -0.007623559
v 0.011651430 -0.013250000 -0.006818665
v 0.012103388 -0.013250000 -0.005979800
v 0.012495048 -0.013250000 -0.005111144
v 0.012824457 -0.013250000 -0.004217024
v 0.013089976 -0.013250000 -0.003301896
v 0.013290282 -0.013250000 -0.002370318
v 0.013424376 -0.013250000 -0.001426931
v 0.013491590 -0.013250000 -0.000476435
v 0.013491590 -0.013250000 0.000476435
v 0.013424376 -0.013250000 0.001426931
v 0.013290282 -0.013250000 0.002370318
v 0.013089976 -0.013250000 0.003301896
v 0.012824457 -0.013250000 0.004217024
v 0.012495048 -0.013250000 0.005111144
v 0.012103388 -0.013250000 0.005979800
v 0.011651430 -0.013250000 0.006818665
v 0.011141425 -0.013250000 0.007623559
v 0.010575913 -0.013250000 0.008390473
v 0.009957714 -0.013250000 0.009115587
v 0.009289906 -0.013250000 0.009795287
v 0.008575815 -0.013250000 0.010426188
v 0.007819001 -0.013250000 0.011005145
v 0.007023232 -0.013250000 0.011529276
v 0.006192475 -0.013250000 0.011995969
v 0.005330866 -0.013250000 0.012402898
v 0.004442700 -0.013250000 0.012748035
v 0.003532400 -0.013250000 0.013029664
v 0.002604502 -0.013250000 0.013246380
v 0.001663628 -0.013250000 0.013397102
v 0.000714467 -0.013250000 0.013481081
v -0.000238254 -0.013250000 0.013497897
v -0.001189789 -0.013250000 0.013447468
v -0.002135395 -0.013250000 0.013330045
v -0.003070364 -0.013250000 0.013146212
v -0.003990036 -0.013250000 0.012896884
v -0.004889829 -0.013250000 0.012583305
v -0.005765262 -0.013250000 0.012207037
v -0.006611972 -0.013250000 0.011769954
v -0.007425743 -0.013250000 0.011274234
v -0.008202518 -0.013250000 0.010722345
v -0.008938429 -0.013250000 0.010117040
v -0.009629808 -0.013250000 0.009461330
v -0.010273213 -0.013250000 0.008758486
v -0.010865438 -0.013250000 0.008012008
v -0.011403531 -0.013250000 0.007225613
v -0.011884812 -0.013250000 0.006403221
v -0.012306884 -0.013250000 0.005548928
v -0.012667644 -0.013250000 0.004666991
v -0.012965294 -0.013250000 0.003761804
v -0.013198351 -0.013250000 0.002837875
v -0.013500000 0.011650000 -0.000000000
v -0.013466372 0.011650000 0.000952276
v -0.013365655 0.011650000 0.001899808
v -0.013198351 0.011650000 0.002837875
v -0.012965294 0.011650000 0.003761804
v -0.012667644 0.011650000 0.004666991
v -0.012306884 0.011650000 0.005548928
v -0.011884812 0.011650000 0.006403221
v -0.011403531 0.011650000 0.007225613
v -0.010865438 0.011650000 0.008012008
v -0.010273213 0.011650000 0.008758486
v -0.009629808 0.011650000 0.009461330
v -0.008938429 0.011650000 0.010117040
v -0.008202518 0.011650000 0.010722345
v -0.007425743 0.011650000 0.011274234
v -0.006611972 0.011650000 0.011769954
v -0.005765262 0.011650000 0.012207037
v -0.004889829 0.011650000 0.012583305
v -0.003990036 0.011650000 0.012896884
v -0.003070364 0.011650000 0.013146212
v -0.002135395 0.011650000 0.013330045
v -0.001189789 0.011650000 0.013447468
v -0.000238254 0.011650000 0.013497897
v 0.000714467 0.011650000 0.013481081
v 0.001663628 0.011650000 0.013397102
v 0.002604502 0.011650000 0.013246380
v 0.003532400 0.011650000 0.013029664
v 0.004442700 0.011650000 0.012748035
v 0.005330866 0.011650000 0.012402898
v 0.006192475 0.011650000 0.011995969
v 0.007023232 0.011650000 0.011529276
v 0.007819001 0.011650000 0.011005145
v 0.008575815 0.011650000 0.010426188
v 0.009289906 0.011650000 0.009795287
v 0.009957714 0.011650000 0.009115587
v 0.010575913 0.011650000 0.008390473
v 0.011141425 0.011650000 0.007623559
v 0.011651430 0.011650000 0.006818665
v 0.012103388 0.011650000 0.005979800
v 0.012495048 0.011650000 0.005111144
v 0.012824457 0.011650000 0.004217024
v 0.013089976 0.011650000 0.003301896
v 0.013290282 0.011650000 0.002370318
v 0.013424376 0.011650000 0.001426931
v 0.013491590 0.011650000 0.000476435
v 0.013491590 0.011650000 -0.000476435
v 0.013424376 0.011650000 -0.001426931
v 0.013290282 0.011650000 -0.002370318
v 0.013089976 0.011650000 -0.003301896
v 0.012824457 0.011650000 -0.004217024
v 0.012495048 0.011650000 -0.005111144
v 0.012103388 0.011650000 -0.005979800
v 0.011651430 0.011650000 -0.006818665
v 0.011141425 0.011650000 -0.007623559
v 0.010575913 0.011650000 -0.008390473
v 0.009957714 0.011650000 -0.009115587
v 0.009289906 0.011650000 -0.009795287
v 0.008575815 0.011650000 -0.010426188
v 0.007819001 0.011650000 -0.011005145
v 0.007023232 0.011650000 -0.011529276
v 0.006192475 0.011650000 -0.011995969
v 0.005330866 0.011650000 -0.012402898
v 0.004442700 0.011650000 -0.012748035
v 0.003532400 0.011650000 -0.013029664
v 0.002604502 0.011650000 -0.013246380
v 0.001663628 0.011650000 -0.013397102
v 0.000714467 0.011650000 -0.013481081
v -0.000238254 0.011650000 -0.013497897
v -0.001189789 0.011650000 -0.013447468
v -0.002135395 0.011650000 -0.013330045
v -0.003070364 0.011650000 -0.013146212
v -0.003990036 0.011650000 -0.012896884
v -0.004889829 0.011650000 -0.012583305
v -0.005765262 0.011650000 -0.012207037
v -0.006611972 0.011650000 -0.011769954
v -0.007425743 0.011650000 -0.011274234
v -0.008202518 0.011650000 -0.010722345
v -0.008938429 0.011650000 -0.010117040
v -0.009629808 0.011650000 -0.009461330
v -0.010273213 0.011650000 -0.008758486
v -0.010865438 0.011650000 -0.008012008
v -0.011403531 0.011650000 -0.007225613
v -0.011884812 0.011650000 -0.006403221
v -0.012306884 0.011650000 -0.005548928
v -0.012667644 0.011650000 -0.004666991
v -0.012965294 0.011650000 -0.003761804
v -0.013198351 0.011650000 -0.002837875
v -0.013365655 0.011650000 -0.001899808
v -0.013466372 0.011650000 -0.000952276
v -0.013466372 0.013250000 -0.000952276
v -0.013500000 0.013250000 -0.000000000
v -0.013466372 0.013250000 0.000952276
v -0.013365655 0.013250000 -0.001899808
v -0.013198351 0.013250000 -0.002837875
v -0.012965294 0.013250000 -0.003761804
v -0.012667644 0.013250000 -0.004666991
v -0.012306884 0.013250000 -0.005548928
v -0.011884812 0.013250000 -0.006403221
v -0.011403531 0.013250000 -0.007225613
v -0.010865438 0.013250000 -0.008012008
v -0.010273213 0.013250000 -0.008758486
v -0.009629808 0.013250000 -0.009461330
v -0.008938429 0.013250000 -0.010117040
v -0.008202518 0.013250000 -0.010722345
v -0.007425743 0.013250000 -0.011274234
v -0.006611972 0.013250000 -0.011769954
v -0.005765262 0.013250000 -0.012207037
v -0.004889829 0.013250000 -0.012583305
v -0.003990036 0.013250000 -0.012896884
v -0.003070364 0.013250000 -0.013146212
v -0.002135395 0.013250000 -0.013330045
v -0.001189789 0.013250000 -0.013447468
v -0.000238254 0.013250000 -0.013497897
v 0.000714467 0.013250000 -0.013481081
v 0.001663628 0.013250000 -0.013397102
v 0.002604502 0.013250000 -0.013246380
v 0.003532400 0.013250000 -0.013029664
v 0.004442700 0.013250000 -0.012748035
v 0.005330866 0.013250000 -0.012402898
v 0.006192475 0.013250000 -0.011995969
v 0.007023232 0.013250000 -0.011529276
v 0.007819001 0.013250000 -0.011005145
v 0.008575815 0.013250000 -0.010426188
v 0.009289906 0.013250000 -0.009795287
v 0.009957714 0.013250000 -0.009115587
v 0.010575913 0.013250000 -0.008390473
v 0.011141425 0.013250000 -0.007623559
v 0.011651430 0.013250000 -0.006818665
v 0.012103388 0.013250000 -0.005979800
v 0.012495048 0.013250000 -0.005111144
v 0.012824457 0.013250000 -0.004217024
v 0.013089976 0.013250000 -0.003301896
v 0.013290282 0.013250000 -0.002370318
v 0.013424376 0.013250000 -0.001426931
v 0.013491590 0.013250000 -0.000476435
v 0.013491590 0.013250000 0.000476435
v 0.013424376 0.013250000 0.001426931
v 0.013290282 0.013250000 0.002370318
v 0.013089976 0.013250000 0.003301896
v 0.012824457 0.013250000 0.004217024
v 0.012495048 0.013250000 0.005111144
v 0.012103388 0.013250000 0.005979800
v 0.011651430 0.013250000 0.006818665
v 0.011141425 0.013250000 0.007623559
v 0.010575913 0.013250000 0.008390473
v 0.009957714 0.013250000 0.009115587
v 0.009289906 0.013250000 0.009795287
v 0.008575815 0.013250000 0.010426188
v 0.007819001 0.013250000 0.011005145
v 0.007023232 0.013250000 0.011529276
v 0.006192475 0.013250000 0.011995969
v 0.005330866 0.013250000 0.012402898
v 0.004442700 0.013250000 0.012748035
v 0.003532400 0.013250000 0.013029664
v 0.002604502 0.013250000 0.013246380
v 0.001663628 0.013250000 0.013397102
v 0.000714467 0.013250000 0.013481081
v -0.000238254 0.013250000 0.013497897
v -0.001189789 0.013250000 0.013447468
v -0.002135395 0.013250000 0.013330045
v -0.003070364 0.013250000 0.013146212
v -0.003990036 0.013250000 0.012896884
v -0.004889829 0.013250000 0.012583305
v -0.005765262 0.013250000 0.012207037
v -0.006611972 0.013250000 0.011769954
v -0.007425743 0.013250000 0.011274234
v -0.008202518 0.013250000 0.010722345
v -0.008938429 0.013250000 0.010117040
v -0.009629808 0.013250000 0.009461330
v -0.010273213 0.013250000 0.008758486
v -0.010865438 0.013250000 0.008012008
v -0.011403531 0.013250000 0.007225613
v -0.011884812 0.013250000 0.006403221
v -0.012306884 0.013250000 0.005548928
v -0.012667644 0.013250000 0.004666991
v -0.012965294 0.013250000 0.003761804
v -0.013198351 0.013250000 0.002837875
v -0.013365655 0.013250000 0.001899808
vn -0.9994 -0.0000 0.0349
vn -0.9994 -0.0000 -0.0349
vn -0.9945 -0.0000 -0.1045
vn -0.9848 -0.0000 -0.1736
vn -0.9703 -0.0000 -0.2419
vn -0.9511 -0.0000 -0.3090
vn -0.9272 -0.0000 -0.3746
vn -0.8988 -0.0000 -0.4384
vn -0.8660 -0.0000 -0.5000
vn -0.8290 -0.0000 -0.5592
vn -0.7880 -0.0000 -0.6157
vn -0.7431 -0.0000 -0.6691
vn -0.6947 -0.0000 -0.7193
vn -0.6428 -0.0000 -0.7660
vn -0.5878 -0.0000 -0.8090
vn -0.5299 -0.0000 -0.8480
vn -0.4695 -0.0000 -0.8829
vn -0.4067 -0.0000 -0.9135
vn -0.3420 -0.0000 -0.9397
vn -0.2756 -0.0000 -0.9613
vn -0.2079 -0.0000 -0.9781
vn -0.1392 -0.0000 -0.9903
vn -0.0698 -0.0000 -0.9976
vn -0.0000 -0.0000 -1.0000
vn 0.0698 -0.0000 -0.9976
vn 0.1392 -0.0000 -0.9903
vn 0.2079 -0.0000 -0.9781
vn 0.2756 -0.0000 -0.9613
vn 0.3420 -0.0000 -0.9397
vn 0.4067 -0.0000 -0.9135
vn 0.4695 -0.0000 -0.8829
vn 0.5299 -0.0000 -0.8480
vn 0.5878 -0.0000 -0.8090
vn 0.6428 -0.0000 -0.7660
vn 0.6947 -0.0000 -0.7193
vn 0.7431 -0.0000 -0.6691
vn 0.7880 -0.0000 -0.6157
vn 0.8290 -0.0000 -0.5592
vn 0.8660 -0.0000 -0.5000
vn 0.8988 -0.0000 -0.4384
vn 0.9272 -0.0000 -0.3746
vn 0.9511 -0.0000 -0.3090
vn 0.9703 -0.0000 -0.2419
vn 0.9848 -0.0000 -0.1736
vn 0.9945 -0.0000 -0.1045
vn 0.9994 -0.0000 -0.0349
vn 0.9994 -0.0000 0.0349
vn 0.9945 -0.0000 0.1045
vn 0.9848 -0.0000 0.1736
vn 0.9703 -0.0000 0.2419
vn 0.9511 -0.0000 0.3090
vn 0.9272 -0.0000 0.3746
vn 0.8988 -0.0000 0.4384
vn 0.8660 -0.0000 0.5000
vn 0.8290 -0.0000 0.5592
vn 0.7880 -0.0000 0.6157
vn 0.7431 -0.0000 0.6691
vn 0.6947 -0.0000 0.7193
vn 0.6428 -0.0000 0.7660
vn 0.5878 -0.0000 0.8090
vn 0.5299 -0.0000 0.8480
vn 0.4695 -0.0000 0.8829
vn 0.4067 -0.0000 0.9135
vn 0.3420 -0.0000 0.9397
vn 0.2756 -0.0000 0.9613
vn 0.2079 -0.0000 0.9781
vn 0.1392 -0.0000 0.9903
vn 0.0698 -0.0000 0.9976
vn -0.0000 -0.0000 1.0000
vn -0.0698 -0.0000 0.9976
vn -0.1392 -0.0000 0.9903
vn -0.2079 -0.0000 0.9781
vn -0.2756 -0.0000 0.9613
vn -0.3420 -0.0000 0.9397
vn -0.4067 -0.0000 0.9135
vn -0.4695 -0.0000 0.8829
vn -0.5299 -0.0000 0.8480
vn -0.5878 -0.0000 0.8090
vn -0.6428 -0.0000 0.7660
vn -0.6947 -0.0000 0.7193
vn -0.7431 -0.0000 0.6691
vn -0.7880 -0.0000 0.6157
vn -0.8290 -0.0000 0.5592
vn -0.8660 -0.0000 0.5000
vn -0.8988 -0.0000 0.4384
vn -0.9272 -0.0000 0.3746
vn -0.9511 -0.0000 0.3090
vn -0.9703 -0.0000 0.2419
vn -0.9848 -0.0000 0.1736
vn -0.9945 -0.0000 0.1045
vn -0.0000 1.0000 -0.0000
vn 0.9989 -0.0000 -0.0462
vn 0.9989 -0.0000 0.0462
vn 0.9904 -0.0000 0.1382
vn 0.9734 -0.0000 0.2290
vn 0.9734 -0.0000 0.2289
vn 0.9482 -0.0000 0.3178
vn 0.9148 -0.0000 0.4039
vn 0.8736 -0.0000 0.4866
vn 0.8250 -0.0000 0.5651
vn 0.7693 -0.0000 0.6388
vn 0.7071 -0.0000 0.7071
vn 0.6388 -0.0000 0.7693
vn 0.5651 -0.0000 0.8250
vn 0.4866 -0.0000 0.8736
vn 0.4039 -0.0000 0.9148
vn 0.3178 -0.0000 0.9482
vn 0.2290 -0.0000 0.9734
vn 0.1382 -0.0000 0.9904
vn 0.0462 -0.0000 0.9989
vn -0.0462 -0.0000 0.9989
vn -0.1382 -0.0000 0.9904
vn -0.2290 -0.0000 0.9734
vn -0.3178 -0.0000 0.9482
vn -0.4039 -0.0000 0.9148
vn -0.4866 -0.0000 0.8736
vn -0.5651 -0.0000 0.8250
vn -0.6388 -0.0000 0.7693
vn -0.7071 -0.0000 0.7071
vn -0.7693 -0.0000 0.6388
vn -0.8250 -0.0000 0.5651
vn -0.8736 -0.0000 0.4866
vn -0.9148 -0.0000 0.4039
vn -0.9482 -0.0000 0.3178
vn -0.9734 -0.0000 0.2289
vn -0.9734 -0.0000 0.2290
vn -0.9904 -0.0000 0.1382
vn -0.9989 -0.0000 0.0462
vn -0.9989 -0.0000 -0.0462
vn -0.9904 -0.0000 -0.1382
vn -0.9734 -0.0000 -0.2290
vn -0.9734 -0.0000 -0.2289
vn -0.9482 -0.0000 -0.3178
vn -0.9148 -0.0000 -0.4039
vn -0.8736 -0.0000 -0.4866
vn -0.8250 -0.0000 -0.5651
vn -0.7693 -0.0000 -0.6388
vn -0.7071 -0.0000 -0.7071
vn -0.6388 -0.0000 -0.7693
vn -0.5651 -0.0000 -0.8250
vn -0.4866 -0.0000 -0.8736
vn -0.4039 -0.0000 -0.9148
vn -0.3178 -0.0000 -0.9482
vn -0.2290 -0.0000 -0.9734
vn -0.1382 -0.0000 -0.9904
vn -0.0462 -0.0000 -0.9989
vn 0.0462 -0.0000 -0.9989
vn 0.1382 -0.0000 -0.9904
vn 0.2290 -0.0000 -0.9734
vn 0.3178 -0.0000 -0.9482
vn 0.4039 -0.0000 -0.9148
vn 0.4866 -0.0000 -0.8736
vn 0.5651 -0.0000 -0.8250
vn 0.6388 -0.0000 -0.7693
vn 0.7071 -0.0000 -0.7071
vn 0.7693 -0.0000 -0.6388
vn 0.8250 -0.0000 -0.5651
vn 0.8736 -0.0000 -0.4866
vn 0.9148 -0.0000 -0.4039
vn 0.9482 -0.0000 -0.3178
vn 0.9734 -0.0000 -0.2289
vn 0.9734 -0.0000 -0.2290
vn 0.9904 -0.0000 -0.1382
vn -0.0000 -1.0000 -0.0000
vn -0.1301 -0.9915 0.0046
vn -0.1305 -0.9914 0.0046
vn -0.1305 -0.9914 -0.0046
vn -0.3826 -0.9238 -0.0134
vn -0.6086 -0.7932 -0.0213
vn -0.7930 -0.6085 -0.0277
vn -0.9234 -0.3825 -0.0322
vn -0.9909 -0.1304 -0.0346
vn -0.1303 -0.9914 0.0137
vn -0.1290 -0.9916 0.0139
vn -0.1295 -0.9913 0.0228
vn -0.1272 -0.9916 0.0230
vn -0.1280 -0.9913 0.0319
vn -0.1249 -0.9917 0.0319
vn -0.1258 -0.9912 0.0409
vn -0.1220 -0.9917 0.0406
vn -0.1230 -0.9912 0.0497
vn -0.1184 -0.9917 0.0491
vn -0.1195 -0.9911 0.0583
vn -0.1144 -0.9918 0.0572
vn -0.1155 -0.9911 0.0667
vn -0.1097 -0.9918 0.0651
vn -0.1108 -0.9910 0.0747
vn -0.1046 -0.9919 0.0726
vn -0.1055 -0.9910 0.0825
vn -0.0989 -0.9919 0.0797
vn -0.0997 -0.9910 0.0898
vn -0.0928 -0.9919 0.0864
vn -0.0934 -0.9909 0.0967
vn -0.0863 -0.9920 0.0926
vn -0.0866 -0.9909 0.1032
vn -0.0793 -0.9920 0.0984
vn -0.0793 -0.9909 0.1091
vn -0.0720 -0.9920 0.1037
vn -0.0716 -0.9908 0.1146
vn -0.0643 -0.9920 0.1084
vn -0.0635 -0.9908 0.1194
vn -0.0564 -0.9920 0.1126
vn -0.0551 -0.9908 0.1237
vn -0.0481 -0.9921 0.1162
vn -0.0463 -0.9908 0.1273
vn -0.0397 -0.9921 0.1193
vn -0.0374 -0.9908 0.1304
vn -0.0311 -0.9921 0.1217
vn -0.0282 -0.9908 0.1327
vn -0.0223 -0.9921 0.1236
vn -0.0189 -0.9907 0.1344
vn -0.0134 -0.9921 0.1248
vn -0.0095 -0.9907 0.1354
vn -0.0045 -0.9921 0.1254
vn -0.0000 -0.9907 0.1358
vn 0.0045 -0.9921 0.1254
vn 0.0095 -0.9907 0.1354
vn 0.0134 -0.9921 0.1248
vn 0.0189 -0.9907 0.1344
vn 0.0223 -0.9921 0.1236
vn 0.0282 -0.9908 0.1327
vn 0.0311 -0.9921 0.1217
vn 0.0374 -0.9908 0.1304
vn 0.0397 -0.9921 0.1193
vn 0.0463 -0.9908 0.1273
vn 0.0481 -0.9921 0.1162
vn 0.0551 -0.9908 0.1237
vn 0.0564 -0.9920 0.1126
vn 0.0635 -0.9908 0.1194
vn 0.0643 -0.9920 0.1084
vn 0.0716 -0.9908 0.1146
vn 0.0720 -0.9920 0.1037
vn 0.0793 -0.9909 0.1091
vn 0.0793 -0.9920 0.0984
vn 0.0866 -0.9909 0.1032
vn 0.0863 -0.9920 0.0926
vn 0.0934 -0.9909 0.0967
vn 0.0928 -0.9919 0.0864
vn 0.0997 -0.9910 0.0898
vn 0.0989 -0.9919 0.0797
vn 0.1055 -0.9910 0.0825
vn 0.1046 -0.9919 0.0726
vn 0.1108 -0.9910 0.0747
vn 0.1097 -0.9918 0.0651
vn 0.1155 -0.9911 0.0667
vn 0.1144 -0.9918 0.0572
vn 0.1195 -0.9911 0.0583
vn 0.1184 -0.9917 0.0491
vn 0.1230 -0.9912 0.0497
vn 0.1220 -0.9917 0.0406
vn 0.1258 -0.9912 0.0409
vn 0.1249 -0.9917 0.0319
vn 0.1280 -0.9913 0.0319
vn 0.1272 -0.9916 0.0230
vn 0.1295 -0.9913 0.0228
vn 0.1290 -0.9916 0.0139
vn 0.1303 -0.9914 0.0137
vn 0.1301 -0.9915 0.0046
vn 0.1305 -0.9914 0.0046
vn 0.1305 -0.9914 -0.0046
vn 0.3827 -0.9238 -0.0134
vn 0.3808 -0.9238 -0.0400
vn 0.6057 -0.7932 -0.0637
vn 0.5997 -0.7932 -0.1058
vn 0.7815 -0.6085 -0.1378
vn 0.7700 -0.6085 -0.1920
vn 0.8965 -0.3825 -0.2235
vn 0.8787 -0.3825 -0.2855
vn 0.9429 -0.1304 -0.3064
vn 0.9193 -0.1304 -0.3714
vn 0.9193 -0.1305 -0.3714
vn 0.8911 -0.1305 -0.4346
vn 0.8911 -0.1304 -0.4346
vn 0.8586 -0.1304 -0.4957
vn 0.8220 -0.1304 -0.5544
vn 0.7813 -0.1304 -0.6104
vn 0.7813 -0.1305 -0.6104
vn 0.7368 -0.1304 -0.6634
vn 0.6887 -0.1305 -0.7132
vn 0.6887 -0.1304 -0.7132
vn 0.6373 -0.1305 -0.7595
vn 0.6373 -0.1304 -0.7595
vn 0.5828 -0.1304 -0.8021
vn 0.5254 -0.1304 -0.8408
vn 0.5254 -0.1305 -0.8408
vn 0.4655 -0.1304 -0.8754
vn 0.4655 -0.1305 -0.8754
vn 0.4033 -0.1305 -0.9057
vn 0.4033 -0.1304 -0.9057
vn 0.3391 -0.1304 -0.9317
vn 0.3391 -0.1305 -0.9317
vn 0.2733 -0.1305 -0.9530
vn 0.2733 -0.1304 -0.9530
vn 0.2061 -0.1304 -0.9698
vn 0.1380 -0.1305 -0.9818
vn 0.1380 -0.1304 -0.9818
vn 0.0692 -0.1304 -0.9890
vn -0.0000 -0.1304 -0.9915
vn -0.0692 -0.1304 -0.9890
vn -0.1380 -0.1304 -0.9818
vn -0.1380 -0.1305 -0.9818
vn -0.2061 -0.1304 -0.9698
vn -0.2733 -0.1305 -0.9530
vn -0.2733 -0.1304 -0.9530
vn -0.3391 -0.1304 -0.9317
vn -0.4033 -0.1305 -0.9057
vn -0.4033 -0.1304 -0.9057
vn -0.4655 -0.1304 -0.8754
vn -0.5254 -0.1304 -0.8408
vn -0.5254 -0.1305 -0.8408
vn -0.5828 -0.1304 -0.8021
vn -0.6373 -0.1305 -0.7595
vn -0.6373 -0.1304 -0.7595
vn -0.6887 -0.1305 -0.7132
vn -0.6887 -0.1304 -0.7132
vn -0.7368 -0.1305 -0.6634
vn -0.7368 -0.1304 -0.6634
vn -0.7813 -0.1304 -0.6104
vn -0.8220 -0.1304 -0.5544
vn -0.8586 -0.1304 -0.4957
vn -0.8911 -0.1304 -0.4346
vn -0.8911 -0.1305 -0.4346
vn -0.9193 -0.1305 -0.3714
vn -0.9193 -0.1304 -0.3714
vn -0.9429 -0.1304 -0.3064
vn -0.9620 -0.1304 -0.2399
vn -0.9764 -0.1304 -0.1722
vn -0.9764 -0.1305 -0.1722
vn -0.9860 -0.1305 -0.1036
vn -0.9860 -0.1304 -0.1036
vn 0.1301 -0.9915 -0.0046
vn 0.1303 -0.9914 -0.0137
vn 0.3771 -0.9238 -0.0665
vn 0.5909 -0.7932 -0.1473
vn 0.7547 -0.6085 -0.2452
vn 0.8567 -0.3825 -0.3461
vn 0.1290 -0.9916 -0.0139
vn 0.1295 -0.9913 -0.0228
vn 0.3715 -0.9238 -0.0926
vn 0.5792 -0.7932 -0.1882
vn 0.7357 -0.6085 -0.2973
vn 0.8305 -0.3825 -0.4050
vn 0.1272 -0.9916 -0.0230
vn 0.1280 -0.9913 -0.0319
vn 0.3641 -0.9238 -0.1183
vn 0.5647 -0.7932 -0.2281
vn 0.7358 -0.6085 -0.2973
vn 0.7132 -0.6085 -0.3479
vn 0.8002 -0.3825 -0.4620
vn 0.1249 -0.9917 -0.0319
vn 0.1258 -0.9912 -0.0409
vn 0.3550 -0.9238 -0.1434
vn 0.5646 -0.7932 -0.2281
vn 0.5474 -0.7932 -0.2670
vn 0.6872 -0.6085 -0.3968
vn 0.7660 -0.3825 -0.5167
vn 0.1220 -0.9917 -0.0406
vn 0.1230 -0.9912 -0.0497
vn 0.3441 -0.9238 -0.1678
vn 0.5274 -0.7932 -0.3045
vn 0.6579 -0.6085 -0.4437
vn 0.7281 -0.3825 -0.5688
vn 0.1184 -0.9917 -0.0491
vn 0.1195 -0.9911 -0.0583
vn 0.3316 -0.9238 -0.1914
vn 0.5049 -0.7932 -0.3405
vn 0.6253 -0.6085 -0.4885
vn 0.6866 -0.3825 -0.6183
vn 0.1144 -0.9918 -0.0572
vn 0.1155 -0.9911 -0.0667
vn 0.3174 -0.9238 -0.2141
vn 0.4799 -0.7932 -0.3749
vn 0.5897 -0.6085 -0.5310
vn 0.6418 -0.3825 -0.6646
vn 0.1097 -0.9918 -0.0651
vn 0.1108 -0.9910 -0.0747
vn 0.3017 -0.9238 -0.2357
vn 0.4526 -0.7932 -0.4075
vn 0.5512 -0.6085 -0.5708
vn 0.5939 -0.3825 -0.7078
vn 0.1046 -0.9919 -0.0726
vn 0.1055 -0.9910 -0.0825
vn 0.2845 -0.9238 -0.2562
vn 0.4230 -0.7932 -0.4381
vn 0.5101 -0.6085 -0.6079
vn 0.5431 -0.3825 -0.7475
vn 0.0989 -0.9919 -0.0797
vn 0.0997 -0.9910 -0.0898
vn 0.2660 -0.9238 -0.2754
vn 0.3915 -0.7932 -0.4665
vn 0.4664 -0.6085 -0.6420
vn 0.4896 -0.3825 -0.7836
vn 0.0928 -0.9919 -0.0864
vn 0.0934 -0.9909 -0.0967
vn 0.2461 -0.9238 -0.2933
vn 0.3580 -0.7932 -0.4927
vn 0.4205 -0.6085 -0.6730
vn 0.4338 -0.3825 -0.8158
vn 0.0863 -0.9920 -0.0926
vn 0.0866 -0.9909 -0.1032
vn 0.2251 -0.9238 -0.3098
vn 0.3227 -0.7932 -0.5165
vn 0.3725 -0.6085 -0.7007
vn 0.3758 -0.3825 -0.8441
vn 0.0793 -0.9920 -0.0984
vn 0.0793 -0.9909 -0.1091
vn 0.2029 -0.9238 -0.3247
vn 0.2859 -0.7932 -0.5377
vn 0.3725 -0.6085 -0.7006
vn 0.3228 -0.6085 -0.7249
vn 0.3160 -0.3825 -0.8682
vn 0.0720 -0.9920 -0.1037
vn 0.0716 -0.9908 -0.1146
vn 0.1798 -0.9238 -0.3381
vn 0.2477 -0.7932 -0.5563
vn 0.2714 -0.6085 -0.7457
vn 0.2547 -0.3825 -0.8882
vn 0.0643 -0.9920 -0.1084
vn 0.0635 -0.9908 -0.1194
vn 0.1557 -0.9238 -0.3498
vn 0.2083 -0.7932 -0.5723
vn 0.2187 -0.6085 -0.7628
vn 0.1921 -0.3825 -0.9038
vn 0.0564 -0.9920 -0.1126
vn 0.0551 -0.9908 -0.1237
vn 0.1310 -0.9238 -0.3598
vn 0.1679 -0.7932 -0.5854
vn 0.1650 -0.6085 -0.7762
vn 0.1286 -0.3825 -0.9150
vn 0.0481 -0.9921 -0.1162
vn 0.0463 -0.9908 -0.1273
vn 0.1055 -0.9238 -0.3681
vn 0.1266 -0.7932 -0.5957
vn 0.1104 -0.6085 -0.7858
vn 0.0645 -0.3825 -0.9217
vn 0.0397 -0.9921 -0.1193
vn 0.0374 -0.9908 -0.1304
vn 0.1055 -0.9238 -0.3680
vn 0.0796 -0.9238 -0.3745
vn 0.0848 -0.7932 -0.6031
vn 0.0554 -0.6085 -0.7916
vn -0.0000 -0.3825 -0.9240
vn 0.0311 -0.9921 -0.1217
vn 0.0282 -0.9908 -0.1327
vn 0.0533 -0.9238 -0.3792
vn 0.0425 -0.7932 -0.6075
vn -0.0000 -0.6085 -0.7935
vn -0.0645 -0.3825 -0.9217
vn 0.0223 -0.9921 -0.1236
vn 0.0189 -0.9907 -0.1344
vn 0.0267 -0.9238 -0.3819
vn -0.0000 -0.7932 -0.6090
vn -0.0554 -0.6085 -0.7916
vn -0.1286 -0.3825 -0.9150
vn 0.0134 -0.9921 -0.1248
vn 0.0095 -0.9907 -0.1354
vn 0.0267 -0.9238 -0.3820
vn -0.0000 -0.9238 -0.3829
vn -0.0425 -0.7932 -0.6075
vn -0.1104 -0.6085 -0.7858
vn -0.1921 -0.3825 -0.9038
vn 0.0045 -0.9921 -0.1254
vn -0.0000 -0.9907 -0.1358
vn -0.0267 -0.9238 -0.3820
vn -0.0848 -0.7932 -0.6031
vn -0.1650 -0.6085 -0.7762
vn -0.2547 -0.3825 -0.8882
vn -0.0045 -0.9921 -0.1254
vn -0.0095 -0.9907 -0.1354
vn -0.0267 -0.9238 -0.3819
vn -0.0533 -0.9238 -0.3792
vn -0.1266 -0.7932 -0.5957
vn -0.2187 -0.6085 -0.7628
vn -0.3160 -0.3825 -0.8682
vn -0.0134 -0.9921 -0.1248
vn -0.0189 -0.9907 -0.1344
vn -0.0796 -0.9238 -0.3745
vn -0.1679 -0.7932 -0.5854
vn -0.2714 -0.6085 -0.7457
vn -0.3758 -0.3825 -0.8441
vn -0.0223 -0.9921 -0.1236
vn -0.0282 -0.9908 -0.1327
vn -0.1055 -0.9238 -0.3681
vn -0.2083 -0.7932 -0.5723
vn -0.3228 -0.6085 -0.7249
vn -0.4338 -0.3825 -0.8158
vn -0.0311 -0.9921 -0.1217
vn -0.0374 -0.9908 -0.1304
vn -0.1055 -0.9238 -0.3680
vn -0.1310 -0.9238 -0.3598
vn -0.2477 -0.7932 -0.5563
vn -0.3725 -0.6085 -0.7007
vn -0.4896 -0.3825 -0.7836
vn -0.0397 -0.9921 -0.1193
vn -0.0463 -0.9908 -0.1273
vn -0.1557 -0.9238 -0.3498
vn -0.2859 -0.7932 -0.5377
vn -0.3725 -0.6085 -0.7006
vn -0.4205 -0.6085 -0.6730
vn -0.5431 -0.3825 -0.7475
vn -0.0481 -0.9921 -0.1162
vn -0.0551 -0.9908 -0.1237
vn -0.1798 -0.9238 -0.3381
vn -0.3227 -0.7932 -0.5165
vn -0.4664 -0.6085 -0.6420
vn -0.5939 -0.3825 -0.7078
vn -0.0564 -0.9920 -0.1126
vn -0.0635 -0.9908 -0.1194
vn -0.2029 -0.9238 -0.3247
vn -0.3580 -0.7932 -0.4927
vn -0.5101 -0.6085 -0.6079
vn -0.6418 -0.3825 -0.6646
vn -0.0643 -0.9920 -0.1084
vn -0.0716 -0.9908 -0.1146
vn -0.2251 -0.9238 -0.3098
vn -0.3915 -0.7932 -0.4665
vn -0.5512 -0.6085 -0.5708
vn -0.6866 -0.3825 -0.6182
vn -0.0720 -0.9920 -0.1037
vn -0.0793 -0.9909 -0.1091
vn -0.2461 -0.9238 -0.2933
vn -0.4230 -0.7932 -0.4381
vn -0.5897 -0.6085 -0.5310
vn -0.6866 -0.3825 -0.6183
vn -0.7281 -0.3825 -0.5689
vn -0.0793 -0.9920 -0.0984
vn -0.0866 -0.9909 -0.1032
vn -0.2660 -0.9238 -0.2754
vn -0.4526 -0.7932 -0.4075
vn -0.6253 -0.6085 -0.4885
vn -0.7281 -0.3825 -0.5688
vn -0.7660 -0.3825 -0.5167
vn -0.0863 -0.9920 -0.0926
vn -0.0934 -0.9909 -0.0967
vn -0.2845 -0.9238 -0.2562
vn -0.4799 -0.7932 -0.3749
vn -0.6579 -0.6085 -0.4437
vn -0.8002 -0.3825 -0.4620
vn -0.0928 -0.9919 -0.0864
vn -0.0997 -0.9910 -0.0898
vn -0.3017 -0.9238 -0.2357
vn -0.5049 -0.7932 -0.3405
vn -0.6872 -0.6085 -0.3968
vn -0.8305 -0.3825 -0.4050
vn -0.0989 -0.9919 -0.0797
vn -0.1055 -0.9910 -0.0825
vn -0.3174 -0.9238 -0.2141
vn -0.5274 -0.7932 -0.3045
vn -0.7132 -0.6085 -0.3479
vn -0.8567 -0.3825 -0.3461
vn -0.1046 -0.9919 -0.0726
vn -0.1108 -0.9910 -0.0747
vn -0.3316 -0.9238 -0.1914
vn -0.5474 -0.7932 -0.2670
vn -0.7358 -0.6085 -0.2973
vn -0.8787 -0.3825 -0.2855
vn -0.1097 -0.9918 -0.0651
vn -0.1155 -0.9911 -0.0667
vn -0.3441 -0.9238 -0.1678
vn -0.5646 -0.7932 -0.2281
vn -0.7357 -0.6085 -0.2973
vn -0.7547 -0.6085 -0.2452
vn -0.8965 -0.3825 -0.2235
vn -0.1144 -0.9918 -0.0572
vn -0.1195 -0.9911 -0.0583
vn -0.3550 -0.9238 -0.1434
vn -0.5647 -0.7932 -0.2281
vn -0.5792 -0.7932 -0.1882
vn -0.7700 -0.6085 -0.1920
vn -0.9099 -0.3825 -0.1604
vn -0.1184 -0.9917 -0.0491
vn -0.1230 -0.9912 -0.0497
vn -0.3641 -0.9238 -0.1183
vn -0.5909 -0.7932 -0.1473
vn -0.7815 -0.6085 -0.1378
vn -0.9189 -0.3825 -0.0966
vn -0.1220 -0.9917 -0.0406
vn -0.1258 -0.9912 -0.0409
vn -0.3715 -0.9238 -0.0926
vn -0.5997 -0.7932 -0.1058
vn -0.7892 -0.6085 -0.0829
vn -0.1249 -0.9917 -0.0319
vn -0.1280 -0.9913 -0.0319
vn -0.3771 -0.9238 -0.0665
vn -0.6057 -0.7932 -0.0637
vn -0.1272 -0.9916 -0.0230
vn -0.1295 -0.9913 -0.0228
vn -0.3808 -0.9238 -0.0400
vn -0.1290 -0.9916 -0.0139
vn -0.1303 -0.9914 -0.0137
vn -0.1301 -0.9915 -0.0046
vn 0.9620 -0.1304 -0.2399
vn 0.9099 -0.3825 -0.1604
vn 0.7892 -0.6085 -0.0829
vn 0.6086 -0.7932 -0.0213
vn 0.3826 -0.9238 -0.0134
vn 0.3826 -0.9238 0.0134
vn 0.9764 -0.1304 -0.1722
vn 0.9189 -0.3825 -0.0966
vn 0.7930 -0.6085 -0.0277
vn 0.6086 -0.7932 0.0213
vn 0.3808 -0.9238 0.0400
vn 0.9764 -0.1305 -0.1722
vn 0.9860 -0.1305 -0.1036
vn 0.9234 -0.3825 -0.0322
vn 0.7930 -0.6085 0.0277
vn 0.6057 -0.7932 0.0637
vn 0.3771 -0.9238 0.0665
vn 0.9860 -0.1304 -0.1036
vn 0.9909 -0.1304 -0.0346
vn 0.9234 -0.3825 0.0322
vn 0.7892 -0.6085 0.0829
vn 0.5997 -0.7932 0.1058
vn 0.3715 -0.9238 0.0926
vn 0.9909 -0.1304 0.0346
vn 0.9189 -0.3825 0.0966
vn 0.7815 -0.6085 0.1378
vn 0.5909 -0.7932 0.1473
vn 0.3641 -0.9238 0.1183
vn 0.9860 -0.1304 0.1036
vn 0.9099 -0.3825 0.1604
vn 0.7700 -0.6085 0.1920
vn 0.5792 -0.7932 0.1882
vn 0.3550 -0.9238 0.1434
vn 0.9860 -0.1305 0.1036
vn 0.9764 -0.1305 0.1722
vn 0.8965 -0.3825 0.2235
vn 0.7547 -0.6085 0.2452
vn 0.5647 -0.7932 0.2281
vn 0.3441 -0.9238 0.1678
vn 0.9764 -0.1304 0.1722
vn 0.9620 -0.1304 0.2399
vn 0.8787 -0.3825 0.2855
vn 0.7357 -0.6085 0.2973
vn 0.5646 -0.7932 0.2281
vn 0.5474 -0.7932 0.2670
vn 0.3316 -0.9238 0.1914
vn 0.9429 -0.1304 0.3064
vn 0.8567 -0.3825 0.3461
vn 0.7358 -0.6085 0.2973
vn 0.7132 -0.6085 0.3479
vn 0.5274 -0.7932 0.3045
vn 0.3174 -0.9238 0.2141
vn 0.9193 -0.1304 0.3714
vn 0.8305 -0.3825 0.4050
vn 0.6872 -0.6085 0.3968
vn 0.5049 -0.7932 0.3405
vn 0.3017 -0.9238 0.2357
vn 0.9193 -0.1305 0.3714
vn 0.8911 -0.1305 0.4346
vn 0.8002 -0.3825 0.4620
vn 0.6579 -0.6085 0.4437
vn 0.4799 -0.7932 0.3749
vn 0.2845 -0.9238 0.2562
vn 0.8911 -0.1304 0.4346
vn 0.8586 -0.1304 0.4957
vn 0.7660 -0.3825 0.5167
vn 0.6253 -0.6085 0.4885
vn 0.4526 -0.7932 0.4075
vn 0.2660 -0.9238 0.2754
vn 0.8220 -0.1304 0.5544
vn 0.7281 -0.3825 0.5688
vn 0.5897 -0.6085 0.5310
vn 0.4230 -0.7932 0.4381
vn 0.2461 -0.9238 0.2933
vn 0.7813 -0.1304 0.6104
vn 0.6866 -0.3825 0.6183
vn 0.5512 -0.6085 0.5708
vn 0.3915 -0.7932 0.4665
vn 0.2251 -0.9238 0.3098
vn 0.7368 -0.1304 0.6634
vn 0.6866 -0.3825 0.6182
vn 0.6418 -0.3825 0.6646
vn 0.5101 -0.6085 0.6079
vn 0.3580 -0.7932 0.4927
vn 0.2029 -0.9238 0.3247
vn 0.7368 -0.1305 0.6634
vn 0.6887 -0.1304 0.7132
vn 0.5939 -0.3825 0.7078
vn 0.4664 -0.6085 0.6420
vn 0.3227 -0.7932 0.5165
vn 0.1798 -0.9238 0.3381
vn 0.6887 -0.1305 0.7132
vn 0.6373 -0.1304 0.7595
vn 0.5431 -0.3825 0.7475
vn 0.4205 -0.6085 0.6730
vn 0.2859 -0.7932 0.5377
vn 0.1557 -0.9238 0.3498
vn 0.6373 -0.1305 0.7595
vn 0.5828 -0.1304 0.8021
vn 0.4896 -0.3825 0.7836
vn 0.3725 -0.6085 0.7006
vn 0.2477 -0.7932 0.5563
vn 0.1310 -0.9238 0.3598
vn 0.5254 -0.1305 0.8408
vn 0.4338 -0.3825 0.8158
vn 0.3725 -0.6085 0.7007
vn 0.3228 -0.6085 0.7249
vn 0.2083 -0.7932 0.5723
vn 0.1055 -0.9238 0.3680
vn 0.5254 -0.1304 0.8408
vn 0.4655 -0.1304 0.8754
vn 0.3758 -0.3825 0.8441
vn 0.2714 -0.6085 0.7457
vn 0.1679 -0.7932 0.5854
vn 0.1055 -0.9238 0.3681
vn 0.0796 -0.9238 0.3745
vn 0.4033 -0.1304 0.9057
vn 0.3160 -0.3825 0.8682
vn 0.2187 -0.6085 0.7628
vn 0.1266 -0.7932 0.5957
vn 0.0533 -0.9238 0.3792
vn 0.4033 -0.1305 0.9057
vn 0.3391 -0.1304 0.9317
vn 0.2547 -0.3825 0.8882
vn 0.1650 -0.6085 0.7762
vn 0.0848 -0.7932 0.6031
vn 0.0267 -0.9238 0.3820
vn 0.2733 -0.1304 0.9530
vn 0.1921 -0.3825 0.9038
vn 0.1104 -0.6085 0.7858
vn 0.0425 -0.7932 0.6075
vn -0.0000 -0.9238 0.3829
vn 0.2733 -0.1305 0.9530
vn 0.2061 -0.1304 0.9698
vn 0.1286 -0.3825 0.9150
vn 0.0554 -0.6085 0.7916
vn -0.0000 -0.7932 0.6090
vn -0.0267 -0.9238 0.3820
vn 0.1380 -0.1305 0.9818
vn 0.0645 -0.3825 0.9217
vn -0.0000 -0.6085 0.7935
vn -0.0425 -0.7932 0.6075
vn -0.0267 -0.9238 0.3819
vn -0.0533 -0.9238 0.3792
vn 0.1380 -0.1304 0.9818
vn 0.0692 -0.1304 0.9890
vn -0.0000 -0.3825 0.9240
vn -0.0554 -0.6085 0.7916
vn -0.0848 -0.7932 0.6031
vn -0.0796 -0.9238 0.3745
vn -0.0000 -0.1304 0.9915
vn -0.0645 -0.3825 0.9217
vn -0.1104 -0.6085 0.7858
vn -0.1266 -0.7932 0.5957
vn -0.1055 -0.9238 0.3680
vn -0.0692 -0.1304 0.9890
vn -0.1286 -0.3825 0.9150
vn -0.1650 -0.6085 0.7762
vn -0.1679 -0.7932 0.5854
vn -0.1055 -0.9238 0.3681
vn -0.1310 -0.9238 0.3598
vn -0.1380 -0.1304 0.9818
vn -0.1921 -0.3825 0.9038
vn -0.2187 -0.6085 0.7628
vn -0.2083 -0.7932 0.5723
vn -0.1557 -0.9238 0.3498
vn -0.1380 -0.1305 0.9818
vn -0.2061 -0.1304 0.9698
vn -0.2547 -0.3825 0.8882
vn -0.2714 -0.6085 0.7457
vn -0.2477 -0.7932 0.5563
vn -0.1798 -0.9238 0.3381
vn -0.2733 -0.1304 0.9530
vn -0.3160 -0.3825 0.8682
vn -0.3228 -0.6085 0.7249
vn -0.2859 -0.7932 0.5377
vn -0.2029 -0.9238 0.3247
vn -0.2733 -0.1305 0.9530
vn -0.3391 -0.1305 0.9317
vn -0.3758 -0.3825 0.8441
vn -0.3725 -0.6085 0.7006
vn -0.3227 -0.7932 0.5165
vn -0.2251 -0.9238 0.3098
vn -0.3391 -0.1304 0.9317
vn -0.4033 -0.1304 0.9057
vn -0.4338 -0.3825 0.8158
vn -0.3725 -0.6085 0.7007
vn -0.4205 -0.6085 0.6730
vn -0.3580 -0.7932 0.4927
vn -0.2461 -0.9238 0.2933
vn -0.4033 -0.1305 0.9057
vn -0.4655 -0.1305 0.8754
vn -0.4896 -0.3825 0.7836
vn -0.4664 -0.6085 0.6420
vn -0.3915 -0.7932 0.4665
vn -0.2660 -0.9238 0.2754
vn -0.4655 -0.1304 0.8754
vn -0.5254 -0.1305 0.8408
vn -0.5431 -0.3825 0.7475
vn -0.5101 -0.6085 0.6079
vn -0.4230 -0.7932 0.4381
vn -0.2845 -0.9238 0.2562
vn -0.5254 -0.1304 0.8408
vn -0.5828 -0.1304 0.8021
vn -0.5939 -0.3825 0.7078
vn -0.5512 -0.6085 0.5708
vn -0.4526 -0.7932 0.4075
vn -0.3017 -0.9238 0.2357
vn -0.6373 -0.1304 0.7595
vn -0.6418 -0.3825 0.6646
vn -0.5897 -0.6085 0.5310
vn -0.4799 -0.7932 0.3749
vn -0.3174 -0.9238 0.2141
vn -0.6373 -0.1305 0.7595
vn -0.6887 -0.1304 0.7132
vn -0.6866 -0.3825 0.6183
vn -0.6253 -0.6085 0.4885
vn -0.5049 -0.7932 0.3405
vn -0.3316 -0.9238 0.1914
vn -0.6887 -0.1305 0.7132
vn -0.7368 -0.1304 0.6634
vn -0.7281 -0.3825 0.5688
vn -0.6579 -0.6085 0.4437
vn -0.5274 -0.7932 0.3045
vn -0.3441 -0.9238 0.1678
vn -0.7813 -0.1305 0.6104
vn -0.7660 -0.3825 0.5167
vn -0.6872 -0.6085 0.3968
vn -0.5474 -0.7932 0.2670
vn -0.3550 -0.9238 0.1434
vn -0.7813 -0.1304 0.6104
vn -0.8220 -0.1304 0.5544
vn -0.8002 -0.3825 0.4620
vn -0.7132 -0.6085 0.3479
vn -0.5646 -0.7932 0.2281
vn -0.3641 -0.9238 0.1183
vn -0.8586 -0.1304 0.4957
vn -0.8305 -0.3825 0.4050
vn -0.7358 -0.6085 0.2973
vn -0.5647 -0.7932 0.2281
vn -0.5792 -0.7932 0.1882
vn -0.3715 -0.9238 0.0926
vn -0.8911 -0.1304 0.4346
vn -0.8567 -0.3825 0.3461
vn -0.7357 -0.6085 0.2973
vn -0.7547 -0.6085 0.2452
vn -0.5909 -0.7932 0.1473
vn -0.3771 -0.9238 0.0665
vn -0.8911 -0.1305 0.4346
vn -0.9193 -0.1305 0.3714
vn -0.8787 -0.3825 0.2855
vn -0.7700 -0.6085 0.1920
vn -0.5997 -0.7932 0.1058
vn -0.3808 -0.9238 0.0400
vn -0.9193 -0.1304 0.3714
vn -0.9429 -0.1304 0.3064
vn -0.8965 -0.3825 0.2235
vn -0.7815 -0.6085 0.1378
vn -0.6057 -0.7932 0.0637
vn -0.3827 -0.9238 0.0134
vn -0.9620 -0.1304 0.2399
vn -0.9099 -0.3825 0.1604
vn -0.7892 -0.6085 0.0829
vn -0.6086 -0.7932 0.0213
vn -0.3826 -0.9238 0.0134
vn -0.9764 -0.1304 0.1722
vn -0.9189 -0.3825 0.0966
vn -0.7930 -0.6085 0.0277
vn -0.9764 -0.1305 0.1722
vn -0.9860 -0.1305 0.1036
vn -0.9234 -0.3825 0.0322
vn -0.9860 -0.1304 0.1036
vn -0.9909 -0.1304 0.0346
vn -0.9909 0.1304 0.0346
vn -0.9909 0.1304 -0.0346
vn -0.9860 0.1305 -0.1036
vn -0.9860 0.1304 -0.1036
vn -0.9764 0.1305 -0.1722
vn -0.9764 0.1304 -0.1722
vn -0.9620 0.1304 -0.2399
vn -0.9429 0.1305 -0.3064
vn -0.9429 0.1304 -0.3064
vn -0.9193 0.1305 -0.3714
vn -0.8911 0.1305 -0.4346
vn -0.8911 0.1304 -0.4346
vn -0.8586 0.1305 -0.4957
vn -0.8586 0.1304 -0.4957
vn -0.8220 0.1304 -0.5544
vn -0.7813 0.1304 -0.6104
vn -0.7813 0.1305 -0.6104
vn -0.7368 0.1304 -0.6634
vn -0.6887 0.1305 -0.7132
vn -0.6887 0.1304 -0.7132
vn -0.6373 0.1305 -0.7595
vn -0.6373 0.1304 -0.7595
vn -0.5828 0.1304 -0.8021
vn -0.5254 0.1304 -0.8408
vn -0.5254 0.1305 -0.8408
vn -0.4655 0.1304 -0.8754
vn -0.4655 0.1305 -0.8754
vn -0.4033 0.1305 -0.9057
vn -0.4033 0.1304 -0.9057
vn -0.3391 0.1304 -0.9317
vn -0.3391 0.1305 -0.9317
vn -0.2733 0.1305 -0.9530
vn -0.2733 0.1304 -0.9530
vn -0.2061 0.1304 -0.9698
vn -0.1380 0.1305 -0.9818
vn -0.1380 0.1304 -0.9818
vn -0.0692 0.1304 -0.9890
vn -0.0000 0.1304 -0.9915
vn 0.0692 0.1304 -0.9890
vn 0.1380 0.1304 -0.9818
vn 0.1380 0.1305 -0.9818
vn 0.2061 0.1304 -0.9698
vn 0.2733 0.1305 -0.9530
vn 0.2733 0.1304 -0.9530
vn 0.3391 0.1304 -0.9317
vn 0.4033 0.1305 -0.9057
vn 0.4033 0.1304 -0.9057
vn 0.4655 0.1304 -0.8754
vn 0.5254 0.1304 -0.8408
vn 0.5254 0.1305 -0.8408
vn 0.5828 0.1304 -0.8021
vn 0.6373 0.1305 -0.7595
vn 0.6373 0.1304 -0.7595
vn 0.6887 0.1305 -0.7132
vn 0.6887 0.1304 -0.7132
vn 0.7368 0.1305 -0.6634
vn 0.7368 0.1304 -0.6634
vn 0.7813 0.1304 -0.6104
vn 0.8220 0.1304 -0.5544
vn 0.8586 0.1304 -0.4957
vn 0.8911 0.1304 -0.4346
vn 0.8911 0.1305 -0.4346
vn 0.9193 0.1305 -0.3714
vn 0.9193 0.1304 -0.3714
vn 0.9429 0.1304 -0.3064
vn 0.9429 0.1305 -0.3064
vn 0.9620 0.1304 -0.2398
vn 0.9620 0.1304 -0.2399
vn 0.9764 0.1304 -0.1722
vn 0.9764 0.1305 -0.1722
vn 0.9860 0.1305 -0.1036
vn 0.9860 0.1304 -0.1036
vn 0.9909 0.1304 -0.0346
vn 0.9909 0.1304 0.0346
vn 0.9860 0.1305 0.1036
vn 0.9860 0.1304 0.1036
vn 0.9764 0.1305 0.1722
vn 0.9764 0.1304 0.1722
vn 0.9620 0.1304 0.2399
vn 0.9429 0.1305 0.3064
vn 0.9429 0.1304 0.3064
vn 0.9193 0.1305 0.3714
vn 0.8911 0.1305 0.4346
vn 0.8911 0.1304 0.4346
vn 0.8586 0.1305 0.4957
vn 0.8586 0.1304 0.4957
vn 0.8220 0.1304 0.5544
vn 0.7813 0.1304 0.6104
vn 0.7813 0.1305 0.6104
vn 0.7368 0.1304 0.6634
vn 0.6887 0.1305 0.7132
vn 0.6887 0.1304 0.7132
vn 0.6373 0.1305 0.7595
vn 0.6373 0.1304 0.7595
vn 0.5828 0.1304 0.8021
vn 0.5254 0.1304 0.8408
vn 0.5254 0.1305 0.8408
vn 0.4655 0.1304 0.8754
vn 0.4655 0.1305 0.8754
vn 0.4033 0.1305 0.9057
vn 0.4033 0.1304 0.9057
vn 0.3391 0.1304 0.9317
vn 0.3391 0.1305 0.9317
vn 0.2733 0.1305 0.9530
vn 0.2733 0.1304 0.9530
vn 0.2061 0.1304 0.9698
vn 0.1380 0.1305 0.9818
vn 0.1380 0.1304 0.9818
vn 0.0692 0.1304 0.9890
vn -0.0000 0.1304 0.9915
vn -0.0692 0.1304 0.9890
vn -0.1380 0.1304 0.9818
vn -0.1380 0.1305 0.9818
vn -0.2061 0.1304 0.9698
vn -0.2733 0.1305 0.9530
vn -0.2733 0.1304 0.9530
vn -0.3391 0.1304 0.9317
vn -0.4033 0.1305 0.9057
vn -0.4033 0.1304 0.9057
vn -0.4655 0.1304 0.8754
vn -0.5254 0.1304 0.8408
vn -0.5254 0.1305 0.8408
vn -0.5828 0.1304 0.8021
vn -0.6373 0.1305 0.7595
vn -0.6373 0.1304 0.7595
vn -0.6887 0.1305 0.7132
vn -0.6887 0.1304 0.7132
vn -0.7368 0.1305 0.6634
vn -0.7368 0.1304 0.6634
vn -0.7813 0.1304 0.6104
vn -0.8220 0.1304 0.5544
vn -0.8586 0.1304 0.4957
vn -0.8911 0.1304 0.4346
vn -0.8911 0.1305 0.4346
vn -0.9193 0.1305 0.3714
vn -0.9193 0.1304 0.3714
vn -0.9429 0.1304 0.3064
vn -0.9429 0.1305 0.3064
vn -0.9620 0.1304 0.2398
vn -0.9620 0.1304 0.2399
vn -0.9764 0.1304 0.1722
vn -0.9764 0.1305 0.1722
vn -0.9860 0.1305 0.1036
vn -0.9860 0.1304 0.1036
vn -0.1301 0.9915 -0.0046
vn -0.1305 0.9914 -0.0046
vn -0.1305 0.9914 0.0046
vn -0.3827 0.9238 0.0134
vn -0.3826 0.9238 0.0134
vn -0.6086 0.7932 0.0213
vn -0.7931 0.6085 0.0277
vn -0.7930 0.6085 0.0277
vn -0.9234 0.3825 0.0322
vn -0.1303 0.9914 -0.0137
vn -0.1290 0.9915 -0.0139
vn -0.1295 0.9913 -0.0228
vn -0.1272 0.9916 -0.0230
vn -0.1280 0.9913 -0.0319
vn -0.1249 0.9917 -0.0319
vn -0.1258 0.9912 -0.0409
vn -0.1220 0.9917 -0.0406
vn -0.1230 0.9912 -0.0497
vn -0.1185 0.9917 -0.0491
vn -0.1195 0.9911 -0.0583
vn -0.1144 0.9918 -0.0572
vn -0.1155 0.9911 -0.0667
vn -0.1097 0.9918 -0.0651
vn -0.1108 0.9910 -0.0747
vn -0.1046 0.9919 -0.0726
vn -0.1056 0.9910 -0.0825
vn -0.0989 0.9919 -0.0797
vn -0.0997 0.9910 -0.0898
vn -0.0928 0.9919 -0.0864
vn -0.0934 0.9909 -0.0967
vn -0.0863 0.9920 -0.0927
vn -0.0866 0.9909 -0.1032
vn -0.0793 0.9920 -0.0984
vn -0.0793 0.9909 -0.1091
vn -0.0720 0.9920 -0.1037
vn -0.0716 0.9908 -0.1146
vn -0.0643 0.9920 -0.1084
vn -0.0635 0.9908 -0.1194
vn -0.0564 0.9920 -0.1126
vn -0.0551 0.9908 -0.1237
vn -0.0481 0.9921 -0.1162
vn -0.0463 0.9908 -0.1273
vn -0.0397 0.9921 -0.1193
vn -0.0374 0.9908 -0.1304
vn -0.0311 0.9921 -0.1217
vn -0.0282 0.9908 -0.1327
vn -0.0223 0.9921 -0.1236
vn -0.0189 0.9907 -0.1344
vn -0.0134 0.9921 -0.1248
vn -0.0095 0.9907 -0.1354
vn -0.0045 0.9921 -0.1254
vn -0.0000 0.9907 -0.1358
vn 0.0045 0.9921 -0.1254
vn 0.0095 0.9907 -0.1354
vn 0.0134 0.9921 -0.1248
vn 0.0189 0.9907 -0.1344
vn 0.0223 0.9921 -0.1236
vn 0.0282 0.9908 -0.1327
vn 0.0311 0.9921 -0.1217
vn 0.0374 0.9908 -0.1304
vn 0.0397 0.9921 -0.1193
vn 0.0463 0.9908 -0.1273
vn 0.0481 0.9921 -0.1162
vn 0.0551 0.9908 -0.1237
vn 0.0564 0.9920 -0.1126
vn 0.0635 0.9908 -0.1194
vn 0.0643 0.9920 -0.1084
vn 0.0716 0.9908 -0.1146
vn 0.0720 0.9920 -0.1037
vn 0.0793 0.9909 -0.1091
vn 0.0793 0.9920 -0.0984
vn 0.0866 0.9909 -0.1032
vn 0.0863 0.9920 -0.0927
vn 0.0934 0.9909 -0.0967
vn 0.0928 0.9919 -0.0864
vn 0.0997 0.9910 -0.0898
vn 0.0989 0.9919 -0.0797
vn 0.1056 0.9910 -0.0825
vn 0.1046 0.9919 -0.0726
vn 0.1108 0.9910 -0.0747
vn 0.1097 0.9918 -0.0651
vn 0.1155 0.9911 -0.0667
vn 0.1144 0.9918 -0.0572
vn 0.1195 0.9911 -0.0583
vn 0.1185 0.9917 -0.0491
vn 0.1230 0.9912 -0.0497
vn 0.1220 0.9917 -0.0406
vn 0.1258 0.9912 -0.0409
vn 0.1249 0.9917 -0.0319
vn 0.1280 0.9913 -0.0319
vn 0.1272 0.9916 -0.0230
vn 0.1295 0.9913 -0.0228
vn 0.1290 0.9915 -0.0139
vn 0.1303 0.9914 -0.0137
vn 0.1301 0.9915 -0.0046
vn 0.1305 0.9914 -0.0046
vn 0.1305 0.9914 0.0046
vn 0.3827 0.9238 0.0134
vn 0.3808 0.9238 0.0400
vn 0.6056 0.7932 0.0637
vn 0.5997 0.7932 0.1057
vn 0.7815 0.6085 0.1378
vn 0.7700 0.6085 0.1920
vn 0.8965 0.3825 0.2235
vn 0.8787 0.3825 0.2855
vn 0.1301 0.9915 0.0046
vn 0.1303 0.9914 0.0137
vn 0.3770 0.9238 0.0665
vn 0.5909 0.7932 0.1473
vn 0.7547 0.6085 0.2452
vn 0.8567 0.3825 0.3461
vn 0.1290 0.9915 0.0139
vn 0.1295 0.9913 0.0228
vn 0.3771 0.9238 0.0665
vn 0.3715 0.9238 0.0926
vn 0.5792 0.7932 0.1882
vn 0.7357 0.6085 0.2973
vn 0.8304 0.3825 0.4050
vn 0.1272 0.9916 0.0230
vn 0.1280 0.9913 0.0319
vn 0.3641 0.9238 0.1183
vn 0.5647 0.7932 0.2281
vn 0.7358 0.6085 0.2973
vn 0.7132 0.6085 0.3479
vn 0.8305 0.3825 0.4050
vn 0.8002 0.3825 0.4620
vn 0.1249 0.9917 0.0319
vn 0.1258 0.9912 0.0409
vn 0.3642 0.9238 0.1183
vn 0.3550 0.9238 0.1434
vn 0.5646 0.7932 0.2281
vn 0.5474 0.7932 0.2670
vn 0.6872 0.6085 0.3968
vn 0.7660 0.3825 0.5167
vn 0.1220 0.9917 0.0406
vn 0.1230 0.9912 0.0497
vn 0.3441 0.9238 0.1678
vn 0.5274 0.7932 0.3045
vn 0.6579 0.6085 0.4437
vn 0.7281 0.3825 0.5689
vn 0.1185 0.9917 0.0491
vn 0.1195 0.9911 0.0583
vn 0.3442 0.9238 0.1678
vn 0.3316 0.9238 0.1914
vn 0.5049 0.7932 0.3405
vn 0.6253 0.6085 0.4886
vn 0.7281 0.3825 0.5688
vn 0.6866 0.3825 0.6183
vn 0.1144 0.9918 0.0572
vn 0.1155 0.9911 0.0667
vn 0.3174 0.9238 0.2141
vn 0.4799 0.7932 0.3749
vn 0.6253 0.6085 0.4885
vn 0.5897 0.6085 0.5310
vn 0.6866 0.3825 0.6182
vn 0.6418 0.3825 0.6646
vn 0.1097 0.9918 0.0651
vn 0.1108 0.9910 0.0747
vn 0.3017 0.9238 0.2357
vn 0.4526 0.7932 0.4075
vn 0.5512 0.6085 0.5708
vn 0.5939 0.3825 0.7078
vn 0.1046 0.9919 0.0726
vn 0.1056 0.9910 0.0825
vn 0.2845 0.9238 0.2562
vn 0.4230 0.7932 0.4381
vn 0.5101 0.6085 0.6079
vn 0.5431 0.3825 0.7475
vn 0.0989 0.9919 0.0797
vn 0.0997 0.9910 0.0898
vn 0.2846 0.9238 0.2562
vn 0.2660 0.9238 0.2754
vn 0.3915 0.7932 0.4665
vn 0.4664 0.6085 0.6420
vn 0.4896 0.3825 0.7836
vn 0.0928 0.9919 0.0864
vn 0.0934 0.9909 0.0967
vn 0.2461 0.9238 0.2933
vn 0.3914 0.7932 0.4665
vn 0.3580 0.7932 0.4927
vn 0.4205 0.6085 0.6730
vn 0.4338 0.3825 0.8158
vn 0.0863 0.9920 0.0927
vn 0.0866 0.9909 0.1032
vn 0.2250 0.9238 0.3098
vn 0.3579 0.7932 0.4927
vn 0.3227 0.7932 0.5164
vn 0.3725 0.6085 0.7007
vn 0.3758 0.3825 0.8441
vn 0.0793 0.9920 0.0984
vn 0.0793 0.9909 0.1091
vn 0.2251 0.9238 0.3098
vn 0.2029 0.9238 0.3247
vn 0.3227 0.7932 0.5165
vn 0.2859 0.7932 0.5377
vn 0.3228 0.6085 0.7249
vn 0.3160 0.3825 0.8682
vn 0.0720 0.9920 0.1037
vn 0.0716 0.9908 0.1146
vn 0.1797 0.9238 0.3381
vn 0.2477 0.7932 0.5563
vn 0.2714 0.6085 0.7457
vn 0.2547 0.3825 0.8882
vn 0.0643 0.9920 0.1084
vn 0.0635 0.9908 0.1194
vn 0.1798 0.9238 0.3381
vn 0.1557 0.9238 0.3498
vn 0.2083 0.7932 0.5723
vn 0.2187 0.6085 0.7628
vn 0.1921 0.3825 0.9038
vn 0.0564 0.9920 0.1126
vn 0.0551 0.9908 0.1237
vn 0.1310 0.9238 0.3598
vn 0.1679 0.7932 0.5854
vn 0.1650 0.6085 0.7762
vn 0.1286 0.3825 0.9150
vn 0.0481 0.9921 0.1162
vn 0.0463 0.9908 0.1273
vn 0.1055 0.9238 0.3681
vn 0.1678 0.7932 0.5854
vn 0.1266 0.7932 0.5957
vn 0.1104 0.6085 0.7858
vn 0.0645 0.3825 0.9217
vn 0.0397 0.9921 0.1193
vn 0.0374 0.9908 0.1304
vn 0.1056 0.9238 0.3681
vn 0.0796 0.9238 0.3745
vn 0.0848 0.7932 0.6031
vn 0.0554 0.6085 0.7916
vn -0.0000 0.3825 0.9240
vn 0.0311 0.9921 0.1217
vn 0.0282 0.9908 0.1327
vn 0.0533 0.9238 0.3792
vn 0.0847 0.7932 0.6031
vn 0.0425 0.7932 0.6075
vn -0.0000 0.6085 0.7935
vn -0.0645 0.3825 0.9217
vn 0.0223 0.9921 0.1236
vn 0.0189 0.9907 0.1344
vn 0.0267 0.9238 0.3820
vn -0.0000 0.7932 0.6090
vn -0.0554 0.6085 0.7916
vn -0.1286 0.3825 0.9150
vn 0.0134 0.9921 0.1248
vn 0.0095 0.9907 0.1354
vn -0.0000 0.9238 0.3829
vn -0.0425 0.7932 0.6075
vn -0.1104 0.6085 0.7858
vn -0.1921 0.3825 0.9038
vn 0.0045 0.9921 0.1254
vn -0.0000 0.9907 0.1358
vn -0.0267 0.9238 0.3820
vn -0.0848 0.7932 0.6031
vn -0.1650 0.6085 0.7762
vn -0.2547 0.3825 0.8882
vn -0.0045 0.9921 0.1254
vn -0.0095 0.9907 0.1354
vn -0.0533 0.9238 0.3792
vn -0.0847 0.7932 0.6031
vn -0.1266 0.7932 0.5957
vn -0.2187 0.6085 0.7628
vn -0.3160 0.3825 0.8682
vn -0.0134 0.9921 0.1248
vn -0.0189 0.9907 0.1344
vn -0.0796 0.9238 0.3745
vn -0.1679 0.7932 0.5854
vn -0.2714 0.6085 0.7457
vn -0.3758 0.3825 0.8441
vn -0.0223 0.9921 0.1236
vn -0.0282 0.9908 0.1327
vn -0.1055 0.9238 0.3681
vn -0.2083 0.7932 0.5723
vn -0.3228 0.6085 0.7249
vn -0.4338 0.3825 0.8158
vn -0.0311 0.9921 0.1217
vn -0.0374 0.9908 0.1304
vn -0.1310 0.9238 0.3598
vn -0.2477 0.7932 0.5563
vn -0.3725 0.6085 0.7007
vn -0.4896 0.3825 0.7836
vn -0.0397 0.9921 0.1193
vn -0.0463 0.9908 0.1273
vn -0.1557 0.9238 0.3498
vn -0.2859 0.7932 0.5377
vn -0.4205 0.6085 0.6730
vn -0.5431 0.3825 0.7475
vn -0.0481 0.9921 0.1162
vn -0.0551 0.9908 0.1237
vn -0.1797 0.9238 0.3381
vn -0.3227 0.7932 0.5164
vn -0.4664 0.6085 0.6420
vn -0.5939 0.3825 0.7078
vn -0.0564 0.9920 0.1126
vn -0.0635 0.9908 0.1194
vn -0.1798 0.9238 0.3381
vn -0.2029 0.9238 0.3247
vn -0.3227 0.7932 0.5165
vn -0.3580 0.7932 0.4927
vn -0.5101 0.6085 0.6079
vn -0.6418 0.3825 0.6646
vn -0.0643 0.9920 0.1084
vn -0.0716 0.9908 0.1146
vn -0.2250 0.9238 0.3098
vn -0.3579 0.7932 0.4927
vn -0.3914 0.7932 0.4665
vn -0.5512 0.6085 0.5708
vn -0.6866 0.3825 0.6183
vn -0.0720 0.9920 0.1037
vn -0.0793 0.9909 0.1091
vn -0.2251 0.9238 0.3098
vn -0.2461 0.9238 0.2933
vn -0.4230 0.7932 0.4381
vn -0.5897 0.6085 0.5310
vn -0.6866 0.3825 0.6182
vn -0.7281 0.3825 0.5689
vn -0.0793 0.9920 0.0984
vn -0.0866 0.9909 0.1032
vn -0.2660 0.9238 0.2754
vn -0.4526 0.7932 0.4075
vn -0.6253 0.6085 0.4885
vn -0.7281 0.3825 0.5688
vn -0.7660 0.3825 0.5167
vn -0.0863 0.9920 0.0927
vn -0.0934 0.9909 0.0967
vn -0.2845 0.9238 0.2562
vn -0.4799 0.7932 0.3749
vn -0.6579 0.6085 0.4437
vn -0.8002 0.3825 0.4620
vn -0.0928 0.9919 0.0864
vn -0.0997 0.9910 0.0898
vn -0.2846 0.9238 0.2562
vn -0.3017 0.9238 0.2357
vn -0.5049 0.7932 0.3405
vn -0.6872 0.6085 0.3968
vn -0.8304 0.3825 0.4050
vn -0.0989 0.9919 0.0797
vn -0.1056 0.9910 0.0825
vn -0.3174 0.9238 0.2141
vn -0.5274 0.7932 0.3045
vn -0.7132 0.6085 0.3479
vn -0.8305 0.3825 0.4050
vn -0.8567 0.3825 0.3461
vn -0.1046 0.9919 0.0726
vn -0.1108 0.9910 0.0747
vn -0.3316 0.9238 0.1914
vn -0.5474 0.7932 0.2670
vn -0.7358 0.6085 0.2973
vn -0.8787 0.3825 0.2855
vn -0.1097 0.9918 0.0651
vn -0.1155 0.9911 0.0667
vn -0.3441 0.9238 0.1678
vn -0.5473 0.7932 0.2670
vn -0.5647 0.7932 0.2281
vn -0.7357 0.6085 0.2973
vn -0.7547 0.6085 0.2452
vn -0.8965 0.3825 0.2235
vn -0.1144 0.9918 0.0572
vn -0.1195 0.9911 0.0583
vn -0.3442 0.9238 0.1678
vn -0.3550 0.9238 0.1434
vn -0.5646 0.7932 0.2281
vn -0.5792 0.7932 0.1882
vn -0.7700 0.6085 0.1920
vn -0.9099 0.3825 0.1604
vn -0.1184 0.9917 0.0491
vn -0.1230 0.9912 0.0497
vn -0.3641 0.9238 0.1183
vn -0.5909 0.7932 0.1473
vn -0.7815 0.6085 0.1378
vn -0.9189 0.3825 0.0966
vn -0.1220 0.9917 0.0406
vn -0.1258 0.9912 0.0409
vn -0.3642 0.9238 0.1183
vn -0.3715 0.9238 0.0926
vn -0.5998 0.7932 0.1057
vn -0.7892 0.6085 0.0829
vn -0.1249 0.9917 0.0319
vn -0.1280 0.9913 0.0319
vn -0.3770 0.9238 0.0665
vn -0.5997 0.7932 0.1058
vn -0.6057 0.7932 0.0637
vn -0.7892 0.6085 0.0830
vn -0.1272 0.9916 0.0230
vn -0.1295 0.9913 0.0228
vn -0.3771 0.9238 0.0665
vn -0.3808 0.9238 0.0400
vn -0.6056 0.7932 0.0637
vn -0.1290 0.9915 0.0139
vn -0.1303 0.9914 0.0137
vn -0.1301 0.9915 0.0046
vn 0.9234 0.3825 0.0322
vn 0.9189 0.3825 0.0966
vn 0.9099 0.3825 0.1604
vn 0.7930 0.6085 0.0277
vn 0.7931 0.6085 0.0277
vn 0.7892 0.6085 0.0829
vn 0.9234 0.3825 -0.0322
vn 0.9189 0.3825 -0.0966
vn 0.9099 0.3825 -0.1604
vn 0.8965 0.3825 -0.2235
vn 0.8787 0.3825 -0.2855
vn 0.8567 0.3825 -0.3461
vn 0.8305 0.3825 -0.4050
vn 0.8304 0.3825 -0.4050
vn 0.8002 0.3825 -0.4620
vn 0.7660 0.3825 -0.5167
vn 0.7281 0.3825 -0.5688
vn 0.7281 0.3825 -0.5689
vn 0.6866 0.3825 -0.6182
vn 0.6866 0.3825 -0.6183
vn 0.6418 0.3825 -0.6646
vn 0.5939 0.3825 -0.7078
vn 0.5431 0.3825 -0.7475
vn 0.4896 0.3825 -0.7836
vn 0.4338 0.3825 -0.8158
vn 0.3758 0.3825 -0.8441
vn 0.3160 0.3825 -0.8682
vn 0.2547 0.3825 -0.8882
vn 0.1921 0.3825 -0.9038
vn 0.1286 0.3825 -0.9150
vn 0.0645 0.3825 -0.9217
vn -0.0000 0.3825 -0.9240
vn -0.0645 0.3825 -0.9217
vn -0.0644 0.3825 -0.9217
vn -0.1286 0.3825 -0.9150
vn -0.1921 0.3825 -0.9038
vn -0.2547 0.3825 -0.8882
vn -0.3160 0.3825 -0.8682
vn -0.3758 0.3825 -0.8441
vn -0.4338 0.3825 -0.8158
vn -0.4896 0.3825 -0.7836
vn -0.5431 0.3825 -0.7475
vn -0.5939 0.3825 -0.7078
vn -0.6418 0.3825 -0.6646
vn -0.6866 0.3825 -0.6182
vn -0.6866 0.3825 -0.6183
vn -0.7281 0.3825 -0.5688
vn -0.7281 0.3825 -0.5689
vn -0.7660 0.3825 -0.5167
vn -0.8002 0.3825 -0.4620
vn -0.8305 0.3825 -0.4050
vn -0.8567 0.3825 -0.3461
vn -0.8787 0.3825 -0.2855
vn -0.8965 0.3825 -0.2235
vn -0.9099 0.3825 -0.1604
vn -0.9189 0.3825 -0.0966
vn -0.9234 0.3825 -0.0322
vn 0.6086 0.7932 0.0213
vn 0.6057 0.7932 0.0637
vn 0.7931 0.6085 -0.0277
vn 0.7930 0.6085 -0.0277
vn 0.7892 0.6085 -0.0829
vn 0.7815 0.6085 -0.1378
vn 0.7700 0.6085 -0.1920
vn 0.7547 0.6085 -0.2452
vn 0.7357 0.6085 -0.2973
vn 0.7358 0.6085 -0.2973
vn 0.7132 0.6085 -0.3479
vn 0.6872 0.6085 -0.3968
vn 0.6579 0.6085 -0.4437
vn 0.6253 0.6085 -0.4885
vn 0.5897 0.6085 -0.5310
vn 0.5513 0.6085 -0.5708
vn 0.5512 0.6085 -0.5708
vn 0.5101 0.6085 -0.6079
vn 0.4664 0.6085 -0.6420
vn 0.4205 0.6085 -0.6730
vn 0.3725 0.6085 -0.7007
vn 0.3228 0.6085 -0.7249
vn 0.2714 0.6085 -0.7457
vn 0.2187 0.6085 -0.7628
vn 0.1650 0.6085 -0.7762
vn 0.1104 0.6085 -0.7858
vn 0.0554 0.6085 -0.7916
vn -0.0000 0.6085 -0.7935
vn -0.0554 0.6085 -0.7916
vn -0.1104 0.6085 -0.7858
vn -0.1650 0.6085 -0.7762
vn -0.2187 0.6085 -0.7628
vn -0.2714 0.6085 -0.7457
vn -0.3228 0.6085 -0.7249
vn -0.3725 0.6085 -0.7007
vn -0.4205 0.6085 -0.6730
vn -0.4664 0.6085 -0.6420
vn -0.5101 0.6085 -0.6079
vn -0.5512 0.6085 -0.5708
vn -0.5897 0.6085 -0.5310
vn -0.6253 0.6085 -0.4885
vn -0.6253 0.6085 -0.4886
vn -0.6579 0.6085 -0.4437
vn -0.6872 0.6085 -0.3968
vn -0.7132 0.6085 -0.3479
vn -0.7358 0.6085 -0.2973
vn -0.7357 0.6085 -0.2973
vn -0.7547 0.6085 -0.2452
vn -0.7700 0.6085 -0.1920
vn -0.7815 0.6085 -0.1378
vn -0.7892 0.6085 -0.0829
vn -0.7931 0.6085 -0.0277
vn -0.7930 0.6085 -0.0277
vn 0.3827 0.9238 -0.0134
vn 0.6086 0.7932 -0.0213
vn 0.6056 0.7932 -0.0637
vn 0.6057 0.7932 -0.0637
vn 0.5997 0.7932 -0.1058
vn 0.5998 0.7932 -0.1057
vn 0.5909 0.7932 -0.1473
vn 0.5792 0.7932 -0.1882
vn 0.5646 0.7932 -0.2281
vn 0.5647 0.7932 -0.2281
vn 0.5473 0.7932 -0.2670
vn 0.5474 0.7932 -0.2670
vn 0.5274 0.7932 -0.3045
vn 0.5048 0.7932 -0.3405
vn 0.5049 0.7932 -0.3405
vn 0.4799 0.7932 -0.3749
vn 0.4525 0.7932 -0.4075
vn 0.4526 0.7932 -0.4075
vn 0.4230 0.7932 -0.4381
vn 0.3914 0.7932 -0.4665
vn 0.3580 0.7932 -0.4927
vn 0.3227 0.7932 -0.5165
vn 0.3227 0.7932 -0.5164
vn 0.2859 0.7932 -0.5377
vn 0.2477 0.7932 -0.5563
vn 0.2083 0.7932 -0.5723
vn 0.1679 0.7932 -0.5854
vn 0.1266 0.7932 -0.5957
vn 0.0847 0.7932 -0.6031
vn 0.0848 0.7932 -0.6031
vn 0.0425 0.7932 -0.6075
vn -0.0000 0.7932 -0.6090
vn -0.0425 0.7932 -0.6075
vn -0.0847 0.7932 -0.6031
vn -0.0848 0.7932 -0.6031
vn -0.1266 0.7932 -0.5957
vn -0.1678 0.7932 -0.5854
vn -0.1679 0.7932 -0.5854
vn -0.2083 0.7932 -0.5723
vn -0.2477 0.7932 -0.5563
vn -0.2859 0.7932 -0.5377
vn -0.3227 0.7932 -0.5165
vn -0.3227 0.7932 -0.5164
vn -0.3580 0.7932 -0.4927
vn -0.3914 0.7932 -0.4665
vn -0.3915 0.7932 -0.4665
vn -0.4230 0.7932 -0.4381
vn -0.4526 0.7932 -0.4075
vn -0.4799 0.7932 -0.3749
vn -0.5049 0.7932 -0.3405
vn -0.5274 0.7932 -0.3045
vn -0.5473 0.7932 -0.2670
vn -0.5474 0.7932 -0.2670
vn -0.5646 0.7932 -0.2281
vn -0.5647 0.7932 -0.2281
vn -0.5792 0.7932 -0.1882
vn -0.5909 0.7932 -0.1473
vn -0.5997 0.7932 -0.1057
vn -0.6056 0.7932 -0.0637
vn -0.6057 0.7932 -0.0637
vn -0.6086 0.7932 -0.0213
vn -0.3827 0.9238 -0.0134
vn 0.3808 0.9238 -0.0400
vn 0.3826 0.9238 -0.0134
vn 0.3771 0.9238 -0.0665
vn 0.3770 0.9238 -0.0665
vn 0.3715 0.9238 -0.0926
vn 0.3642 0.9238 -0.1183
vn 0.3641 0.9238 -0.1183
vn 0.3550 0.9238 -0.1434
vn 0.3442 0.9238 -0.1678
vn 0.3441 0.9238 -0.1678
vn 0.3316 0.9238 -0.1914
vn 0.3174 0.9238 -0.2141
vn 0.3017 0.9238 -0.2357
vn 0.2846 0.9238 -0.2562
vn 0.2845 0.9238 -0.2562
vn 0.2660 0.9238 -0.2754
vn 0.2461 0.9238 -0.2933
vn 0.2251 0.9238 -0.3098
vn 0.2250 0.9238 -0.3098
vn 0.2029 0.9238 -0.3247
vn 0.1798 0.9238 -0.3381
vn 0.1797 0.9238 -0.3381
vn 0.1557 0.9238 -0.3498
vn 0.1310 0.9238 -0.3598
vn 0.1055 0.9238 -0.3681
vn 0.0796 0.9238 -0.3745
vn 0.0533 0.9238 -0.3792
vn 0.0267 0.9238 -0.3820
vn -0.0000 0.9238 -0.3829
vn -0.0267 0.9238 -0.3820
vn -0.0533 0.9238 -0.3792
vn -0.0796 0.9238 -0.3745
vn -0.1056 0.9238 -0.3681
vn -0.1055 0.9238 -0.3681
vn -0.1310 0.9238 -0.3598
vn -0.1557 0.9238 -0.3498
vn -0.1798 0.9238 -0.3381
vn -0.1797 0.9238 -0.3381
vn -0.2029 0.9238 -0.3247
vn -0.2251 0.9238 -0.3098
vn -0.2250 0.9238 -0.3098
vn -0.2461 0.9238 -0.2933
vn -0.2660 0.9238 -0.2754
vn -0.2846 0.9238 -0.2562
vn -0.2845 0.9238 -0.2562
vn -0.3017 0.9238 -0.2357
vn -0.3174 0.9238 -0.2141
vn -0.3316 0.9238 -0.1914
vn -0.3442 0.9238 -0.1678
vn -0.3441 0.9238 -0.1678
vn -0.3550 0.9238 -0.1434
vn -0.3642 0.9238 -0.1183
vn -0.3641 0.9238 -0.1183
vn -0.3715 0.9238 -0.0926
vn -0.3771 0.9238 -0.0665
vn -0.3770 0.9238 -0.0665
vn -0.3808 0.9238 -0.0400
vn -0.9994 -0.0000 -0.0353
vn -0.9994 -0.0000 0.0353
vn -0.9944 -0.0000 0.1057
vn -0.9944 -0.0000 -0.1057
vn -0.9845 -0.0000 -0.1756
vn -0.9696 -0.0000 -0.2446
vn -0.9500 -0.0000 -0.3124
vn -0.9256 -0.0000 -0.3786
vn -0.8965 -0.0000 -0.4429
vn -0.8631 -0.0000 -0.5051
vn -0.8253 -0.0000 -0.5647
vn -0.7834 -0.0000 -0.6215
vn -0.7376 -0.0000 -0.6752
vn -0.6881 -0.0000 -0.7256
vn -0.6352 -0.0000 -0.7723
vn -0.5792 -0.0000 -0.8152
vn -0.5202 -0.0000 -0.8540
vn -0.4587 -0.0000 -0.8886
vn -0.3949 -0.0000 -0.9187
vn -0.3291 -0.0000 -0.9443
vn -0.2617 -0.0000 -0.9652
vn -0.1929 -0.0000 -0.9812
vn -0.1232 -0.0000 -0.9924
vn -0.0529 -0.0000 -0.9986
vn 0.0176 -0.0000 -0.9998
vn 0.0881 -0.0000 -0.9961
vn 0.1582 -0.0000 -0.9874
vn 0.2274 -0.0000 -0.9738
vn 0.2956 -0.0000 -0.9553
vn 0.3622 -0.0000 -0.9321
vn 0.4271 -0.0000 -0.9042
vn 0.4898 -0.0000 -0.8718
vn 0.5501 -0.0000 -0.8351
vn 0.6076 -0.0000 -0.7942
vn 0.6621 -0.0000 -0.7494
vn 0.7133 -0.0000 -0.7008
vn 0.7610 -0.0000 -0.6488
vn 0.8048 -0.0000 -0.5935
vn 0.8447 -0.0000 -0.5352
vn 0.8804 -0.0000 -0.4743
vn 0.9116 -0.0000 -0.4110
vn 0.9383 -0.0000 -0.3457
vn 0.9604 -0.0000 -0.2787
vn 0.9777 -0.0000 -0.2102
vn 0.9900 -0.0000 -0.1407
vn 0.9975 -0.0000 -0.0705
vn 1.0000 -0.0000 -0.0000
vn 0.9975 -0.0000 0.0705
vn 0.9900 -0.0000 0.1407
vn 0.9777 -0.0000 0.2102
vn 0.9604 -0.0000 0.2787
vn 0.9383 -0.0000 0.3457
vn 0.9116 -0.0000 0.4110
vn 0.8804 -0.0000 0.4743
vn 0.8447 -0.0000 0.5352
vn 0.8048 -0.0000 0.5935
vn 0.7610 -0.0000 0.6488
vn 0.7133 -0.0000 0.7008
vn 0.6621 -0.0000 0.7494
vn 0.6076 -0.0000 0.7942
vn 0.5501 -0.0000 0.8351
vn 0.4898 -0.0000 0.8718
vn 0.4271 -0.0000 0.9042
vn 0.3622 -0.0000 0.9321
vn 0.2956 -0.0000 0.9553
vn 0.2274 -0.0000 0.9738
vn 0.1582 -0.0000 0.9874
vn 0.0881 -0.0000 0.9961
vn 0.0176 -0.0000 0.9998
vn -0.0529 -0.0000 0.9986
vn -0.1232 -0.0000 0.9924
vn -0.1929 -0.0000 0.9812
vn -0.2617 -0.0000 0.9652
vn -0.3291 -0.0000 0.9443
vn -0.3949 -0.0000 0.9187
vn -0.4587 -0.0000 0.8886
vn -0.5202 -0.0000 0.8540
vn -0.5792 -0.0000 0.8152
vn -0.6352 -0.0000 0.7723
vn -0.6881 -0.0000 0.7256
vn -0.7376 -0.0000 0.6752
vn -0.7834 -0.0000 0.6215
vn -0.8253 -0.0000 0.5647
vn -0.8631 -0.0000 0.5051
vn -0.8965 -0.0000 0.4429
vn -0.9256 -0.0000 0.3786
vn -0.9500 -0.0000 0.3124
vn -0.9696 -0.0000 0.2446
vn -0.9845 -0.0000 0.1756
vt 0.144105 0.745777
vt 0.144105 0.636215
vt 0.152492 0.745777
vt 0.152492 0.636215
vt 0.160596 0.745777
vt 0.160596 0.636215
vt 0.168378 0.745777
vt 0.168378 0.636215
vt 0.175799 0.745777
vt 0.175799 0.636215
vt 0.182825 0.745777
vt 0.182825 0.636215
vt 0.189420 0.745777
vt 0.189420 0.636215
vt 0.715752 0.736963
vt 0.715752 0.627400
vt 0.722716 0.736963
vt 0.722716 0.627400
vt 0.730081 0.736963
vt 0.730081 0.627400
vt 0.737811 0.736963
vt 0.737811 0.627400
vt 0.745870 0.736963
vt 0.745870 0.627400
vt 0.754216 0.736963
vt 0.754216 0.627400
vt 0.762811 0.736963
vt 0.762811 0.627400
vt 0.771612 0.736963
vt 0.771612 0.627400
vt 0.780576 0.736963
vt 0.780576 0.627400
vt 0.789659 0.736963
vt 0.789659 0.627400
vt 0.798818 0.736963
vt 0.798818 0.627400
vt 0.808007 0.736963
vt 0.808007 0.627400
vt 0.817182 0.736963
vt 0.817182 0.627400
vt 0.826298 0.736963
vt 0.826298 0.627400
vt 0.835311 0.736963
vt 0.835311 0.627400
vt 0.844177 0.736963
vt 0.844177 0.627400
vt 0.852852 0.736963
vt 0.852852 0.627400
vt 0.861295 0.736963
vt 0.861295 0.627400
vt 0.869464 0.736963
vt 0.869464 0.627400
vt 0.877319 0.736963
vt 0.877319 0.627400
vt 0.884822 0.736963
vt 0.884822 0.627400
vt 0.891937 0.736963
vt 0.891937 0.627400
vt 0.898629 0.736963
vt 0.898629 0.627400
vt 0.526332 0.736963
vt 0.526332 0.627400
vt 0.532957 0.736963
vt 0.532957 0.627400
vt 0.540011 0.736963
vt 0.540011 0.627400
vt 0.547459 0.736963
vt 0.547459 0.627400
vt 0.555264 0.736963
vt 0.555264 0.627400
vt 0.563388 0.736963
vt 0.563388 0.627400
vt 0.571793 0.736963
vt 0.571793 0.627400
vt 0.580436 0.736963
vt 0.580436 0.627400
vt 0.589276 0.736963
vt 0.589276 0.627400
vt 0.598269 0.736963
vt 0.598269 0.627400
vt 0.607373 0.736963
vt 0.607373 0.627400
vt 0.616542 0.736963
vt 0.616542 0.627400
vt 0.625732 0.736963
vt 0.625732 0.627400
vt 0.634898 0.736963
vt 0.634898 0.627400
vt 0.643995 0.736963
vt 0.643995 0.627400
vt 0.652980 0.736963
vt 0.652980 0.627400
vt 0.661808 0.736963
vt 0.661808 0.627400
vt 0.670436 0.736963
vt 0.670436 0.627400
vt 0.678823 0.736963
vt 0.678823 0.627400
vt 0.686927 0.736963
vt 0.686927 0.627400
vt 0.694709 0.736963
vt 0.694709 0.627400
vt 0.702131 0.736963
vt 0.702131 0.627400
vt 0.709157 0.736963
vt 0.709157 0.627400
vt 0.715752 0.736963
vt 0.715752 0.627400
vt 0.196246 0.745777
vt 0.196246 0.636215
vt 0.203484 0.745777
vt 0.203484 0.636215
vt 0.211099 0.745777
vt 0.211099 0.636215
vt 0.219055 0.745777
vt 0.219055 0.636215
vt 0.227312 0.745777
vt 0.227312 0.636215
vt 0.235830 0.745777
vt 0.235830 0.636215
vt 0.244569 0.745777
vt 0.244569 0.636215
vt 0.253484 0.745777
vt 0.253484 0.636215
vt 0.262533 0.745777
vt 0.262533 0.636215
vt 0.271672 0.745777
vt 0.271672 0.636215
vt 0.280856 0.745777
vt 0.280856 0.636215
vt 0.290041 0.745777
vt 0.290041 0.636215
vt 0.299181 0.745777
vt 0.299181 0.636215
vt 0.308233 0.745777
vt 0.308233 0.636215
vt 0.317151 0.745777
vt 0.317151 0.636215
vt 0.325893 0.745777
vt 0.325893 0.636215
vt 0.334416 0.745777
vt 0.334416 0.636215
vt 0.342679 0.745777
vt 0.342679 0.636215
vt 0.350641 0.745777
vt 0.350641 0.636215
vt 0.358263 0.745777
vt 0.358263 0.636215
vt 0.365509 0.745777
vt 0.365509 0.636215
vt 0.372342 0.745777
vt 0.372342 0.636215
vt 0.000000 0.745777
vt 0.000000 0.636215
vt 0.006626 0.745777
vt 0.006626 0.636215
vt 0.013680 0.745777
vt 0.013680 0.636215
vt 0.021128 0.745777
vt 0.021128 0.636215
vt 0.028933 0.745777
vt 0.028933 0.636215
vt 0.037058 0.745777
vt 0.037058 0.636215
vt 0.045462 0.745777
vt 0.045462 0.636215
vt 0.054105 0.745777
vt 0.054105 0.636215
vt 0.062945 0.745777
vt 0.062945 0.636215
vt 0.071939 0.745777
vt 0.071939 0.636215
vt 0.081042 0.745777
vt 0.081042 0.636215
vt 0.090211 0.745777
vt 0.090211 0.636215
vt 0.099401 0.745777
vt 0.099401 0.636215
vt 0.108567 0.745777
vt 0.108567 0.636215
vt 0.117665 0.745777
vt 0.117665 0.636215
vt 0.126649 0.745777
vt 0.126649 0.636215
vt 0.135477 0.745777
vt 0.135477 0.636215
vt 0.160596 0.526652
vt 0.152492 0.526652
vt 0.144105 0.526652
vt 0.135477 0.526652
vt 0.126649 0.526652
vt 0.117665 0.526652
vt 0.108567 0.526652
vt 0.099401 0.526652
vt 0.090211 0.526652
vt 0.081042 0.526652
vt 0.071939 0.526652
vt 0.062945 0.526652
vt 0.054105 0.526652
vt 0.045462 0.526652
vt 0.037058 0.526652
vt 0.028933 0.526652
vt 0.021128 0.526652
vt 0.013680 0.526652
vt 0.006626 0.526652
vt 0.000000 0.526652
vt 0.372342 0.526652
vt 0.365509 0.526652
vt 0.358263 0.526652
vt 0.350641 0.526652
vt 0.342679 0.526652
vt 0.334416 0.526652
vt 0.325893 0.526652
vt 0.317151 0.526652
vt 0.308233 0.526652
vt 0.299181 0.526652
vt 0.290041 0.526652
vt 0.280856 0.526652
vt 0.271672 0.526652
vt 0.262533 0.526652
vt 0.253484 0.526652
vt 0.244569 0.526652
vt 0.235830 0.526652
vt 0.227312 0.526652
vt 0.219055 0.526652
vt 0.211099 0.526652
vt 0.203484 0.526652
vt 0.196246 0.526652
vt 0.189420 0.526652
vt 0.715752 0.517838
vt 0.709157 0.517838
vt 0.702131 0.517838
vt 0.694709 0.517838
vt 0.686927 0.517838
vt 0.678823 0.517838
vt 0.670436 0.517838
vt 0.661808 0.517838
vt 0.652980 0.517838
vt 0.643995 0.517838
vt 0.634898 0.517838
vt 0.625732 0.517838
vt 0.616542 0.517838
vt 0.607373 0.517838
vt 0.598269 0.517838
vt 0.589276 0.517838
vt 0.580436 0.517838
vt 0.571793 0.517838
vt 0.563388 0.517838
vt 0.555264 0.517838
vt 0.547459 0.517838
vt 0.540011 0.517838
vt 0.532957 0.517838
vt 0.526332 0.517838
vt 0.898629 0.517838
vt 0.891937 0.517838
vt 0.884822 0.517838
vt 0.877319 0.517838
vt 0.869464 0.517838
vt 0.861295 0.517838
vt 0.852852 0.517838
vt 0.844177 0.517838
vt 0.835311 0.517838
vt 0.826298 0.517838
vt 0.817182 0.517838
vt 0.808007 0.517838
vt 0.798818 0.517838
vt 0.789659 0.517838
vt 0.780576 0.517838
vt 0.771612 0.517838
vt 0.762811 0.517838
vt 0.754216 0.517838
vt 0.745870 0.517838
vt 0.737811 0.517838
vt 0.730081 0.517838
vt 0.722716 0.517838
vt 0.715752 0.517838
vt 0.182825 0.526652
vt 0.175799 0.526652
vt 0.168378 0.526652
vt 0.673162 0.765788
vt 0.715012 0.765788
vt 0.673162 0.773892
vt 0.715012 0.773892
vt 0.673162 0.782278
vt 0.715012 0.782278
vt 0.673162 0.790906
vt 0.715012 0.790906
vt 0.673162 0.799734
vt 0.715012 0.799734
vt 0.673162 0.808719
vt 0.715012 0.808719
vt 0.673162 0.817816
vt 0.715012 0.817816
vt 0.673162 0.826982
vt 0.715012 0.826982
vt 0.673162 0.836172
vt 0.715012 0.836172
vt 0.673162 0.845341
vt 0.715012 0.845341
vt 0.673162 0.854445
vt 0.715012 0.854445
vt 0.673162 0.863438
vt 0.715012 0.863438
vt 0.673162 0.872278
vt 0.715012 0.872278
vt 0.673162 0.880922
vt 0.715012 0.880922
vt 0.673162 0.889326
vt 0.715012 0.889326
vt 0.673162 0.897451
vt 0.715012 0.897451
vt 0.673162 0.905256
vt 0.715012 0.905256
vt 0.673162 0.912703
vt 0.715012 0.912703
vt 0.673162 0.919757
vt 0.715012 0.919757
vt 0.673162 0.926383
vt 0.715012 0.926383
vt 0.767502 0.736963
vt 0.809352 0.736963
vt 0.767502 0.743797
vt 0.809352 0.743797
vt 0.767502 0.751042
vt 0.809352 0.751042
vt 0.767502 0.758664
vt 0.809352 0.758664
vt 0.767502 0.766626
vt 0.809352 0.766626
vt 0.767502 0.774889
vt 0.809352 0.774889
vt 0.767502 0.783412
vt 0.809352 0.783412
vt 0.767502 0.792154
vt 0.809352 0.792154
vt 0.767502 0.801073
vt 0.809352 0.801073
vt 0.767502 0.810124
vt 0.809352 0.810124
vt 0.767502 0.819264
vt 0.809352 0.819264
vt 0.767502 0.828449
vt 0.809352 0.828449
vt 0.767502 0.837633
vt 0.809352 0.837633
vt 0.767502 0.846772
vt 0.809352 0.846772
vt 0.767502 0.855821
vt 0.809352 0.855821
vt 0.767502 0.864737
vt 0.809352 0.864737
vt 0.767502 0.873475
vt 0.809352 0.873475
vt 0.767502 0.881993
vt 0.809352 0.881993
vt 0.767502 0.890250
vt 0.809352 0.890251
vt 0.767502 0.898206
vt 0.809352 0.898206
vt 0.767502 0.905821
vt 0.809352 0.905821
vt 0.767502 0.913059
vt 0.809352 0.913059
vt 0.767502 0.919885
vt 0.809352 0.919885
vt 0.625992 0.736963
vt 0.667842 0.736963
vt 0.625992 0.743559
vt 0.667842 0.743559
vt 0.625992 0.750584
vt 0.667842 0.750584
vt 0.625992 0.758006
vt 0.667842 0.758006
vt 0.625992 0.765788
vt 0.667842 0.765788
vt 0.625992 0.773892
vt 0.667842 0.773892
vt 0.625992 0.782279
vt 0.667842 0.782279
vt 0.625992 0.790907
vt 0.667842 0.790907
vt 0.625992 0.799735
vt 0.667842 0.799735
vt 0.625992 0.808720
vt 0.667842 0.808720
vt 0.625992 0.817817
vt 0.667842 0.817817
vt 0.625992 0.826983
vt 0.667842 0.826983
vt 0.625992 0.836173
vt 0.667842 0.836173
vt 0.625992 0.845342
vt 0.667842 0.845342
vt 0.625992 0.854446
vt 0.667842 0.854446
vt 0.625992 0.863439
vt 0.667842 0.863439
vt 0.625992 0.872279
vt 0.667842 0.872279
vt 0.625992 0.880922
vt 0.667842 0.880922
vt 0.625992 0.889327
vt 0.667842 0.889327
vt 0.625992 0.897451
vt 0.667842 0.897451
vt 0.625992 0.905256
vt 0.667842 0.905256
vt 0.625992 0.912704
vt 0.667842 0.912704
vt 0.625992 0.919758
vt 0.667842 0.919758
vt 0.625992 0.926383
vt 0.667842 0.926383
vt 0.005320 0.745778
vt 0.047170 0.745778
vt 0.005320 0.752469
vt 0.047170 0.752469
vt 0.005320 0.759585
vt 0.047170 0.759585
vt 0.005320 0.767088
vt 0.047170 0.767088
vt 0.005320 0.774943
vt 0.047170 0.774943
vt 0.005320 0.783112
vt 0.047170 0.783112
vt 0.005320 0.791555
vt 0.047170 0.791555
vt 0.005320 0.800230
vt 0.047170 0.800230
vt 0.005320 0.809096
vt 0.047170 0.809096
vt 0.005320 0.818109
vt 0.047170 0.818109
vt 0.005320 0.827225
vt 0.047170 0.827225
vt 0.005320 0.836400
vt 0.047170 0.836400
vt 0.005320 0.845589
vt 0.047170 0.845589
vt 0.005320 0.854748
vt 0.047170 0.854748
vt 0.005320 0.863831
vt 0.047170 0.863831
vt 0.005320 0.872795
vt 0.047170 0.872795
vt 0.005320 0.881596
vt 0.047170 0.881596
vt 0.005320 0.890190
vt 0.047170 0.890190
vt 0.005320 0.898537
vt 0.047170 0.898537
vt 0.005320 0.906596
vt 0.047170 0.906596
vt 0.005320 0.914326
vt 0.047170 0.914326
vt 0.005320 0.921691
vt 0.047170 0.921691
vt 0.005320 0.928655
vt 0.047170 0.928655
vt 0.673162 0.736963
vt 0.715012 0.736963
vt 0.673162 0.743558
vt 0.715012 0.743558
vt 0.673162 0.750584
vt 0.715012 0.750584
vt 0.673162 0.758006
vt 0.715012 0.758006
vt 0.615352 0.782278
vt 0.573502 0.782278
vt 0.615352 0.773892
vt 0.573502 0.773892
vt 0.615352 0.765788
vt 0.573502 0.765788
vt 0.615352 0.758006
vt 0.573502 0.758006
vt 0.615352 0.750584
vt 0.573502 0.750584
vt 0.615352 0.743558
vt 0.573502 0.743558
vt 0.615352 0.736963
vt 0.573502 0.736963
vt 0.851202 0.919840
vt 0.809352 0.919840
vt 0.851202 0.912876
vt 0.809352 0.912876
vt 0.851202 0.905511
vt 0.809352 0.905511
vt 0.851202 0.897781
vt 0.809352 0.897781
vt 0.851202 0.889723
vt 0.809352 0.889723
vt 0.851202 0.881376
vt 0.809352 0.881376
vt 0.851202 0.872781
vt 0.809352 0.872781
vt 0.851202 0.863980
vt 0.809352 0.863980
vt 0.851202 0.855016
vt 0.809352 0.855016
vt 0.851202 0.845933
vt 0.809352 0.845933
vt 0.851202 0.836774
vt 0.809352 0.836774
vt 0.851202 0.827585
vt 0.809352 0.827585
vt 0.851202 0.818410
vt 0.809352 0.818410
vt 0.851202 0.809294
vt 0.809352 0.809294
vt 0.851202 0.800281
vt 0.809352 0.800281
vt 0.851202 0.791415
vt 0.809352 0.791415
vt 0.851202 0.782740
vt 0.809352 0.782740
vt 0.851202 0.774298
vt 0.809352 0.774298
vt 0.851202 0.766129
vt 0.809352 0.766129
vt 0.851202 0.758273
vt 0.809352 0.758273
vt 0.851202 0.750770
vt 0.809352 0.750770
vt 0.851202 0.743655
vt 0.809352 0.743655
vt 0.851202 0.736963
vt 0.809352 0.736963
vt 0.568182 0.926383
vt 0.526332 0.926383
vt 0.568182 0.919758
vt 0.526332 0.919758
vt 0.568182 0.912704
vt 0.526332 0.912704
vt 0.568182 0.905256
vt 0.526332 0.905256
vt 0.568182 0.897451
vt 0.526332 0.897451
vt 0.568182 0.889327
vt 0.526332 0.889327
vt 0.568182 0.880922
vt 0.526332 0.880922
vt 0.568182 0.872279
vt 0.526332 0.872279
vt 0.568182 0.863439
vt 0.526332 0.863439
vt 0.568182 0.854446
vt 0.526332 0.854446
vt 0.568182 0.845342
vt 0.526332 0.845342
vt 0.568182 0.836173
vt 0.526332 0.836173
vt 0.568182 0.826983
vt 0.526332 0.826983
vt 0.568182 0.817817
vt 0.526332 0.817817
vt 0.568182 0.808720
vt 0.526332 0.808720
vt 0.568182 0.799735
vt 0.526332 0.799735
vt 0.568182 0.790907
vt 0.526332 0.790907
vt 0.568182 0.782279
vt 0.526332 0.782279
vt 0.568182 0.773892
vt 0.526332 0.773892
vt 0.568182 0.765788
vt 0.526332 0.765788
vt 0.568182 0.758006
vt 0.526332 0.758006
vt 0.568182 0.750584
vt 0.526332 0.750584
vt 0.568182 0.743559
vt 0.526332 0.743559
vt 0.568182 0.736963
vt 0.526332 0.736963
vt 0.756862 0.919885
vt 0.715012 0.919885
vt 0.756862 0.913059
vt 0.715012 0.913059
vt 0.756862 0.905821
vt 0.715012 0.905821
vt 0.756862 0.898206
vt 0.715012 0.898206
vt 0.756862 0.890250
vt 0.715012 0.890250
vt 0.756862 0.881993
vt 0.715012 0.881993
vt 0.756862 0.873475
vt 0.715012 0.873475
vt 0.756862 0.864737
vt 0.715012 0.864737
vt 0.756862 0.855821
vt 0.715012 0.855821
vt 0.756862 0.846772
vt 0.715012 0.846772
vt 0.756862 0.837633
vt 0.715012 0.837633
vt 0.756862 0.828449
vt 0.715012 0.828449
vt 0.756862 0.819264
vt 0.715012 0.819264
vt 0.756862 0.810124
vt 0.715012 0.810124
vt 0.756862 0.801072
vt 0.715012 0.801072
vt 0.756862 0.792154
vt 0.715012 0.792154
vt 0.756862 0.783412
vt 0.715012 0.783412
vt 0.756862 0.774889
vt 0.715012 0.774889
vt 0.756862 0.766626
vt 0.715012 0.766626
vt 0.756862 0.758664
vt 0.715012 0.758664
vt 0.756862 0.751042
vt 0.715012 0.751042
vt 0.756862 0.743797
vt 0.715012 0.743797
vt 0.756862 0.736963
vt 0.715012 0.736963
vt 0.615352 0.926383
vt 0.573502 0.926383
vt 0.615352 0.919757
vt 0.573502 0.919757
vt 0.615352 0.912703
vt 0.573502 0.912703
vt 0.615352 0.905256
vt 0.573502 0.905256
vt 0.615352 0.897451
vt 0.573502 0.897451
vt 0.615352 0.889326
vt 0.573502 0.889326
vt 0.615352 0.880922
vt 0.573502 0.880922
vt 0.615352 0.872278
vt 0.573502 0.872278
vt 0.615352 0.863438
vt 0.573502 0.863438
vt 0.615352 0.854445
vt 0.573502 0.854445
vt 0.615352 0.845341
vt 0.573502 0.845341
vt 0.615352 0.836172
vt 0.573502 0.836172
vt 0.615352 0.826982
vt 0.573502 0.826982
vt 0.615352 0.817816
vt 0.573502 0.817816
vt 0.615352 0.808719
vt 0.573502 0.808719
vt 0.615352 0.799734
vt 0.573502 0.799734
vt 0.615352 0.790906
vt 0.573502 0.790906
vt 0.629710 0.266993
vt 0.638435 0.265447
vt 0.645241 0.313875
vt 0.647249 0.264528
vt 0.652160 0.313226
vt 0.656106 0.264240
vt 0.659110 0.313219
vt 0.664961 0.264584
vt 0.666030 0.313853
vt 0.673769 0.265559
vt 0.682485 0.267160
vt 0.672862 0.315123
vt 0.691064 0.269379
vt 0.679548 0.317018
vt 0.699463 0.272204
vt 0.686031 0.319522
vt 0.707640 0.275622
vt 0.692255 0.322613
vt 0.715551 0.279613
vt 0.723158 0.284159
vt 0.698167 0.326265
vt 0.730421 0.289236
vt 0.703717 0.330448
vt 0.737304 0.294819
vt 0.708858 0.335124
vt 0.743770 0.300878
vt 0.749788 0.307383
vt 0.713545 0.340255
vt 0.755327 0.314300
vt 0.717738 0.345796
vt 0.760357 0.321595
vt 0.721403 0.351701
vt 0.764855 0.329231
vt 0.724506 0.357919
vt 0.768797 0.337168
vt 0.772162 0.345366
vt 0.727024 0.364396
vt 0.774934 0.353783
vt 0.728932 0.371078
vt 0.777098 0.362376
vt 0.730216 0.377908
vt 0.778644 0.371102
vt 0.779563 0.379916
vt 0.730864 0.384827
vt 0.779851 0.388773
vt 0.730872 0.391776
vt 0.779507 0.397627
vt 0.730237 0.398696
vt 0.778531 0.406435
vt 0.776930 0.415151
vt 0.728967 0.405529
vt 0.774712 0.423731
vt 0.727073 0.412215
vt 0.771886 0.432130
vt 0.724569 0.418697
vt 0.768469 0.440306
vt 0.721478 0.424921
vt 0.764477 0.448218
vt 0.759932 0.455825
vt 0.717825 0.430833
vt 0.754854 0.463088
vt 0.713643 0.436383
vt 0.749272 0.469970
vt 0.708967 0.441524
vt 0.743213 0.476437
vt 0.736708 0.482454
vt 0.703836 0.446211
vt 0.729790 0.487993
vt 0.698295 0.450404
vt 0.722495 0.493024
vt 0.692390 0.454069
vt 0.714860 0.497521
vt 0.686172 0.457173
vt 0.706923 0.501463
vt 0.698725 0.504828
vt 0.679695 0.459690
vt 0.690308 0.507600
vt 0.673013 0.461598
vt 0.681715 0.509764
vt 0.666183 0.462882
vt 0.672989 0.511310
vt 0.664175 0.512229
vt 0.659264 0.463531
vt 0.655318 0.512517
vt 0.652315 0.463538
vt 0.646463 0.512173
vt 0.645394 0.462904
vt 0.637655 0.511198
vt 0.628940 0.509597
vt 0.638562 0.461634
vt 0.620360 0.507378
vt 0.631876 0.459739
vt 0.611961 0.504553
vt 0.625393 0.457235
vt 0.603785 0.501136
vt 0.619169 0.454144
vt 0.595873 0.497144
vt 0.588266 0.492598
vt 0.613257 0.450492
vt 0.581003 0.487521
vt 0.607707 0.446309
vt 0.574121 0.481938
vt 0.602567 0.441633
vt 0.567654 0.475879
vt 0.561636 0.469374
vt 0.597880 0.436502
vt 0.556098 0.462457
vt 0.593686 0.430961
vt 0.551067 0.455162
vt 0.590022 0.425056
vt 0.546569 0.447526
vt 0.586918 0.418839
vt 0.542628 0.439589
vt 0.539263 0.431391
vt 0.584401 0.412361
vt 0.536491 0.422974
vt 0.582492 0.405679
vt 0.534327 0.414381
vt 0.581208 0.398849
vt 0.532781 0.405655
vt 0.531862 0.396841
vt 0.580560 0.391930
vt 0.531573 0.387985
vt 0.580553 0.384981
vt 0.531918 0.379130
vt 0.581187 0.378061
vt 0.532893 0.370322
vt 0.534494 0.361606
vt 0.582457 0.371228
vt 0.536713 0.353027
vt 0.584352 0.364542
vt 0.539538 0.344627
vt 0.586856 0.358060
vt 0.542955 0.336451
vt 0.589947 0.351836
vt 0.546947 0.328539
vt 0.551493 0.320933
vt 0.593599 0.345924
vt 0.556570 0.313669
vt 0.597781 0.340374
vt 0.562152 0.306787
vt 0.602458 0.335233
vt 0.568211 0.300320
vt 0.574716 0.294303
vt 0.607589 0.330546
vt 0.581634 0.288764
vt 0.613130 0.326353
vt 0.588929 0.283733
vt 0.619035 0.322688
vt 0.596565 0.279236
vt 0.625252 0.319584
vt 0.604501 0.275294
vt 0.612699 0.271929
vt 0.631730 0.317067
vt 0.621116 0.269157
vt 0.638412 0.315159
vt 0.400877 0.526652
vt 0.400877 0.642641
vt 0.394504 0.526652
vt 0.394504 0.642641
vt 0.388413 0.526652
vt 0.388413 0.642641
vt 0.382657 0.526652
vt 0.382657 0.642641
vt 0.377285 0.526652
vt 0.377285 0.642641
vt 0.372342 0.526652
vt 0.372342 0.642641
vt 0.997763 0.000000
vt 0.997763 0.115989
vt 0.992456 0.000000
vt 0.992456 0.115989
vt 0.986758 0.000000
vt 0.986758 0.115989
vt 0.980717 0.000000
vt 0.980717 0.115989
vt 0.974385 0.000000
vt 0.974385 0.115989
vt 0.967816 0.000000
vt 0.967816 0.115989
vt 0.961066 0.000000
vt 0.961066 0.115989
vt 0.954192 0.000000
vt 0.954192 0.115989
vt 0.947253 0.000000
vt 0.947253 0.115989
vt 0.940309 0.000000
vt 0.940309 0.115989
vt 0.933418 0.000000
vt 0.933418 0.115989
vt 0.926639 0.000000
vt 0.926639 0.115989
vt 0.920031 0.000000
vt 0.920031 0.115989
vt 0.913649 0.000000
vt 0.913649 0.115989
vt 0.907548 0.000000
vt 0.907548 0.115989
vt 0.901780 0.000000
vt 0.901780 0.115989
vt 0.896395 0.000000
vt 0.896395 0.115989
vt 0.891437 0.000000
vt 0.891437 0.115989
vt 1.000000 0.517838
vt 1.000000 0.633827
vt 0.994680 0.517838
vt 0.994680 0.633827
vt 0.988969 0.517838
vt 0.988969 0.633827
vt 0.982918 0.517838
vt 0.982918 0.633827
vt 0.976577 0.517838
vt 0.976577 0.633827
vt 0.970001 0.517838
vt 0.970001 0.633827
vt 0.963246 0.517838
vt 0.963246 0.633827
vt 0.956369 0.517838
vt 0.956369 0.633827
vt 0.949429 0.517838
vt 0.949429 0.633827
vt 0.942485 0.517838
vt 0.942485 0.633827
vt 0.935597 0.517838
vt 0.935597 0.633827
vt 0.928823 0.517838
vt 0.928823 0.633827
vt 0.922221 0.517838
vt 0.922221 0.633827
vt 0.915848 0.517838
vt 0.915848 0.633827
vt 0.909757 0.517838
vt 0.909757 0.633827
vt 0.904001 0.517838
vt 0.904001 0.633827
vt 0.898629 0.517838
vt 0.898629 0.633827
vt 0.886456 0.000000
vt 0.886456 0.115989
vt 0.881048 0.000000
vt 0.881048 0.115989
vt 0.875261 0.000000
vt 0.875261 0.115989
vt 0.869143 0.000000
vt 0.869143 0.115989
vt 0.862748 0.000000
vt 0.862748 0.115989
vt 0.856129 0.000000
vt 0.856129 0.115989
vt 0.849343 0.000000
vt 0.849343 0.115989
vt 0.842447 0.000000
vt 0.842447 0.115989
vt 0.835502 0.000000
vt 0.835502 0.115989
vt 0.828565 0.000000
vt 0.828565 0.115989
vt 0.821696 0.000000
vt 0.821696 0.115989
vt 0.814954 0.000000
vt 0.814954 0.115989
vt 0.808396 0.000000
vt 0.808396 0.115989
vt 0.802079 0.000000
vt 0.802079 0.115989
vt 0.796055 0.000000
vt 0.796055 0.115989
vt 0.790377 0.000000
vt 0.790377 0.115989
vt 0.785093 0.000000
vt 0.785093 0.115989
vt 0.483541 0.526652
vt 0.483541 0.642641
vt 0.478655 0.526652
vt 0.478655 0.642641
vt 0.473335 0.526652
vt 0.473335 0.642641
vt 0.467625 0.526652
vt 0.467625 0.642641
vt 0.461574 0.526652
vt 0.461574 0.642641
vt 0.455233 0.526652
vt 0.455233 0.642641
vt 0.448657 0.526652
vt 0.448657 0.642641
vt 0.441902 0.526652
vt 0.441902 0.642641
vt 0.435025 0.526652
vt 0.435025 0.642641
vt 0.428085 0.526652
vt 0.428085 0.642641
vt 0.421141 0.526652
vt 0.421141 0.642641
vt 0.414253 0.526652
vt 0.414253 0.642641
vt 0.407479 0.526652
vt 0.407479 0.642641
vt 0.388413 0.874619
vt 0.388413 0.758630
vt 0.394504 0.874619
vt 0.394504 0.758630
vt 0.400877 0.874619
vt 0.400877 0.758630
vt 0.407479 0.874619
vt 0.407479 0.758630
vt 0.414253 0.874619
vt 0.414253 0.758630
vt 0.421141 0.874619
vt 0.421141 0.758630
vt 0.428085 0.874619
vt 0.428085 0.758630
vt 0.435025 0.874619
vt 0.435025 0.758630
vt 0.441902 0.874619
vt 0.441902 0.758630
vt 0.448657 0.874619
vt 0.448657 0.758630
vt 0.455233 0.874619
vt 0.455233 0.758630
vt 0.461574 0.874619
vt 0.461574 0.758630
vt 0.467625 0.874619
vt 0.467625 0.758630
vt 0.473335 0.874619
vt 0.473335 0.758630
vt 0.478655 0.874619
vt 0.478655 0.758630
vt 0.483541 0.874619
vt 0.483541 0.758630
vt 0.785093 0.347967
vt 0.785093 0.231978
vt 0.790377 0.347967
vt 0.790377 0.231978
vt 0.796055 0.347967
vt 0.796055 0.231978
vt 0.802079 0.347967
vt 0.802079 0.231978
vt 0.808396 0.347967
vt 0.808396 0.231978
vt 0.814954 0.347967
vt 0.814954 0.231978
vt 0.821696 0.347967
vt 0.821696 0.231978
vt 0.828565 0.347967
vt 0.828565 0.231978
vt 0.835502 0.347967
vt 0.835502 0.231978
vt 0.842447 0.347967
vt 0.842447 0.231978
vt 0.849343 0.347967
vt 0.849343 0.231978
vt 0.856129 0.347967
vt 0.856129 0.231978
vt 0.862748 0.347967
vt 0.862748 0.231978
vt 0.869143 0.347967
vt 0.869143 0.231978
vt 0.875261 0.347967
vt 0.875261 0.231978
vt 0.881048 0.347967
vt 0.881048 0.231978
vt 0.886456 0.347967
vt 0.886456 0.231978
vt 0.891437 0.347967
vt 0.891437 0.231978
vt 0.898629 0.865805
vt 0.898629 0.749816
vt 0.904001 0.865805
vt 0.904001 0.749816
vt 0.909757 0.865805
vt 0.909757 0.749816
vt 0.915848 0.865805
vt 0.915848 0.749816
vt 0.922221 0.865805
vt 0.922221 0.749816
vt 0.928823 0.865805
vt 0.928823 0.749816
vt 0.935597 0.865805
vt 0.935597 0.749816
vt 0.942485 0.865805
vt 0.942485 0.749816
vt 0.949429 0.865805
vt 0.949429 0.749816
vt 0.956369 0.865805
vt 0.956369 0.749816
vt 0.963246 0.865805
vt 0.963246 0.749816
vt 0.970001 0.865805
vt 0.970001 0.749816
vt 0.976577 0.865805
vt 0.976577 0.749816
vt 0.982918 0.865805
vt 0.982918 0.749816
vt 0.988969 0.865805
vt 0.988969 0.749816
vt 0.994680 0.865805
vt 0.994680 0.749816
vt 1.000000 0.865805
vt 1.000000 0.749816
vt 0.896395 0.347967
vt 0.896395 0.231978
vt 0.901780 0.347967
vt 0.901780 0.231978
vt 0.907548 0.347967
vt 0.907548 0.231978
vt 0.913649 0.347967
vt 0.913649 0.231978
vt 0.920031 0.347967
vt 0.920031 0.231978
vt 0.926639 0.347967
vt 0.926639 0.231978
vt 0.933418 0.347967
vt 0.933418 0.231978
vt 0.940309 0.347967
vt 0.940309 0.231978
vt 0.947253 0.347967
vt 0.947253 0.231978
vt 0.954192 0.347967
vt 0.954192 0.231978
vt 0.961066 0.347967
vt 0.961066 0.231978
vt 0.967816 0.347967
vt 0.967816 0.231978
vt 0.974385 0.347967
vt 0.974385 0.231978
vt 0.980717 0.347967
vt 0.980717 0.231978
vt 0.986758 0.347967
vt 0.986758 0.231978
vt 0.992456 0.347967
vt 0.992456 0.231978
vt 0.997763 0.347967
vt 0.997763 0.231978
vt 0.372342 0.874619
vt 0.372342 0.758630
vt 0.377285 0.874619
vt 0.377285 0.758630
vt 0.382657 0.874619
vt 0.382657 0.758630
vt 0.779192 0.142240
vt 0.777966 0.151016
vt 0.729805 0.142524
vt 0.776116 0.159683
vt 0.728284 0.149305
vt 0.773654 0.168195
vt 0.726143 0.155916
vt 0.770590 0.176510
vt 0.723401 0.162302
vt 0.766940 0.184586
vt 0.762724 0.192380
vt 0.720082 0.168407
vt 0.757963 0.199854
vt 0.716214 0.174181
vt 0.752681 0.206969
vt 0.711830 0.179572
vt 0.746904 0.213689
vt 0.706967 0.184536
vt 0.740663 0.219980
vt 0.733989 0.225810
vt 0.701666 0.189031
vt 0.726916 0.231149
vt 0.695974 0.193016
vt 0.719480 0.235969
vt 0.689937 0.196460
vt 0.711719 0.240247
vt 0.703673 0.243960
vt 0.683609 0.199332
vt 0.695382 0.247090
vt 0.677043 0.201608
vt 0.686890 0.249620
vt 0.670295 0.203269
vt 0.678238 0.251538
vt 0.663423 0.204299
vt 0.669472 0.252834
vt 0.660635 0.253501
vt 0.656485 0.204692
vt 0.651774 0.253536
vt 0.649540 0.204442
vt 0.642932 0.252939
vt 0.642648 0.203553
vt 0.634156 0.251713
vt 0.625489 0.249864
vt 0.635867 0.202031
vt 0.616976 0.247401
vt 0.629255 0.199890
vt 0.608661 0.244337
vt 0.622870 0.197149
vt 0.600586 0.240688
vt 0.592791 0.236472
vt 0.616764 0.193830
vt 0.585318 0.231710
vt 0.610991 0.189961
vt 0.578203 0.226428
vt 0.605599 0.185577
vt 0.571482 0.220651
vt 0.600635 0.180714
vt 0.565191 0.214410
vt 0.559362 0.207736
vt 0.596141 0.175413
vt 0.554023 0.200663
vt 0.592155 0.169721
vt 0.549203 0.193227
vt 0.588711 0.163685
vt 0.544925 0.185466
vt 0.541212 0.177420
vt 0.585839 0.157357
vt 0.538082 0.169130
vt 0.583563 0.150791
vt 0.535551 0.160637
vt 0.581903 0.144043
vt 0.533633 0.151985
vt 0.580872 0.137170
vt 0.532338 0.143219
vt 0.531670 0.134382
vt 0.580480 0.130232
vt 0.531635 0.125521
vt 0.580730 0.123287
vt 0.532232 0.116679
vt 0.581619 0.116395
vt 0.533459 0.107903
vt 0.535308 0.099236
vt 0.583141 0.109614
vt 0.537771 0.090724
vt 0.585281 0.103003
vt 0.540835 0.082409
vt 0.588023 0.096617
vt 0.544484 0.074333
vt 0.548700 0.066539
vt 0.591342 0.090512
vt 0.553461 0.059065
vt 0.595210 0.084738
vt 0.558744 0.051950
vt 0.599595 0.079347
vt 0.564520 0.045230
vt 0.604458 0.074383
vt 0.570762 0.038939
vt 0.577436 0.033109
vt 0.609758 0.069888
vt 0.584509 0.027770
vt 0.615451 0.065903
vt 0.591944 0.022950
vt 0.621487 0.062459
vt 0.599705 0.018672
vt 0.607751 0.014959
vt 0.627815 0.059587
vt 0.616042 0.011829
vt 0.634381 0.057311
vt 0.624535 0.009299
vt 0.641129 0.055650
vt 0.633186 0.007381
vt 0.648001 0.054620
vt 0.641953 0.006085
vt 0.650789 0.005418
vt 0.654940 0.054227
vt 0.659651 0.005382
vt 0.661885 0.054477
vt 0.668492 0.005980
vt 0.668777 0.055366
vt 0.677269 0.007206
vt 0.685935 0.009055
vt 0.675557 0.056888
vt 0.694448 0.011518
vt 0.682169 0.059029
vt 0.702763 0.014582
vt 0.688555 0.061770
vt 0.710838 0.018231
vt 0.718633 0.022447
vt 0.694660 0.065089
vt 0.726107 0.027209
vt 0.700433 0.068957
vt 0.733222 0.032491
vt 0.705825 0.073342
vt 0.739942 0.038268
vt 0.710789 0.078205
vt 0.746233 0.044509
vt 0.752063 0.051183
vt 0.715283 0.083506
vt 0.757401 0.058256
vt 0.719269 0.089198
vt 0.762222 0.065692
vt 0.722713 0.095234
vt 0.766500 0.073453
vt 0.770213 0.081499
vt 0.725585 0.101562
vt 0.773342 0.089789
vt 0.727861 0.108128
vt 0.775873 0.098282
vt 0.729521 0.114876
vt 0.777791 0.106934
vt 0.730552 0.121749
vt 0.779087 0.115700
vt 0.779754 0.124537
vt 0.730944 0.128687
vt 0.779789 0.133398
vt 0.730695 0.135632
vt 0.781108 0.142639
vt 0.779883 0.151354
vt 0.778054 0.159963
vt 0.781670 0.151669
vt 0.779814 0.160402
vt 0.783205 0.151940
vt 0.781326 0.160779
vt 0.620672 0.766894
vt 0.620672 0.774862
vt 0.619114 0.774336
vt 0.619114 0.766294
vt 0.617299 0.774005
vt 0.617299 0.765916
vt 0.781722 0.133860
vt 0.781722 0.125059
vt 0.781108 0.116280
vt 0.779883 0.107565
vt 0.778054 0.098956
vt 0.775628 0.090497
vt 0.772618 0.082227
vt 0.769038 0.074187
vt 0.764906 0.066416
vt 0.760243 0.058953
vt 0.755070 0.051833
vt 0.749413 0.045091
vt 0.743299 0.038760
vt 0.736759 0.032871
vt 0.729824 0.027453
vt 0.722528 0.022532
vt 0.714906 0.018131
vt 0.706996 0.014274
vt 0.698836 0.010977
vt 0.690466 0.008257
vt 0.681927 0.006128
vt 0.673260 0.004600
vt 0.664508 0.003680
vt 0.655712 0.003373
vt 0.646917 0.003680
vt 0.638164 0.004600
vt 0.629497 0.006128
vt 0.620958 0.008257
vt 0.612588 0.010977
vt 0.604428 0.014274
vt 0.596518 0.018132
vt 0.588896 0.022532
vt 0.581600 0.027453
vt 0.574665 0.032871
vt 0.568125 0.038760
vt 0.562011 0.045091
vt 0.556354 0.051833
vt 0.551181 0.058953
vt 0.546518 0.066416
vt 0.542386 0.074187
vt 0.538807 0.082227
vt 0.535797 0.090497
vt 0.533371 0.098956
vt 0.531541 0.107565
vt 0.530316 0.116280
vt 0.528512 0.116090
vt 0.527889 0.124996
vt 0.526332 0.124941
vt 0.526332 0.133978
vt 0.573502 0.791593
vt 0.573502 0.800273
vt 0.571943 0.799981
vt 0.571943 0.808897
vt 0.570129 0.808765
vt 0.570129 0.817845
vt 0.570129 0.826993
vt 0.570129 0.836165
vt 0.570129 0.845316
vt 0.570129 0.854402
vt 0.570129 0.863378
vt 0.570129 0.872201
vt 0.570129 0.880827
vt 0.570129 0.889215
vt 0.570129 0.897323
vt 0.570129 0.905113
vt 0.570129 0.912546
vt 0.570129 0.919587
vt 0.570129 0.926199
vt 0.853149 0.737145
vt 0.853149 0.743824
vt 0.853149 0.750925
vt 0.853149 0.758414
vt 0.853149 0.766254
vt 0.853149 0.774407
vt 0.853149 0.782833
vt 0.853149 0.791492
vt 0.853149 0.800340
vt 0.853149 0.809335
vt 0.853149 0.818434
vt 0.853149 0.827591
vt 0.853149 0.836762
vt 0.853149 0.845903
vt 0.853149 0.854969
vt 0.853149 0.863915
vt 0.853149 0.872699
vt 0.853149 0.881277
vt 0.853149 0.889607
vt 0.853149 0.897650
vt 0.853149 0.905365
vt 0.853149 0.912716
vt 0.853149 0.919666
vt 0.617299 0.737148
vt 0.617299 0.743730
vt 0.617299 0.750742
vt 0.617299 0.758150
vt 0.529702 0.125059
vt 0.527889 0.133923
vt 0.526962 0.142992
vt 0.573502 0.809107
vt 0.571943 0.817925
vt 0.529702 0.133860
vt 0.528512 0.142829
vt 0.528219 0.151940
vt 0.573502 0.818053
vt 0.571943 0.827021
vt 0.530316 0.142639
vt 0.529754 0.151669
vt 0.530098 0.160779
vt 0.573502 0.827065
vt 0.571943 0.836140
vt 0.531541 0.151354
vt 0.531610 0.160402
vt 0.532589 0.169465
vt 0.573502 0.836101
vt 0.571943 0.845239
vt 0.533371 0.159963
vt 0.534071 0.168983
vt 0.535679 0.177956
vt 0.573502 0.845117
vt 0.571943 0.854273
vt 0.535797 0.168422
vt 0.537124 0.177372
vt 0.539355 0.186211
vt 0.573502 0.854068
vt 0.571943 0.863198
vt 0.538807 0.176692
vt 0.540755 0.185528
vt 0.543597 0.194189
vt 0.573502 0.862911
vt 0.571943 0.871970
vt 0.542386 0.184732
vt 0.544946 0.193410
vt 0.548385 0.201852
vt 0.573502 0.871603
vt 0.571943 0.880547
vt 0.546518 0.192503
vt 0.549677 0.200981
vt 0.553697 0.209163
vt 0.573502 0.880102
vt 0.571943 0.888887
vt 0.551182 0.199966
vt 0.554925 0.208203
vt 0.559505 0.216085
vt 0.573502 0.888365
vt 0.571943 0.896949
vt 0.556354 0.207086
vt 0.560663 0.215042
vt 0.565782 0.222585
vt 0.573502 0.896354
vt 0.571943 0.904694
vt 0.562011 0.213828
vt 0.566864 0.221464
vt 0.572497 0.228631
vt 0.573502 0.904028
vt 0.571943 0.912085
vt 0.568125 0.220159
vt 0.573499 0.227438
vt 0.579618 0.234194
vt 0.573502 0.911351
vt 0.571943 0.919085
vt 0.574665 0.226048
vt 0.580534 0.232934
vt 0.587109 0.239247
vt 0.573502 0.918287
vt 0.586476 0.240261
vt 0.594373 0.244821
vt 0.571943 0.925660
vt 0.854964 0.737679
vt 0.581600 0.231466
vt 0.587935 0.237926
vt 0.594935 0.243765
vt 0.602570 0.248819
vt 0.854964 0.744320
vt 0.588896 0.236387
vt 0.595666 0.242390
vt 0.603056 0.247727
vt 0.856522 0.745108
vt 0.854964 0.751380
vt 0.596518 0.240788
vt 0.603690 0.246303
vt 0.611434 0.251112
vt 0.856522 0.752104
vt 0.854964 0.758826
vt 0.604428 0.244645
vt 0.611967 0.249647
vt 0.620028 0.253904
vt 0.856522 0.759482
vt 0.854964 0.766621
vt 0.612588 0.247942
vt 0.620458 0.252406
vt 0.628796 0.256090
vt 0.856522 0.767206
vt 0.854964 0.774728
vt 0.620958 0.250662
vt 0.629120 0.254566
vt 0.637695 0.257659
vt 0.856522 0.775238
vt 0.854964 0.783106
vt 0.629497 0.252791
vt 0.637912 0.256116
vt 0.646682 0.258604
vt 0.856522 0.783539
vt 0.854964 0.791715
vt 0.638164 0.254319
vt 0.646790 0.257049
vt 0.655712 0.258919
vt 0.856522 0.792069
vt 0.854964 0.800512
vt 0.646917 0.255239
vt 0.655712 0.257361
vt 0.664743 0.258604
vt 0.856522 0.800787
vt 0.854964 0.809456
vt 0.655712 0.255546
vt 0.664634 0.257049
vt 0.673729 0.257659
vt 0.856522 0.809649
vt 0.854964 0.818503
vt 0.664508 0.255239
vt 0.673513 0.256116
vt 0.682628 0.256090
vt 0.856522 0.818612
vt 0.854964 0.827608
vt 0.673260 0.254319
vt 0.682304 0.254566
vt 0.691396 0.253904
vt 0.856522 0.827634
vt 0.854964 0.836726
vt 0.681927 0.252791
vt 0.690967 0.252406
vt 0.699990 0.251112
vt 0.856522 0.836669
vt 0.854964 0.845815
vt 0.690466 0.250662
vt 0.699457 0.249647
vt 0.708368 0.247727
vt 0.856522 0.845675
vt 0.854964 0.854829
vt 0.698836 0.247942
vt 0.707734 0.246303
vt 0.716490 0.243765
vt 0.856522 0.854606
vt 0.854964 0.863724
vt 0.706996 0.244645
vt 0.715758 0.242390
vt 0.724315 0.239247
vt 0.856522 0.863420
vt 0.854964 0.872457
vt 0.714906 0.240787
vt 0.723490 0.237926
vt 0.731807 0.234194
vt 0.856522 0.872073
vt 0.854964 0.880986
vt 0.722528 0.236387
vt 0.730891 0.232934
vt 0.738927 0.228631
vt 0.856522 0.880524
vt 0.854964 0.889269
vt 0.729824 0.231466
vt 0.737926 0.227438
vt 0.745642 0.222585
vt 0.856522 0.888731
vt 0.854964 0.897266
vt 0.736759 0.226048
vt 0.744560 0.221464
vt 0.751919 0.216085
vt 0.856522 0.896655
vt 0.854964 0.904937
vt 0.743299 0.220159
vt 0.750761 0.215042
vt 0.757728 0.209163
vt 0.856522 0.904256
vt 0.854964 0.912246
vt 0.749413 0.213828
vt 0.756500 0.208203
vt 0.763039 0.201852
vt 0.856522 0.911498
vt 0.764030 0.202521
vt 0.768863 0.194787
vt 0.854964 0.919156
vt 0.619114 0.737690
vt 0.755070 0.207086
vt 0.761747 0.200981
vt 0.767827 0.194189
vt 0.773144 0.186735
vt 0.619114 0.744235
vt 0.760243 0.199966
vt 0.766478 0.193410
vt 0.772070 0.186211
vt 0.776854 0.178404
vt 0.619114 0.751207
vt 0.764907 0.192503
vt 0.770669 0.185528
vt 0.775745 0.177956
vt 0.620672 0.751945
vt 0.619114 0.758572
vt 0.769038 0.184732
vt 0.774300 0.177372
vt 0.778835 0.169465
vt 0.620672 0.759243
vt 0.772618 0.176692
vt 0.777354 0.168983
vt 0.775628 0.168422
vt 0.570129 0.799798
vt 0.571943 0.791221
vt 0.573502 0.783109
vt 0.526962 0.115927
vt 0.529754 0.107250
vt 0.570129 0.790987
vt 0.571943 0.782659
vt 0.573502 0.774863
vt 0.528219 0.106979
vt 0.531610 0.098517
vt 0.570129 0.782376
vt 0.571943 0.774336
vt 0.573502 0.766895
vt 0.530098 0.098140
vt 0.534071 0.089936
vt 0.570129 0.774005
vt 0.571943 0.766294
vt 0.573502 0.759243
vt 0.532589 0.089454
vt 0.537124 0.081547
vt 0.570129 0.765917
vt 0.571943 0.758572
vt 0.573502 0.751945
vt 0.535679 0.080963
vt 0.540755 0.073391
vt 0.570129 0.758150
vt 0.571943 0.751207
vt 0.534571 0.080515
vt 0.539355 0.072708
vt 0.544946 0.065509
vt 0.570129 0.750743
vt 0.571943 0.744235
vt 0.538280 0.072184
vt 0.543597 0.064730
vt 0.549677 0.057938
vt 0.570129 0.743731
vt 0.571943 0.737690
vt 0.542561 0.064132
vt 0.548385 0.057067
vt 0.554925 0.050716
vt 0.570129 0.737148
vt 0.760624 0.919184
vt 0.758809 0.919706
vt 0.760624 0.912411
vt 0.547394 0.056398
vt 0.762182 0.911642
vt 0.762182 0.904525
vt 0.553697 0.049756
vt 0.560663 0.043877
vt 0.758809 0.912894
vt 0.760624 0.905228
vt 0.762182 0.897037
vt 0.559505 0.042834
vt 0.566864 0.037455
vt 0.758809 0.905671
vt 0.760624 0.897671
vt 0.762182 0.889215
vt 0.565782 0.036334
vt 0.573499 0.031481
vt 0.758809 0.898070
vt 0.760624 0.889777
vt 0.762182 0.881096
vt 0.572497 0.030288
vt 0.580534 0.025985
vt 0.758809 0.890130
vt 0.760624 0.881583
vt 0.762182 0.872720
vt 0.579618 0.024725
vt 0.587935 0.020993
vt 0.758809 0.881889
vt 0.760624 0.873129
vt 0.762182 0.864128
vt 0.587109 0.019672
vt 0.595666 0.016529
vt 0.758809 0.873387
vt 0.760624 0.864458
vt 0.762182 0.855361
vt 0.594935 0.015154
vt 0.603690 0.012616
vt 0.758809 0.864666
vt 0.760624 0.855611
vt 0.762182 0.846464
vt 0.603056 0.011192
vt 0.611967 0.009272
vt 0.758809 0.855768
vt 0.760624 0.846631
vt 0.762182 0.837478
vt 0.611434 0.007807
vt 0.620458 0.006513
vt 0.758809 0.846736
vt 0.760624 0.837562
vt 0.762182 0.828447
vt 0.620028 0.005015
vt 0.629120 0.004353
vt 0.758809 0.837615
vt 0.760624 0.828448
vt 0.762182 0.819416
vt 0.628796 0.002829
vt 0.637912 0.002803
vt 0.758809 0.828449
vt 0.760624 0.819334
vt 0.762182 0.810429
vt 0.637695 0.001260
vt 0.646790 0.001870
vt 0.758809 0.819282
vt 0.760624 0.810264
vt 0.762182 0.801529
vt 0.646681 0.000315
vt 0.655712 0.001558
vt 0.758809 0.810159
vt 0.760624 0.801281
vt 0.762182 0.792760
vt 0.655712 0.000000
vt 0.664634 0.001870
vt 0.758809 0.801126
vt 0.760624 0.792431
vt 0.762182 0.784164
vt 0.664743 0.000315
vt 0.673513 0.002803
vt 0.758809 0.792225
vt 0.760624 0.783756
vt 0.762182 0.775784
vt 0.673729 0.001260
vt 0.682304 0.004353
vt 0.758809 0.783499
vt 0.760624 0.775298
vt 0.762182 0.767659
vt 0.682628 0.002829
vt 0.690966 0.006513
vt 0.758809 0.774993
vt 0.760624 0.767099
vt 0.762182 0.759831
vt 0.691396 0.005015
vt 0.699457 0.009272
vt 0.758809 0.766746
vt 0.760624 0.759198
vt 0.762182 0.752336
vt 0.699990 0.007807
vt 0.707734 0.012616
vt 0.758809 0.758800
vt 0.760624 0.751634
vt 0.762182 0.745212
vt 0.708368 0.011192
vt 0.715758 0.016529
vt 0.758809 0.751193
vt 0.760624 0.744444
vt 0.708854 0.010100
vt 0.716490 0.015154
vt 0.723490 0.020993
vt 0.758809 0.743961
vt 0.760624 0.737663
vt 0.717051 0.014098
vt 0.724315 0.019672
vt 0.730891 0.025985
vt 0.758809 0.737141
vt 0.619114 0.925660
vt 0.617299 0.926199
vt 0.619114 0.919085
vt 0.724949 0.018658
vt 0.620672 0.918287
vt 0.620672 0.911351
vt 0.731807 0.024725
vt 0.737926 0.031481
vt 0.617299 0.919586
vt 0.619114 0.912085
vt 0.620672 0.904028
vt 0.738927 0.030288
vt 0.744560 0.037455
vt 0.617299 0.912546
vt 0.619114 0.904694
vt 0.620672 0.896353
vt 0.745642 0.036334
vt 0.750761 0.043877
vt 0.617299 0.905113
vt 0.619114 0.896949
vt 0.620672 0.888365
vt 0.751919 0.042834
vt 0.756500 0.050716
vt 0.617299 0.897323
vt 0.619114 0.888886
vt 0.620672 0.880101
vt 0.757728 0.049756
vt 0.761747 0.057938
vt 0.617299 0.889214
vt 0.619114 0.880546
vt 0.620672 0.871602
vt 0.763039 0.057067
vt 0.766478 0.065509
vt 0.617299 0.880826
vt 0.619114 0.871969
vt 0.620672 0.862910
vt 0.767827 0.064730
vt 0.770669 0.073391
vt 0.617299 0.872200
vt 0.619114 0.863197
vt 0.620672 0.854067
vt 0.772070 0.072708
vt 0.774300 0.081547
vt 0.617299 0.863377
vt 0.619114 0.854272
vt 0.620672 0.845116
vt 0.775745 0.080963
vt 0.777354 0.089936
vt 0.617299 0.854401
vt 0.619114 0.845238
vt 0.620672 0.836100
vt 0.778835 0.089454
vt 0.779814 0.098517
vt 0.617299 0.845315
vt 0.619114 0.836139
vt 0.620672 0.827064
vt 0.781326 0.098140
vt 0.781670 0.107250
vt 0.617299 0.836164
vt 0.619114 0.827020
vt 0.620672 0.818052
vt 0.783205 0.106979
vt 0.782913 0.116090
vt 0.617299 0.826992
vt 0.619114 0.817924
vt 0.620672 0.809107
vt 0.784462 0.115927
vt 0.783536 0.124996
vt 0.617299 0.817843
vt 0.619114 0.808896
vt 0.620672 0.800272
vt 0.785093 0.124941
vt 0.783536 0.133923
vt 0.617299 0.808764
vt 0.619114 0.799980
vt 0.620672 0.791592
vt 0.785093 0.133978
vt 0.782913 0.142829
vt 0.617299 0.799797
vt 0.619114 0.791220
vt 0.620672 0.783108
vt 0.784462 0.142992
vt 0.617299 0.790986
vt 0.619114 0.782658
vt 0.617299 0.782375
vt 0.671215 0.782375
vt 0.671215 0.774005
vt 0.671215 0.765917
vt 0.671215 0.758150
vt 0.671215 0.750742
vt 0.671215 0.743730
vt 0.671215 0.737148
vt 0.003373 0.928481
vt 0.003373 0.921531
vt 0.003373 0.914180
vt 0.003373 0.906465
vt 0.003373 0.898422
vt 0.003373 0.890091
vt 0.003373 0.881513
vt 0.003373 0.872730
vt 0.003373 0.863783
vt 0.003373 0.854718
vt 0.003373 0.845577
vt 0.003373 0.836405
vt 0.003373 0.827248
vt 0.003373 0.818150
vt 0.003373 0.809155
vt 0.003373 0.800306
vt 0.003373 0.791648
vt 0.003373 0.783222
vt 0.003373 0.775069
vt 0.003373 0.767229
vt 0.003373 0.759740
vt 0.003373 0.752639
vt 0.003373 0.745960
vt 0.624044 0.926199
vt 0.624044 0.919587
vt 0.624044 0.912546
vt 0.624044 0.905113
vt 0.624044 0.897323
vt 0.624044 0.889215
vt 0.624044 0.880827
vt 0.624044 0.872201
vt 0.624044 0.863378
vt 0.624044 0.854402
vt 0.624044 0.845316
vt 0.624044 0.836165
vt 0.624044 0.826993
vt 0.624044 0.817845
vt 0.624044 0.808765
vt 0.624044 0.799798
vt 0.624044 0.790987
vt 0.624044 0.782376
vt 0.624044 0.774005
vt 0.624044 0.765917
vt 0.624044 0.758150
vt 0.624044 0.750743
vt 0.624044 0.743731
vt 0.624044 0.737148
vt 0.765555 0.919706
vt 0.765555 0.912894
vt 0.765555 0.905671
vt 0.765555 0.898070
vt 0.765555 0.890130
vt 0.765555 0.881889
vt 0.765555 0.873387
vt 0.765555 0.864666
vt 0.765555 0.855768
vt 0.765555 0.846736
vt 0.765555 0.837615
vt 0.765555 0.828449
vt 0.765555 0.819282
vt 0.765555 0.810160
vt 0.765555 0.801126
vt 0.765555 0.792225
vt 0.765555 0.783500
vt 0.765555 0.774993
vt 0.765555 0.766747
vt 0.765555 0.758800
vt 0.765555 0.751193
vt 0.765555 0.743961
vt 0.765555 0.737141
vt 0.671215 0.926199
vt 0.671215 0.919586
vt 0.671215 0.912546
vt 0.671215 0.905113
vt 0.671215 0.897323
vt 0.671215 0.889214
vt 0.671215 0.880826
vt 0.671215 0.872200
vt 0.671215 0.863377
vt 0.671215 0.854401
vt 0.671215 0.845315
vt 0.671215 0.836164
vt 0.671215 0.826992
vt 0.671215 0.817843
vt 0.671215 0.808764
vt 0.671215 0.799797
vt 0.671215 0.790986
vt 0.629497 0.265047
vt 0.638164 0.263519
vt 0.646917 0.262599
vt 0.637912 0.261722
vt 0.646790 0.260789
vt 0.637695 0.260179
vt 0.646682 0.259234
vt 0.667842 0.783109
vt 0.667842 0.774862
vt 0.669400 0.774336
vt 0.669400 0.782658
vt 0.620958 0.267176
vt 0.612588 0.269896
vt 0.604428 0.273193
vt 0.596518 0.277050
vt 0.588896 0.281451
vt 0.581600 0.286372
vt 0.574665 0.291790
vt 0.568125 0.297679
vt 0.562012 0.304010
vt 0.556355 0.310752
vt 0.551182 0.317872
vt 0.546518 0.325335
vt 0.542386 0.333106
vt 0.538807 0.341146
vt 0.535797 0.349416
vt 0.533371 0.357875
vt 0.531541 0.366484
vt 0.530316 0.375199
vt 0.529702 0.383978
vt 0.529702 0.392779
vt 0.530316 0.401558
vt 0.531541 0.410273
vt 0.533371 0.418882
vt 0.535797 0.427341
vt 0.538807 0.435611
vt 0.542386 0.443651
vt 0.546518 0.451422
vt 0.551182 0.458885
vt 0.556354 0.466005
vt 0.562011 0.472747
vt 0.568125 0.479078
vt 0.574665 0.484967
vt 0.581600 0.490385
vt 0.588896 0.495306
vt 0.596518 0.499707
vt 0.604428 0.503564
vt 0.612588 0.506861
vt 0.620958 0.509581
vt 0.629497 0.511710
vt 0.638164 0.513238
vt 0.646917 0.514158
vt 0.655712 0.514465
vt 0.664508 0.514158
vt 0.673260 0.513238
vt 0.681927 0.511710
vt 0.682304 0.513485
vt 0.690967 0.511325
vt 0.691396 0.512823
vt 0.699990 0.510031
vt 0.620672 0.759243
vt 0.620672 0.751945
vt 0.622230 0.751207
vt 0.700399 0.511154
vt 0.708854 0.507738
vt 0.622230 0.744235
vt 0.690466 0.509581
vt 0.699457 0.508566
vt 0.708368 0.506646
vt 0.717051 0.503740
vt 0.622230 0.737690
vt 0.763740 0.919184
vt 0.698836 0.506861
vt 0.707734 0.505222
vt 0.716490 0.502684
vt 0.724949 0.499180
vt 0.763740 0.912411
vt 0.706996 0.503565
vt 0.715758 0.501309
vt 0.724315 0.498166
vt 0.762182 0.911642
vt 0.763740 0.905228
vt 0.714906 0.499707
vt 0.723490 0.496845
vt 0.731807 0.493113
vt 0.762182 0.904525
vt 0.763740 0.897671
vt 0.722528 0.495306
vt 0.730891 0.491853
vt 0.738927 0.487550
vt 0.762182 0.897037
vt 0.763740 0.889777
vt 0.729824 0.490385
vt 0.737926 0.486357
vt 0.745642 0.481504
vt 0.762182 0.889215
vt 0.763740 0.881583
vt 0.736759 0.484967
vt 0.744560 0.480383
vt 0.751919 0.475004
vt 0.762182 0.881096
vt 0.763740 0.873129
vt 0.743299 0.479078
vt 0.750761 0.473961
vt 0.757728 0.468082
vt 0.762182 0.872720
vt 0.763740 0.864458
vt 0.749413 0.472747
vt 0.756500 0.467122
vt 0.763039 0.460771
vt 0.762182 0.864128
vt 0.763740 0.855611
vt 0.755070 0.466005
vt 0.761747 0.459900
vt 0.767827 0.453108
vt 0.762182 0.855362
vt 0.763740 0.846631
vt 0.760243 0.458885
vt 0.766478 0.452329
vt 0.772070 0.445130
vt 0.762182 0.846464
vt 0.763740 0.837562
vt 0.764907 0.451422
vt 0.770669 0.444447
vt 0.775745 0.436875
vt 0.762182 0.837478
vt 0.763740 0.828448
vt 0.769038 0.443651
vt 0.774300 0.436291
vt 0.778835 0.428384
vt 0.762182 0.828447
vt 0.763740 0.819334
vt 0.772618 0.435612
vt 0.777354 0.427902
vt 0.781326 0.419698
vt 0.762182 0.819416
vt 0.763740 0.810264
vt 0.775628 0.427342
vt 0.779814 0.419321
vt 0.783205 0.410859
vt 0.762182 0.810429
vt 0.763740 0.801281
vt 0.778054 0.418882
vt 0.781670 0.410588
vt 0.784463 0.401911
vt 0.762182 0.801529
vt 0.763740 0.792431
vt 0.779883 0.410273
vt 0.782913 0.401748
vt 0.785093 0.392897
vt 0.762182 0.792760
vt 0.763740 0.783756
vt 0.781108 0.401558
vt 0.783536 0.392842
vt 0.785093 0.383861
vt 0.762182 0.784164
vt 0.763740 0.775298
vt 0.781722 0.392779
vt 0.783536 0.383915
vt 0.784463 0.374846
vt 0.762182 0.775784
vt 0.763740 0.767099
vt 0.781722 0.383978
vt 0.782913 0.375009
vt 0.783205 0.365898
vt 0.762182 0.767660
vt 0.763740 0.759198
vt 0.781108 0.375199
vt 0.781670 0.366169
vt 0.781326 0.357060
vt 0.762182 0.759831
vt 0.763740 0.751634
vt 0.779883 0.366484
vt 0.779814 0.357436
vt 0.778836 0.348373
vt 0.762182 0.752336
vt 0.763740 0.744444
vt 0.778054 0.357875
vt 0.777354 0.348855
vt 0.775745 0.339882
vt 0.762182 0.745212
vt 0.776854 0.339434
vt 0.773144 0.331103
vt 0.763740 0.737663
vt 0.669400 0.925660
vt 0.775628 0.349416
vt 0.774300 0.340466
vt 0.772070 0.331627
vt 0.768863 0.323051
vt 0.669400 0.919085
vt 0.772618 0.341146
vt 0.770669 0.332310
vt 0.767827 0.323649
vt 0.667842 0.918287
vt 0.669400 0.912085
vt 0.769038 0.333106
vt 0.766478 0.324428
vt 0.763039 0.315986
vt 0.667842 0.911351
vt 0.669400 0.904694
vt 0.764907 0.325335
vt 0.761747 0.316857
vt 0.757728 0.308675
vt 0.667842 0.904028
vt 0.669400 0.896949
vt 0.760243 0.317872
vt 0.756500 0.309635
vt 0.751919 0.301753
vt 0.667842 0.896353
vt 0.669400 0.888886
vt 0.755070 0.310752
vt 0.750761 0.302796
vt 0.745642 0.295253
vt 0.667842 0.888365
vt 0.669400 0.880546
vt 0.749413 0.304010
vt 0.744560 0.296374
vt 0.738927 0.289207
vt 0.667842 0.880101
vt 0.669400 0.871969
vt 0.743299 0.297679
vt 0.737926 0.290400
vt 0.731807 0.283644
vt 0.667842 0.871602
vt 0.669400 0.863197
vt 0.736759 0.291791
vt 0.730891 0.284904
vt 0.724315 0.278591
vt 0.667842 0.862910
vt 0.669400 0.854272
vt 0.729824 0.286372
vt 0.723490 0.279912
vt 0.716490 0.274073
vt 0.667842 0.854067
vt 0.669400 0.845238
vt 0.722528 0.281451
vt 0.715758 0.275448
vt 0.708368 0.270111
vt 0.667842 0.845116
vt 0.669400 0.836139
vt 0.714906 0.277051
vt 0.707734 0.271535
vt 0.699990 0.266726
vt 0.667842 0.836100
vt 0.669400 0.827020
vt 0.706996 0.273193
vt 0.699457 0.268191
vt 0.691396 0.263934
vt 0.667842 0.827064
vt 0.669400 0.817924
vt 0.698837 0.269896
vt 0.690967 0.265432
vt 0.682628 0.261748
vt 0.667842 0.818052
vt 0.669400 0.808896
vt 0.690467 0.267176
vt 0.682304 0.263272
vt 0.673730 0.260179
vt 0.667842 0.809107
vt 0.669400 0.799980
vt 0.681927 0.265047
vt 0.673513 0.261722
vt 0.664743 0.259234
vt 0.667842 0.800272
vt 0.669400 0.791220
vt 0.673260 0.263519
vt 0.664634 0.260789
vt 0.655712 0.258919
vt 0.667842 0.791592
vt 0.664508 0.262599
vt 0.655712 0.260477
vt 0.655712 0.262292
vt 0.622230 0.774336
vt 0.622230 0.766294
vt 0.622230 0.758572
vt 0.620672 0.774863
vt 0.620672 0.766895
vt 0.622230 0.782659
vt 0.622230 0.791221
vt 0.622230 0.799981
vt 0.622230 0.808897
vt 0.622230 0.817925
vt 0.622230 0.827021
vt 0.622230 0.836140
vt 0.622230 0.845239
vt 0.622230 0.854273
vt 0.622230 0.863198
vt 0.622230 0.871970
vt 0.622230 0.880547
vt 0.622230 0.888887
vt 0.622230 0.896949
vt 0.622230 0.904694
vt 0.622230 0.912085
vt 0.622230 0.919085
vt 0.622230 0.925660
vt 0.001558 0.746494
vt 0.001558 0.753134
vt 0.001558 0.760195
vt 0.001558 0.767641
vt 0.001558 0.775436
vt 0.001558 0.783542
vt 0.001558 0.791920
vt 0.001558 0.800529
vt 0.001558 0.809327
vt 0.001558 0.818271
vt 0.001558 0.827317
vt 0.001558 0.836422
vt 0.001558 0.845541
vt 0.001558 0.854629
vt 0.001558 0.863643
vt 0.001558 0.872539
vt 0.001558 0.881272
vt 0.001558 0.889801
vt 0.001558 0.898084
vt 0.001558 0.906080
vt 0.001558 0.913752
vt 0.001558 0.921060
vt 0.001558 0.927971
vt 0.669400 0.737690
vt 0.669400 0.744235
vt 0.669400 0.751207
vt 0.669400 0.758572
vt 0.669400 0.766294
vt 0.673729 0.516578
vt 0.673513 0.515035
vt 0.682628 0.515009
vt 0.620672 0.783109
vt 0.620672 0.791593
vt 0.620672 0.800273
vt 0.620672 0.809107
vt 0.620672 0.818053
vt 0.620672 0.827065
vt 0.620672 0.836101
vt 0.620672 0.845117
vt 0.620672 0.854068
vt 0.620672 0.862911
vt 0.620672 0.871603
vt 0.620672 0.880102
vt 0.620672 0.888365
vt 0.620672 0.896354
vt 0.620672 0.904028
vt 0.620672 0.911351
vt 0.620672 0.918287
vt 0.543597 0.453108
vt 0.542562 0.453706
vt 0.539355 0.445130
vt 0.538280 0.445654
vt 0.535679 0.436875
vt 0.534571 0.437323
vt 0.000000 0.753923
vt 0.000000 0.760919
vt 0.000000 0.768297
vt 0.000000 0.776021
vt 0.000000 0.784053
vt 0.000000 0.792354
vt 0.000000 0.800884
vt 0.000000 0.809601
vt 0.000000 0.818463
vt 0.000000 0.827427
vt 0.000000 0.836448
vt 0.000000 0.845484
vt 0.000000 0.854489
vt 0.000000 0.863421
vt 0.000000 0.872234
vt 0.000000 0.880888
vt 0.000000 0.889339
vt 0.000000 0.897546
vt 0.000000 0.905469
vt 0.000000 0.913070
vt 0.000000 0.920312
vt 0.587109 0.278591
vt 0.586476 0.277577
vt 0.594935 0.274073
vt 0.594373 0.273017
vt 0.603056 0.270111
vt 0.602570 0.269019
vt 0.611435 0.266726
vt 0.611026 0.265603
vt 0.667842 0.751945
vt 0.667842 0.759243
vt 0.667842 0.766894
vt 0.664634 0.515968
vt 0.664743 0.517523
vt 0.655712 0.516280
vt 0.655712 0.517838
vt 0.646790 0.515968
vt 0.646682 0.517523
vt 0.637912 0.515035
vt 0.637695 0.516578
vt 0.629120 0.513485
vt 0.628796 0.515009
vt 0.620458 0.511325
vt 0.620028 0.512823
vt 0.611967 0.508566
vt 0.611434 0.510031
vt 0.603690 0.505222
vt 0.603056 0.506646
vt 0.595666 0.501309
vt 0.594935 0.502684
vt 0.587935 0.496845
vt 0.587109 0.498166
vt 0.580534 0.491853
vt 0.579618 0.493113
vt 0.573499 0.486357
vt 0.572497 0.487550
vt 0.566864 0.480383
vt 0.565782 0.481504
vt 0.560663 0.473961
vt 0.559505 0.475004
vt 0.554925 0.467122
vt 0.553697 0.468082
vt 0.549677 0.459900
vt 0.548385 0.460771
vt 0.544946 0.452329
vt 0.540755 0.444447
vt 0.537124 0.436291
vt 0.534071 0.427902
vt 0.532589 0.428384
vt 0.531610 0.419321
vt 0.530098 0.419698
vt 0.529754 0.410588
vt 0.528220 0.410859
vt 0.528512 0.401748
vt 0.526962 0.401911
vt 0.527889 0.392842
vt 0.526332 0.392897
vt 0.527889 0.383915
vt 0.526332 0.383860
vt 0.528512 0.375009
vt 0.526962 0.374846
vt 0.529754 0.366169
vt 0.528220 0.365898
vt 0.531610 0.357436
vt 0.530098 0.357059
vt 0.534071 0.348855
vt 0.532589 0.348373
vt 0.537124 0.340466
vt 0.535679 0.339882
vt 0.540755 0.332310
vt 0.539355 0.331627
vt 0.544946 0.324428
vt 0.543597 0.323649
vt 0.549677 0.316857
vt 0.548386 0.315986
vt 0.554925 0.309635
vt 0.553697 0.308675
vt 0.560663 0.302796
vt 0.559505 0.301753
vt 0.566865 0.296374
vt 0.565782 0.295253
vt 0.573499 0.290400
vt 0.572497 0.289207
vt 0.580534 0.284904
vt 0.579618 0.283644
vt 0.587935 0.279912
vt 0.595666 0.275448
vt 0.603690 0.271535
vt 0.611967 0.268191
vt 0.620458 0.265432
vt 0.620028 0.263934
vt 0.629120 0.263272
vt 0.628796 0.261748
vt 0.235335 0.212723
vt 0.229428 0.219763
vt 0.225933 0.216617
vt 0.223044 0.226374
vt 0.219706 0.223060
vt 0.216214 0.232523
vt 0.213039 0.229049
vt 0.208973 0.238181
vt 0.205967 0.234552
vt 0.201354 0.243320
vt 0.198524 0.239543
vt 0.193395 0.247915
vt 0.190747 0.243996
vt 0.185135 0.251943
vt 0.182676 0.247889
vt 0.176614 0.255386
vt 0.174350 0.251204
vt 0.167874 0.258226
vt 0.165812 0.253923
vt 0.158957 0.260449
vt 0.157102 0.256033
vt 0.149907 0.262045
vt 0.148266 0.257523
vt 0.140767 0.263005
vt 0.139346 0.258386
vt 0.131583 0.263326
vt 0.130388 0.258618
vt 0.122399 0.263005
vt 0.121436 0.258218
vt 0.113259 0.262045
vt 0.112534 0.257187
vt 0.104209 0.260449
vt 0.103727 0.255530
vt 0.095292 0.258226
vt 0.095059 0.253257
vt 0.086551 0.255386
vt 0.086573 0.250378
vt 0.078031 0.251943
vt 0.078311 0.246907
vt 0.069771 0.247915
vt 0.070314 0.242862
vt 0.061812 0.243320
vt 0.062623 0.238263
vt 0.054193 0.238181
vt 0.055275 0.233133
vt 0.046951 0.232523
vt 0.048308 0.227498
vt 0.040122 0.226374
vt 0.041755 0.221385
vt 0.033738 0.219763
vt 0.035650 0.214825
vt 0.027831 0.212723
vt 0.030023 0.207851
vt 0.022429 0.205288
vt 0.024902 0.200497
vt 0.017559 0.197495
vt 0.020312 0.192801
vt 0.013245 0.189380
vt 0.016276 0.184800
vt 0.009507 0.180985
vt 0.012815 0.176534
vt 0.006364 0.172349
vt 0.009946 0.168044
vt 0.003831 0.163515
vt 0.007683 0.159373
vt 0.001920 0.154526
vt 0.006037 0.150565
vt 0.000641 0.145426
vt 0.005016 0.141662
vt -0.000000 0.136258
vt 0.004626 0.132709
vt -0.000000 0.127068
vt 0.004869 0.123751
vt 0.000641 0.117901
vt 0.005743 0.114832
vt 0.001920 0.108800
vt 0.007243 0.105998
vt 0.003831 0.099811
vt 0.009363 0.097291
vt 0.006364 0.090977
vt 0.012092 0.088755
vt 0.009507 0.082341
vt 0.015417 0.080433
vt 0.013245 0.073946
vt 0.019320 0.072367
vt 0.017559 0.065832
vt 0.023782 0.064595
vt 0.022429 0.058038
vt 0.028782 0.057158
vt 0.027831 0.050603
vt 0.034293 0.050092
vt 0.033738 0.043563
vt 0.040289 0.043433
vt 0.040122 0.036953
vt 0.046741 0.037213
vt 0.046951 0.030803
vt 0.053614 0.031464
vt 0.054193 0.025145
vt 0.060877 0.026213
vt 0.061812 0.020006
vt 0.068491 0.021488
vt 0.069771 0.015411
vt 0.076420 0.017312
vt 0.078031 0.011383
vt 0.084623 0.013706
vt 0.086551 0.007940
vt 0.093061 0.010687
vt 0.095292 0.005100
vt 0.101690 0.008271
vt 0.104209 0.002877
vt 0.110469 0.006470
vt 0.113259 0.001281
vt 0.119352 0.005293
vt 0.122399 0.000321
vt 0.128297 0.004745
vt 0.131583 0.000000
vt 0.137258 0.004829
vt 0.140767 0.000321
vt 0.146190 0.005545
vt 0.149907 0.001281
vt 0.155050 0.006890
vt 0.158957 0.002877
vt 0.163793 0.008856
vt 0.167874 0.005100
vt 0.172375 0.011434
vt 0.176614 0.007940
vt 0.180755 0.014611
vt 0.185135 0.011383
vt 0.188889 0.018371
vt 0.193395 0.015411
vt 0.196738 0.022696
vt 0.201354 0.020006
vt 0.204262 0.027563
vt 0.208973 0.025145
vt 0.211424 0.032949
vt 0.216214 0.030803
vt 0.218188 0.038827
vt 0.223044 0.036953
vt 0.224521 0.045167
vt 0.229428 0.043563
vt 0.230391 0.051938
vt 0.235335 0.050603
vt 0.235768 0.059107
vt 0.240737 0.058038
vt 0.240627 0.066637
vt 0.245606 0.065832
vt 0.244942 0.074490
vt 0.249921 0.073946
vt 0.248693 0.082629
vt 0.253659 0.082341
vt 0.251860 0.091012
vt 0.256802 0.090977
vt 0.254428 0.099598
vt 0.259335 0.099811
vt 0.256384 0.108343
vt 0.261246 0.108800
vt 0.257718 0.117204
vt 0.262525 0.117901
vt 0.258423 0.126138
vt 0.263166 0.127068
vt 0.258497 0.135099
vt 0.263166 0.136258
vt 0.257939 0.144042
vt 0.262525 0.145426
vt 0.256751 0.152925
vt 0.261246 0.154526
vt 0.254939 0.161701
vt 0.259335 0.163515
vt 0.252513 0.170327
vt 0.256802 0.172349
vt 0.249485 0.178761
vt 0.253659 0.180985
vt 0.245869 0.186961
vt 0.249921 0.189380
vt 0.241683 0.194885
vt 0.245606 0.197495
vt 0.236949 0.202494
vt 0.240737 0.205288
vt 0.231691 0.209750
vt 0.483541 0.554706
vt 0.498588 0.554706
vt 0.483541 0.562607
vt 0.498588 0.562607
vt 0.483541 0.570786
vt 0.498588 0.570786
vt 0.498588 0.579203
vt 0.483541 0.547123
vt 0.498588 0.547123
vt 0.483541 0.539897
vt 0.498588 0.539897
vt 0.483541 0.533062
vt 0.498588 0.533062
vt 0.483541 0.526652
vt 0.498588 0.526652
vt 0.062217 0.923629
vt 0.047170 0.923629
vt 0.047170 0.916814
vt 0.062217 0.916814
vt 0.047170 0.909605
vt 0.062217 0.909605
vt 0.047170 0.902038
vt 0.062217 0.902038
vt 0.047170 0.894152
vt 0.062217 0.894152
vt 0.047170 0.885985
vt 0.062217 0.885985
vt 0.047170 0.877578
vt 0.062217 0.877578
vt 0.047170 0.868973
vt 0.062217 0.868973
vt 0.047170 0.860214
vt 0.062217 0.860214
vt 0.047170 0.851342
vt 0.062217 0.851342
vt 0.047170 0.842404
vt 0.062217 0.842404
vt 0.047170 0.833443
vt 0.062217 0.833443
vt 0.047170 0.824503
vt 0.062217 0.824503
vt 0.047170 0.815630
vt 0.062217 0.815630
vt 0.047170 0.806868
vt 0.062217 0.806868
vt 0.047170 0.798260
vt 0.062217 0.798260
vt 0.047170 0.789849
vt 0.062217 0.789849
vt 0.047170 0.781678
vt 0.062217 0.781678
vt 0.047170 0.773786
vt 0.062217 0.773786
vt 0.047170 0.766213
vt 0.062217 0.766213
vt 0.047170 0.758997
vt 0.062217 0.758997
vt 0.047170 0.752174
vt 0.062217 0.752174
vt 0.047170 0.745778
vt 0.062217 0.745778
vt 0.498588 0.888849
vt 0.483541 0.888849
vt 0.483541 0.882256
vt 0.498588 0.882256
vt 0.483541 0.875251
vt 0.498588 0.875251
vt 0.483541 0.867869
vt 0.498588 0.867869
vt 0.483541 0.860147
vt 0.498588 0.860147
vt 0.483541 0.852124
vt 0.498588 0.852124
vt 0.483541 0.843839
vt 0.498588 0.843839
vt 0.483541 0.835334
vt 0.498588 0.835334
vt 0.483541 0.826651
vt 0.498588 0.826651
vt 0.483541 0.817833
vt 0.498588 0.817833
vt 0.483541 0.808924
vt 0.498588 0.808924
vt 0.483541 0.799969
vt 0.498588 0.799969
vt 0.483541 0.791013
vt 0.498588 0.791013
vt 0.483541 0.782099
vt 0.498588 0.782099
vt 0.483541 0.773273
vt 0.498588 0.773273
vt 0.483541 0.764578
vt 0.498588 0.764578
vt 0.483541 0.756058
vt 0.498588 0.756058
vt 0.483541 0.747754
vt 0.498588 0.747754
vt 0.483541 0.739709
vt 0.498588 0.739709
vt 0.483541 0.731963
vt 0.498588 0.731963
vt 0.483541 0.724553
vt 0.498588 0.724553
vt 0.483541 0.717518
vt 0.498588 0.717518
vt 0.483541 0.710891
vt 0.498588 0.710891
vt 0.871569 0.914872
vt 0.856522 0.914872
vt 0.856522 0.908406
vt 0.871569 0.908406
vt 0.856522 0.901518
vt 0.871569 0.901518
vt 0.856522 0.894243
vt 0.871569 0.894243
vt 0.856522 0.886617
vt 0.871569 0.886617
vt 0.856522 0.878678
vt 0.871569 0.878678
vt 0.856522 0.870466
vt 0.871569 0.870466
vt 0.856522 0.862021
vt 0.871569 0.862021
vt 0.856522 0.853385
vt 0.871569 0.853385
vt 0.856522 0.844602
vt 0.871569 0.844602
vt 0.856522 0.835716
vt 0.871569 0.835716
vt 0.856522 0.826770
vt 0.871569 0.826770
vt 0.856522 0.817810
vt 0.871569 0.817810
vt 0.856522 0.808879
vt 0.871569 0.808879
vt 0.856522 0.800022
vt 0.871569 0.800022
vt 0.856522 0.791284
vt 0.871569 0.791284
vt 0.856522 0.782708
vt 0.871569 0.782708
vt 0.856522 0.774337
vt 0.871569 0.774337
vt 0.856522 0.766212
vt 0.871569 0.766212
vt 0.856522 0.758374
vt 0.871569 0.758374
vt 0.856522 0.750862
vt 0.871569 0.750862
vt 0.856522 0.743713
vt 0.871569 0.743713
vt 0.856522 0.736963
vt 0.871569 0.736963
vt 0.498588 0.710891
vt 0.483541 0.710891
vt 0.483541 0.704516
vt 0.498588 0.704516
vt 0.483541 0.697713
vt 0.498588 0.697713
vt 0.483541 0.690515
vt 0.498588 0.690515
vt 0.483541 0.682958
vt 0.498588 0.682958
vt 0.483541 0.675080
vt 0.498588 0.675080
vt 0.483541 0.666921
vt 0.498588 0.666921
vt 0.483541 0.658521
vt 0.498588 0.658521
vt 0.483541 0.649921
vt 0.498588 0.649921
vt 0.483541 0.641165
vt 0.498588 0.641165
vt 0.483541 0.632297
vt 0.498588 0.632297
vt 0.483541 0.623359
vt 0.498588 0.623359
vt 0.483541 0.614398
vt 0.498588 0.614398
vt 0.483541 0.605457
vt 0.498588 0.605457
vt 0.483541 0.596582
vt 0.498588 0.596582
vt 0.483541 0.587816
vt 0.498588 0.587816
vt 0.483541 0.579203
vt 0.290997 0.050603
vt 0.296904 0.043563
vt 0.300398 0.046710
vt 0.303288 0.036953
vt 0.306626 0.040266
vt 0.310117 0.030803
vt 0.313293 0.034278
vt 0.317359 0.025145
vt 0.320365 0.028774
vt 0.324978 0.020006
vt 0.327808 0.023784
vt 0.332937 0.015411
vt 0.335584 0.019330
vt 0.341196 0.011383
vt 0.343656 0.015437
vt 0.349717 0.007940
vt 0.351981 0.012122
vt 0.358457 0.005100
vt 0.360520 0.009403
vt 0.367374 0.002877
vt 0.369229 0.007293
vt 0.376425 0.001281
vt 0.378066 0.005803
vt 0.385564 0.000321
vt 0.386986 0.004940
vt 0.394749 -0.000000
vt 0.395944 0.004708
vt 0.403933 0.000321
vt 0.404896 0.005108
vt 0.413073 0.001281
vt 0.413798 0.006139
vt 0.422123 0.002877
vt 0.422605 0.007796
vt 0.431040 0.005100
vt 0.431273 0.010069
vt 0.439780 0.007940
vt 0.439759 0.012949
vt 0.448301 0.011383
vt 0.448021 0.016419
vt 0.456561 0.015411
vt 0.456017 0.020464
vt 0.464520 0.020006
vt 0.463708 0.025063
vt 0.472138 0.025145
vt 0.471056 0.030193
vt 0.479380 0.030803
vt 0.478024 0.035828
vt 0.486210 0.036953
vt 0.484576 0.041941
vt 0.492593 0.043563
vt 0.490682 0.048501
vt 0.498501 0.050603
vt 0.496309 0.055475
vt 0.503902 0.058038
vt 0.501430 0.062829
vt 0.508772 0.065832
vt 0.506020 0.070525
vt 0.513087 0.073946
vt 0.510055 0.078527
vt 0.516825 0.082341
vt 0.513516 0.086793
vt 0.519968 0.090977
vt 0.516385 0.095282
vt 0.522501 0.099811
vt 0.518649 0.103953
vt 0.524412 0.108800
vt 0.520295 0.112762
vt 0.525691 0.117901
vt 0.521315 0.121665
vt 0.526332 0.127068
vt 0.521705 0.130617
vt 0.526332 0.136258
vt 0.521463 0.139575
vt 0.525691 0.145426
vt 0.520589 0.148494
vt 0.524412 0.154526
vt 0.519088 0.157329
vt 0.522501 0.163515
vt 0.516968 0.166036
vt 0.519968 0.172349
vt 0.514239 0.174571
vt 0.516825 0.180985
vt 0.510915 0.182893
vt 0.513087 0.189380
vt 0.507012 0.190960
vt 0.508772 0.197495
vt 0.502549 0.198731
vt 0.503902 0.205288
vt 0.497550 0.206168
vt 0.498501 0.212723
vt 0.492038 0.213234
vt 0.492593 0.219763
vt 0.486042 0.219893
vt 0.486210 0.226374
vt 0.479591 0.226113
vt 0.479380 0.232523
vt 0.472717 0.231863
vt 0.472138 0.238181
vt 0.465455 0.237113
vt 0.464520 0.243320
vt 0.457841 0.241838
vt 0.456561 0.247915
vt 0.449912 0.246014
vt 0.448301 0.251943
vt 0.441708 0.249620
vt 0.439780 0.255386
vt 0.433271 0.252639
vt 0.431040 0.258226
vt 0.424641 0.255055
vt 0.422123 0.260449
vt 0.415863 0.256856
vt 0.413073 0.262045
vt 0.406979 0.258033
vt 0.403933 0.263005
vt 0.398035 0.258581
vt 0.394749 0.263326
vt 0.389074 0.258497
vt 0.385564 0.263005
vt 0.380141 0.257781
vt 0.376425 0.262045
vt 0.371282 0.256436
vt 0.367374 0.260449
vt 0.362539 0.254470
vt 0.358457 0.258226
vt 0.353956 0.251892
vt 0.349717 0.255386
vt 0.345577 0.248715
vt 0.341197 0.251943
vt 0.337443 0.244955
vt 0.332937 0.247915
vt 0.329594 0.240631
vt 0.324978 0.243320
vt 0.322070 0.235763
vt 0.317359 0.238181
vt 0.314908 0.230377
vt 0.310117 0.232523
vt 0.308143 0.224499
vt 0.303288 0.226374
vt 0.301811 0.218159
vt 0.296904 0.219763
vt 0.295941 0.211388
vt 0.290997 0.212723
vt 0.290563 0.204219
vt 0.285595 0.205288
vt 0.285705 0.196690
vt 0.280725 0.197495
vt 0.281389 0.188836
vt 0.276411 0.189380
vt 0.277639 0.180697
vt 0.272673 0.180985
vt 0.274472 0.172314
vt 0.269530 0.172349
vt 0.271904 0.163729
vt 0.266997 0.163515
vt 0.269948 0.154983
vt 0.265086 0.154526
vt 0.268614 0.146122
vt 0.263807 0.145426
vt 0.267908 0.137189
vt 0.267834 0.128228
vt 0.268393 0.119284
vt 0.263807 0.117901
vt 0.269581 0.110402
vt 0.265086 0.108800
vt 0.271392 0.101625
vt 0.266997 0.099811
vt 0.273818 0.092999
vt 0.269530 0.090977
vt 0.276847 0.084565
vt 0.272673 0.082341
vt 0.280463 0.076365
vt 0.276411 0.073946
vt 0.284648 0.068442
vt 0.280725 0.065832
vt 0.289382 0.060833
vt 0.285595 0.058038
vt 0.294641 0.053577
vt 0.027831 0.313929
vt 0.033738 0.306890
vt 0.037233 0.310036
vt 0.040122 0.300279
vt 0.043460 0.303592
vt 0.046951 0.294130
vt 0.050127 0.297604
vt 0.054193 0.288472
vt 0.057199 0.292101
vt 0.061812 0.283333
vt 0.064642 0.287110
vt 0.069771 0.278738
vt 0.072418 0.282657
vt 0.078031 0.274709
vt 0.080490 0.278763
vt 0.086551 0.271266
vt 0.088815 0.275449
vt 0.095292 0.268427
vt 0.097354 0.272730
vt 0.104209 0.266203
vt 0.106064 0.270620
vt 0.113259 0.264608
vt 0.114900 0.269129
vt 0.122399 0.263647
vt 0.123820 0.268266
vt 0.131583 0.263326
vt 0.132778 0.268034
vt 0.140767 0.263647
vt 0.141730 0.268435
vt 0.149907 0.264608
vt 0.150632 0.269466
vt 0.158957 0.266203
vt 0.159439 0.271122
vt 0.167874 0.268427
vt 0.168107 0.273396
vt 0.176614 0.271266
vt 0.176593 0.276275
vt 0.185135 0.274709
vt 0.184855 0.279745
vt 0.193395 0.278738
vt 0.192851 0.283790
vt 0.201354 0.283333
vt 0.200543 0.288389
vt 0.208973 0.288472
vt 0.207890 0.293519
vt 0.216214 0.294130
vt 0.214858 0.299154
vt 0.223044 0.300279
vt 0.221411 0.305267
vt 0.229428 0.306890
vt 0.227516 0.311827
vt 0.235335 0.313929
vt 0.233143 0.318801
vt 0.240737 0.321364
vt 0.238264 0.326155
vt 0.245606 0.329158
vt 0.242854 0.333852
vt 0.249921 0.337272
vt 0.246889 0.341853
vt 0.253659 0.345667
vt 0.250350 0.350119
vt 0.256802 0.354303
vt 0.253220 0.358608
vt 0.259335 0.363137
vt 0.255483 0.367279
vt 0.261246 0.372126
vt 0.257129 0.376088
vt 0.262525 0.381227
vt 0.258149 0.384991
vt 0.263166 0.390394
vt 0.258539 0.393944
vt 0.263166 0.399584
vt 0.258297 0.402902
vt 0.262525 0.408752
vt 0.257423 0.411820
vt 0.261246 0.417852
vt 0.255922 0.420655
vt 0.259335 0.426842
vt 0.253802 0.429362
vt 0.256802 0.435675
vt 0.251073 0.437897
vt 0.253659 0.444311
vt 0.247749 0.446219
vt 0.249921 0.452707
vt 0.243846 0.454286
vt 0.245606 0.460821
vt 0.239384 0.462057
vt 0.240737 0.468614
vt 0.234384 0.469494
vt 0.235335 0.476049
vt 0.228873 0.476560
vt 0.229428 0.483089
vt 0.222876 0.483220
vt 0.223044 0.489700
vt 0.216425 0.489440
vt 0.216214 0.495849
vt 0.209551 0.495189
vt 0.208973 0.501507
vt 0.202289 0.500439
vt 0.201354 0.506646
vt 0.194675 0.505164
vt 0.193395 0.511241
vt 0.186746 0.509340
vt 0.185135 0.515270
vt 0.178542 0.512946
vt 0.176614 0.518712
vt 0.170105 0.515965
vt 0.167874 0.521552
vt 0.161475 0.518381
vt 0.158957 0.523775
vt 0.152697 0.520182
vt 0.149907 0.525371
vt 0.143814 0.521360
vt 0.140767 0.526332
vt 0.134869 0.521908
vt 0.131583 0.526652
vt 0.125908 0.521823
vt 0.122399 0.526332
vt 0.116976 0.521107
vt 0.113259 0.525371
vt 0.108116 0.519763
vt 0.104209 0.523775
vt 0.099373 0.517796
vt 0.095292 0.521552
vt 0.090790 0.515218
vt 0.086551 0.518712
vt 0.082411 0.512041
vt 0.078031 0.515270
vt 0.074277 0.508281
vt 0.069771 0.511241
vt 0.066428 0.503957
vt 0.061812 0.506646
vt 0.058904 0.499089
vt 0.054193 0.501507
vt 0.051742 0.493703
vt 0.046951 0.495849
vt 0.044978 0.487826
vt 0.040122 0.489700
vt 0.038645 0.481485
vt 0.033738 0.483089
vt 0.032775 0.474714
vt 0.027831 0.476049
vt 0.027397 0.467546
vt 0.022429 0.468614
vt 0.022539 0.460016
vt 0.017559 0.460821
vt 0.018224 0.452162
vt 0.013245 0.452707
vt 0.014473 0.444023
vt 0.009507 0.444311
vt 0.011306 0.435640
vt 0.006364 0.435675
vt 0.008738 0.427055
vt 0.003831 0.426842
vt 0.006782 0.418310
vt 0.001920 0.417852
vt 0.005448 0.409448
vt 0.000641 0.408752
vt 0.004742 0.400515
vt -0.000000 0.399584
vt 0.004669 0.391554
vt -0.000000 0.390394
vt 0.005227 0.382610
vt 0.000641 0.381227
vt 0.006415 0.373728
vt 0.001920 0.372126
vt 0.008227 0.364952
vt 0.003831 0.363137
vt 0.010653 0.356325
vt 0.006364 0.354303
vt 0.013681 0.347891
vt 0.009507 0.345667
vt 0.017297 0.339692
vt 0.013245 0.337272
vt 0.021482 0.331768
vt 0.017559 0.329158
vt 0.026216 0.324159
vt 0.022429 0.321364
vt 0.031475 0.316903
vt 0.513635 0.554706
vt 0.513635 0.562607
vt 0.513635 0.570786
vt 0.513635 0.579203
vt 0.513635 0.547123
vt 0.513635 0.539897
vt 0.513635 0.533062
vt 0.513635 0.526652
vt 0.077264 0.923629
vt 0.062217 0.923629
vt 0.062217 0.916814
vt 0.077264 0.916814
vt 0.062217 0.909605
vt 0.077264 0.909605
vt 0.062217 0.902038
vt 0.077264 0.902038
vt 0.062217 0.894152
vt 0.077264 0.894152
vt 0.062217 0.885985
vt 0.077264 0.885985
vt 0.062217 0.877578
vt 0.077264 0.877578
vt 0.062217 0.868973
vt 0.077264 0.868973
vt 0.062217 0.860214
vt 0.077264 0.860214
vt 0.062217 0.851342
vt 0.077264 0.851342
vt 0.062217 0.842404
vt 0.077264 0.842404
vt 0.062217 0.833443
vt 0.077264 0.833443
vt 0.062217 0.824503
vt 0.077264 0.824503
vt 0.062217 0.815630
vt 0.077264 0.815630
vt 0.062217 0.806868
vt 0.077264 0.806868
vt 0.062217 0.798260
vt 0.077265 0.798260
vt 0.062217 0.789849
vt 0.077265 0.789849
vt 0.062217 0.781678
vt 0.077265 0.781678
vt 0.062217 0.773786
vt 0.077265 0.773786
vt 0.062217 0.766213
vt 0.077265 0.766213
vt 0.062217 0.758997
vt 0.077265 0.758997
vt 0.062217 0.752174
vt 0.077265 0.752174
vt 0.062217 0.745778
vt 0.077265 0.745778
vt 0.513635 0.888849
vt 0.498588 0.888849
vt 0.498588 0.882256
vt 0.513635 0.882256
vt 0.498588 0.875251
vt 0.513635 0.875251
vt 0.498588 0.867869
vt 0.513635 0.867869
vt 0.498588 0.860147
vt 0.513635 0.860147
vt 0.498588 0.852124
vt 0.513635 0.852124
vt 0.498588 0.843839
vt 0.513635 0.843839
vt 0.498588 0.835334
vt 0.513635 0.835334
vt 0.498588 0.826651
vt 0.513635 0.826651
vt 0.498588 0.817833
vt 0.513635 0.817833
vt 0.498588 0.808924
vt 0.513635 0.808924
vt 0.498588 0.799969
vt 0.513635 0.799969
vt 0.498588 0.791013
vt 0.513635 0.791013
vt 0.498588 0.782099
vt 0.513635 0.782099
vt 0.498588 0.773273
vt 0.513635 0.773273
vt 0.498588 0.764578
vt 0.513635 0.764578
vt 0.498588 0.756058
vt 0.513635 0.756058
vt 0.498588 0.747754
vt 0.513635 0.747754
vt 0.498588 0.739709
vt 0.513635 0.739709
vt 0.498588 0.731963
vt 0.513635 0.731963
vt 0.498588 0.724553
vt 0.513635 0.724553
vt 0.498588 0.717518
vt 0.513635 0.717518
vt 0.513635 0.710891
vt 0.886616 0.914872
vt 0.886616 0.908406
vt 0.886616 0.901518
vt 0.886616 0.894243
vt 0.886616 0.886617
vt 0.886616 0.878678
vt 0.886616 0.870466
vt 0.886616 0.862021
vt 0.886616 0.853385
vt 0.886616 0.844602
vt 0.871569 0.835716
vt 0.886616 0.835716
vt 0.871569 0.826770
vt 0.886616 0.826770
vt 0.871569 0.817810
vt 0.886616 0.817810
vt 0.871569 0.808879
vt 0.886616 0.808879
vt 0.871569 0.800022
vt 0.886616 0.800022
vt 0.871569 0.791284
vt 0.886616 0.791284
vt 0.886616 0.782708
vt 0.886616 0.774337
vt 0.886616 0.766212
vt 0.886616 0.758374
vt 0.886616 0.750862
vt 0.886616 0.743713
vt 0.886616 0.736963
vt 0.513635 0.704516
vt 0.513635 0.697713
vt 0.513635 0.690515
vt 0.513635 0.682958
vt 0.513635 0.675080
vt 0.513635 0.666921
vt 0.513635 0.658521
vt 0.513635 0.649921
vt 0.513635 0.641165
vt 0.513635 0.632297
vt 0.513635 0.623359
vt 0.513635 0.614398
vt 0.513635 0.605457
vt 0.498588 0.596582
vt 0.513635 0.596582
vt 0.498588 0.587816
vt 0.513635 0.587816
vt 0.498501 0.476049
vt 0.492593 0.483089
vt 0.489099 0.479943
vt 0.486210 0.489700
vt 0.482871 0.486386
vt 0.479380 0.495849
vt 0.476205 0.492375
vt 0.472138 0.501507
vt 0.469133 0.497878
vt 0.464520 0.506646
vt 0.461690 0.502869
vt 0.456561 0.511241
vt 0.453913 0.507322
vt 0.448301 0.515270
vt 0.445842 0.511216
vt 0.439780 0.518712
vt 0.437516 0.514530
vt 0.431040 0.521552
vt 0.428977 0.517249
vt 0.422123 0.523775
vt 0.420268 0.519359
vt 0.413073 0.525371
vt 0.411431 0.520849
vt 0.403933 0.526332
vt 0.402512 0.521713
vt 0.394749 0.526652
vt 0.393554 0.521945
vt 0.385564 0.526332
vt 0.384601 0.521544
vt 0.376425 0.525371
vt 0.375700 0.520513
vt 0.367374 0.523775
vt 0.366893 0.518857
vt 0.358457 0.521552
vt 0.358225 0.516583
vt 0.349717 0.518712
vt 0.349739 0.513704
vt 0.341197 0.515270
vt 0.341477 0.510233
vt 0.332937 0.511241
vt 0.333480 0.506188
vt 0.324978 0.506646
vt 0.325789 0.501590
vt 0.317359 0.501507
vt 0.318441 0.496460
vt 0.310117 0.495849
vt 0.311474 0.490824
vt 0.303288 0.489700
vt 0.304921 0.484711
vt 0.296904 0.483089
vt 0.298816 0.478152
vt 0.290997 0.476049
vt 0.293189 0.471177
vt 0.285595 0.468614
vt 0.288067 0.463824
vt 0.280725 0.460821
vt 0.283478 0.456127
vt 0.276411 0.452707
vt 0.279442 0.448126
vt 0.272673 0.444311
vt 0.275981 0.439860
vt 0.269530 0.435675
vt 0.273112 0.431370
vt 0.266997 0.426842
vt 0.270849 0.422700
vt 0.265086 0.417852
vt 0.269203 0.413891
vt 0.263807 0.408752
vt 0.268182 0.404988
vt 0.263166 0.399584
vt 0.267792 0.396035
vt 0.268035 0.387077
vt 0.263807 0.381227
vt 0.268908 0.378158
vt 0.265086 0.372126
vt 0.270409 0.369324
vt 0.266997 0.363137
vt 0.272529 0.360617
vt 0.269530 0.354303
vt 0.275258 0.352081
vt 0.272673 0.345667
vt 0.278583 0.343759
vt 0.276411 0.337272
vt 0.282486 0.335693
vt 0.280725 0.329158
vt 0.286948 0.327922
vt 0.285595 0.321364
vt 0.291947 0.320485
vt 0.290997 0.313929
vt 0.297459 0.313419
vt 0.296904 0.306890
vt 0.303455 0.306759
vt 0.303288 0.300279
vt 0.309906 0.300539
vt 0.310117 0.294130
vt 0.316780 0.294790
vt 0.317359 0.288472
vt 0.324042 0.289539
vt 0.324978 0.283333
vt 0.331657 0.284815
vt 0.332937 0.278738
vt 0.339586 0.280639
vt 0.341196 0.274709
vt 0.347789 0.277032
vt 0.349717 0.271266
vt 0.356227 0.274014
vt 0.358457 0.268427
vt 0.364856 0.271598
vt 0.367374 0.266203
vt 0.373635 0.269796
vt 0.376425 0.264608
vt 0.382518 0.268619
vt 0.385564 0.263647
vt 0.391463 0.268071
vt 0.400423 0.268155
vt 0.403933 0.263647
vt 0.409356 0.268872
vt 0.413073 0.264608
vt 0.418216 0.270216
vt 0.422123 0.266203
vt 0.426959 0.272182
vt 0.431040 0.268427
vt 0.435541 0.274760
vt 0.439780 0.271266
vt 0.443920 0.277937
vt 0.448301 0.274709
vt 0.452055 0.281697
vt 0.456561 0.278738
vt 0.459903 0.286022
vt 0.464520 0.283333
vt 0.467428 0.290889
vt 0.472138 0.288472
vt 0.474590 0.296275
vt 0.479380 0.294130
vt 0.481354 0.302153
vt 0.486210 0.300279
vt 0.487687 0.308493
vt 0.492593 0.306890
vt 0.493557 0.315265
vt 0.498501 0.313929
vt 0.498934 0.322433
vt 0.503902 0.321364
vt 0.503793 0.329963
vt 0.508772 0.329158
vt 0.508108 0.337817
vt 0.513087 0.337272
vt 0.511859 0.345955
vt 0.516825 0.345667
vt 0.515026 0.354338
vt 0.519968 0.354303
vt 0.517594 0.362924
vt 0.522501 0.363137
vt 0.519549 0.371669
vt 0.524412 0.372126
vt 0.520884 0.380530
vt 0.525691 0.381227
vt 0.521589 0.389464
vt 0.526332 0.390394
vt 0.521663 0.398425
vt 0.526332 0.399584
vt 0.521105 0.407369
vt 0.525691 0.408752
vt 0.519917 0.416251
vt 0.524412 0.417852
vt 0.518105 0.425027
vt 0.522501 0.426841
vt 0.515679 0.433654
vt 0.519968 0.435675
vt 0.512650 0.442088
vt 0.516825 0.444311
vt 0.509034 0.450287
vt 0.513087 0.452707
vt 0.504849 0.458211
vt 0.508772 0.460821
vt 0.500115 0.465820
vt 0.503902 0.468614
vt 0.494857 0.473076
s 0
usemtl Material.004
f 1/1/1 2/2/1 3/3/1
f 3/3/1 2/2/1 4/4/1
f 3/3/2 4/4/2 5/5/2
f 5/5/2 4/4/2 6/6/2
f 5/5/3 6/6/3 7/7/3
f 7/7/3 6/6/3 8/8/3
f 7/7/4 8/8/4 9/9/4
f 9/9/4 8/8/4 10/10/4
f 9/9/5 10/10/5 11/11/5
f 11/11/5 10/10/5 12/12/5
f 11/11/6 12/12/6 13/13/6
f 13/13/6 12/12/6 14/14/6
f 13/15/7 14/16/7 15/17/7
f 15/17/7 14/16/7 16/18/7
f 15/17/8 16/18/8 17/19/8
f 17/19/8 16/18/8 18/20/8
f 17/19/9 18/20/9 19/21/9
f 19/21/9 18/20/9 20/22/9
f 19/21/10 20/22/10 21/23/10
f 21/23/10 20/22/10 22/24/10
f 21/23/11 22/24/11 23/25/11
f 23/25/11 22/24/11 24/26/11
f 23/25/12 24/26/12 25/27/12
f 25/27/12 24/26/12 26/28/12
f 25/27/13 26/28/13 27/29/13
f 27/29/13 26/28/13 28/30/13
f 27/29/14 28/30/14 29/31/14
f 29/31/14 28/30/14 30/32/14
f 29/31/15 30/32/15 31/33/15
f 31/33/15 30/32/15 32/34/15
f 31/33/16 32/34/16 33/35/16
f 33/35/16 32/34/16 34/36/16
f 33/35/17 34/36/17 35/37/17
f 35/37/17 34/36/17 36/38/17
f 35/37/18 36/38/18 37/39/18
f 37/39/18 36/38/18 38/40/18
f 37/39/19 38/40/19 39/41/19
f 39/41/19 38/40/19 40/42/19
f 39/41/20 40/42/20 41/43/20
f 41/43/20 40/42/20 42/44/20
f 41/43/21 42/44/21 43/45/21
f 43/45/21 42/44/21 44/46/21
f 43/45/22 44/46/22 45/47/22
f 45/47/22 44/46/22 46/48/22
f 45/47/23 46/48/23 47/49/23
f 47/49/23 46/48/23 48/50/23
f 47/49/24 48/50/24 49/51/24
f 49/51/24 48/50/24 50/52/24
f 49/51/25 50/52/25 51/53/25
f 51/53/25 50/52/25 52/54/25
f 51/53/26 52/54/26 53/55/26
f 53/55/26 52/54/26 54/56/26
f 53/55/27 54/56/27 55/57/27
f 55/57/27 54/56/27 56/58/27
f 55/57/28 56/58/28 57/59/28
f 57/59/28 56/58/28 58/60/28
f 57/61/29 58/62/29 59/63/29
f 59/63/29 58/62/29 60/64/29
f 59/63/30 60/64/30 61/65/30
f 61/65/30 60/64/30 62/66/30
f 61/65/31 62/66/31 63/67/31
f 63/67/31 62/66/31 64/68/31
f 63/67/32 64/68/32 65/69/32
f 65/69/32 64/68/32 66/70/32
f 65/69/33 66/70/33 67/71/33
f 67/71/33 66/70/33 68/72/33
f 67/71/34 68/72/34 69/73/34
f 69/73/34 68/72/34 70/74/34
f 69/73/35 70/74/35 71/75/35
f 71/75/35 70/74/35 72/76/35
f 71/75/36 72/76/36 73/77/36
f 73/77/36 72/76/36 74/78/36
f 73/77/37 74/78/37 75/79/37
f 75/79/37 74/78/37 76/80/37
f 75/79/38 76/80/38 77/81/38
f 77/81/38 76/80/38 78/82/38
f 77/81/39 78/82/39 79/83/39
f 79/83/39 78/82/39 80/84/39
f 79/83/40 80/84/40 81/85/40
f 81/85/40 80/84/40 82/86/40
f 81/85/41 82/86/41 83/87/41
f 83/87/41 82/86/41 84/88/41
f 83/87/42 84/88/42 85/89/42
f 85/89/42 84/88/42 86/90/42
f 85/89/43 86/90/43 87/91/43
f 87/91/43 86/90/43 88/92/43
f 87/91/44 88/92/44 89/93/44
f 89/93/44 88/92/44 90/94/44
f 89/93/45 90/94/45 91/95/45
f 91/95/45 90/94/45 92/96/45
f 91/95/46 92/96/46 93/97/46
f 93/97/46 92/96/46 94/98/46
f 93/97/47 94/98/47 95/99/47
f 95/99/47 94/98/47 96/100/47
f 95/99/48 96/100/48 97/101/48
f 97/101/48 96/100/48 98/102/48
f 97/101/49 98/102/49 99/103/49
f 99/103/49 98/102/49 100/104/49
f 99/103/50 100/104/50 101/105/50
f 101/105/50 100/104/50 102/106/50
f 101/105/51 102/106/51 103/107/51
f 103/107/51 102/106/51 104/108/51
f 103/13/52 104/14/52 105/109/52
f 105/109/52 104/14/52 106/110/52
f 105/109/53 106/110/53 107/111/53
f 107/111/53 106/110/53 108/112/53
f 107/111/54 108/112/54 109/113/54
f 109/113/54 108/112/54 110/114/54
f 109/113/55 110/114/55 111/115/55
f 111/115/55 110/114/55 112/116/55
f 111/115/56 112/116/56 113/117/56
f 113/117/56 112/116/56 114/118/56
f 113/117/57 114/118/57 115/119/57
f 115/119/57 114/118/57 116/120/57
f 115/119/58 116/120/58 117/121/58
f 117/121/58 116/120/58 118/122/58
f 117/121/59 118/122/59 119/123/59
f 119/123/59 118/122/59 120/124/59
f 119/123/60 120/124/60 121/125/60
f 121/125/60 120/124/60 122/126/60
f 121/125/61 122/126/61 123/127/61
f 123/127/61 122/126/61 124/128/61
f 123/127/62 124/128/62 125/129/62
f 125/129/62 124/128/62 126/130/62
f 125/129/63 126/130/63 127/131/63
f 127/131/63 126/130/63 128/132/63
f 127/131/64 128/132/64 129/133/64
f 129/133/64 128/132/64 130/134/64
f 129/133/65 130/134/65 131/135/65
f 131/135/65 130/134/65 132/136/65
f 131/135/66 132/136/66 133/137/66
f 133/137/66 132/136/66 134/138/66
f 133/137/67 134/138/67 135/139/67
f 135/139/67 134/138/67 136/140/67
f 135/139/68 136/140/68 137/141/68
f 137/141/68 136/140/68 138/142/68
f 137/141/69 138/142/69 139/143/69
f 139/143/69 138/142/69 140/144/69
f 139/143/70 140/144/70 141/145/70
f 141/145/70 140/144/70 142/146/70
f 141/145/71 142/146/71 143/147/71
f 143/147/71 142/146/71 144/148/71
f 143/147/72 144/148/72 145/149/72
f 145/149/72 144/148/72 146/150/72
f 145/149/73 146/150/73 147/151/73
f 147/151/73 146/150/73 148/152/73
f 147/153/74 148/154/74 149/155/74
f 149/155/74 148/154/74 150/156/74
f 149/155/75 150/156/75 151/157/75
f 151/157/75 150/156/75 152/158/75
f 151/157/76 152/158/76 153/159/76
f 153/159/76 152/158/76 154/160/76
f 153/159/77 154/160/77 155/161/77
f 155/161/77 154/160/77 156/162/77
f 155/161/78 156/162/78 157/163/78
f 157/163/78 156/162/78 158/164/78
f 157/163/79 158/164/79 159/165/79
f 159/165/79 158/164/79 160/166/79
f 159/165/80 160/166/80 161/167/80
f 161/167/80 160/166/80 162/168/80
f 161/167/81 162/168/81 163/169/81
f 163/169/81 162/168/81 164/170/81
f 163/169/82 164/170/82 165/171/82
f 165/171/82 164/170/82 166/172/82
f 165/171/83 166/172/83 167/173/83
f 167/173/83 166/172/83 168/174/83
f 167/173/84 168/174/84 169/175/84
f 169/175/84 168/174/84 170/176/84
f 169/175/85 170/176/85 171/177/85
f 171/177/85 170/176/85 172/178/85
f 171/177/86 172/178/86 173/179/86
f 173/179/86 172/178/86 174/180/86
f 173/179/87 174/180/87 175/181/87
f 175/181/87 174/180/87 176/182/87
f 175/181/88 176/182/88 177/183/88
f 177/183/88 176/182/88 178/184/88
f 177/183/89 178/184/89 179/185/89
f 179/185/89 178/184/89 180/186/89
f 179/185/90 180/186/90 1/1/90
f 1/1/90 180/186/90 2/2/90
f 181/187/2 6/6/2 182/188/2
f 182/188/2 6/6/2 4/4/2
f 182/188/1 4/4/1 183/189/1
f 183/189/1 4/4/1 2/2/1
f 183/189/90 2/2/90 184/190/90
f 184/190/90 2/2/90 180/186/90
f 184/190/89 180/186/89 185/191/89
f 185/191/89 180/186/89 178/184/89
f 185/191/88 178/184/88 186/192/88
f 186/192/88 178/184/88 176/182/88
f 186/192/87 176/182/87 187/193/87
f 187/193/87 176/182/87 174/180/87
f 187/193/86 174/180/86 188/194/86
f 188/194/86 174/180/86 172/178/86
f 188/194/85 172/178/85 189/195/85
f 189/195/85 172/178/85 170/176/85
f 189/195/84 170/176/84 190/196/84
f 190/196/84 170/176/84 168/174/84
f 190/196/83 168/174/83 191/197/83
f 191/197/83 168/174/83 166/172/83
f 191/197/82 166/172/82 192/198/82
f 192/198/82 166/172/82 164/170/82
f 192/198/81 164/170/81 193/199/81
f 193/199/81 164/170/81 162/168/81
f 193/199/80 162/168/80 194/200/80
f 194/200/80 162/168/80 160/166/80
f 194/200/79 160/166/79 195/201/79
f 195/201/79 160/166/79 158/164/79
f 195/201/78 158/164/78 196/202/78
f 196/202/78 158/164/78 156/162/78
f 196/202/77 156/162/77 197/203/77
f 197/203/77 156/162/77 154/160/77
f 197/203/76 154/160/76 198/204/76
f 198/204/76 154/160/76 152/158/76
f 198/204/75 152/158/75 199/205/75
f 199/205/75 152/158/75 150/156/75
f 199/205/74 150/156/74 200/206/74
f 200/206/74 150/156/74 148/154/74
f 200/207/73 148/152/73 201/208/73
f 201/208/73 148/152/73 146/150/73
f 201/208/72 146/150/72 202/209/72
f 202/209/72 146/150/72 144/148/72
f 202/209/71 144/148/71 203/210/71
f 203/210/71 144/148/71 142/146/71
f 203/210/70 142/146/70 204/211/70
f 204/211/70 142/146/70 140/144/70
f 204/211/69 140/144/69 205/212/69
f 205/212/69 140/144/69 138/142/69
f 205/212/68 138/142/68 206/213/68
f 206/213/68 138/142/68 136/140/68
f 206/213/67 136/140/67 207/214/67
f 207/214/67 136/140/67 134/138/67
f 207/214/66 134/138/66 208/215/66
f 208/215/66 134/138/66 132/136/66
f 208/215/65 132/136/65 209/216/65
f 209/216/65 132/136/65 130/134/65
f 209/216/64 130/134/64 210/217/64
f 210/217/64 130/134/64 128/132/64
f 210/217/63 128/132/63 211/218/63
f 211/218/63 128/132/63 126/130/63
f 211/218/62 126/130/62 212/219/62
f 212/219/62 126/130/62 124/128/62
f 212/219/61 124/128/61 213/220/61
f 213/220/61 124/128/61 122/126/61
f 213/220/60 122/126/60 214/221/60
f 214/221/60 122/126/60 120/124/60
f 214/221/59 120/124/59 215/222/59
f 215/222/59 120/124/59 118/122/59
f 215/222/58 118/122/58 216/223/58
f 216/223/58 118/122/58 116/120/58
f 216/223/57 116/120/57 217/224/57
f 217/224/57 116/120/57 114/118/57
f 217/224/56 114/118/56 218/225/56
f 218/225/56 114/118/56 112/116/56
f 218/225/55 112/116/55 219/226/55
f 219/226/55 112/116/55 110/114/55
f 219/226/54 110/114/54 220/227/54
f 220/227/54 110/114/54 108/112/54
f 220/227/53 108/112/53 221/228/53
f 221/228/53 108/112/53 106/110/53
f 221/228/52 106/110/52 222/229/52
f 222/229/52 106/110/52 104/14/52
f 222/230/51 104/108/51 223/231/51
f 223/231/51 104/108/51 102/106/51
f 223/231/50 102/106/50 224/232/50
f 224/232/50 102/106/50 100/104/50
f 224/232/49 100/104/49 225/233/49
f 225/233/49 100/104/49 98/102/49
f 225/233/48 98/102/48 226/234/48
f 226/234/48 98/102/48 96/100/48
f 226/234/47 96/100/47 227/235/47
f 227/235/47 96/100/47 94/98/47
f 227/235/46 94/98/46 228/236/46
f 228/236/46 94/98/46 92/96/46
f 228/236/45 92/96/45 229/237/45
f 229/237/45 92/96/45 90/94/45
f 229/237/44 90/94/44 230/238/44
f 230/238/44 90/94/44 88/92/44
f 230/238/43 88/92/43 231/239/43
f 231/239/43 88/92/43 86/90/43
f 231/239/42 86/90/42 232/240/42
f 232/240/42 86/90/42 84/88/42
f 232/240/41 84/88/41 233/241/41
f 233/241/41 84/88/41 82/86/41
f 233/241/40 82/86/40 234/242/40
f 234/242/40 82/86/40 80/84/40
f 234/242/39 80/84/39 235/243/39
f 235/243/39 80/84/39 78/82/39
f 235/243/38 78/82/38 236/244/38
f 236/244/38 78/82/38 76/80/38
f 236/244/37 76/80/37 237/245/37
f 237/245/37 76/80/37 74/78/37
f 237/245/36 74/78/36 238/246/36
f 238/246/36 74/78/36 72/76/36
f 238/246/35 72/76/35 239/247/35
f 239/247/35 72/76/35 70/74/35
f 239/247/34 70/74/34 240/248/34
f 240/248/34 70/74/34 68/72/34
f 240/248/33 68/72/33 241/249/33
f 241/249/33 68/72/33 66/70/33
f 241/249/32 66/70/32 242/250/32
f 242/250/32 66/70/32 64/68/32
f 242/250/31 64/68/31 243/251/31
f 243/251/31 64/68/31 62/66/31
f 243/251/30 62/66/30 244/252/30
f 244/252/30 62/66/30 60/64/30
f 244/252/29 60/64/29 245/253/29
f 245/253/29 60/64/29 58/62/29
f 245/254/28 58/60/28 246/255/28
f 246/255/28 58/60/28 56/58/28
f 246/255/27 56/58/27 247/256/27
f 247/256/27 56/58/27 54/56/27
f 247/256/26 54/56/26 248/257/26
f 248/257/26 54/56/26 52/54/26
f 248/257/25 52/54/25 249/258/25
f 249/258/25 52/54/25 50/52/25
f 249/258/24 50/52/24 250/259/24
f 250/259/24 50/52/24 48/50/24
f 250/259/23 48/50/23 251/260/23
f 251/260/23 48/50/23 46/48/23
f 251/260/22 46/48/22 252/261/22
f 252/261/22 46/48/22 44/46/22
f 252/261/21 44/46/21 253/262/21
f 253/262/21 44/46/21 42/44/21
f 253/262/20 42/44/20 254/263/20
f 254/263/20 42/44/20 40/42/20
f 254/263/19 40/42/19 255/264/19
f 255/264/19 40/42/19 38/40/19
f 255/264/18 38/40/18 256/265/18
f 256/265/18 38/40/18 36/38/18
f 256/265/17 36/38/17 257/266/17
f 257/266/17 36/38/17 34/36/17
f 257/266/16 34/36/16 258/267/16
f 258/267/16 34/36/16 32/34/16
f 258/267/15 32/34/15 259/268/15
f 259/268/15 32/34/15 30/32/15
f 259/268/14 30/32/14 260/269/14
f 260/269/14 30/32/14 28/30/14
f 260/269/13 28/30/13 261/270/13
f 261/270/13 28/30/13 26/28/13
f 261/270/12 26/28/12 262/271/12
f 262/271/12 26/28/12 24/26/12
f 262/271/11 24/26/11 263/272/11
f 263/272/11 24/26/11 22/24/11
f 263/272/10 22/24/10 264/273/10
f 264/273/10 22/24/10 20/22/10
f 264/273/9 20/22/9 265/274/9
f 265/274/9 20/22/9 18/20/9
f 265/274/8 18/20/8 266/275/8
f 266/275/8 18/20/8 16/18/8
f 266/275/7 16/18/7 267/276/7
f 267/276/7 16/18/7 14/16/7
f 267/229/6 14/14/6 268/277/6
f 268/277/6 14/14/6 12/12/6
f 268/277/5 12/12/5 269/278/5
f 269/278/5 12/12/5 10/10/5
f 269/278/4 10/10/4 270/279/4
f 270/279/4 10/10/4 8/8/4
f 270/279/3 8/8/3 181/187/3
f 181/187/3 8/8/3 6/6/3
f 271/280/2 272/281/2 273/282/2
f 273/282/2 272/281/2 274/283/2
f 273/282/1 274/283/1 275/284/1
f 275/284/1 274/283/1 276/285/1
f 275/284/90 276/285/90 277/286/90
f 277/286/90 276/285/90 278/287/90
f 277/286/89 278/287/89 279/288/89
f 279/288/89 278/287/89 280/289/89
f 279/288/88 280/289/88 281/290/88
f 281/290/88 280/289/88 282/291/88
f 281/290/87 282/291/87 283/292/87
f 283/292/87 282/291/87 284/293/87
f 283/292/86 284/293/86 285/294/86
f 285/294/86 284/293/86 286/295/86
f 285/294/85 286/295/85 287/296/85
f 287/296/85 286/295/85 288/297/85
f 287/296/84 288/297/84 289/298/84
f 289/298/84 288/297/84 290/299/84
f 289/298/83 290/299/83 291/300/83
f 291/300/83 290/299/83 292/301/83
f 291/300/82 292/301/82 293/302/82
f 293/302/82 292/301/82 294/303/82
f 293/302/81 294/303/81 295/304/81
f 295/304/81 294/303/81 296/305/81
f 295/304/80 296/305/80 297/306/80
f 297/306/80 296/305/80 298/307/80
f 297/306/79 298/307/79 299/308/79
f 299/308/79 298/307/79 300/309/79
f 299/308/78 300/309/78 301/310/78
f 301/310/78 300/309/78 302/311/78
f 301/310/77 302/311/77 303/312/77
f 303/312/77 302/311/77 304/313/77
f 303/312/76 304/313/76 305/314/76
f 305/314/76 304/313/76 306/315/76
f 305/314/75 306/315/75 307/316/75
f 307/316/75 306/315/75 308/317/75
f 307/316/74 308/317/74 309/318/74
f 309/318/74 308/317/74 310/319/74
f 309/320/73 310/321/73 311/322/73
f 311/322/73 310/321/73 312/323/73
f 311/322/72 312/323/72 313/324/72
f 313/324/72 312/323/72 314/325/72
f 313/324/71 314/325/71 315/326/71
f 315/326/71 314/325/71 316/327/71
f 315/326/70 316/327/70 317/328/70
f 317/328/70 316/327/70 318/329/70
f 317/328/69 318/329/69 319/330/69
f 319/330/69 318/329/69 320/331/69
f 319/330/68 320/331/68 321/332/68
f 321/332/68 320/331/68 322/333/68
f 321/332/67 322/333/67 323/334/67
f 323/334/67 322/333/67 324/335/67
f 323/334/66 324/335/66 325/336/66
f 325/336/66 324/335/66 326/337/66
f 325/336/65 326/337/65 327/338/65
f 327/338/65 326/337/65 328/339/65
f 327/338/64 328/339/64 329/340/64
f 329/340/64 328/339/64 330/341/64
f 329/340/63 330/341/63 331/342/63
f 331/342/63 330/341/63 332/343/63
f 331/342/62 332/343/62 333/344/62
f 333/344/62 332/343/62 334/345/62
f 333/344/61 334/345/61 335/346/61
f 335/346/61 334/345/61 336/347/61
f 335/346/60 336/347/60 337/348/60
f 337/348/60 336/347/60 338/349/60
f 337/348/59 338/349/59 339/350/59
f 339/350/59 338/349/59 340/351/59
f 339/350/58 340/351/58 341/352/58
f 341/352/58 340/351/58 342/353/58
f 341/352/57 342/353/57 343/354/57
f 343/354/57 342/353/57 344/355/57
f 343/354/56 344/355/56 345/356/56
f 345/356/56 344/355/56 346/357/56
f 345/356/55 346/357/55 347/358/55
f 347/358/55 346/357/55 348/359/55
f 347/358/54 348/359/54 349/360/54
f 349/360/54 348/359/54 350/361/54
f 349/360/53 350/361/53 351/362/53
f 351/362/53 350/361/53 352/363/53
f 351/362/52 352/363/52 353/364/52
f 353/364/52 352/363/52 354/365/52
f 353/366/51 354/367/51 355/368/51
f 355/368/51 354/367/51 356/369/51
f 355/368/50 356/369/50 357/370/50
f 357/370/50 356/369/50 358/371/50
f 357/370/49 358/371/49 359/372/49
f 359/372/49 358/371/49 360/373/49
f 359/372/48 360/373/48 361/374/48
f 361/374/48 360/373/48 362/375/48
f 361/374/47 362/375/47 363/376/47
f 363/376/47 362/375/47 364/377/47
f 363/376/46 364/377/46 365/378/46
f 365/378/46 364/377/46 366/379/46
f 365/378/45 366/379/45 367/380/45
f 367/380/45 366/379/45 368/381/45
f 367/380/44 368/381/44 369/382/44
f 369/382/44 368/381/44 370/383/44
f 369/382/43 370/383/43 371/384/43
f 371/384/43 370/383/43 372/385/43
f 371/384/42 372/385/42 373/386/42
f 373/386/42 372/385/42 374/387/42
f 373/386/41 374/387/41 375/388/41
f 375/388/41 374/387/41 376/389/41
f 375/388/40 376/389/40 377/390/40
f 377/390/40 376/389/40 378/391/40
f 377/390/39 378/391/39 379/392/39
f 379/392/39 378/391/39 380/393/39
f 379/392/38 380/393/38 381/394/38
f 381/394/38 380/393/38 382/395/38
f 381/394/37 382/395/37 383/396/37
f 383/396/37 382/395/37 384/397/37
f 383/396/36 384/397/36 385/398/36
f 385/398/36 384/397/36 386/399/36
f 385/398/35 386/399/35 387/400/35
f 387/400/35 386/399/35 388/401/35
f 387/400/34 388/401/34 389/402/34
f 389/402/34 388/401/34 390/403/34
f 389/402/33 390/403/33 391/404/33
f 391/404/33 390/403/33 392/405/33
f 391/404/32 392/405/32 393/406/32
f 393/406/32 392/405/32 394/407/32
f 393/406/31 394/407/31 395/408/31
f 395/408/31 394/407/31 396/409/31
f 395/408/30 396/409/30 397/410/30
f 397/410/30 396/409/30 398/411/30
f 397/410/29 398/411/29 399/412/29
f 399/412/29 398/411/29 400/413/29
f 399/414/28 400/415/28 401/416/28
f 401/416/28 400/415/28 402/417/28
f 401/416/27 402/417/27 403/418/27
f 403/418/27 402/417/27 404/419/27
f 403/418/26 404/419/26 405/420/26
f 405/420/26 404/419/26 406/421/26
f 405/420/25 406/421/25 407/422/25
f 407/422/25 406/421/25 408/423/25
f 407/422/24 408/423/24 409/424/24
f 409/424/24 408/423/24 410/425/24
f 409/424/23 410/425/23 411/426/23
f 411/426/23 410/425/23 412/427/23
f 411/426/22 412/427/22 413/428/22
f 413/428/22 412/427/22 414/429/22
f 413/428/21 414/429/21 415/430/21
f 415/430/21 414/429/21 416/431/21
f 415/430/20 416/431/20 417/432/20
f 417/432/20 416/431/20 418/433/20
f 417/432/19 418/433/19 419/434/19
f 419/434/19 418/433/19 420/435/19
f 419/434/18 420/435/18 421/436/18
f 421/436/18 420/435/18 422/437/18
f 421/436/17 422/437/17 423/438/17
f 423/438/17 422/437/17 424/439/17
f 423/438/16 424/439/16 425/440/16
f 425/440/16 424/439/16 426/441/16
f 425/440/15 426/441/15 427/442/15
f 427/442/15 426/441/15 428/443/15
f 427/442/14 428/443/14 429/444/14
f 429/444/14 428/443/14 430/445/14
f 429/444/13 430/445/13 431/446/13
f 431/446/13 430/445/13 432/447/13
f 431/446/12 432/447/12 433/448/12
f 433/448/12 432/447/12 434/449/12
f 433/448/11 434/449/11 435/450/11
f 435/450/11 434/449/11 436/451/11
f 435/450/10 436/451/10 437/452/10
f 437/452/10 436/451/10 438/453/10
f 437/452/9 438/453/9 439/454/9
f 439/454/9 438/453/9 440/455/9
f 439/454/8 440/455/8 441/456/8
f 441/456/8 440/455/8 442/457/8
f 441/456/7 442/457/7 443/458/7
f 443/458/7 442/457/7 444/459/7
f 443/460/6 444/461/6 445/462/6
f 445/462/6 444/461/6 446/463/6
f 445/462/5 446/463/5 447/464/5
f 447/464/5 446/463/5 448/465/5
f 447/464/4 448/465/4 449/466/4
f 449/466/4 448/465/4 450/467/4
f 449/466/3 450/467/3 271/280/3
f 271/280/3 450/467/3 272/281/3
f 451/468/1 452/469/1 453/470/1
f 453/470/1 452/469/1 454/471/1
f 453/470/2 454/471/2 455/472/2
f 455/472/2 454/471/2 456/473/2
f 455/472/3 456/473/3 457/474/3
f 457/474/3 456/473/3 458/475/3
f 457/474/4 458/475/4 459/476/4
f 459/476/4 458/475/4 460/477/4
f 459/476/5 460/477/5 461/478/5
f 461/478/5 460/477/5 462/479/5
f 461/478/6 462/479/6 463/480/6
f 463/480/6 462/479/6 464/481/6
f 463/482/7 464/483/7 465/484/7
f 465/484/7 464/483/7 466/485/7
f 465/484/8 466/485/8 467/486/8
f 467/486/8 466/485/8 468/487/8
f 467/486/9 468/487/9 469/488/9
f 469/488/9 468/487/9 470/489/9
f 469/488/10 470/489/10 471/490/10
f 471/490/10 470/489/10 472/491/10
f 471/490/11 472/491/11 473/492/11
f 473/492/11 472/491/11 474/493/11
f 473/492/12 474/493/12 475/494/12
f 475/494/12 474/493/12 476/495/12
f 475/494/13 476/495/13 477/496/13
f 477/496/13 476/495/13 478/497/13
f 477/496/14 478/497/14 479/498/14
f 479/498/14 478/497/14 480/499/14
f 479/498/15 480/499/15 481/500/15
f 481/500/15 480/499/15 482/501/15
f 481/500/16 482/501/16 483/502/16
f 483/502/16 482/501/16 484/503/16
f 483/502/17 484/503/17 485/504/17
f 485/504/17 484/503/17 486/505/17
f 485/504/18 486/505/18 487/506/18
f 487/506/18 486/505/18 488/507/18
f 487/506/19 488/507/19 489/508/19
f 489/508/19 488/507/19 490/509/19
f 489/508/20 490/509/20 491/510/20
f 491/510/20 490/509/20 492/511/20
f 491/510/21 492/511/21 493/512/21
f 493/512/21 492/511/21 494/513/21
f 493/512/22 494/513/22 495/514/22
f 495/514/22 494/513/22 496/515/22
f 495/514/23 496/515/23 497/516/23
f 497/516/23 496/515/23 498/517/23
f 497/516/24 498/517/24 499/518/24
f 499/518/24 498/517/24 500/519/24
f 499/518/25 500/519/25 501/520/25
f 501/520/25 500/519/25 502/521/25
f 501/520/26 502/521/26 503/522/26
f 503/522/26 502/521/26 504/523/26
f 503/522/27 504/523/27 505/524/27
f 505/524/27 504/523/27 506/525/27
f 505/524/28 506/525/28 507/526/28
f 507/526/28 506/525/28 508/527/28
f 507/528/29 508/529/29 509/530/29
f 509/530/29 508/529/29 510/531/29
f 509/530/30 510/531/30 511/532/30
f 511/532/30 510/531/30 512/533/30
f 511/532/31 512/533/31 513/534/31
f 513/534/31 512/533/31 514/535/31
f 513/534/32 514/535/32 515/536/32
f 515/536/32 514/535/32 516/537/32
f 515/536/33 516/537/33 517/538/33
f 517/538/33 516/537/33 518/539/33
f 517/538/34 518/539/34 519/540/34
f 519/540/34 518/539/34 520/541/34
f 519/540/35 520/541/35 521/542/35
f 521/542/35 520/541/35 522/543/35
f 521/542/36 522/543/36 523/544/36
f 523/544/36 522/543/36 524/545/36
f 523/544/37 524/545/37 525/546/37
f 525/546/37 524/545/37 526/547/37
f 525/546/38 526/547/38 527/548/38
f 527/548/38 526/547/38 528/549/38
f 527/548/39 528/549/39 529/550/39
f 529/550/39 528/549/39 530/551/39
f 529/550/40 530/551/40 531/552/40
f 531/552/40 530/551/40 532/553/40
f 531/552/41 532/553/41 533/554/41
f 533/554/41 532/553/41 534/555/41
f 533/554/42 534/555/42 535/556/42
f 535/556/42 534/555/42 536/557/42
f 535/556/43 536/557/43 537/558/43
f 537/558/43 536/557/43 538/559/43
f 537/558/44 538/559/44 539/560/44
f 539/560/44 538/559/44 540/561/44
f 539/560/45 540/561/45 541/562/45
f 541/562/45 540/561/45 542/563/45
f 541/562/46 542/563/46 543/564/46
f 543/564/46 542/563/46 544/565/46
f 543/564/47 544/565/47 545/566/47
f 545/566/47 544/565/47 546/567/47
f 545/566/48 546/567/48 547/568/48
f 547/568/48 546/567/48 548/569/48
f 547/568/49 548/569/49 549/570/49
f 549/570/49 548/569/49 550/571/49
f 549/570/50 550/571/50 551/572/50
f 551/572/50 550/571/50 552/573/50
f 551/572/51 552/573/51 553/574/51
f 553/574/51 552/573/51 554/575/51
f 553/576/52 554/577/52 555/578/52
f 555/578/52 554/577/52 556/579/52
f 555/578/53 556/579/53 557/580/53
f 557/580/53 556/579/53 558/581/53
f 557/580/54 558/581/54 559/582/54
f 559/582/54 558/581/54 560/583/54
f 559/582/55 560/583/55 561/584/55
f 561/584/55 560/583/55 562/585/55
f 561/584/56 562/585/56 563/586/56
f 563/586/56 562/585/56 564/587/56
f 563/586/57 564/587/57 565/588/57
f 565/588/57 564/587/57 566/589/57
f 565/588/58 566/589/58 567/590/58
f 567/590/58 566/589/58 568/591/58
f 567/590/59 568/591/59 569/592/59
f 569/592/59 568/591/59 570/593/59
f 569/592/60 570/593/60 571/594/60
f 571/594/60 570/593/60 572/595/60
f 571/594/61 572/595/61 573/596/61
f 573/596/61 572/595/61 574/597/61
f 573/596/62 574/597/62 575/598/62
f 575/598/62 574/597/62 576/599/62
f 575/598/63 576/599/63 577/600/63
f 577/600/63 576/599/63 578/601/63
f 577/600/64 578/601/64 579/602/64
f 579/602/64 578/601/64 580/603/64
f 579/602/65 580/603/65 581/604/65
f 581/604/65 580/603/65 582/605/65
f 581/604/66 582/605/66 583/606/66
f 583/606/66 582/605/66 584/607/66
f 583/606/67 584/607/67 585/608/67
f 585/608/67 584/607/67 586/609/67
f 585/608/68 586/609/68 587/610/68
f 587/610/68 586/609/68 588/611/68
f 587/610/69 588/611/69 589/612/69
f 589/612/69 588/611/69 590/613/69
f 589/612/70 590/613/70 591/614/70
f 591/614/70 590/613/70 592/615/70
f 591/614/71 592/615/71 593/616/71
f 593/616/71 592/615/71 594/617/71
f 593/616/72 594/617/72 595/618/72
f 595/618/72 594/617/72 596/619/72
f 595/618/73 596/619/73 597/620/73
f 597/620/73 596/619/73 598/621/73
f 597/622/74 598/623/74 599/624/74
f 599/624/74 598/623/74 600/625/74
f 599/624/75 600/625/75 601/626/75
f 601/626/75 600/625/75 602/627/75
f 601/626/76 602/627/76 603/628/76
f 603/628/76 602/627/76 604/629/76
f 603/628/77 604/629/77 605/630/77
f 605/630/77 604/629/77 606/631/77
f 605/630/78 606/631/78 607/632/78
f 607/632/78 606/631/78 608/633/78
f 607/632/79 608/633/79 609/634/79
f 609/634/79 608/633/79 610/635/79
f 609/634/80 610/635/80 611/636/80
f 611/636/80 610/635/80 612/637/80
f 611/636/81 612/637/81 613/638/81
f 613/638/81 612/637/81 614/639/81
f 613/638/82 614/639/82 615/640/82
f 615/640/82 614/639/82 616/641/82
f 615/640/83 616/641/83 617/642/83
f 617/642/83 616/641/83 618/643/83
f 617/642/84 618/643/84 619/644/84
f 619/644/84 618/643/84 620/645/84
f 619/644/85 620/645/85 621/646/85
f 621/646/85 620/645/85 622/647/85
f 621/646/86 622/647/86 623/648/86
f 623/648/86 622/647/86 624/649/86
f 623/648/87 624/649/87 625/650/87
f 625/650/87 624/649/87 626/651/87
f 625/650/88 626/651/88 627/652/88
f 627/652/88 626/651/88 628/653/88
f 627/652/89 628/653/89 629/654/89
f 629/654/89 628/653/89 630/655/89
f 629/654/90 630/655/90 451/468/90
f 451/468/90 630/655/90 452/469/90
f 631/656/91 632/657/91 633/658/91
f 633/658/91 632/657/91 634/659/91
f 633/658/91 634/659/91 635/660/91
f 635/660/91 634/659/91 636/661/91
f 635/660/91 636/661/91 637/662/91
f 637/662/91 636/661/91 638/663/91
f 637/662/91 638/663/91 639/664/91
f 639/664/91 638/663/91 640/665/91
f 639/664/91 640/665/91 641/666/91
f 639/664/91 641/666/91 642/667/91
f 642/667/91 641/666/91 643/668/91
f 642/667/91 643/668/91 644/669/91
f 644/669/91 643/668/91 645/670/91
f 644/669/91 645/670/91 646/671/91
f 646/671/91 645/670/91 647/672/91
f 646/671/91 647/672/91 648/673/91
f 648/673/91 647/672/91 649/674/91
f 648/673/91 649/674/91 650/675/91
f 648/673/91 650/675/91 651/676/91
f 651/676/91 650/675/91 652/677/91
f 651/676/91 652/677/91 653/678/91
f 653/678/91 652/677/91 654/679/91
f 653/678/91 654/679/91 655/680/91
f 655/680/91 654/679/91 656/681/91
f 655/680/91 656/681/91 657/682/91
f 655/680/91 657/682/91 658/683/91
f 658/683/91 657/682/91 659/684/91
f 658/683/91 659/684/91 660/685/91
f 660/685/91 659/684/91 661/686/91
f 660/685/91 661/686/91 662/687/91
f 662/687/91 661/686/91 663/688/91
f 662/687/91 663/688/91 664/689/91
f 664/689/91 663/688/91 665/690/91
f 664/689/91 665/690/91 666/691/91
f 664/689/91 666/691/91 667/692/91
f 667/692/91 666/691/91 668/693/91
f 667/692/91 668/693/91 669/694/91
f 669/694/91 668/693/91 670/695/91
f 669/694/91 670/695/91 671/696/91
f 671/696/91 670/695/91 672/697/91
f 671/696/91 672/697/91 673/698/91
f 671/696/91 673/698/91 674/699/91
f 674/699/91 673/698/91 675/700/91
f 674/699/91 675/700/91 676/701/91
f 676/701/91 675/700/91 677/702/91
f 676/701/91 677/702/91 678/703/91
f 678/703/91 677/702/91 679/704/91
f 678/703/91 679/704/91 680/705/91
f 678/703/91 680/705/91 681/706/91
f 681/706/91 680/705/91 682/707/91
f 681/706/91 682/707/91 683/708/91
f 683/708/91 682/707/91 684/709/91
f 683/708/91 684/709/91 685/710/91
f 685/710/91 684/709/91 686/711/91
f 685/710/91 686/711/91 687/712/91
f 687/712/91 686/711/91 688/713/91
f 687/712/91 688/713/91 689/714/91
f 687/712/91 689/714/91 690/715/91
f 690/715/91 689/714/91 691/716/91
f 690/715/91 691/716/91 692/717/91
f 692/717/91 691/716/91 693/718/91
f 692/717/91 693/718/91 694/719/91
f 694/719/91 693/718/91 695/720/91
f 694/719/91 695/720/91 696/721/91
f 694/719/91 696/721/91 697/722/91
f 697/722/91 696/721/91 698/723/91
f 697/722/91 698/723/91 699/724/91
f 699/724/91 698/723/91 700/725/91
f 699/724/91 700/725/91 701/726/91
f 701/726/91 700/725/91 702/727/91
f 701/726/91 702/727/91 703/728/91
f 703/728/91 702/727/91 704/729/91
f 703/728/91 704/729/91 705/730/91
f 703/728/91 705/730/91 706/731/91
f 706/731/91 705/730/91 707/732/91
f 706/731/91 707/732/91 708/733/91
f 708/733/91 707/732/91 709/734/91
f 708/733/91 709/734/91 710/735/91
f 710/735/91 709/734/91 711/736/91
f 710/735/91 711/736/91 712/737/91
f 710/735/91 712/737/91 713/738/91
f 713/738/91 712/737/91 714/739/91
f 713/738/91 714/739/91 715/740/91
f 715/740/91 714/739/91 716/741/91
f 715/740/91 716/741/91 717/742/91
f 717/742/91 716/741/91 718/743/91
f 717/742/91 718/743/91 719/744/91
f 717/742/91 719/744/91 720/745/91
f 720/745/91 719/744/91 721/746/91
f 720/745/91 721/746/91 722/747/91
f 722/747/91 721/746/91 723/748/91
f 722/747/91 723/748/91 724/749/91
f 724/749/91 723/748/91 725/750/91
f 724/749/91 725/750/91 726/751/91
f 726/751/91 725/750/91 727/752/91
f 726/751/91 727/752/91 728/753/91
f 726/751/91 728/753/91 729/754/91
f 729/754/91 728/753/91 730/755/91
f 729/754/91 730/755/91 731/756/91
f 731/756/91 730/755/91 732/757/91
f 731/756/91 732/757/91 733/758/91
f 733/758/91 732/757/91 734/759/91
f 733/758/91 734/759/91 735/760/91
f 733/758/91 735/760/91 736/761/91
f 736/761/91 735/760/91 737/762/91
f 736/761/91 737/762/91 738/763/91
f 738/763/91 737/762/91 739/764/91
f 738/763/91 739/764/91 740/765/91
f 740/765/91 739/764/91 741/766/91
f 740/765/91 741/766/91 742/767/91
f 742/767/91 741/766/91 743/768/91
f 742/767/91 743/768/91 744/769/91
f 742/767/91 744/769/91 745/770/91
f 745/770/91 744/769/91 746/771/91
f 745/770/91 746/771/91 747/772/91
f 747/772/91 746/771/91 748/773/91
f 747/772/91 748/773/91 749/774/91
f 749/774/91 748/773/91 750/775/91
f 749/774/91 750/775/91 751/776/91
f 749/774/91 751/776/91 752/777/91
f 752/777/91 751/776/91 753/778/91
f 752/777/91 753/778/91 754/779/91
f 754/779/91 753/778/91 755/780/91
f 754/779/91 755/780/91 756/781/91
f 756/781/91 755/780/91 757/782/91
f 756/781/91 757/782/91 758/783/91
f 756/781/91 758/783/91 759/784/91
f 759/784/91 758/783/91 760/785/91
f 759/784/91 760/785/91 761/786/91
f 761/786/91 760/785/91 762/787/91
f 761/786/91 762/787/91 763/788/91
f 763/788/91 762/787/91 764/789/91
f 763/788/91 764/789/91 765/790/91
f 765/790/91 764/789/91 766/791/91
f 765/790/91 766/791/91 767/792/91
f 765/790/91 767/792/91 768/793/91
f 768/793/91 767/792/91 769/794/91
f 768/793/91 769/794/91 770/795/91
f 770/795/91 769/794/91 771/796/91
f 770/795/91 771/796/91 772/797/91
f 772/797/91 771/796/91 773/798/91
f 772/797/91 773/798/91 774/799/91
f 772/797/91 774/799/91 775/800/91
f 775/800/91 774/799/91 776/801/91
f 775/800/91 776/801/91 777/802/91
f 777/802/91 776/801/91 778/803/91
f 777/802/91 778/803/91 779/804/91
f 779/804/91 778/803/91 780/805/91
f 779/804/91 780/805/91 781/806/91
f 781/806/91 780/805/91 782/807/91
f 781/806/91 782/807/91 783/808/91
f 781/806/91 783/808/91 784/809/91
f 784/809/91 783/808/91 785/810/91
f 784/809/91 785/810/91 786/811/91
f 786/811/91 785/810/91 631/656/91
f 786/811/91 631/656/91 633/658/91
f 635/812/92 787/813/92 633/814/92
f 633/814/92 787/813/92 788/815/92
f 633/814/93 788/815/93 786/816/93
f 786/816/93 788/815/93 789/817/93
f 786/816/94 789/817/94 784/818/94
f 784/818/94 789/817/94 790/819/94
f 784/818/95 790/819/95 781/820/95
f 781/820/96 790/819/96 791/821/96
f 781/820/97 791/821/97 779/822/97
f 779/822/97 791/821/97 792/823/97
f 779/824/98 792/825/98 777/826/98
f 777/826/98 792/825/98 793/827/98
f 777/826/99 793/827/99 775/828/99
f 775/828/99 793/827/99 794/829/99
f 775/828/100 794/829/100 772/830/100
f 772/830/100 794/829/100 795/831/100
f 772/830/101 795/831/101 770/832/101
f 770/832/101 795/831/101 796/833/101
f 770/832/102 796/833/102 768/834/102
f 768/834/102 796/833/102 797/835/102
f 768/834/103 797/835/103 765/836/103
f 765/836/103 797/835/103 798/837/103
f 765/836/104 798/837/104 763/838/104
f 763/838/104 798/837/104 799/839/104
f 763/838/105 799/839/105 761/840/105
f 761/840/105 799/839/105 800/841/105
f 761/840/106 800/841/106 759/842/106
f 759/842/106 800/841/106 801/843/106
f 759/842/107 801/843/107 756/844/107
f 756/844/107 801/843/107 802/845/107
f 756/844/108 802/845/108 754/846/108
f 754/846/108 802/845/108 803/847/108
f 754/846/109 803/847/109 752/848/109
f 752/848/109 803/847/109 804/849/109
f 752/848/110 804/849/110 749/850/110
f 749/850/110 804/849/110 805/851/110
f 749/850/111 805/851/111 747/852/111
f 747/852/111 805/851/111 806/853/111
f 747/852/112 806/853/112 745/854/112
f 745/854/112 806/853/112 807/855/112
f 745/854/113 807/855/113 742/856/113
f 742/856/113 807/855/113 808/857/113
f 742/856/114 808/857/114 740/858/114
f 740/858/114 808/857/114 809/859/114
f 740/860/115 809/861/115 738/862/115
f 738/862/115 809/861/115 810/863/115
f 738/862/116 810/863/116 736/864/116
f 736/864/116 810/863/116 811/865/116
f 736/864/117 811/865/117 733/866/117
f 733/866/117 811/865/117 812/867/117
f 733/866/118 812/867/118 731/868/118
f 731/868/118 812/867/118 813/869/118
f 731/868/119 813/869/119 729/870/119
f 729/870/119 813/869/119 814/871/119
f 729/870/120 814/871/120 726/872/120
f 726/872/120 814/871/120 815/873/120
f 726/872/121 815/873/121 724/874/121
f 724/874/121 815/873/121 816/875/121
f 724/874/122 816/875/122 722/876/122
f 722/876/122 816/875/122 817/877/122
f 722/876/123 817/877/123 720/878/123
f 720/878/123 817/877/123 818/879/123
f 720/878/124 818/879/124 717/880/124
f 717/880/124 818/879/124 819/881/124
f 717/880/125 819/881/125 715/882/125
f 715/882/126 819/881/126 820/883/126
f 715/882/127 820/883/127 713/884/127
f 713/884/127 820/883/127 821/885/127
f 713/884/128 821/885/128 710/886/128
f 710/886/128 821/885/128 822/887/128
f 710/886/129 822/887/129 708/888/129
f 708/888/129 822/887/129 823/889/129
f 708/888/130 823/889/130 706/890/130
f 706/890/130 823/889/130 824/891/130
f 706/890/131 824/891/131 703/892/131
f 703/892/132 824/891/132 825/893/132
f 703/858/133 825/859/133 701/894/133
f 701/894/133 825/859/133 826/895/133
f 701/894/134 826/895/134 699/896/134
f 699/896/134 826/895/134 827/897/134
f 699/896/135 827/897/135 697/898/135
f 697/898/135 827/897/135 828/899/135
f 697/898/136 828/899/136 694/900/136
f 694/900/136 828/899/136 829/901/136
f 694/900/137 829/901/137 692/902/137
f 692/902/137 829/901/137 830/903/137
f 692/902/138 830/903/138 690/904/138
f 690/904/138 830/903/138 831/905/138
f 690/904/139 831/905/139 687/906/139
f 687/906/139 831/905/139 832/907/139
f 687/906/140 832/907/140 685/908/140
f 685/908/140 832/907/140 833/909/140
f 685/908/141 833/909/141 683/910/141
f 683/910/141 833/909/141 834/911/141
f 683/910/142 834/911/142 681/912/142
f 681/912/142 834/911/142 835/913/142
f 681/912/143 835/913/143 678/914/143
f 678/914/143 835/913/143 836/915/143
f 678/914/144 836/915/144 676/916/144
f 676/916/144 836/915/144 837/917/144
f 676/916/145 837/917/145 674/918/145
f 674/918/145 837/917/145 838/919/145
f 674/918/146 838/919/146 671/920/146
f 671/920/146 838/919/146 839/921/146
f 671/920/147 839/921/147 669/922/147
f 669/922/147 839/921/147 840/923/147
f 669/922/148 840/923/148 667/924/148
f 667/924/148 840/923/148 841/925/148
f 667/924/149 841/925/149 664/926/149
f 664/926/149 841/925/149 842/927/149
f 664/928/150 842/929/150 662/930/150
f 662/930/150 842/929/150 843/931/150
f 662/930/151 843/931/151 660/932/151
f 660/932/151 843/931/151 844/933/151
f 660/932/152 844/933/152 658/934/152
f 658/934/152 844/933/152 845/935/152
f 658/934/153 845/935/153 655/936/153
f 655/936/153 845/935/153 846/937/153
f 655/936/154 846/937/154 653/938/154
f 653/938/154 846/937/154 847/939/154
f 653/938/155 847/939/155 651/940/155
f 651/940/155 847/939/155 848/941/155
f 651/940/156 848/941/156 648/942/156
f 648/942/156 848/941/156 849/943/156
f 648/942/157 849/943/157 646/944/157
f 646/944/157 849/943/157 850/945/157
f 646/944/158 850/945/158 644/946/158
f 644/946/158 850/945/158 851/947/158
f 644/946/159 851/947/159 642/948/159
f 642/948/159 851/947/159 852/949/159
f 642/948/160 852/949/160 639/950/160
f 639/950/160 852/949/160 853/951/160
f 639/950/161 853/951/161 637/952/161
f 637/952/162 853/951/162 854/953/162
f 637/952/163 854/953/163 635/812/163
f 635/812/163 854/953/163 787/813/163
f 855/954/93 856/955/93 857/956/93
f 857/956/93 856/955/93 858/957/93
f 857/956/92 858/957/92 859/958/92
f 859/958/92 858/957/92 860/959/92
f 859/958/163 860/959/163 861/960/163
f 861/960/163 860/959/163 862/961/163
f 861/960/162 862/961/162 863/962/162
f 863/962/161 862/961/161 864/963/161
f 863/962/160 864/963/160 865/964/160
f 865/964/160 864/963/160 866/965/160
f 865/964/159 866/965/159 867/966/159
f 867/966/159 866/965/159 868/967/159
f 867/966/158 868/967/158 869/968/158
f 869/968/158 868/967/158 870/969/158
f 869/968/157 870/969/157 871/970/157
f 871/970/157 870/969/157 872/971/157
f 871/970/156 872/971/156 873/972/156
f 873/972/156 872/971/156 874/973/156
f 873/972/155 874/973/155 875/974/155
f 875/974/155 874/973/155 876/975/155
f 875/974/154 876/975/154 877/976/154
f 877/976/154 876/975/154 878/977/154
f 877/976/153 878/977/153 879/978/153
f 879/978/153 878/977/153 880/979/153
f 879/978/152 880/979/152 881/980/152
f 881/980/152 880/979/152 882/981/152
f 881/980/151 882/981/151 883/982/151
f 883/982/151 882/981/151 884/983/151
f 883/982/150 884/983/150 885/984/150
f 885/984/150 884/983/150 886/985/150
f 885/986/149 886/987/149 887/988/149
f 887/988/149 886/987/149 888/989/149
f 887/988/148 888/989/148 889/990/148
f 889/990/148 888/989/148 890/991/148
f 889/990/147 890/991/147 891/992/147
f 891/992/147 890/991/147 892/993/147
f 891/992/146 892/993/146 893/994/146
f 893/994/146 892/993/146 894/995/146
f 893/994/145 894/995/145 895/996/145
f 895/996/145 894/995/145 896/997/145
f 895/996/144 896/997/144 897/998/144
f 897/998/144 896/997/144 898/999/144
f 897/998/143 898/999/143 899/1000/143
f 899/1000/143 898/999/143 900/1001/143
f 899/1000/142 900/1001/142 901/1002/142
f 901/1002/142 900/1001/142 902/1003/142
f 901/1002/141 902/1003/141 903/1004/141
f 903/1004/141 902/1003/141 904/1005/141
f 903/1004/140 904/1005/140 905/1006/140
f 905/1006/140 904/1005/140 906/1007/140
f 905/1006/139 906/1007/139 907/1008/139
f 907/1008/139 906/1007/139 908/1009/139
f 907/1008/138 908/1009/138 909/1010/138
f 909/1010/138 908/1009/138 910/1011/138
f 909/1010/137 910/1011/137 911/1012/137
f 911/1012/137 910/1011/137 912/1013/137
f 911/1012/136 912/1013/136 913/1014/136
f 913/1014/136 912/1013/136 914/1015/136
f 913/1014/135 914/1015/135 915/1016/135
f 915/1016/135 914/1015/135 916/1017/135
f 915/1016/134 916/1017/134 917/1018/134
f 917/1018/134 916/1017/134 918/1019/134
f 917/1018/133 918/1019/133 919/1020/133
f 919/1020/133 918/1019/133 920/1021/133
f 919/1022/132 920/1023/132 921/1024/132
f 921/1024/131 920/1023/131 922/1025/131
f 921/1024/130 922/1025/130 923/1026/130
f 923/1026/130 922/1025/130 924/1027/130
f 923/1026/129 924/1027/129 925/1028/129
f 925/1028/129 924/1027/129 926/1029/129
f 925/1028/128 926/1029/128 927/1030/128
f 927/1030/128 926/1029/128 928/1031/128
f 927/1030/127 928/1031/127 929/1032/127
f 929/1032/127 928/1031/127 930/1033/127
f 929/1032/126 930/1033/126 931/1034/126
f 931/1034/125 930/1033/125 932/1035/125
f 931/1034/124 932/1035/124 933/1036/124
f 933/1036/124 932/1035/124 934/1037/124
f 933/1036/123 934/1037/123 935/1038/123
f 935/1038/123 934/1037/123 936/1039/123
f 935/1038/122 936/1039/122 937/1040/122
f 937/1040/122 936/1039/122 938/1041/122
f 937/1040/121 938/1041/121 939/1042/121
f 939/1042/121 938/1041/121 940/1043/121
f 939/1042/120 940/1043/120 941/1044/120
f 941/1044/120 940/1043/120 942/1045/120
f 941/1044/119 942/1045/119 943/1046/119
f 943/1046/119 942/1045/119 944/1047/119
f 943/1046/118 944/1047/118 945/1048/118
f 945/1048/118 944/1047/118 946/1049/118
f 945/1048/117 946/1049/117 947/1050/117
f 947/1050/117 946/1049/117 948/1051/117
f 947/1050/116 948/1051/116 949/1052/116
f 949/1052/116 948/1051/116 950/1053/116
f 949/1052/115 950/1053/115 951/1054/115
f 951/1054/115 950/1053/115 952/1055/115
f 951/1020/114 952/1021/114 953/1056/114
f 953/1056/114 952/1021/114 954/1057/114
f 953/1056/113 954/1057/113 955/1058/113
f 955/1058/113 954/1057/113 956/1059/113
f 955/1058/112 956/1059/112 957/1060/112
f 957/1060/112 956/1059/112 958/1061/112
f 957/1060/111 958/1061/111 959/1062/111
f 959/1062/111 958/1061/111 960/1063/111
f 959/1062/110 960/1063/110 961/1064/110
f 961/1064/110 960/1063/110 962/1065/110
f 961/1064/109 962/1065/109 963/1066/109
f 963/1066/109 962/1065/109 964/1067/109
f 963/1066/108 964/1067/108 965/1068/108
f 965/1068/108 964/1067/108 966/1069/108
f 965/1068/107 966/1069/107 967/1070/107
f 967/1070/107 966/1069/107 968/1071/107
f 967/1070/106 968/1071/106 969/1072/106
f 969/1072/106 968/1071/106 970/1073/106
f 969/1072/105 970/1073/105 971/1074/105
f 971/1074/105 970/1073/105 972/1075/105
f 971/1074/104 972/1075/104 973/1076/104
f 973/1076/104 972/1075/104 974/1077/104
f 973/1076/103 974/1077/103 975/1078/103
f 975/1078/103 974/1077/103 976/1079/103
f 975/1078/102 976/1079/102 977/1080/102
f 977/1080/102 976/1079/102 978/1081/102
f 977/1080/101 978/1081/101 979/1082/101
f 979/1082/101 978/1081/101 980/1083/101
f 979/1082/100 980/1083/100 981/1084/100
f 981/1084/100 980/1083/100 982/1085/100
f 981/1084/99 982/1085/99 983/1086/99
f 983/1086/99 982/1085/99 984/1087/99
f 983/1086/98 984/1087/98 985/1088/98
f 985/1088/98 984/1087/98 986/1089/98
f 985/1090/97 986/1091/97 987/1092/97
f 987/1092/97 986/1091/97 988/1093/97
f 987/1092/96 988/1093/96 989/1094/96
f 989/1094/95 988/1093/95 990/1095/95
f 989/1094/94 990/1095/94 855/954/94
f 855/954/94 990/1095/94 856/955/94
f 822/887/129 926/1029/129 823/889/129
f 823/889/129 926/1029/129 924/1027/129
f 823/889/130 924/1027/130 824/891/130
f 824/891/130 924/1027/130 922/1025/130
f 824/891/131 922/1025/131 825/893/131
f 825/893/132 922/1025/132 920/1023/132
f 825/859/133 920/1021/133 826/895/133
f 826/895/133 920/1021/133 918/1019/133
f 826/895/134 918/1019/134 827/897/134
f 827/897/134 918/1019/134 916/1017/134
f 827/897/135 916/1017/135 828/899/135
f 828/899/135 916/1017/135 914/1015/135
f 828/899/136 914/1015/136 829/901/136
f 829/901/136 914/1015/136 912/1013/136
f 829/901/137 912/1013/137 830/903/137
f 830/903/137 912/1013/137 910/1011/137
f 830/903/138 910/1011/138 831/905/138
f 831/905/138 910/1011/138 908/1009/138
f 831/905/139 908/1009/139 832/907/139
f 832/907/139 908/1009/139 906/1007/139
f 832/907/140 906/1007/140 833/909/140
f 833/909/140 906/1007/140 904/1005/140
f 833/909/141 904/1005/141 834/911/141
f 834/911/141 904/1005/141 902/1003/141
f 834/911/142 902/1003/142 835/913/142
f 835/913/142 902/1003/142 900/1001/142
f 835/913/143 900/1001/143 836/915/143
f 836/915/143 900/1001/143 898/999/143
f 836/915/144 898/999/144 837/917/144
f 837/917/144 898/999/144 896/997/144
f 837/917/145 896/997/145 838/919/145
f 838/919/145 896/997/145 894/995/145
f 838/919/146 894/995/146 839/921/146
f 839/921/146 894/995/146 892/993/146
f 839/921/147 892/993/147 840/923/147
f 840/923/147 892/993/147 890/991/147
f 840/923/148 890/991/148 841/925/148
f 841/925/148 890/991/148 888/989/148
f 841/925/149 888/989/149 842/927/149
f 842/927/149 888/989/149 886/987/149
f 842/929/150 886/985/150 843/931/150
f 843/931/150 886/985/150 884/983/150
f 843/931/151 884/983/151 844/933/151
f 844/933/151 884/983/151 882/981/151
f 844/933/152 882/981/152 845/935/152
f 845/935/152 882/981/152 880/979/152
f 845/935/153 880/979/153 846/937/153
f 846/937/153 880/979/153 878/977/153
f 846/937/154 878/977/154 847/939/154
f 847/939/154 878/977/154 876/975/154
f 847/939/155 876/975/155 848/941/155
f 848/941/155 876/975/155 874/973/155
f 848/941/156 874/973/156 849/943/156
f 849/943/156 874/973/156 872/971/156
f 849/943/157 872/971/157 850/945/157
f 850/945/157 872/971/157 870/969/157
f 850/945/158 870/969/158 851/947/158
f 851/947/158 870/969/158 868/967/158
f 851/947/159 868/967/159 852/949/159
f 852/949/159 868/967/159 866/965/159
f 852/949/160 866/965/160 853/951/160
f 853/951/160 866/965/160 864/963/160
f 853/951/161 864/963/161 854/953/161
f 854/953/162 864/963/162 862/961/162
f 854/953/163 862/961/163 787/813/163
f 787/813/163 862/961/163 860/959/163
f 787/813/92 860/959/92 788/815/92
f 788/815/92 860/959/92 858/957/92
f 788/815/93 858/957/93 789/817/93
f 789/817/93 858/957/93 856/955/93
f 789/817/94 856/955/94 790/819/94
f 790/819/94 856/955/94 990/1095/94
f 790/819/95 990/1095/95 791/821/95
f 791/821/96 990/1095/96 988/1093/96
f 791/821/97 988/1093/97 792/823/97
f 792/823/97 988/1093/97 986/1091/97
f 792/825/98 986/1089/98 793/827/98
f 793/827/98 986/1089/98 984/1087/98
f 793/827/99 984/1087/99 794/829/99
f 794/829/99 984/1087/99 982/1085/99
f 794/829/100 982/1085/100 795/831/100
f 795/831/100 982/1085/100 980/1083/100
f 795/831/101 980/1083/101 796/833/101
f 796/833/101 980/1083/101 978/1081/101
f 796/833/102 978/1081/102 797/835/102
f 797/835/102 978/1081/102 976/1079/102
f 797/835/103 976/1079/103 798/837/103
f 798/837/103 976/1079/103 974/1077/103
f 798/837/104 974/1077/104 799/839/104
f 799/839/104 974/1077/104 972/1075/104
f 799/839/105 972/1075/105 800/841/105
f 800/841/105 972/1075/105 970/1073/105
f 800/841/106 970/1073/106 801/843/106
f 801/843/106 970/1073/106 968/1071/106
f 801/843/107 968/1071/107 802/845/107
f 802/845/107 968/1071/107 966/1069/107
f 802/845/108 966/1069/108 803/847/108
f 803/847/108 966/1069/108 964/1067/108
f 803/847/109 964/1067/109 804/849/109
f 804/849/109 964/1067/109 962/1065/109
f 804/849/110 962/1065/110 805/851/110
f 805/851/110 962/1065/110 960/1063/110
f 805/851/111 960/1063/111 806/853/111
f 806/853/111 960/1063/111 958/1061/111
f 806/853/112 958/1061/112 807/855/112
f 807/855/112 958/1061/112 956/1059/112
f 807/855/113 956/1059/113 808/857/113
f 808/857/113 956/1059/113 954/1057/113
f 808/857/114 954/1057/114 809/859/114
f 809/859/114 954/1057/114 952/1021/114
f 809/861/115 952/1055/115 810/863/115
f 810/863/115 952/1055/115 950/1053/115
f 810/863/116 950/1053/116 811/865/116
f 811/865/116 950/1053/116 948/1051/116
f 811/865/117 948/1051/117 812/867/117
f 812/867/117 948/1051/117 946/1049/117
f 812/867/118 946/1049/118 813/869/118
f 813/869/118 946/1049/118 944/1047/118
f 813/869/119 944/1047/119 814/871/119
f 814/871/119 944/1047/119 942/1045/119
f 814/871/120 942/1045/120 815/873/120
f 815/873/120 942/1045/120 940/1043/120
f 815/873/121 940/1043/121 816/875/121
f 816/875/121 940/1043/121 938/1041/121
f 816/875/122 938/1041/122 817/877/122
f 817/877/122 938/1041/122 936/1039/122
f 817/877/123 936/1039/123 818/879/123
f 818/879/123 936/1039/123 934/1037/123
f 818/879/124 934/1037/124 819/881/124
f 819/881/124 934/1037/124 932/1035/124
f 819/881/125 932/1035/125 820/883/125
f 820/883/126 932/1035/126 930/1033/126
f 820/883/127 930/1033/127 821/885/127
f 821/885/127 930/1033/127 928/1031/127
f 821/885/128 928/1031/128 822/887/128
f 822/887/128 928/1031/128 926/1029/128
f 991/1096/164 992/1097/164 857/1098/164
f 857/1098/164 992/1097/164 993/1099/164
f 857/1098/164 993/1099/164 855/1100/164
f 855/1100/164 993/1099/164 994/1101/164
f 855/1100/164 994/1101/164 989/1102/164
f 989/1102/164 994/1101/164 995/1103/164
f 989/1102/164 995/1103/164 987/1104/164
f 987/1104/164 995/1103/164 996/1105/164
f 987/1104/164 996/1105/164 997/1106/164
f 987/1104/164 997/1106/164 985/1107/164
f 985/1107/164 997/1106/164 998/1108/164
f 985/1107/164 998/1108/164 983/1109/164
f 983/1109/164 998/1108/164 999/1110/164
f 983/1109/164 999/1110/164 981/1111/164
f 981/1111/164 999/1110/164 1000/1112/164
f 981/1111/164 1000/1112/164 979/1113/164
f 979/1113/164 1000/1112/164 1001/1114/164
f 979/1113/164 1001/1114/164 1002/1115/164
f 979/1113/164 1002/1115/164 977/1116/164
f 977/1116/164 1002/1115/164 1003/1117/164
f 977/1116/164 1003/1117/164 975/1118/164
f 975/1118/164 1003/1117/164 1004/1119/164
f 975/1118/164 1004/1119/164 973/1120/164
f 973/1120/164 1004/1119/164 1005/1121/164
f 973/1120/164 1005/1121/164 1006/1122/164
f 973/1120/164 1006/1122/164 971/1123/164
f 971/1123/164 1006/1122/164 1007/1124/164
f 971/1123/164 1007/1124/164 969/1125/164
f 969/1125/164 1007/1124/164 1008/1126/164
f 969/1125/164 1008/1126/164 967/1127/164
f 967/1127/164 1008/1126/164 1009/1128/164
f 967/1127/164 1009/1128/164 965/1129/164
f 965/1129/164 1009/1128/164 1010/1130/164
f 965/1129/164 1010/1130/164 1011/1131/164
f 965/1129/164 1011/1131/164 963/1132/164
f 963/1132/164 1011/1131/164 1012/1133/164
f 963/1132/164 1012/1133/164 961/1134/164
f 961/1134/164 1012/1133/164 1013/1135/164
f 961/1134/164 1013/1135/164 959/1136/164
f 959/1136/164 1013/1135/164 1014/1137/164
f 959/1136/164 1014/1137/164 1015/1138/164
f 959/1136/164 1015/1138/164 957/1139/164
f 957/1139/164 1015/1138/164 1016/1140/164
f 957/1139/164 1016/1140/164 955/1141/164
f 955/1141/164 1016/1140/164 1017/1142/164
f 955/1141/164 1017/1142/164 953/1143/164
f 953/1143/164 1017/1142/164 1018/1144/164
f 953/1143/164 1018/1144/164 1019/1145/164
f 953/1143/164 1019/1145/164 951/1146/164
f 951/1146/164 1019/1145/164 1020/1147/164
f 951/1146/164 1020/1147/164 949/1148/164
f 949/1148/164 1020/1147/164 1021/1149/164
f 949/1148/164 1021/1149/164 947/1150/164
f 947/1150/164 1021/1149/164 1022/1151/164
f 947/1150/164 1022/1151/164 945/1152/164
f 945/1152/164 1022/1151/164 1023/1153/164
f 945/1152/164 1023/1153/164 1024/1154/164
f 945/1152/164 1024/1154/164 943/1155/164
f 943/1155/164 1024/1154/164 1025/1156/164
f 943/1155/164 1025/1156/164 941/1157/164
f 941/1157/164 1025/1156/164 1026/1158/164
f 941/1157/164 1026/1158/164 939/1159/164
f 939/1159/164 1026/1158/164 1027/1160/164
f 939/1159/164 1027/1160/164 1028/1161/164
f 939/1159/164 1028/1161/164 937/1162/164
f 937/1162/164 1028/1161/164 1029/1163/164
f 937/1162/164 1029/1163/164 935/1164/164
f 935/1164/164 1029/1163/164 1030/1165/164
f 935/1164/164 1030/1165/164 933/1166/164
f 933/1166/164 1030/1165/164 1031/1167/164
f 933/1166/164 1031/1167/164 931/1168/164
f 931/1168/164 1031/1167/164 1032/1169/164
f 931/1168/164 1032/1169/164 1033/1170/164
f 931/1168/164 1033/1170/164 929/1171/164
f 929/1171/164 1033/1170/164 1034/1172/164
f 929/1171/164 1034/1172/164 927/1173/164
f 927/1173/164 1034/1172/164 1035/1174/164
f 927/1173/164 1035/1174/164 925/1175/164
f 925/1175/164 1035/1174/164 1036/1176/164
f 925/1175/164 1036/1176/164 1037/1177/164
f 925/1175/164 1037/1177/164 923/1178/164
f 923/1178/164 1037/1177/164 1038/1179/164
f 923/1178/164 1038/1179/164 921/1180/164
f 921/1180/164 1038/1179/164 1039/1181/164
f 921/1180/164 1039/1181/164 919/1182/164
f 919/1182/164 1039/1181/164 1040/1183/164
f 919/1182/164 1040/1183/164 1041/1184/164
f 919/1182/164 1041/1184/164 917/1185/164
f 917/1185/164 1041/1184/164 1042/1186/164
f 917/1185/164 1042/1186/164 915/1187/164
f 915/1187/164 1042/1186/164 1043/1188/164
f 915/1187/164 1043/1188/164 913/1189/164
f 913/1189/164 1043/1188/164 1044/1190/164
f 913/1189/164 1044/1190/164 911/1191/164
f 911/1191/164 1044/1190/164 1045/1192/164
f 911/1191/164 1045/1192/164 1046/1193/164
f 911/1191/164 1046/1193/164 909/1194/164
f 909/1194/164 1046/1193/164 1047/1195/164
f 909/1194/164 1047/1195/164 907/1196/164
f 907/1196/164 1047/1195/164 1048/1197/164
f 907/1196/164 1048/1197/164 905/1198/164
f 905/1198/164 1048/1197/164 1049/1199/164
f 905/1198/164 1049/1199/164 1050/1200/164
f 905/1198/164 1050/1200/164 903/1201/164
f 903/1201/164 1050/1200/164 1051/1202/164
f 903/1201/164 1051/1202/164 901/1203/164
f 901/1203/164 1051/1202/164 1052/1204/164
f 901/1203/164 1052/1204/164 899/1205/164
f 899/1205/164 1052/1204/164 1053/1206/164
f 899/1205/164 1053/1206/164 897/1207/164
f 897/1207/164 1053/1206/164 1054/1208/164
f 897/1207/164 1054/1208/164 1055/1209/164
f 897/1207/164 1055/1209/164 895/1210/164
f 895/1210/164 1055/1209/164 1056/1211/164
f 895/1210/164 1056/1211/164 893/1212/164
f 893/1212/164 1056/1211/164 1057/1213/164
f 893/1212/164 1057/1213/164 891/1214/164
f 891/1214/164 1057/1213/164 1058/1215/164
f 891/1214/164 1058/1215/164 1059/1216/164
f 891/1214/164 1059/1216/164 889/1217/164
f 889/1217/164 1059/1216/164 1060/1218/164
f 889/1217/164 1060/1218/164 887/1219/164
f 887/1219/164 1060/1218/164 1061/1220/164
f 887/1219/164 1061/1220/164 885/1221/164
f 885/1221/164 1061/1220/164 1062/1222/164
f 885/1221/164 1062/1222/164 1063/1223/164
f 885/1221/164 1063/1223/164 883/1224/164
f 883/1224/164 1063/1223/164 1064/1225/164
f 883/1224/164 1064/1225/164 881/1226/164
f 881/1226/164 1064/1225/164 1065/1227/164
f 881/1226/164 1065/1227/164 879/1228/164
f 879/1228/164 1065/1227/164 1066/1229/164
f 879/1228/164 1066/1229/164 877/1230/164
f 877/1230/164 1066/1229/164 1067/1231/164
f 877/1230/164 1067/1231/164 1068/1232/164
f 877/1230/164 1068/1232/164 875/1233/164
f 875/1233/164 1068/1232/164 1069/1234/164
f 875/1233/164 1069/1234/164 873/1235/164
f 873/1235/164 1069/1234/164 1070/1236/164
f 873/1235/164 1070/1236/164 871/1237/164
f 871/1237/164 1070/1236/164 1071/1238/164
f 871/1237/164 1071/1238/164 1072/1239/164
f 871/1237/164 1072/1239/164 869/1240/164
f 869/1240/164 1072/1239/164 1073/1241/164
f 869/1240/164 1073/1241/164 867/1242/164
f 867/1242/164 1073/1241/164 1074/1243/164
f 867/1242/164 1074/1243/164 865/1244/164
f 865/1244/164 1074/1243/164 1075/1245/164
f 865/1244/164 1075/1245/164 863/1246/164
f 863/1246/164 1075/1245/164 1076/1247/164
f 863/1246/164 1076/1247/164 1077/1248/164
f 863/1246/164 1077/1248/164 861/1249/164
f 861/1249/164 1077/1248/164 1078/1250/164
f 861/1249/164 1078/1250/164 859/1251/164
f 859/1251/164 1078/1250/164 991/1096/164
f 859/1251/164 991/1096/164 857/1098/164
f 991/1096/165 1079/1252/165 992/1097/165
f 992/1097/166 1079/1252/166 1080/1253/166
f 992/1097/167 1080/1253/167 1081/1254/167
f 1081/1254/168 1080/1253/168 1082/1255/168
f 1081/1254/168 1082/1255/168 1083/1256/168
f 1083/1256/169 1082/1255/169 1084/1257/169
f 1083/1256/169 1084/1257/169 1085/1258/169
f 1085/1259/170 1084/1260/170 1086/1261/170
f 1085/1259/170 1086/1261/170 1087/1262/170
f 1087/1262/171 1086/1261/171 1088/1263/171
f 1087/1262/171 1088/1263/171 1089/1264/171
f 1089/1264/172 1088/1263/172 453/470/172
f 1089/1264/172 453/470/172 455/472/172
f 1079/1252/173 991/1096/173 1090/1265/173
f 1090/1265/174 991/1096/174 1078/1250/174
f 1090/1265/175 1078/1250/175 1091/1266/175
f 1091/1266/176 1078/1250/176 1077/1248/176
f 1091/1266/177 1077/1248/177 1092/1267/177
f 1092/1267/178 1077/1248/178 1076/1247/178
f 1092/1267/179 1076/1247/179 1093/1268/179
f 1093/1268/180 1076/1247/180 1075/1245/180
f 1093/1268/181 1075/1245/181 1094/1269/181
f 1094/1269/182 1075/1245/182 1074/1243/182
f 1094/1269/183 1074/1243/183 1095/1270/183
f 1095/1270/184 1074/1243/184 1073/1241/184
f 1095/1270/185 1073/1241/185 1096/1271/185
f 1096/1271/186 1073/1241/186 1072/1239/186
f 1096/1271/187 1072/1239/187 1097/1272/187
f 1097/1272/188 1072/1239/188 1071/1238/188
f 1097/1272/189 1071/1238/189 1098/1273/189
f 1098/1273/190 1071/1238/190 1070/1236/190
f 1098/1273/191 1070/1236/191 1099/1274/191
f 1099/1274/192 1070/1236/192 1069/1234/192
f 1099/1274/193 1069/1234/193 1100/1275/193
f 1100/1275/194 1069/1234/194 1068/1232/194
f 1100/1275/195 1068/1232/195 1101/1276/195
f 1101/1276/196 1068/1232/196 1067/1231/196
f 1101/1276/197 1067/1231/197 1102/1277/197
f 1102/1277/198 1067/1231/198 1066/1229/198
f 1102/1277/199 1066/1229/199 1103/1278/199
f 1103/1278/200 1066/1229/200 1065/1227/200
f 1103/1278/201 1065/1227/201 1104/1279/201
f 1104/1279/202 1065/1227/202 1064/1225/202
f 1104/1279/203 1064/1225/203 1105/1280/203
f 1105/1280/204 1064/1225/204 1063/1223/204
f 1105/1280/205 1063/1223/205 1106/1281/205
f 1106/1281/206 1063/1223/206 1062/1222/206
f 1106/1281/207 1062/1222/207 1107/1282/207
f 1107/1282/208 1062/1222/208 1061/1220/208
f 1107/1282/209 1061/1220/209 1108/1283/209
f 1108/1283/210 1061/1220/210 1060/1218/210
f 1108/1283/211 1060/1218/211 1109/1284/211
f 1109/1284/212 1060/1218/212 1059/1216/212
f 1109/1284/213 1059/1216/213 1110/1285/213
f 1110/1285/214 1059/1216/214 1058/1215/214
f 1110/1285/215 1058/1215/215 1111/1286/215
f 1111/1286/216 1058/1215/216 1057/1213/216
f 1111/1286/217 1057/1213/217 1112/1287/217
f 1112/1287/218 1057/1213/218 1056/1211/218
f 1112/1287/219 1056/1211/219 1113/1288/219
f 1113/1288/220 1056/1211/220 1055/1209/220
f 1113/1288/221 1055/1209/221 1114/1289/221
f 1114/1289/222 1055/1209/222 1054/1208/222
f 1114/1289/223 1054/1208/223 1115/1290/223
f 1115/1290/224 1054/1208/224 1053/1206/224
f 1115/1290/225 1053/1206/225 1116/1291/225
f 1116/1291/226 1053/1206/226 1052/1204/226
f 1116/1291/227 1052/1204/227 1117/1292/227
f 1117/1292/228 1052/1204/228 1051/1202/228
f 1117/1292/229 1051/1202/229 1118/1293/229
f 1118/1293/230 1051/1202/230 1050/1200/230
f 1118/1293/231 1050/1200/231 1119/1294/231
f 1119/1294/232 1050/1200/232 1049/1199/232
f 1119/1294/233 1049/1199/233 1120/1295/233
f 1120/1295/234 1049/1199/234 1048/1197/234
f 1120/1295/235 1048/1197/235 1121/1296/235
f 1121/1296/236 1048/1197/236 1047/1195/236
f 1121/1296/237 1047/1195/237 1122/1297/237
f 1122/1297/238 1047/1195/238 1046/1193/238
f 1122/1297/239 1046/1193/239 1123/1298/239
f 1123/1298/240 1046/1193/240 1045/1192/240
f 1123/1298/241 1045/1192/241 1124/1299/241
f 1124/1299/242 1045/1192/242 1044/1190/242
f 1124/1299/243 1044/1190/243 1125/1300/243
f 1125/1300/244 1044/1190/244 1043/1188/244
f 1125/1300/245 1043/1188/245 1126/1301/245
f 1126/1301/246 1043/1188/246 1042/1186/246
f 1126/1301/247 1042/1186/247 1127/1302/247
f 1127/1302/248 1042/1186/248 1041/1184/248
f 1127/1302/249 1041/1184/249 1128/1303/249
f 1128/1303/250 1041/1184/250 1040/1183/250
f 1128/1303/251 1040/1183/251 1129/1304/251
f 1129/1304/252 1040/1183/252 1039/1181/252
f 1129/1304/253 1039/1181/253 1130/1305/253
f 1130/1305/254 1039/1181/254 1038/1179/254
f 1130/1305/255 1038/1179/255 1131/1306/255
f 1131/1306/256 1038/1179/256 1037/1177/256
f 1131/1306/257 1037/1177/257 1132/1307/257
f 1132/1307/258 1037/1177/258 1036/1176/258
f 1132/1307/259 1036/1176/259 1133/1308/259
f 1133/1308/260 1036/1176/260 1134/1309/260
f 1133/1308/261 1134/1309/261 1135/1310/261
f 1135/1310/262 1134/1309/262 1136/1311/262
f 1135/1310/263 1136/1311/263 1137/1312/263
f 1137/1312/264 1136/1311/264 1138/1313/264
f 1137/1314/265 1138/1315/265 1139/1316/265
f 1139/1316/266 1138/1315/266 1140/1317/266
f 1139/1316/267 1140/1317/267 1141/1318/267
f 1141/1318/268 1140/1317/268 1142/1319/268
f 1141/1318/269 1142/1319/269 533/554/269
f 533/554/270 1142/1319/270 531/552/270
f 531/552/271 1142/1319/271 1143/1320/271
f 531/552/272 1143/1320/272 529/550/272
f 529/550/273 1143/1320/273 1144/1321/273
f 529/550/274 1144/1321/274 527/548/274
f 527/548/274 1144/1321/274 1145/1322/274
f 527/548/275 1145/1322/275 525/546/275
f 525/546/275 1145/1322/275 1146/1323/275
f 525/546/276 1146/1323/276 523/544/276
f 523/544/277 1146/1323/277 1147/1324/277
f 523/544/278 1147/1324/278 521/542/278
f 521/542/278 1147/1324/278 1148/1325/278
f 521/542/279 1148/1325/279 519/540/279
f 519/540/280 1148/1325/280 1149/1326/280
f 519/540/281 1149/1326/281 517/538/281
f 517/538/282 1149/1326/282 1150/1327/282
f 517/538/283 1150/1327/283 515/536/283
f 515/536/283 1150/1327/283 1151/1328/283
f 515/536/284 1151/1328/284 513/534/284
f 513/534/285 1151/1328/285 1152/1329/285
f 513/534/286 1152/1329/286 511/532/286
f 511/532/287 1152/1329/287 1153/1330/287
f 511/532/288 1153/1330/288 509/530/288
f 509/530/289 1153/1330/289 1154/1331/289
f 509/530/290 1154/1331/290 507/528/290
f 507/528/291 1154/1331/291 1155/1332/291
f 507/526/292 1155/1333/292 505/524/292
f 505/524/293 1155/1333/293 1156/1334/293
f 505/524/294 1156/1334/294 503/522/294
f 503/522/294 1156/1334/294 1157/1335/294
f 503/522/295 1157/1335/295 501/520/295
f 501/520/296 1157/1335/296 1158/1336/296
f 501/520/297 1158/1336/297 499/518/297
f 499/518/297 1158/1336/297 1159/1337/297
f 499/518/298 1159/1337/298 497/516/298
f 497/516/298 1159/1337/298 1160/1338/298
f 497/516/299 1160/1338/299 495/514/299
f 495/514/299 1160/1338/299 1161/1339/299
f 495/514/300 1161/1339/300 493/512/300
f 493/512/301 1161/1339/301 1162/1340/301
f 493/512/302 1162/1340/302 491/510/302
f 491/510/302 1162/1340/302 1163/1341/302
f 491/510/303 1163/1341/303 489/508/303
f 489/508/304 1163/1341/304 1164/1342/304
f 489/508/305 1164/1342/305 487/506/305
f 487/506/305 1164/1342/305 1165/1343/305
f 487/506/306 1165/1343/306 485/504/306
f 485/504/307 1165/1343/307 1166/1344/307
f 485/504/308 1166/1344/308 483/502/308
f 483/502/308 1166/1344/308 1167/1345/308
f 483/502/309 1167/1345/309 481/500/309
f 481/500/310 1167/1345/310 1168/1346/310
f 481/500/311 1168/1346/311 479/498/311
f 479/498/311 1168/1346/311 1169/1347/311
f 479/498/312 1169/1347/312 477/496/312
f 477/496/313 1169/1347/313 1170/1348/313
f 477/496/314 1170/1348/314 475/494/314
f 475/494/315 1170/1348/315 1171/1349/315
f 475/494/316 1171/1349/316 473/492/316
f 473/492/317 1171/1349/317 1172/1350/317
f 473/492/318 1172/1350/318 471/490/318
f 471/490/318 1172/1350/318 1173/1351/318
f 471/490/319 1173/1351/319 469/488/319
f 469/488/319 1173/1351/319 1174/1352/319
f 469/488/320 1174/1352/320 467/486/320
f 467/486/320 1174/1352/320 1175/1353/320
f 467/486/321 1175/1353/321 465/484/321
f 465/484/322 1175/1353/322 1176/1354/322
f 465/484/323 1176/1354/323 463/482/323
f 463/482/324 1176/1354/324 1177/1355/324
f 463/480/325 1177/1356/325 461/478/325
f 461/478/325 1177/1356/325 1178/1357/325
f 461/478/326 1178/1357/326 459/476/326
f 459/476/326 1178/1357/326 1179/1358/326
f 459/476/327 1179/1358/327 457/474/327
f 457/474/328 1179/1358/328 1180/1359/328
f 457/474/329 1180/1359/329 455/472/329
f 455/472/330 1180/1359/330 1089/1264/330
f 1036/1176/331 1035/1174/331 1134/1309/331
f 1134/1309/332 1035/1174/332 1181/1360/332
f 1134/1309/262 1181/1360/262 1136/1311/262
f 1136/1311/333 1181/1360/333 1182/1361/333
f 1136/1311/264 1182/1361/264 1138/1313/264
f 1138/1313/334 1182/1361/334 1183/1362/334
f 1138/1315/266 1183/1363/266 1140/1317/266
f 1140/1317/335 1183/1363/335 1184/1364/335
f 1140/1317/268 1184/1364/268 1142/1319/268
f 1142/1319/336 1184/1364/336 1143/1320/336
f 1035/1174/337 1034/1172/337 1181/1360/337
f 1181/1360/338 1034/1172/338 1185/1365/338
f 1181/1360/333 1185/1365/333 1182/1361/333
f 1182/1361/339 1185/1365/339 1186/1366/339
f 1182/1361/334 1186/1366/334 1183/1362/334
f 1183/1362/340 1186/1366/340 1187/1367/340
f 1183/1363/335 1187/1368/335 1184/1364/335
f 1184/1364/341 1187/1368/341 1188/1369/341
f 1184/1364/336 1188/1369/336 1143/1320/336
f 1143/1320/342 1188/1369/342 1144/1321/342
f 1034/1172/343 1033/1170/343 1185/1365/343
f 1185/1365/344 1033/1170/344 1189/1370/344
f 1185/1365/339 1189/1370/339 1186/1366/339
f 1186/1366/345 1189/1370/345 1190/1371/345
f 1186/1366/340 1190/1371/340 1187/1367/340
f 1187/1367/346 1190/1371/346 1191/1372/346
f 1187/1368/347 1191/1373/347 1188/1369/347
f 1188/1369/348 1191/1373/348 1192/1374/348
f 1188/1369/342 1192/1374/342 1144/1321/342
f 1144/1321/349 1192/1374/349 1145/1322/349
f 1033/1170/350 1032/1169/350 1189/1370/350
f 1189/1370/351 1032/1169/351 1193/1375/351
f 1189/1370/345 1193/1375/345 1190/1371/345
f 1190/1371/352 1193/1375/352 1194/1376/352
f 1190/1371/353 1194/1376/353 1191/1372/353
f 1191/1372/354 1194/1376/354 1195/1377/354
f 1191/1373/348 1195/1378/348 1192/1374/348
f 1192/1374/355 1195/1378/355 1196/1379/355
f 1192/1374/349 1196/1379/349 1145/1322/349
f 1145/1322/356 1196/1379/356 1146/1323/356
f 1032/1169/357 1031/1167/357 1193/1375/357
f 1193/1375/358 1031/1167/358 1197/1380/358
f 1193/1375/352 1197/1380/352 1194/1376/352
f 1194/1376/359 1197/1380/359 1198/1381/359
f 1194/1376/354 1198/1381/354 1195/1377/354
f 1195/1377/360 1198/1381/360 1199/1382/360
f 1195/1378/355 1199/1383/355 1196/1379/355
f 1196/1379/361 1199/1383/361 1200/1384/361
f 1196/1379/356 1200/1384/356 1146/1323/356
f 1146/1323/362 1200/1384/362 1147/1324/362
f 1031/1167/363 1030/1165/363 1197/1380/363
f 1197/1380/364 1030/1165/364 1201/1385/364
f 1197/1380/359 1201/1385/359 1198/1381/359
f 1198/1381/365 1201/1385/365 1202/1386/365
f 1198/1381/360 1202/1386/360 1199/1382/360
f 1199/1382/366 1202/1386/366 1203/1387/366
f 1199/1383/361 1203/1388/361 1200/1384/361
f 1200/1384/367 1203/1388/367 1204/1389/367
f 1200/1384/362 1204/1389/362 1147/1324/362
f 1147/1324/368 1204/1389/368 1148/1325/368
f 1030/1165/369 1029/1163/369 1201/1385/369
f 1201/1385/370 1029/1163/370 1205/1390/370
f 1201/1385/365 1205/1390/365 1202/1386/365
f 1202/1386/371 1205/1390/371 1206/1391/371
f 1202/1386/366 1206/1391/366 1203/1387/366
f 1203/1387/372 1206/1391/372 1207/1392/372
f 1203/1388/367 1207/1393/367 1204/1389/367
f 1204/1389/373 1207/1393/373 1208/1394/373
f 1204/1389/368 1208/1394/368 1148/1325/368
f 1148/1325/374 1208/1394/374 1149/1326/374
f 1029/1163/375 1028/1161/375 1205/1390/375
f 1205/1390/376 1028/1161/376 1209/1395/376
f 1205/1390/371 1209/1395/371 1206/1391/371
f 1206/1391/377 1209/1395/377 1210/1396/377
f 1206/1391/372 1210/1396/372 1207/1392/372
f 1207/1392/378 1210/1396/378 1211/1397/378
f 1207/1393/373 1211/1398/373 1208/1394/373
f 1208/1394/379 1211/1398/379 1212/1399/379
f 1208/1394/374 1212/1399/374 1149/1326/374
f 1149/1326/380 1212/1399/380 1150/1327/380
f 1028/1161/381 1027/1160/381 1209/1395/381
f 1209/1395/382 1027/1160/382 1213/1400/382
f 1209/1395/377 1213/1400/377 1210/1396/377
f 1210/1396/383 1213/1400/383 1214/1401/383
f 1210/1396/378 1214/1401/378 1211/1397/378
f 1211/1397/384 1214/1401/384 1215/1402/384
f 1211/1398/379 1215/1403/379 1212/1399/379
f 1212/1399/385 1215/1403/385 1216/1404/385
f 1212/1399/380 1216/1404/380 1150/1327/380
f 1150/1327/386 1216/1404/386 1151/1328/386
f 1027/1160/387 1026/1158/387 1213/1400/387
f 1213/1400/388 1026/1158/388 1217/1405/388
f 1213/1400/383 1217/1405/383 1214/1401/383
f 1214/1401/389 1217/1405/389 1218/1406/389
f 1214/1401/384 1218/1406/384 1215/1402/384
f 1215/1402/390 1218/1406/390 1219/1407/390
f 1215/1403/385 1219/1408/385 1216/1404/385
f 1216/1404/391 1219/1408/391 1220/1409/391
f 1216/1404/386 1220/1409/386 1151/1328/386
f 1151/1328/392 1220/1409/392 1152/1329/392
f 1026/1158/393 1025/1156/393 1217/1405/393
f 1217/1405/394 1025/1156/394 1221/1410/394
f 1217/1405/389 1221/1410/389 1218/1406/389
f 1218/1406/395 1221/1410/395 1222/1411/395
f 1218/1406/390 1222/1411/390 1219/1407/390
f 1219/1407/396 1222/1411/396 1223/1412/396
f 1219/1408/391 1223/1413/391 1220/1409/391
f 1220/1409/397 1223/1413/397 1224/1414/397
f 1220/1409/392 1224/1414/392 1152/1329/392
f 1152/1329/398 1224/1414/398 1153/1330/398
f 1025/1156/399 1024/1154/399 1221/1410/399
f 1221/1410/400 1024/1154/400 1225/1415/400
f 1221/1410/395 1225/1415/395 1222/1411/395
f 1222/1411/401 1225/1415/401 1226/1416/401
f 1222/1411/396 1226/1416/396 1223/1412/396
f 1223/1412/402 1226/1416/402 1227/1417/402
f 1223/1413/397 1227/1418/397 1224/1414/397
f 1224/1414/403 1227/1418/403 1228/1419/403
f 1224/1414/398 1228/1419/398 1153/1330/398
f 1153/1330/404 1228/1419/404 1154/1331/404
f 1024/1154/405 1023/1153/405 1225/1415/405
f 1225/1415/406 1023/1153/406 1229/1420/406
f 1225/1415/401 1229/1420/401 1226/1416/401
f 1226/1416/407 1229/1420/407 1230/1421/407
f 1226/1416/402 1230/1421/402 1227/1417/402
f 1227/1417/408 1230/1421/408 1231/1422/408
f 1227/1418/409 1231/1423/409 1228/1419/409
f 1228/1419/410 1231/1423/410 1232/1424/410
f 1228/1419/404 1232/1424/404 1154/1331/404
f 1154/1331/411 1232/1424/411 1155/1332/411
f 1023/1153/412 1022/1151/412 1229/1420/412
f 1229/1420/413 1022/1151/413 1233/1425/413
f 1229/1420/407 1233/1425/407 1230/1421/407
f 1230/1421/414 1233/1425/414 1234/1426/414
f 1230/1421/408 1234/1426/408 1231/1422/408
f 1231/1422/415 1234/1426/415 1235/1427/415
f 1231/1423/410 1235/1428/410 1232/1424/410
f 1232/1429/416 1235/1427/416 1236/1430/416
f 1232/1424/411 1236/1431/411 1155/1332/411
f 1155/1333/417 1236/1432/417 1156/1334/417
f 1022/1151/418 1021/1149/418 1233/1425/418
f 1233/1425/419 1021/1149/419 1237/1433/419
f 1233/1425/414 1237/1433/414 1234/1426/414
f 1234/1426/420 1237/1433/420 1238/1434/420
f 1234/1426/415 1238/1434/415 1235/1427/415
f 1235/1427/421 1238/1434/421 1239/1435/421
f 1235/1427/416 1239/1435/416 1236/1430/416
f 1236/1430/422 1239/1435/422 1240/1436/422
f 1236/1432/417 1240/1437/417 1156/1334/417
f 1156/1334/423 1240/1437/423 1157/1335/423
f 1021/1149/424 1020/1147/424 1237/1433/424
f 1237/1433/425 1020/1147/425 1241/1438/425
f 1237/1433/420 1241/1438/420 1238/1434/420
f 1238/1434/426 1241/1438/426 1242/1439/426
f 1238/1434/421 1242/1439/421 1239/1435/421
f 1239/1435/427 1242/1439/427 1243/1440/427
f 1239/1435/422 1243/1440/422 1240/1436/422
f 1240/1437/428 1243/1441/428 1244/1442/428
f 1240/1437/423 1244/1442/423 1157/1335/423
f 1157/1335/429 1244/1442/429 1158/1336/429
f 1020/1147/430 1019/1145/430 1241/1438/430
f 1241/1438/431 1019/1145/431 1245/1443/431
f 1241/1438/426 1245/1443/426 1242/1439/426
f 1242/1439/432 1245/1443/432 1246/1444/432
f 1242/1439/427 1246/1444/427 1243/1440/427
f 1243/1440/433 1246/1444/433 1247/1445/433
f 1243/1441/428 1247/1446/428 1244/1442/428
f 1244/1442/434 1247/1446/434 1248/1447/434
f 1244/1442/429 1248/1447/429 1158/1336/429
f 1158/1336/435 1248/1447/435 1159/1337/435
f 1019/1145/436 1018/1144/436 1245/1443/436
f 1245/1443/437 1018/1144/437 1249/1448/437
f 1245/1443/438 1249/1448/438 1246/1444/438
f 1246/1444/439 1249/1448/439 1250/1449/439
f 1246/1444/433 1250/1449/433 1247/1445/433
f 1247/1445/440 1250/1449/440 1251/1450/440
f 1247/1446/434 1251/1451/434 1248/1447/434
f 1248/1447/441 1251/1451/441 1252/1452/441
f 1248/1447/435 1252/1452/435 1159/1337/435
f 1159/1337/442 1252/1452/442 1160/1338/442
f 1018/1144/443 1017/1142/443 1249/1448/443
f 1249/1448/444 1017/1142/444 1253/1453/444
f 1249/1448/439 1253/1453/439 1250/1449/439
f 1250/1449/445 1253/1453/445 1254/1454/445
f 1250/1449/440 1254/1454/440 1251/1450/440
f 1251/1450/446 1254/1454/446 1255/1455/446
f 1251/1451/441 1255/1456/441 1252/1452/441
f 1252/1452/447 1255/1456/447 1256/1457/447
f 1252/1452/442 1256/1457/442 1160/1338/442
f 1160/1338/448 1256/1457/448 1161/1339/448
f 1017/1142/449 1016/1140/449 1253/1453/449
f 1253/1453/450 1016/1140/450 1257/1458/450
f 1253/1453/445 1257/1458/445 1254/1454/445
f 1254/1454/451 1257/1458/451 1258/1459/451
f 1254/1454/446 1258/1459/446 1255/1455/446
f 1255/1455/452 1258/1459/452 1259/1460/452
f 1255/1456/447 1259/1461/447 1256/1457/447
f 1256/1457/453 1259/1461/453 1260/1462/453
f 1256/1457/448 1260/1462/448 1161/1339/448
f 1161/1339/454 1260/1462/454 1162/1340/454
f 1016/1140/455 1015/1138/455 1257/1458/455
f 1257/1458/456 1015/1138/456 1261/1463/456
f 1257/1458/457 1261/1463/457 1258/1459/457
f 1258/1459/458 1261/1463/458 1262/1464/458
f 1258/1459/452 1262/1464/452 1259/1460/452
f 1259/1460/459 1262/1464/459 1263/1465/459
f 1259/1461/453 1263/1466/453 1260/1462/453
f 1260/1462/460 1263/1466/460 1264/1467/460
f 1260/1462/454 1264/1467/454 1162/1340/454
f 1162/1340/461 1264/1467/461 1163/1341/461
f 1015/1138/462 1014/1137/462 1261/1463/462
f 1261/1463/463 1014/1137/463 1265/1468/463
f 1261/1463/458 1265/1468/458 1262/1464/458
f 1262/1464/464 1265/1468/464 1266/1469/464
f 1262/1464/459 1266/1469/459 1263/1465/459
f 1263/1465/465 1266/1469/465 1267/1470/465
f 1263/1466/460 1267/1471/460 1264/1467/460
f 1264/1467/466 1267/1471/466 1268/1472/466
f 1264/1467/461 1268/1472/461 1163/1341/461
f 1163/1341/467 1268/1472/467 1164/1342/467
f 1014/1137/468 1013/1135/468 1265/1468/468
f 1265/1468/469 1013/1135/469 1269/1473/469
f 1265/1468/470 1269/1473/470 1266/1469/470
f 1266/1469/471 1269/1473/471 1270/1474/471
f 1266/1469/465 1270/1474/465 1267/1470/465
f 1267/1470/472 1270/1474/472 1271/1475/472
f 1267/1471/466 1271/1476/466 1268/1472/466
f 1268/1472/473 1271/1476/473 1272/1477/473
f 1268/1472/467 1272/1477/467 1164/1342/467
f 1164/1342/474 1272/1477/474 1165/1343/474
f 1013/1135/475 1012/1133/475 1269/1473/475
f 1269/1473/476 1012/1133/476 1273/1478/476
f 1269/1473/471 1273/1478/471 1270/1474/471
f 1270/1474/477 1273/1478/477 1274/1479/477
f 1270/1474/472 1274/1479/472 1271/1475/472
f 1271/1475/478 1274/1479/478 1275/1480/478
f 1271/1476/473 1275/1481/473 1272/1477/473
f 1272/1477/479 1275/1481/479 1276/1482/479
f 1272/1477/474 1276/1482/474 1165/1343/474
f 1165/1343/480 1276/1482/480 1166/1344/480
f 1012/1133/481 1011/1131/481 1273/1478/481
f 1273/1478/482 1011/1131/482 1277/1483/482
f 1273/1478/477 1277/1483/477 1274/1479/477
f 1274/1479/483 1277/1483/483 1278/1484/483
f 1274/1479/478 1278/1484/478 1275/1480/478
f 1275/1480/484 1278/1484/484 1279/1485/484
f 1275/1481/479 1279/1486/479 1276/1482/479
f 1276/1482/485 1279/1486/485 1280/1487/485
f 1276/1482/480 1280/1487/480 1166/1344/480
f 1166/1344/486 1280/1487/486 1167/1345/486
f 1011/1131/487 1010/1130/487 1277/1483/487
f 1277/1483/488 1010/1130/488 1281/1488/488
f 1277/1483/489 1281/1488/489 1278/1484/489
f 1278/1484/490 1281/1488/490 1282/1489/490
f 1278/1484/484 1282/1489/484 1279/1485/484
f 1279/1485/491 1282/1489/491 1283/1490/491
f 1279/1486/485 1283/1491/485 1280/1487/485
f 1280/1487/492 1283/1491/492 1284/1492/492
f 1280/1487/486 1284/1492/486 1167/1345/486
f 1167/1345/493 1284/1492/493 1168/1346/493
f 1010/1130/494 1009/1128/494 1281/1488/494
f 1281/1488/495 1009/1128/495 1285/1493/495
f 1281/1488/490 1285/1493/490 1282/1489/490
f 1282/1489/496 1285/1493/496 1286/1494/496
f 1282/1489/491 1286/1494/491 1283/1490/491
f 1283/1490/497 1286/1494/497 1287/1495/497
f 1283/1491/498 1287/1496/498 1284/1492/498
f 1284/1492/499 1287/1496/499 1288/1497/499
f 1284/1492/493 1288/1497/493 1168/1346/493
f 1168/1346/500 1288/1497/500 1169/1347/500
f 1009/1128/501 1008/1126/501 1285/1493/501
f 1285/1493/502 1008/1126/502 1289/1498/502
f 1285/1493/496 1289/1498/496 1286/1494/496
f 1286/1494/503 1289/1498/503 1290/1499/503
f 1286/1494/497 1290/1499/497 1287/1495/497
f 1287/1495/504 1290/1499/504 1291/1500/504
f 1287/1496/499 1291/1501/499 1288/1497/499
f 1288/1497/505 1291/1501/505 1292/1502/505
f 1288/1497/500 1292/1502/500 1169/1347/500
f 1169/1347/506 1292/1502/506 1170/1348/506
f 1008/1126/507 1007/1124/507 1289/1498/507
f 1289/1498/508 1007/1124/508 1293/1503/508
f 1289/1498/503 1293/1503/503 1290/1499/503
f 1290/1499/509 1293/1503/509 1294/1504/509
f 1290/1499/504 1294/1504/504 1291/1500/504
f 1291/1500/510 1294/1504/510 1295/1505/510
f 1291/1501/505 1295/1506/505 1292/1502/505
f 1292/1502/511 1295/1506/511 1296/1507/511
f 1292/1502/506 1296/1507/506 1170/1348/506
f 1170/1348/512 1296/1507/512 1171/1349/512
f 1007/1124/513 1006/1122/513 1293/1503/513
f 1293/1503/514 1006/1122/514 1297/1508/514
f 1293/1503/509 1297/1508/509 1294/1504/509
f 1294/1504/515 1297/1508/515 1298/1509/515
f 1294/1504/510 1298/1509/510 1295/1505/510
f 1295/1505/516 1298/1509/516 1299/1510/516
f 1295/1506/511 1299/1511/511 1296/1507/511
f 1296/1507/517 1299/1511/517 1300/1512/517
f 1296/1507/512 1300/1512/512 1171/1349/512
f 1171/1349/518 1300/1512/518 1172/1350/518
f 1006/1122/519 1005/1121/519 1297/1508/519
f 1297/1508/520 1005/1121/520 1301/1513/520
f 1297/1508/515 1301/1513/515 1298/1509/515
f 1298/1509/521 1301/1513/521 1302/1514/521
f 1298/1509/516 1302/1514/516 1299/1510/516
f 1299/1510/522 1302/1514/522 1303/1515/522
f 1299/1511/517 1303/1516/517 1300/1512/517
f 1300/1512/523 1303/1516/523 1304/1517/523
f 1300/1512/524 1304/1517/524 1172/1350/524
f 1172/1350/525 1304/1517/525 1173/1351/525
f 1005/1121/526 1004/1119/526 1301/1513/526
f 1301/1513/527 1004/1119/527 1305/1518/527
f 1301/1513/521 1305/1518/521 1302/1514/521
f 1302/1514/528 1305/1518/528 1306/1519/528
f 1302/1514/522 1306/1519/522 1303/1515/522
f 1303/1515/529 1306/1519/529 1307/1520/529
f 1303/1516/523 1307/1521/523 1304/1517/523
f 1304/1517/530 1307/1521/530 1308/1522/530
f 1304/1517/531 1308/1522/531 1173/1351/531
f 1173/1351/532 1308/1522/532 1174/1352/532
f 1004/1119/533 1003/1117/533 1305/1518/533
f 1305/1518/534 1003/1117/534 1309/1523/534
f 1305/1518/528 1309/1523/528 1306/1519/528
f 1306/1519/535 1309/1523/535 1310/1524/535
f 1306/1519/529 1310/1524/529 1307/1520/529
f 1307/1520/536 1310/1524/536 1311/1525/536
f 1307/1521/530 1311/1526/530 1308/1522/530
f 1308/1522/537 1311/1526/537 1312/1527/537
f 1308/1522/532 1312/1527/532 1174/1352/532
f 1174/1352/538 1312/1527/538 1175/1353/538
f 1003/1117/539 1002/1115/539 1309/1523/539
f 1309/1523/540 1002/1115/540 1313/1528/540
f 1309/1523/535 1313/1528/535 1310/1524/535
f 1310/1524/541 1313/1528/541 1314/1529/541
f 1310/1524/536 1314/1529/536 1311/1525/536
f 1311/1525/542 1314/1529/542 1315/1530/542
f 1311/1526/537 1315/1531/537 1312/1527/537
f 1312/1527/543 1315/1531/543 1316/1532/543
f 1312/1527/538 1316/1532/538 1175/1353/538
f 1175/1353/544 1316/1532/544 1176/1354/544
f 1002/1115/545 1001/1114/545 1313/1528/545
f 1313/1528/546 1001/1114/546 1317/1533/546
f 1313/1528/541 1317/1533/541 1314/1529/541
f 1314/1529/547 1317/1533/547 1318/1534/547
f 1314/1529/542 1318/1534/542 1315/1530/542
f 1315/1530/548 1318/1534/548 1319/1535/548
f 1315/1531/543 1319/1536/543 1316/1532/543
f 1316/1532/549 1319/1536/549 1320/1537/549
f 1316/1532/544 1320/1537/544 1176/1354/544
f 1176/1354/550 1320/1537/550 1177/1355/550
f 1001/1114/551 1000/1112/551 1317/1533/551
f 1317/1533/552 1000/1112/552 1321/1538/552
f 1317/1533/547 1321/1538/547 1318/1534/547
f 1318/1534/553 1321/1538/553 1322/1539/553
f 1318/1534/548 1322/1539/548 1319/1535/548
f 1319/1535/554 1322/1539/554 1323/1540/554
f 1319/1536/549 1323/1541/549 1320/1537/549
f 1320/1542/555 1323/1540/555 1324/1543/555
f 1320/1537/550 1324/1544/550 1177/1355/550
f 1177/1356/556 1324/1545/556 1178/1357/556
f 1000/1112/557 999/1110/557 1321/1538/557
f 1321/1538/558 999/1110/558 1325/1546/558
f 1321/1538/553 1325/1546/553 1322/1539/553
f 1322/1539/559 1325/1546/559 1326/1547/559
f 1322/1539/554 1326/1547/554 1323/1540/554
f 1323/1540/560 1326/1547/560 1327/1548/560
f 1323/1540/561 1327/1548/561 1324/1543/561
f 1324/1543/562 1327/1548/562 1328/1549/562
f 1324/1545/556 1328/1550/556 1178/1357/556
f 1178/1357/563 1328/1550/563 1179/1358/563
f 999/1110/564 998/1108/564 1325/1546/564
f 1325/1546/565 998/1108/565 1329/1551/565
f 1325/1546/559 1329/1551/559 1326/1547/559
f 1326/1547/566 1329/1551/566 1330/1552/566
f 1326/1547/567 1330/1552/567 1327/1548/567
f 1327/1548/568 1330/1552/568 1331/1553/568
f 1327/1548/562 1331/1553/562 1328/1549/562
f 1328/1549/569 1331/1553/569 1332/1554/569
f 1328/1550/563 1332/1555/563 1179/1358/563
f 1179/1358/570 1332/1555/570 1180/1359/570
f 998/1108/571 997/1106/571 1329/1551/571
f 1329/1551/572 997/1106/572 1333/1556/572
f 1329/1551/566 1333/1556/566 1330/1552/566
f 1330/1552/573 1333/1556/573 1334/1557/573
f 1330/1552/568 1334/1557/568 1331/1553/568
f 1331/1553/574 1334/1557/574 1335/1558/574
f 1331/1553/569 1335/1558/569 1332/1554/569
f 1332/1555/575 1335/1559/575 1336/1560/575
f 1332/1555/570 1336/1560/570 1180/1359/570
f 1180/1359/576 1336/1560/576 1089/1264/576
f 997/1106/577 996/1105/577 1333/1556/577
f 1333/1556/578 996/1105/578 1337/1561/578
f 1333/1556/573 1337/1561/573 1334/1557/573
f 1334/1557/579 1337/1561/579 1338/1562/579
f 1334/1557/574 1338/1562/574 1335/1558/574
f 1335/1558/580 1338/1562/580 1339/1563/580
f 1335/1559/575 1339/1564/575 1336/1560/575
f 1336/1560/581 1339/1564/581 1087/1262/581
f 1336/1560/576 1087/1262/576 1089/1264/576
f 996/1105/582 995/1103/582 1337/1561/582
f 1337/1561/583 995/1103/583 1340/1565/583
f 1337/1561/579 1340/1565/579 1338/1562/579
f 1338/1562/584 1340/1565/584 1341/1566/584
f 1338/1562/580 1341/1566/580 1339/1563/580
f 1339/1563/585 1341/1566/585 1085/1258/585
f 1339/1564/581 1085/1259/581 1087/1262/581
f 995/1103/586 994/1101/586 1340/1565/586
f 1340/1565/587 994/1101/587 1342/1567/587
f 1340/1565/584 1342/1567/584 1341/1566/584
f 1341/1566/588 1342/1567/588 1083/1256/588
f 1341/1566/585 1083/1256/585 1085/1258/585
f 994/1101/589 993/1099/589 1342/1567/589
f 1342/1567/590 993/1099/590 1081/1254/590
f 1342/1567/588 1081/1254/588 1083/1256/588
f 993/1099/591 992/1097/591 1081/1254/591
f 533/554/269 535/556/269 1141/1318/269
f 1141/1318/592 535/556/592 1343/1568/592
f 1141/1318/267 1343/1568/267 1139/1316/267
f 1139/1316/593 1343/1568/593 1344/1569/593
f 1139/1316/265 1344/1569/265 1137/1314/265
f 1137/1314/594 1344/1569/594 1345/1570/594
f 1137/1312/263 1345/1571/263 1135/1310/263
f 1135/1310/595 1345/1571/595 1346/1572/595
f 1135/1310/596 1346/1572/596 1133/1308/596
f 1133/1308/597 1346/1572/597 1132/1307/597
f 535/556/592 537/558/592 1343/1568/592
f 1343/1568/598 537/558/598 1347/1573/598
f 1343/1568/593 1347/1573/593 1344/1569/593
f 1344/1569/599 1347/1573/599 1348/1574/599
f 1344/1569/594 1348/1574/594 1345/1570/594
f 1345/1570/600 1348/1574/600 1349/1575/600
f 1345/1571/595 1349/1576/595 1346/1572/595
f 1346/1572/601 1349/1576/601 1350/1577/601
f 1346/1572/597 1350/1577/597 1132/1307/597
f 1132/1307/602 1350/1577/602 1131/1306/602
f 537/558/603 539/560/603 1347/1573/603
f 1347/1573/604 539/560/604 1351/1578/604
f 1347/1573/599 1351/1578/599 1348/1574/599
f 1348/1574/605 1351/1578/605 1352/1579/605
f 1348/1574/600 1352/1579/600 1349/1575/600
f 1349/1575/606 1352/1579/606 1353/1580/606
f 1349/1576/601 1353/1581/601 1350/1577/601
f 1350/1577/607 1353/1581/607 1354/1582/607
f 1350/1577/602 1354/1582/602 1131/1306/602
f 1131/1306/608 1354/1582/608 1130/1305/608
f 539/560/609 541/562/609 1351/1578/609
f 1351/1578/610 541/562/610 1355/1583/610
f 1351/1578/605 1355/1583/605 1352/1579/605
f 1352/1579/611 1355/1583/611 1356/1584/611
f 1352/1579/606 1356/1584/606 1353/1580/606
f 1353/1580/612 1356/1584/612 1357/1585/612
f 1353/1581/607 1357/1586/607 1354/1582/607
f 1354/1582/613 1357/1586/613 1358/1587/613
f 1354/1582/608 1358/1587/608 1130/1305/608
f 1130/1305/614 1358/1587/614 1129/1304/614
f 541/562/610 543/564/610 1355/1583/610
f 1355/1583/615 543/564/615 1359/1588/615
f 1355/1583/611 1359/1588/611 1356/1584/611
f 1356/1584/616 1359/1588/616 1360/1589/616
f 1356/1584/612 1360/1589/612 1357/1585/612
f 1357/1585/617 1360/1589/617 1361/1590/617
f 1357/1586/613 1361/1591/613 1358/1587/613
f 1358/1587/618 1361/1591/618 1362/1592/618
f 1358/1587/614 1362/1592/614 1129/1304/614
f 1129/1304/619 1362/1592/619 1128/1303/619
f 543/564/615 545/566/615 1359/1588/615
f 1359/1588/620 545/566/620 1363/1593/620
f 1359/1588/616 1363/1593/616 1360/1589/616
f 1360/1589/621 1363/1593/621 1364/1594/621
f 1360/1589/617 1364/1594/617 1361/1590/617
f 1361/1591/622 1364/1595/622 1365/1596/622
f 1361/1591/618 1365/1596/618 1362/1592/618
f 1362/1592/623 1365/1596/623 1366/1597/623
f 1362/1592/619 1366/1597/619 1128/1303/619
f 1128/1303/624 1366/1597/624 1127/1302/624
f 545/566/625 547/568/625 1363/1593/625
f 1363/1593/626 547/568/626 1367/1598/626
f 1363/1593/621 1367/1598/621 1364/1594/621
f 1364/1594/627 1367/1598/627 1368/1599/627
f 1364/1595/622 1368/1600/622 1365/1596/622
f 1365/1596/628 1368/1600/628 1369/1601/628
f 1365/1596/623 1369/1601/623 1366/1597/623
f 1366/1597/629 1369/1601/629 1370/1602/629
f 1366/1597/624 1370/1602/624 1127/1302/624
f 1127/1302/630 1370/1602/630 1126/1301/630
f 547/568/631 549/570/631 1367/1598/631
f 1367/1598/632 549/570/632 1371/1603/632
f 1367/1598/627 1371/1603/627 1368/1599/627
f 1368/1599/633 1371/1603/633 1372/1604/633
f 1368/1600/628 1372/1605/628 1369/1601/628
f 1369/1601/634 1372/1605/634 1373/1606/634
f 1369/1601/635 1373/1606/635 1370/1602/635
f 1370/1602/636 1373/1606/636 1374/1607/636
f 1370/1602/630 1374/1607/630 1126/1301/630
f 1126/1301/637 1374/1607/637 1125/1300/637
f 549/570/632 551/572/632 1371/1603/632
f 1371/1603/638 551/572/638 1375/1608/638
f 1371/1603/633 1375/1608/633 1372/1604/633
f 1372/1609/639 1375/1610/639 1376/1611/639
f 1372/1605/640 1376/1612/640 1373/1606/640
f 1373/1613/641 1376/1611/641 1377/1614/641
f 1373/1606/636 1377/1615/636 1374/1607/636
f 1374/1607/642 1377/1615/642 1378/1616/642
f 1374/1607/637 1378/1616/637 1125/1300/637
f 1125/1300/643 1378/1616/643 1124/1299/643
f 551/572/638 553/574/638 1375/1608/638
f 1375/1610/644 553/576/644 1379/1617/644
f 1375/1610/639 1379/1617/639 1376/1611/639
f 1376/1611/645 1379/1617/645 1380/1618/645
f 1376/1611/641 1380/1618/641 1377/1614/641
f 1377/1614/646 1380/1618/646 1381/1619/646
f 1377/1615/642 1381/1620/642 1378/1616/642
f 1378/1616/647 1381/1620/647 1382/1621/647
f 1378/1616/643 1382/1621/643 1124/1299/643
f 1124/1299/648 1382/1621/648 1123/1298/648
f 553/576/649 555/578/649 1379/1617/649
f 1379/1617/650 555/578/650 1383/1622/650
f 1379/1617/645 1383/1622/645 1380/1618/645
f 1380/1618/651 1383/1622/651 1384/1623/651
f 1380/1618/646 1384/1623/646 1381/1619/646
f 1381/1619/652 1384/1623/652 1385/1624/652
f 1381/1620/647 1385/1625/647 1382/1621/647
f 1382/1621/653 1385/1625/653 1386/1626/653
f 1382/1621/648 1386/1626/648 1123/1298/648
f 1123/1298/654 1386/1626/654 1122/1297/654
f 555/578/655 557/580/655 1383/1622/655
f 1383/1622/656 557/580/656 1387/1627/656
f 1383/1622/651 1387/1627/651 1384/1623/651
f 1384/1623/657 1387/1627/657 1388/1628/657
f 1384/1623/652 1388/1628/652 1385/1624/652
f 1385/1624/658 1388/1628/658 1389/1629/658
f 1385/1625/653 1389/1630/653 1386/1626/653
f 1386/1626/659 1389/1630/659 1390/1631/659
f 1386/1626/654 1390/1631/654 1122/1297/654
f 1122/1297/660 1390/1631/660 1121/1296/660
f 557/580/656 559/582/656 1387/1627/656
f 1387/1627/661 559/582/661 1391/1632/661
f 1387/1627/657 1391/1632/657 1388/1628/657
f 1388/1628/662 1391/1632/662 1392/1633/662
f 1388/1628/658 1392/1633/658 1389/1629/658
f 1389/1629/663 1392/1633/663 1393/1634/663
f 1389/1630/659 1393/1635/659 1390/1631/659
f 1390/1631/664 1393/1635/664 1394/1636/664
f 1390/1631/660 1394/1636/660 1121/1296/660
f 1121/1296/665 1394/1636/665 1120/1295/665
f 559/582/661 561/584/661 1391/1632/661
f 1391/1632/666 561/584/666 1395/1637/666
f 1391/1632/662 1395/1637/662 1392/1633/662
f 1392/1633/667 1395/1637/667 1396/1638/667
f 1392/1633/663 1396/1638/663 1393/1634/663
f 1393/1634/668 1396/1638/668 1397/1639/668
f 1393/1635/664 1397/1640/664 1394/1636/664
f 1394/1636/669 1397/1640/669 1398/1641/669
f 1394/1636/665 1398/1641/665 1120/1295/665
f 1120/1295/670 1398/1641/670 1119/1294/670
f 561/584/666 563/586/666 1395/1637/666
f 1395/1637/671 563/586/671 1399/1642/671
f 1395/1637/672 1399/1642/672 1396/1638/672
f 1396/1638/673 1399/1642/673 1400/1643/673
f 1396/1638/668 1400/1643/668 1397/1639/668
f 1397/1639/674 1400/1643/674 1401/1644/674
f 1397/1640/669 1401/1645/669 1398/1641/669
f 1398/1641/675 1401/1645/675 1402/1646/675
f 1398/1641/670 1402/1646/670 1119/1294/670
f 1119/1294/676 1402/1646/676 1118/1293/676
f 563/586/677 565/588/677 1399/1642/677
f 1399/1642/678 565/588/678 1403/1647/678
f 1399/1642/673 1403/1647/673 1400/1643/673
f 1400/1643/679 1403/1647/679 1404/1648/679
f 1400/1643/674 1404/1648/674 1401/1644/674
f 1401/1644/680 1404/1648/680 1405/1649/680
f 1401/1645/675 1405/1650/675 1402/1646/675
f 1402/1646/681 1405/1650/681 1406/1651/681
f 1402/1646/676 1406/1651/676 1118/1293/676
f 1118/1293/682 1406/1651/682 1117/1292/682
f 565/588/683 567/590/683 1403/1647/683
f 1403/1647/684 567/590/684 1407/1652/684
f 1403/1647/679 1407/1652/679 1404/1648/679
f 1404/1648/685 1407/1652/685 1408/1653/685
f 1404/1648/680 1408/1653/680 1405/1649/680
f 1405/1649/686 1408/1653/686 1409/1654/686
f 1405/1650/681 1409/1655/681 1406/1651/681
f 1406/1651/687 1409/1655/687 1410/1656/687
f 1406/1651/682 1410/1656/682 1117/1292/682
f 1117/1292/688 1410/1656/688 1116/1291/688
f 567/590/689 569/592/689 1407/1652/689
f 1407/1652/690 569/592/690 1411/1657/690
f 1407/1652/685 1411/1657/685 1408/1653/685
f 1408/1653/691 1411/1657/691 1412/1658/691
f 1408/1653/686 1412/1658/686 1409/1654/686
f 1409/1654/692 1412/1658/692 1413/1659/692
f 1409/1655/687 1413/1660/687 1410/1656/687
f 1410/1656/693 1413/1660/693 1414/1661/693
f 1410/1656/688 1414/1661/688 1116/1291/688
f 1116/1291/694 1414/1661/694 1115/1290/694
f 569/592/690 571/594/690 1411/1657/690
f 1411/1657/695 571/594/695 1415/1662/695
f 1411/1657/691 1415/1662/691 1412/1658/691
f 1412/1658/696 1415/1662/696 1416/1663/696
f 1412/1658/697 1416/1663/697 1413/1659/697
f 1413/1659/698 1416/1663/698 1417/1664/698
f 1413/1660/693 1417/1665/693 1414/1661/693
f 1414/1661/699 1417/1665/699 1418/1666/699
f 1414/1661/694 1418/1666/694 1115/1290/694
f 1115/1290/700 1418/1666/700 1114/1289/700
f 571/594/701 573/596/701 1415/1662/701
f 1415/1662/702 573/596/702 1419/1667/702
f 1415/1662/696 1419/1667/696 1416/1663/696
f 1416/1663/703 1419/1667/703 1420/1668/703
f 1416/1663/698 1420/1668/698 1417/1664/698
f 1417/1664/704 1420/1668/704 1421/1669/704
f 1417/1665/699 1421/1670/699 1418/1666/699
f 1418/1666/705 1421/1670/705 1422/1671/705
f 1418/1666/706 1422/1671/706 1114/1289/706
f 1114/1289/707 1422/1671/707 1113/1288/707
f 573/596/702 575/598/702 1419/1667/702
f 1419/1667/708 575/598/708 1423/1672/708
f 1419/1667/703 1423/1672/703 1420/1668/703
f 1420/1668/709 1423/1672/709 1424/1673/709
f 1420/1668/704 1424/1673/704 1421/1669/704
f 1421/1669/710 1424/1673/710 1425/1674/710
f 1421/1670/705 1425/1675/705 1422/1671/705
f 1422/1671/711 1425/1675/711 1426/1676/711
f 1422/1671/707 1426/1676/707 1113/1288/707
f 1113/1288/712 1426/1676/712 1112/1287/712
f 575/598/713 577/600/713 1423/1672/713
f 1423/1672/714 577/600/714 1427/1677/714
f 1423/1672/709 1427/1677/709 1424/1673/709
f 1424/1673/715 1427/1677/715 1428/1678/715
f 1424/1673/710 1428/1678/710 1425/1674/710
f 1425/1674/716 1428/1678/716 1429/1679/716
f 1425/1675/711 1429/1680/711 1426/1676/711
f 1426/1676/717 1429/1680/717 1430/1681/717
f 1426/1676/712 1430/1681/712 1112/1287/712
f 1112/1287/718 1430/1681/718 1111/1286/718
f 577/600/714 579/602/714 1427/1677/714
f 1427/1677/719 579/602/719 1431/1682/719
f 1427/1677/715 1431/1682/715 1428/1678/715
f 1428/1678/720 1431/1682/720 1432/1683/720
f 1428/1678/716 1432/1683/716 1429/1679/716
f 1429/1679/721 1432/1683/721 1433/1684/721
f 1429/1680/717 1433/1685/717 1430/1681/717
f 1430/1681/722 1433/1685/722 1434/1686/722
f 1430/1681/718 1434/1686/718 1111/1286/718
f 1111/1286/723 1434/1686/723 1110/1285/723
f 579/602/724 581/604/724 1431/1682/724
f 1431/1682/725 581/604/725 1435/1687/725
f 1431/1682/720 1435/1687/720 1432/1683/720
f 1432/1683/726 1435/1687/726 1436/1688/726
f 1432/1683/721 1436/1688/721 1433/1684/721
f 1433/1684/727 1436/1688/727 1437/1689/727
f 1433/1685/722 1437/1690/722 1434/1686/722
f 1434/1686/728 1437/1690/728 1438/1691/728
f 1434/1686/723 1438/1691/723 1110/1285/723
f 1110/1285/729 1438/1691/729 1109/1284/729
f 581/604/725 583/606/725 1435/1687/725
f 1435/1687/730 583/606/730 1439/1692/730
f 1435/1687/726 1439/1692/726 1436/1688/726
f 1436/1688/731 1439/1692/731 1440/1693/731
f 1436/1688/727 1440/1693/727 1437/1689/727
f 1437/1689/732 1440/1693/732 1441/1694/732
f 1437/1690/728 1441/1695/728 1438/1691/728
f 1438/1691/733 1441/1695/733 1442/1696/733
f 1438/1691/734 1442/1696/734 1109/1284/734
f 1109/1284/735 1442/1696/735 1108/1283/735
f 583/606/736 585/608/736 1439/1692/736
f 1439/1692/737 585/608/737 1443/1697/737
f 1439/1692/731 1443/1697/731 1440/1693/731
f 1440/1693/738 1443/1697/738 1444/1698/738
f 1440/1693/732 1444/1698/732 1441/1694/732
f 1441/1694/739 1444/1698/739 1445/1699/739
f 1441/1695/733 1445/1700/733 1442/1696/733
f 1442/1696/740 1445/1700/740 1446/1701/740
f 1442/1696/735 1446/1701/735 1108/1283/735
f 1108/1283/741 1446/1701/741 1107/1282/741
f 585/608/737 587/610/737 1443/1697/737
f 1443/1697/742 587/610/742 1447/1702/742
f 1443/1697/738 1447/1702/738 1444/1698/738
f 1444/1698/743 1447/1702/743 1448/1703/743
f 1444/1698/739 1448/1703/739 1445/1699/739
f 1445/1699/744 1448/1703/744 1449/1704/744
f 1445/1700/740 1449/1705/740 1446/1701/740
f 1446/1701/745 1449/1705/745 1450/1706/745
f 1446/1701/741 1450/1706/741 1107/1282/741
f 1107/1282/746 1450/1706/746 1106/1281/746
f 587/610/742 589/612/742 1447/1702/742
f 1447/1702/747 589/612/747 1451/1707/747
f 1447/1702/743 1451/1707/743 1448/1703/743
f 1448/1703/748 1451/1707/748 1452/1708/748
f 1448/1703/744 1452/1708/744 1449/1704/744
f 1449/1704/749 1452/1708/749 1453/1709/749
f 1449/1705/745 1453/1710/745 1450/1706/745
f 1450/1706/750 1453/1710/750 1454/1711/750
f 1450/1706/751 1454/1711/751 1106/1281/751
f 1106/1281/752 1454/1711/752 1105/1280/752
f 589/612/747 591/614/747 1451/1707/747
f 1451/1707/753 591/614/753 1455/1712/753
f 1451/1707/748 1455/1712/748 1452/1708/748
f 1452/1708/754 1455/1712/754 1456/1713/754
f 1452/1708/749 1456/1713/749 1453/1709/749
f 1453/1710/755 1456/1714/755 1457/1715/755
f 1453/1710/750 1457/1715/750 1454/1711/750
f 1454/1711/756 1457/1715/756 1458/1716/756
f 1454/1711/752 1458/1716/752 1105/1280/752
f 1105/1280/757 1458/1716/757 1104/1279/757
f 591/614/758 593/616/758 1455/1712/758
f 1455/1712/759 593/616/759 1459/1717/759
f 1455/1712/754 1459/1717/754 1456/1713/754
f 1456/1713/760 1459/1717/760 1460/1718/760
f 1456/1714/755 1460/1719/755 1457/1715/755
f 1457/1715/761 1460/1719/761 1461/1720/761
f 1457/1715/756 1461/1720/756 1458/1716/756
f 1458/1716/762 1461/1720/762 1462/1721/762
f 1458/1716/757 1462/1721/757 1104/1279/757
f 1104/1279/763 1462/1721/763 1103/1278/763
f 593/616/759 595/618/759 1459/1717/759
f 1459/1717/764 595/618/764 1463/1722/764
f 1459/1717/760 1463/1722/760 1460/1718/760
f 1460/1723/765 1463/1724/765 1464/1725/765
f 1460/1719/761 1464/1726/761 1461/1720/761
f 1461/1727/766 1464/1725/766 1465/1728/766
f 1461/1720/762 1465/1729/762 1462/1721/762
f 1462/1721/767 1465/1729/767 1466/1730/767
f 1462/1721/763 1466/1730/763 1103/1278/763
f 1103/1278/768 1466/1730/768 1102/1277/768
f 595/618/769 597/620/769 1463/1722/769
f 1463/1724/770 597/622/770 1467/1731/770
f 1463/1724/765 1467/1731/765 1464/1725/765
f 1464/1725/771 1467/1731/771 1468/1732/771
f 1464/1725/766 1468/1732/766 1465/1728/766
f 1465/1728/772 1468/1732/772 1469/1733/772
f 1465/1729/767 1469/1734/767 1466/1730/767
f 1466/1730/773 1469/1734/773 1470/1735/773
f 1466/1730/768 1470/1735/768 1102/1277/768
f 1102/1277/774 1470/1735/774 1101/1276/774
f 597/622/775 599/624/775 1467/1731/775
f 1467/1731/776 599/624/776 1471/1736/776
f 1467/1731/771 1471/1736/771 1468/1732/771
f 1468/1732/777 1471/1736/777 1472/1737/777
f 1468/1732/778 1472/1737/778 1469/1733/778
f 1469/1733/779 1472/1737/779 1473/1738/779
f 1469/1734/773 1473/1739/773 1470/1735/773
f 1470/1735/780 1473/1739/780 1474/1740/780
f 1470/1735/774 1474/1740/774 1101/1276/774
f 1101/1276/781 1474/1740/781 1100/1275/781
f 599/624/782 601/626/782 1471/1736/782
f 1471/1736/783 601/626/783 1475/1741/783
f 1471/1736/777 1475/1741/777 1472/1737/777
f 1472/1737/784 1475/1741/784 1476/1742/784
f 1472/1737/779 1476/1742/779 1473/1738/779
f 1473/1738/785 1476/1742/785 1477/1743/785
f 1473/1739/780 1477/1744/780 1474/1740/780
f 1474/1740/786 1477/1744/786 1478/1745/786
f 1474/1740/781 1478/1745/781 1100/1275/781
f 1100/1275/787 1478/1745/787 1099/1274/787
f 601/626/788 603/628/788 1475/1741/788
f 1475/1741/789 603/628/789 1479/1746/789
f 1475/1741/784 1479/1746/784 1476/1742/784
f 1476/1742/790 1479/1746/790 1480/1747/790
f 1476/1742/785 1480/1747/785 1477/1743/785
f 1477/1743/791 1480/1747/791 1481/1748/791
f 1477/1744/786 1481/1749/786 1478/1745/786
f 1478/1745/792 1481/1749/792 1482/1750/792
f 1478/1745/787 1482/1750/787 1099/1274/787
f 1099/1274/793 1482/1750/793 1098/1273/793
f 603/628/794 605/630/794 1479/1746/794
f 1479/1746/795 605/630/795 1483/1751/795
f 1479/1746/790 1483/1751/790 1480/1747/790
f 1480/1747/796 1483/1751/796 1484/1752/796
f 1480/1747/791 1484/1752/791 1481/1748/791
f 1481/1748/797 1484/1752/797 1485/1753/797
f 1481/1749/792 1485/1754/792 1482/1750/792
f 1482/1750/798 1485/1754/798 1486/1755/798
f 1482/1750/793 1486/1755/793 1098/1273/793
f 1098/1273/799 1486/1755/799 1097/1272/799
f 605/630/795 607/632/795 1483/1751/795
f 1483/1751/800 607/632/800 1487/1756/800
f 1483/1751/796 1487/1756/796 1484/1752/796
f 1484/1752/801 1487/1756/801 1488/1757/801
f 1484/1752/797 1488/1757/797 1485/1753/797
f 1485/1753/802 1488/1757/802 1489/1758/802
f 1485/1754/798 1489/1759/798 1486/1755/798
f 1486/1755/803 1489/1759/803 1490/1760/803
f 1486/1755/799 1490/1760/799 1097/1272/799
f 1097/1272/804 1490/1760/804 1096/1271/804
f 607/632/805 609/634/805 1487/1756/805
f 1487/1756/806 609/634/806 1491/1761/806
f 1487/1756/801 1491/1761/801 1488/1757/801
f 1488/1757/807 1491/1761/807 1492/1762/807
f 1488/1757/802 1492/1762/802 1489/1758/802
f 1489/1758/808 1492/1762/808 1493/1763/808
f 1489/1759/803 1493/1764/803 1490/1760/803
f 1490/1760/809 1493/1764/809 1494/1765/809
f 1490/1760/804 1494/1765/804 1096/1271/804
f 1096/1271/810 1494/1765/810 1095/1270/810
f 609/634/811 611/636/811 1491/1761/811
f 1491/1761/812 611/636/812 1495/1766/812
f 1491/1761/807 1495/1766/807 1492/1762/807
f 1492/1762/813 1495/1766/813 1496/1767/813
f 1492/1762/808 1496/1767/808 1493/1763/808
f 1493/1763/814 1496/1767/814 1497/1768/814
f 1493/1764/809 1497/1769/809 1494/1765/809
f 1494/1765/815 1497/1769/815 1498/1770/815
f 1494/1765/810 1498/1770/810 1095/1270/810
f 1095/1270/816 1498/1770/816 1094/1269/816
f 611/636/812 613/638/812 1495/1766/812
f 1495/1766/817 613/638/817 1499/1771/817
f 1495/1766/813 1499/1771/813 1496/1767/813
f 1496/1767/818 1499/1771/818 1500/1772/818
f 1496/1767/814 1500/1772/814 1497/1768/814
f 1497/1768/819 1500/1772/819 1501/1773/819
f 1497/1769/815 1501/1774/815 1498/1770/815
f 1498/1770/820 1501/1774/820 1502/1775/820
f 1498/1770/816 1502/1775/816 1094/1269/816
f 1094/1269/821 1502/1775/821 1093/1268/821
f 613/638/822 615/640/822 1499/1771/822
f 1499/1771/823 615/640/823 1503/1776/823
f 1499/1771/818 1503/1776/818 1500/1772/818
f 1500/1772/824 1503/1776/824 1504/1777/824
f 1500/1772/819 1504/1777/819 1501/1773/819
f 1501/1773/825 1504/1777/825 1505/1778/825
f 1501/1774/820 1505/1779/820 1502/1775/820
f 1502/1775/826 1505/1779/826 1506/1780/826
f 1502/1775/821 1506/1780/821 1093/1268/821
f 1093/1268/827 1506/1780/827 1092/1267/827
f 615/640/823 617/642/823 1503/1776/823
f 1503/1776/828 617/642/828 1507/1781/828
f 1503/1776/824 1507/1781/824 1504/1777/824
f 1504/1777/829 1507/1781/829 1508/1782/829
f 1504/1777/825 1508/1782/825 1505/1778/825
f 1505/1778/830 1508/1782/830 1509/1783/830
f 1505/1779/831 1509/1784/831 1506/1780/831
f 1506/1780/832 1509/1784/832 1510/1785/832
f 1506/1780/827 1510/1785/827 1092/1267/827
f 1092/1267/833 1510/1785/833 1091/1266/833
f 617/642/828 619/644/828 1507/1781/828
f 1507/1781/834 619/644/834 1511/1786/834
f 1507/1781/829 1511/1786/829 1508/1782/829
f 1508/1782/835 1511/1786/835 1512/1787/835
f 1508/1782/836 1512/1787/836 1509/1783/836
f 1509/1783/837 1512/1787/837 1513/1788/837
f 1509/1784/832 1513/1789/832 1510/1785/832
f 1510/1785/838 1513/1789/838 1514/1790/838
f 1510/1785/833 1514/1790/833 1091/1266/833
f 1091/1266/839 1514/1790/839 1090/1265/839
f 619/644/840 621/646/840 1511/1786/840
f 1511/1786/841 621/646/841 1515/1791/841
f 1511/1786/835 1515/1791/835 1512/1787/835
f 1512/1787/842 1515/1791/842 1516/1792/842
f 1512/1787/837 1516/1792/837 1513/1788/837
f 1513/1788/843 1516/1792/843 1517/1793/843
f 1513/1789/838 1517/1794/838 1514/1790/838
f 1514/1790/844 1517/1794/844 1518/1795/844
f 1514/1790/839 1518/1795/839 1090/1265/839
f 1090/1265/845 1518/1795/845 1079/1252/845
f 621/646/846 623/648/846 1515/1791/846
f 1515/1791/847 623/648/847 1519/1796/847
f 1515/1791/842 1519/1796/842 1516/1792/842
f 1516/1792/848 1519/1796/848 1520/1797/848
f 1516/1792/843 1520/1797/843 1517/1793/843
f 1517/1793/849 1520/1797/849 1521/1798/849
f 1517/1794/844 1521/1799/844 1518/1795/844
f 1518/1795/850 1521/1799/850 1522/1800/850
f 1518/1795/845 1522/1800/845 1079/1252/845
f 1079/1252/851 1522/1800/851 1080/1253/851
f 623/648/847 625/650/847 1519/1796/847
f 1519/1796/852 625/650/852 1523/1801/852
f 1519/1796/848 1523/1801/848 1520/1797/848
f 1520/1797/853 1523/1801/853 1524/1802/853
f 1520/1797/849 1524/1802/849 1521/1798/849
f 1521/1798/854 1524/1802/854 1525/1803/854
f 1521/1799/850 1525/1804/850 1522/1800/850
f 1522/1800/855 1525/1804/855 1082/1255/855
f 1522/1800/856 1082/1255/856 1080/1253/856
f 625/650/852 627/652/852 1523/1801/852
f 1523/1801/857 627/652/857 1526/1805/857
f 1523/1801/853 1526/1805/853 1524/1802/853
f 1524/1802/858 1526/1805/858 1527/1806/858
f 1524/1802/854 1527/1806/854 1525/1803/854
f 1525/1803/859 1527/1806/859 1084/1260/859
f 1525/1804/855 1084/1257/855 1082/1255/855
f 627/652/860 629/654/860 1526/1805/860
f 1526/1805/861 629/654/861 1528/1807/861
f 1526/1805/858 1528/1807/858 1527/1806/858
f 1527/1806/862 1528/1807/862 1086/1261/862
f 1527/1806/859 1086/1261/859 1084/1260/859
f 629/654/863 451/468/863 1528/1807/863
f 1528/1807/864 451/468/864 1088/1263/864
f 1528/1807/862 1088/1263/862 1086/1261/862
f 451/468/864 453/470/864 1088/1263/864
f 275/284/865 1529/1808/865 273/282/865
f 273/282/865 1529/1808/865 1530/1809/865
f 273/282/866 1530/1809/866 271/280/866
f 271/280/866 1530/1809/866 1531/1810/866
f 271/280/867 1531/1810/867 449/466/867
f 449/466/868 1531/1810/868 1532/1811/868
f 449/466/869 1532/1811/869 447/464/869
f 447/464/870 1532/1811/870 1533/1812/870
f 447/464/871 1533/1812/871 445/462/871
f 445/462/871 1533/1812/871 1534/1813/871
f 445/462/872 1534/1813/872 443/460/872
f 443/460/873 1534/1813/873 1535/1814/873
f 443/458/874 1535/1815/874 441/456/874
f 441/456/874 1535/1815/874 1536/1816/874
f 441/456/875 1536/1816/875 439/454/875
f 439/454/876 1536/1816/876 1537/1817/876
f 439/454/877 1537/1817/877 437/452/877
f 437/452/878 1537/1817/878 1538/1818/878
f 437/452/879 1538/1818/879 435/450/879
f 435/450/879 1538/1818/879 1539/1819/879
f 435/450/880 1539/1819/880 433/448/880
f 433/448/881 1539/1819/881 1540/1820/881
f 433/448/882 1540/1820/882 431/446/882
f 431/446/882 1540/1820/882 1541/1821/882
f 431/446/883 1541/1821/883 429/444/883
f 429/444/884 1541/1821/884 1542/1822/884
f 429/444/885 1542/1822/885 427/442/885
f 427/442/886 1542/1822/886 1543/1823/886
f 427/442/887 1543/1823/887 425/440/887
f 425/440/887 1543/1823/887 1544/1824/887
f 425/440/888 1544/1824/888 423/438/888
f 423/438/889 1544/1824/889 1545/1825/889
f 423/438/890 1545/1825/890 421/436/890
f 421/436/891 1545/1825/891 1546/1826/891
f 421/436/892 1546/1826/892 419/434/892
f 419/434/893 1546/1826/893 1547/1827/893
f 419/434/894 1547/1827/894 417/432/894
f 417/432/895 1547/1827/895 1548/1828/895
f 417/432/896 1548/1828/896 415/430/896
f 415/430/897 1548/1828/897 1549/1829/897
f 415/430/898 1549/1829/898 413/428/898
f 413/428/898 1549/1829/898 1550/1830/898
f 413/428/899 1550/1830/899 411/426/899
f 411/426/900 1550/1830/900 1551/1831/900
f 411/426/901 1551/1831/901 409/424/901
f 409/424/901 1551/1831/901 1552/1832/901
f 409/424/902 1552/1832/902 407/422/902
f 407/422/902 1552/1832/902 1553/1833/902
f 407/422/903 1553/1833/903 405/420/903
f 405/420/903 1553/1833/903 1554/1834/903
f 405/420/904 1554/1834/904 403/418/904
f 403/418/905 1554/1834/905 1555/1835/905
f 403/418/906 1555/1835/906 401/416/906
f 401/416/906 1555/1835/906 1556/1836/906
f 401/416/907 1556/1836/907 399/414/907
f 399/414/908 1556/1836/908 1557/1837/908
f 399/412/909 1557/1838/909 397/410/909
f 397/410/909 1557/1838/909 1558/1839/909
f 397/410/910 1558/1839/910 395/408/910
f 395/408/911 1558/1839/911 1559/1840/911
f 395/408/912 1559/1840/912 393/406/912
f 393/406/912 1559/1840/912 1560/1841/912
f 393/406/913 1560/1841/913 391/404/913
f 391/404/914 1560/1841/914 1561/1842/914
f 391/404/915 1561/1842/915 389/402/915
f 389/402/915 1561/1842/915 1562/1843/915
f 389/402/916 1562/1843/916 387/400/916
f 387/400/917 1562/1843/917 1563/1844/917
f 387/400/918 1563/1844/918 385/398/918
f 385/398/919 1563/1844/919 1564/1845/919
f 385/398/920 1564/1845/920 383/396/920
f 383/396/921 1564/1845/921 1565/1846/921
f 383/396/922 1565/1846/922 381/394/922
f 381/394/922 1565/1846/922 1566/1847/922
f 381/394/923 1566/1847/923 379/392/923
f 379/392/923 1566/1847/923 1567/1848/923
f 379/392/924 1567/1848/924 377/390/924
f 377/390/924 1567/1848/924 1568/1849/924
f 377/390/925 1568/1849/925 375/388/925
f 375/388/926 1568/1849/926 1569/1850/926
f 375/388/927 1569/1850/927 373/386/927
f 373/386/928 1569/1850/928 1570/1851/928
f 373/386/929 1570/1851/929 371/384/929
f 371/384/930 1570/1851/930 1571/1852/930
f 371/384/931 1571/1852/931 369/382/931
f 369/382/932 1571/1852/932 1572/1853/932
f 369/382/933 1572/1853/933 367/380/933
f 367/380/934 1572/1853/934 1573/1854/934
f 367/380/935 1573/1854/935 365/378/935
f 365/378/936 1573/1854/936 1574/1855/936
f 365/378/937 1574/1855/937 363/376/937
f 363/376/937 1574/1855/937 1575/1856/937
f 363/376/938 1575/1856/938 361/374/938
f 361/374/938 1575/1856/938 1576/1857/938
f 361/374/939 1576/1857/939 359/372/939
f 359/372/940 1576/1857/940 1577/1858/940
f 359/372/941 1577/1858/941 357/370/941
f 357/370/942 1577/1858/942 1578/1859/942
f 357/370/943 1578/1859/943 355/368/943
f 355/368/943 1578/1859/943 1579/1860/943
f 355/368/944 1579/1860/944 353/366/944
f 353/366/945 1579/1860/945 1580/1861/945
f 353/364/946 1580/1862/946 351/362/946
f 351/362/946 1580/1862/946 1581/1863/946
f 351/362/947 1581/1863/947 349/360/947
f 349/360/948 1581/1863/948 1582/1864/948
f 349/360/949 1582/1864/949 347/358/949
f 347/358/950 1582/1864/950 1583/1865/950
f 347/358/951 1583/1865/951 345/356/951
f 345/356/951 1583/1865/951 1584/1866/951
f 345/356/952 1584/1866/952 343/354/952
f 343/354/953 1584/1866/953 1585/1867/953
f 343/354/954 1585/1867/954 341/352/954
f 341/352/954 1585/1867/954 1586/1868/954
f 341/352/955 1586/1868/955 339/350/955
f 339/350/956 1586/1868/956 1587/1869/956
f 339/350/957 1587/1869/957 337/348/957
f 337/348/958 1587/1869/958 1588/1870/958
f 337/348/959 1588/1870/959 335/346/959
f 335/346/959 1588/1870/959 1589/1871/959
f 335/346/960 1589/1871/960 333/344/960
f 333/344/961 1589/1871/961 1590/1872/961
f 333/344/962 1590/1872/962 331/342/962
f 331/342/963 1590/1872/963 1591/1873/963
f 331/342/964 1591/1873/964 329/340/964
f 329/340/965 1591/1873/965 1592/1874/965
f 329/340/966 1592/1874/966 327/338/966
f 327/338/967 1592/1874/967 1593/1875/967
f 327/338/968 1593/1875/968 325/336/968
f 325/336/969 1593/1875/969 1594/1876/969
f 325/336/970 1594/1876/970 323/334/970
f 323/334/970 1594/1876/970 1595/1877/970
f 323/334/971 1595/1877/971 321/332/971
f 321/332/972 1595/1877/972 1596/1878/972
f 321/332/973 1596/1878/973 319/330/973
f 319/330/973 1596/1878/973 1597/1879/973
f 319/330/974 1597/1879/974 317/328/974
f 317/328/974 1597/1879/974 1598/1880/974
f 317/328/975 1598/1880/975 315/326/975
f 315/326/975 1598/1880/975 1599/1881/975
f 315/326/976 1599/1881/976 313/324/976
f 313/324/977 1599/1881/977 1600/1882/977
f 313/324/978 1600/1882/978 311/322/978
f 311/322/978 1600/1882/978 1601/1883/978
f 311/322/979 1601/1883/979 309/320/979
f 309/320/980 1601/1883/980 1602/1884/980
f 309/318/981 1602/1885/981 307/316/981
f 307/316/981 1602/1885/981 1603/1886/981
f 307/316/982 1603/1886/982 305/314/982
f 305/314/983 1603/1886/983 1604/1887/983
f 305/314/984 1604/1887/984 303/312/984
f 303/312/984 1604/1887/984 1605/1888/984
f 303/312/985 1605/1888/985 301/310/985
f 301/310/986 1605/1888/986 1606/1889/986
f 301/310/987 1606/1889/987 299/308/987
f 299/308/987 1606/1889/987 1607/1890/987
f 299/308/988 1607/1890/988 297/306/988
f 297/306/989 1607/1890/989 1608/1891/989
f 297/306/990 1608/1891/990 295/304/990
f 295/304/991 1608/1891/991 1609/1892/991
f 295/304/992 1609/1892/992 293/302/992
f 293/302/993 1609/1892/993 1610/1893/993
f 293/302/994 1610/1893/994 291/300/994
f 291/300/994 1610/1893/994 1611/1894/994
f 291/300/995 1611/1894/995 289/298/995
f 289/298/995 1611/1894/995 1612/1895/995
f 289/298/996 1612/1895/996 287/296/996
f 287/296/996 1612/1895/996 1613/1896/996
f 287/296/997 1613/1896/997 285/294/997
f 285/294/998 1613/1896/998 1614/1897/998
f 285/294/999 1614/1897/999 283/292/999
f 283/292/1000 1614/1897/1000 1615/1898/1000
f 283/292/1001 1615/1898/1001 281/290/1001
f 281/290/1002 1615/1898/1002 1616/1899/1002
f 281/290/1003 1616/1899/1003 279/288/1003
f 279/288/1004 1616/1899/1004 1617/1900/1004
f 279/288/1005 1617/1900/1005 277/286/1005
f 277/286/1006 1617/1900/1006 1618/1901/1006
f 277/286/1007 1618/1901/1007 275/284/1007
f 275/284/1008 1618/1901/1008 1529/1808/1008
f 631/656/1009 1619/1902/1009 632/657/1009
f 632/657/1010 1619/1902/1010 1620/1903/1010
f 632/657/1011 1620/1903/1011 1621/1904/1011
f 1621/1904/1012 1620/1903/1012 1622/1905/1012
f 1621/1904/1013 1622/1905/1013 1623/1906/1013
f 1623/1906/1014 1622/1905/1014 1624/1907/1014
f 1623/1906/1014 1624/1907/1014 1625/1908/1014
f 1625/1909/1015 1624/1910/1015 1626/1911/1015
f 1625/1909/1016 1626/1911/1016 1627/1912/1016
f 1627/1912/1017 1626/1911/1017 1530/1809/1017
f 1627/1912/1017 1530/1809/1017 1529/1808/1017
f 1619/1902/1018 631/656/1018 1628/1913/1018
f 1628/1913/1019 631/656/1019 785/810/1019
f 1628/1913/1020 785/810/1020 1629/1914/1020
f 1629/1914/1021 785/810/1021 783/808/1021
f 1629/1914/1022 783/808/1022 1630/1915/1022
f 1630/1915/1023 783/808/1023 782/807/1023
f 1630/1915/1024 782/807/1024 1631/1916/1024
f 1631/1916/1025 782/807/1025 780/805/1025
f 1631/1916/1026 780/805/1026 1632/1917/1026
f 1632/1917/1027 780/805/1027 778/803/1027
f 1632/1917/1028 778/803/1028 1633/1918/1028
f 1633/1918/1029 778/803/1029 776/801/1029
f 1633/1918/1030 776/801/1030 1634/1919/1030
f 1634/1919/1031 776/801/1031 774/799/1031
f 1634/1919/1032 774/799/1032 1635/1920/1032
f 1635/1920/1033 774/799/1033 773/798/1033
f 1635/1920/1034 773/798/1034 1636/1921/1034
f 1636/1921/1035 773/798/1035 771/796/1035
f 1636/1921/1036 771/796/1036 1637/1922/1036
f 1637/1922/1037 771/796/1037 769/794/1037
f 1637/1922/1038 769/794/1038 1638/1923/1038
f 1638/1923/1039 769/794/1039 767/792/1039
f 1638/1923/1040 767/792/1040 1639/1924/1040
f 1639/1924/1041 767/792/1041 766/791/1041
f 1639/1924/1042 766/791/1042 1640/1925/1042
f 1640/1925/1043 766/791/1043 764/789/1043
f 1640/1925/1044 764/789/1044 1641/1926/1044
f 1641/1926/1045 764/789/1045 762/787/1045
f 1641/1926/1046 762/787/1046 1642/1927/1046
f 1642/1927/1047 762/787/1047 760/785/1047
f 1642/1927/1048 760/785/1048 1643/1928/1048
f 1643/1928/1049 760/785/1049 758/783/1049
f 1643/1928/1050 758/783/1050 1644/1929/1050
f 1644/1929/1051 758/783/1051 757/782/1051
f 1644/1929/1052 757/782/1052 1645/1930/1052
f 1645/1930/1053 757/782/1053 755/780/1053
f 1645/1930/1054 755/780/1054 1646/1931/1054
f 1646/1931/1055 755/780/1055 753/778/1055
f 1646/1931/1056 753/778/1056 1647/1932/1056
f 1647/1932/1057 753/778/1057 751/776/1057
f 1647/1932/1058 751/776/1058 1648/1933/1058
f 1648/1933/1059 751/776/1059 750/775/1059
f 1648/1933/1060 750/775/1060 1649/1934/1060
f 1649/1934/1061 750/775/1061 748/773/1061
f 1649/1934/1062 748/773/1062 1650/1935/1062
f 1650/1935/1063 748/773/1063 746/771/1063
f 1650/1935/1064 746/771/1064 1651/1936/1064
f 1651/1936/1065 746/771/1065 744/769/1065
f 1651/1936/1066 744/769/1066 1652/1937/1066
f 1652/1937/1067 744/769/1067 743/768/1067
f 1652/1937/1068 743/768/1068 1653/1938/1068
f 1653/1938/1069 743/768/1069 741/766/1069
f 1653/1938/1070 741/766/1070 1654/1939/1070
f 1654/1939/1071 741/766/1071 739/764/1071
f 1654/1939/1072 739/764/1072 1655/1940/1072
f 1655/1940/1073 739/764/1073 737/762/1073
f 1655/1940/1074 737/762/1074 1656/1941/1074
f 1656/1941/1075 737/762/1075 735/760/1075
f 1656/1941/1076 735/760/1076 1657/1942/1076
f 1657/1942/1077 735/760/1077 734/759/1077
f 1657/1942/1078 734/759/1078 1658/1943/1078
f 1658/1943/1079 734/759/1079 732/757/1079
f 1658/1943/1080 732/757/1080 1659/1944/1080
f 1659/1944/1081 732/757/1081 730/755/1081
f 1659/1944/1082 730/755/1082 1660/1945/1082
f 1660/1945/1083 730/755/1083 728/753/1083
f 1660/1945/1084 728/753/1084 1661/1946/1084
f 1661/1946/1085 728/753/1085 727/752/1085
f 1661/1946/1086 727/752/1086 1662/1947/1086
f 1662/1947/1087 727/752/1087 725/750/1087
f 1662/1947/1088 725/750/1088 1663/1948/1088
f 1663/1948/1089 725/750/1089 723/748/1089
f 1663/1948/1090 723/748/1090 1664/1949/1090
f 1664/1949/1091 723/748/1091 721/746/1091
f 1664/1949/1092 721/746/1092 1665/1950/1092
f 1665/1950/1093 721/746/1093 719/744/1093
f 1665/1950/1094 719/744/1094 1666/1951/1094
f 1666/1951/1095 719/744/1095 718/743/1095
f 1666/1951/1096 718/743/1096 1667/1952/1096
f 1667/1952/1097 718/743/1097 716/741/1097
f 1667/1952/1098 716/741/1098 1668/1953/1098
f 1668/1953/1099 716/741/1099 714/739/1099
f 1668/1953/1100 714/739/1100 1669/1954/1100
f 1669/1954/1101 714/739/1101 712/737/1101
f 1669/1954/1102 712/737/1102 1670/1955/1102
f 1670/1955/1103 712/737/1103 711/736/1103
f 1670/1955/1104 711/736/1104 1671/1956/1104
f 1671/1956/1105 711/736/1105 1672/1957/1105
f 1671/1956/1106 1672/1957/1106 1673/1958/1106
f 1673/1958/1107 1672/1957/1107 1674/1959/1107
f 1673/1958/1108 1674/1959/1108 1675/1960/1108
f 1675/1960/1109 1674/1959/1109 1676/1961/1109
f 1675/1962/1110 1676/1963/1110 1677/1964/1110
f 1677/1965/1111 1676/1961/1111 1678/1966/1111
f 1677/1964/1112 1678/1967/1112 1579/1860/1112
f 1579/1860/1113 1678/1967/1113 1580/1861/1113
f 711/736/1114 709/734/1114 1672/1957/1114
f 1672/1957/1115 709/734/1115 1679/1968/1115
f 1672/1957/1107 1679/1968/1107 1674/1959/1107
f 1674/1959/1116 1679/1968/1116 1680/1969/1116
f 1674/1959/1109 1680/1969/1109 1676/1961/1109
f 1676/1961/1117 1680/1969/1117 1681/1970/1117
f 1676/1961/1111 1681/1970/1111 1678/1966/1111
f 1678/1966/1118 1681/1970/1118 1682/1971/1118
f 1678/1967/1113 1682/1972/1113 1580/1861/1113
f 1580/1862/1119 1682/1973/1119 1581/1863/1119
f 709/734/1120 707/732/1120 1679/1968/1120
f 1679/1968/1121 707/732/1121 1683/1974/1121
f 1679/1968/1122 1683/1974/1122 1680/1969/1122
f 1680/1969/1123 1683/1974/1123 1684/1975/1123
f 1680/1969/1117 1684/1975/1117 1681/1970/1117
f 1681/1970/1124 1684/1975/1124 1685/1976/1124
f 1681/1970/1118 1685/1976/1118 1682/1971/1118
f 1682/1971/1125 1685/1976/1125 1686/1977/1125
f 1682/1973/1119 1686/1978/1119 1581/1863/1119
f 1581/1863/1126 1686/1978/1126 1582/1864/1126
f 707/732/1127 705/730/1127 1683/1974/1127
f 1683/1974/1128 705/730/1128 1687/1979/1128
f 1683/1974/1123 1687/1979/1123 1684/1975/1123
f 1684/1975/1129 1687/1979/1129 1688/1980/1129
f 1684/1975/1124 1688/1980/1124 1685/1976/1124
f 1685/1976/1130 1688/1980/1130 1689/1981/1130
f 1685/1976/1131 1689/1981/1131 1686/1977/1131
f 1686/1978/1132 1689/1982/1132 1690/1983/1132
f 1686/1978/1133 1690/1983/1133 1582/1864/1133
f 1582/1864/1134 1690/1983/1134 1583/1865/1134
f 705/730/1135 704/729/1135 1687/1979/1135
f 1687/1979/1136 704/729/1136 1691/1984/1136
f 1687/1979/1137 1691/1984/1137 1688/1980/1137
f 1688/1980/1138 1691/1984/1138 1692/1985/1138
f 1688/1980/1139 1692/1985/1139 1689/1981/1139
f 1689/1981/1140 1692/1985/1140 1693/1986/1140
f 1689/1982/1132 1693/1987/1132 1690/1983/1132
f 1690/1983/1141 1693/1987/1141 1694/1988/1141
f 1690/1983/1134 1694/1988/1134 1583/1865/1134
f 1583/1865/1142 1694/1988/1142 1584/1866/1142
f 704/729/1143 702/727/1143 1691/1984/1143
f 1691/1984/1144 702/727/1144 1695/1989/1144
f 1691/1984/1138 1695/1989/1138 1692/1985/1138
f 1692/1985/1145 1695/1989/1145 1696/1990/1145
f 1692/1985/1140 1696/1990/1140 1693/1986/1140
f 1693/1986/1146 1696/1990/1146 1697/1991/1146
f 1693/1987/1141 1697/1992/1141 1694/1988/1141
f 1694/1988/1147 1697/1992/1147 1698/1993/1147
f 1694/1988/1142 1698/1993/1142 1584/1866/1142
f 1584/1866/1148 1698/1993/1148 1585/1867/1148
f 702/727/1149 700/725/1149 1695/1989/1149
f 1695/1989/1150 700/725/1150 1699/1994/1150
f 1695/1989/1151 1699/1994/1151 1696/1990/1151
f 1696/1990/1152 1699/1994/1152 1700/1995/1152
f 1696/1990/1146 1700/1995/1146 1697/1991/1146
f 1697/1991/1153 1700/1995/1153 1701/1996/1153
f 1697/1992/1147 1701/1997/1147 1698/1993/1147
f 1698/1993/1154 1701/1997/1154 1702/1998/1154
f 1698/1993/1155 1702/1998/1155 1585/1867/1155
f 1585/1867/1156 1702/1998/1156 1586/1868/1156
f 700/725/1157 698/723/1157 1699/1994/1157
f 1699/1994/1158 698/723/1158 1703/1999/1158
f 1699/1994/1152 1703/1999/1152 1700/1995/1152
f 1700/1995/1159 1703/1999/1159 1704/2000/1159
f 1700/1995/1153 1704/2000/1153 1701/1996/1153
f 1701/1996/1160 1704/2000/1160 1705/2001/1160
f 1701/1997/1161 1705/2002/1161 1702/1998/1161
f 1702/1998/1162 1705/2002/1162 1706/2003/1162
f 1702/1998/1163 1706/2003/1163 1586/1868/1163
f 1586/1868/1164 1706/2003/1164 1587/1869/1164
f 698/723/1165 696/721/1165 1703/1999/1165
f 1703/1999/1166 696/721/1166 1707/2004/1166
f 1703/1999/1159 1707/2004/1159 1704/2000/1159
f 1704/2000/1167 1707/2004/1167 1708/2005/1167
f 1704/2000/1160 1708/2005/1160 1705/2001/1160
f 1705/2001/1168 1708/2005/1168 1709/2006/1168
f 1705/2002/1162 1709/2007/1162 1706/2003/1162
f 1706/2003/1169 1709/2007/1169 1710/2008/1169
f 1706/2003/1164 1710/2008/1164 1587/1869/1164
f 1587/1869/1170 1710/2008/1170 1588/1870/1170
f 696/721/1171 695/720/1171 1707/2004/1171
f 1707/2004/1172 695/720/1172 1711/2009/1172
f 1707/2004/1167 1711/2009/1167 1708/2005/1167
f 1708/2005/1173 1711/2009/1173 1712/2010/1173
f 1708/2005/1168 1712/2010/1168 1709/2006/1168
f 1709/2006/1174 1712/2010/1174 1713/2011/1174
f 1709/2007/1169 1713/2012/1169 1710/2008/1169
f 1710/2008/1175 1713/2012/1175 1714/2013/1175
f 1710/2008/1170 1714/2013/1170 1588/1870/1170
f 1588/1870/1176 1714/2013/1176 1589/1871/1176
f 695/720/1177 693/718/1177 1711/2009/1177
f 1711/2009/1178 693/718/1178 1715/2014/1178
f 1711/2009/1179 1715/2014/1179 1712/2010/1179
f 1712/2010/1180 1715/2014/1180 1716/2015/1180
f 1712/2010/1174 1716/2015/1174 1713/2011/1174
f 1713/2011/1181 1716/2015/1181 1717/2016/1181
f 1713/2012/1175 1717/2017/1175 1714/2013/1175
f 1714/2013/1182 1717/2017/1182 1718/2018/1182
f 1714/2013/1176 1718/2018/1176 1589/1871/1176
f 1589/1871/1183 1718/2018/1183 1590/1872/1183
f 693/718/1184 691/716/1184 1715/2014/1184
f 1715/2014/1185 691/716/1185 1719/2019/1185
f 1715/2014/1180 1719/2019/1180 1716/2015/1180
f 1716/2015/1186 1719/2019/1186 1720/2020/1186
f 1716/2015/1187 1720/2020/1187 1717/2016/1187
f 1717/2016/1188 1720/2020/1188 1721/2021/1188
f 1717/2017/1182 1721/2022/1182 1718/2018/1182
f 1718/2018/1189 1721/2022/1189 1722/2023/1189
f 1718/2018/1183 1722/2023/1183 1590/1872/1183
f 1590/1872/1190 1722/2023/1190 1591/1873/1190
f 691/716/1191 689/714/1191 1719/2019/1191
f 1719/2019/1192 689/714/1192 1723/2024/1192
f 1719/2019/1186 1723/2024/1186 1720/2020/1186
f 1720/2020/1193 1723/2024/1193 1724/2025/1193
f 1720/2020/1194 1724/2025/1194 1721/2021/1194
f 1721/2021/1195 1724/2025/1195 1725/2026/1195
f 1721/2022/1189 1725/2027/1189 1722/2023/1189
f 1722/2023/1196 1725/2027/1196 1726/2028/1196
f 1722/2023/1190 1726/2028/1190 1591/1873/1190
f 1591/1873/1197 1726/2028/1197 1592/1874/1197
f 689/714/1198 688/713/1198 1723/2024/1198
f 1723/2024/1199 688/713/1199 1727/2029/1199
f 1723/2024/1200 1727/2029/1200 1724/2025/1200
f 1724/2025/1201 1727/2029/1201 1728/2030/1201
f 1724/2025/1202 1728/2030/1202 1725/2026/1202
f 1725/2026/1203 1728/2030/1203 1729/2031/1203
f 1725/2027/1196 1729/2032/1196 1726/2028/1196
f 1726/2028/1204 1729/2032/1204 1730/2033/1204
f 1726/2028/1197 1730/2033/1197 1592/1874/1197
f 1592/1874/1205 1730/2033/1205 1593/1875/1205
f 688/713/1206 686/711/1206 1727/2029/1206
f 1727/2029/1207 686/711/1207 1731/2034/1207
f 1727/2029/1201 1731/2034/1201 1728/2030/1201
f 1728/2030/1208 1731/2034/1208 1732/2035/1208
f 1728/2030/1203 1732/2035/1203 1729/2031/1203
f 1729/2031/1209 1732/2035/1209 1733/2036/1209
f 1729/2032/1204 1733/2037/1204 1730/2033/1204
f 1730/2033/1210 1733/2037/1210 1734/2038/1210
f 1730/2033/1205 1734/2038/1205 1593/1875/1205
f 1593/1875/1211 1734/2038/1211 1594/1876/1211
f 686/711/1212 684/709/1212 1731/2034/1212
f 1731/2034/1213 684/709/1213 1735/2039/1213
f 1731/2034/1214 1735/2039/1214 1732/2035/1214
f 1732/2035/1215 1735/2039/1215 1736/2040/1215
f 1732/2035/1209 1736/2040/1209 1733/2036/1209
f 1733/2036/1216 1736/2040/1216 1737/2041/1216
f 1733/2037/1210 1737/2042/1210 1734/2038/1210
f 1734/2038/1217 1737/2042/1217 1738/2043/1217
f 1734/2038/1211 1738/2043/1211 1594/1876/1211
f 1594/1876/1218 1738/2043/1218 1595/1877/1218
f 684/709/1219 682/707/1219 1735/2039/1219
f 1735/2039/1220 682/707/1220 1739/2044/1220
f 1735/2039/1215 1739/2044/1215 1736/2040/1215
f 1736/2040/1221 1739/2044/1221 1740/2045/1221
f 1736/2040/1216 1740/2045/1216 1737/2041/1216
f 1737/2041/1222 1740/2045/1222 1741/2046/1222
f 1737/2042/1217 1741/2047/1217 1738/2043/1217
f 1738/2043/1223 1741/2047/1223 1742/2048/1223
f 1738/2043/1218 1742/2048/1218 1595/1877/1218
f 1595/1877/1224 1742/2048/1224 1596/1878/1224
f 682/707/1225 680/705/1225 1739/2044/1225
f 1739/2044/1226 680/705/1226 1743/2049/1226
f 1739/2044/1221 1743/2049/1221 1740/2045/1221
f 1740/2045/1227 1743/2049/1227 1744/2050/1227
f 1740/2045/1228 1744/2050/1228 1741/2046/1228
f 1741/2046/1229 1744/2050/1229 1745/2051/1229
f 1741/2047/1223 1745/2052/1223 1742/2048/1223
f 1742/2048/1230 1745/2052/1230 1746/2053/1230
f 1742/2048/1224 1746/2053/1224 1596/1878/1224
f 1596/1878/1231 1746/2053/1231 1597/1879/1231
f 680/705/1232 679/704/1232 1743/2049/1232
f 1743/2049/1233 679/704/1233 1747/2054/1233
f 1743/2049/1234 1747/2054/1234 1744/2050/1234
f 1744/2050/1235 1747/2054/1235 1748/2055/1235
f 1744/2050/1229 1748/2055/1229 1745/2051/1229
f 1745/2051/1236 1748/2055/1236 1749/2056/1236
f 1745/2052/1230 1749/2057/1230 1746/2053/1230
f 1746/2053/1237 1749/2057/1237 1750/2058/1237
f 1746/2053/1231 1750/2058/1231 1597/1879/1231
f 1597/1879/1238 1750/2058/1238 1598/1880/1238
f 679/704/1239 677/702/1239 1747/2054/1239
f 1747/2054/1240 677/702/1240 1751/2059/1240
f 1747/2054/1235 1751/2059/1235 1748/2055/1235
f 1748/2055/1241 1751/2059/1241 1752/2060/1241
f 1748/2055/1242 1752/2060/1242 1749/2056/1242
f 1749/2056/1243 1752/2060/1243 1753/2061/1243
f 1749/2057/1237 1753/2062/1237 1750/2058/1237
f 1750/2058/1244 1753/2062/1244 1754/2063/1244
f 1750/2058/1238 1754/2063/1238 1598/1880/1238
f 1598/1880/1245 1754/2063/1245 1599/1881/1245
f 677/702/1246 675/700/1246 1751/2059/1246
f 1751/2059/1247 675/700/1247 1755/2064/1247
f 1751/2059/1241 1755/2064/1241 1752/2060/1241
f 1752/2060/1248 1755/2064/1248 1756/2065/1248
f 1752/2060/1243 1756/2065/1243 1753/2061/1243
f 1753/2061/1249 1756/2065/1249 1757/2066/1249
f 1753/2062/1244 1757/2067/1244 1754/2063/1244
f 1754/2063/1250 1757/2067/1250 1758/2068/1250
f 1754/2063/1245 1758/2068/1245 1599/1881/1245
f 1599/1881/1251 1758/2068/1251 1600/1882/1251
f 675/700/1252 673/698/1252 1755/2064/1252
f 1755/2064/1253 673/698/1253 1759/2069/1253
f 1755/2064/1248 1759/2069/1248 1756/2065/1248
f 1756/2065/1254 1759/2069/1254 1760/2070/1254
f 1756/2065/1249 1760/2070/1249 1757/2066/1249
f 1757/2066/1255 1760/2070/1255 1761/2071/1255
f 1757/2067/1250 1761/2072/1250 1758/2068/1250
f 1758/2068/1256 1761/2072/1256 1762/2073/1256
f 1758/2068/1251 1762/2073/1251 1600/1882/1251
f 1600/1882/1257 1762/2073/1257 1601/1883/1257
f 673/698/1258 672/697/1258 1759/2069/1258
f 1759/2069/1259 672/697/1259 1763/2074/1259
f 1759/2069/1254 1763/2074/1254 1760/2070/1254
f 1760/2070/1260 1763/2074/1260 1764/2075/1260
f 1760/2070/1255 1764/2075/1255 1761/2071/1255
f 1761/2071/1261 1764/2075/1261 1765/2076/1261
f 1761/2072/1256 1765/2077/1256 1762/2073/1256
f 1762/2073/1262 1765/2077/1262 1766/2078/1262
f 1762/2073/1257 1766/2078/1257 1601/1883/1257
f 1601/1883/1263 1766/2078/1263 1602/1884/1263
f 672/697/1264 670/695/1264 1763/2074/1264
f 1763/2074/1265 670/695/1265 1767/2079/1265
f 1763/2074/1260 1767/2079/1260 1764/2075/1260
f 1764/2075/1266 1767/2079/1266 1768/2080/1266
f 1764/2075/1267 1768/2080/1267 1765/2076/1267
f 1765/2076/1268 1768/2080/1268 1769/2081/1268
f 1765/2077/1262 1769/2082/1262 1766/2078/1262
f 1766/2083/1269 1769/2081/1269 1770/2084/1269
f 1766/2078/1263 1770/2085/1263 1602/1884/1263
f 1602/1885/1270 1770/2086/1270 1603/1886/1270
f 670/695/1271 668/693/1271 1767/2079/1271
f 1767/2079/1272 668/693/1272 1771/2087/1272
f 1767/2079/1266 1771/2087/1266 1768/2080/1266
f 1768/2080/1273 1771/2087/1273 1772/2088/1273
f 1768/2080/1268 1772/2088/1268 1769/2081/1268
f 1769/2081/1274 1772/2088/1274 1773/2089/1274
f 1769/2081/1269 1773/2089/1269 1770/2084/1269
f 1770/2084/1275 1773/2089/1275 1774/2090/1275
f 1770/2086/1270 1774/2091/1270 1603/1886/1270
f 1603/1886/1276 1774/2091/1276 1604/1887/1276
f 668/693/1277 666/691/1277 1771/2087/1277
f 1771/2087/1278 666/691/1278 1775/2092/1278
f 1771/2087/1273 1775/2092/1273 1772/2088/1273
f 1772/2088/1279 1775/2092/1279 1776/2093/1279
f 1772/2088/1274 1776/2093/1274 1773/2089/1274
f 1773/2089/1280 1776/2093/1280 1777/2094/1280
f 1773/2089/1275 1777/2094/1275 1774/2090/1275
f 1774/2091/1281 1777/2095/1281 1778/2096/1281
f 1774/2091/1276 1778/2096/1276 1604/1887/1276
f 1604/1887/1282 1778/2096/1282 1605/1888/1282
f 666/691/1283 665/690/1283 1775/2092/1283
f 1775/2092/1284 665/690/1284 1779/2097/1284
f 1775/2092/1279 1779/2097/1279 1776/2093/1279
f 1776/2093/1285 1779/2097/1285 1780/2098/1285
f 1776/2093/1280 1780/2098/1280 1777/2094/1280
f 1777/2094/1286 1780/2098/1286 1781/2099/1286
f 1777/2095/1281 1781/2100/1281 1778/2096/1281
f 1778/2096/1287 1781/2100/1287 1782/2101/1287
f 1778/2096/1282 1782/2101/1282 1605/1888/1282
f 1605/1888/1288 1782/2101/1288 1606/1889/1288
f 665/690/1289 663/688/1289 1779/2097/1289
f 1779/2097/1290 663/688/1290 1783/2102/1290
f 1779/2097/1285 1783/2102/1285 1780/2098/1285
f 1780/2098/1291 1783/2102/1291 1784/2103/1291
f 1780/2098/1286 1784/2103/1286 1781/2099/1286
f 1781/2099/1292 1784/2103/1292 1785/2104/1292
f 1781/2100/1287 1785/2105/1287 1782/2101/1287
f 1782/2101/1293 1785/2105/1293 1786/2106/1293
f 1782/2101/1288 1786/2106/1288 1606/1889/1288
f 1606/1889/1294 1786/2106/1294 1607/1890/1294
f 663/688/1295 661/686/1295 1783/2102/1295
f 1783/2102/1296 661/686/1296 1787/2107/1296
f 1783/2102/1291 1787/2107/1291 1784/2103/1291
f 1784/2103/1297 1787/2107/1297 1788/2108/1297
f 1784/2103/1292 1788/2108/1292 1785/2104/1292
f 1785/2104/1298 1788/2108/1298 1789/2109/1298
f 1785/2105/1293 1789/2110/1293 1786/2106/1293
f 1786/2106/1299 1789/2110/1299 1790/2111/1299
f 1786/2106/1294 1790/2111/1294 1607/1890/1294
f 1607/1890/1300 1790/2111/1300 1608/1891/1300
f 661/686/1301 659/684/1301 1787/2107/1301
f 1787/2107/1302 659/684/1302 1791/2112/1302
f 1787/2107/1303 1791/2112/1303 1788/2108/1303
f 1788/2108/1304 1791/2112/1304 1792/2113/1304
f 1788/2108/1305 1792/2113/1305 1789/2109/1305
f 1789/2109/1306 1792/2113/1306 1793/2114/1306
f 1789/2110/1299 1793/2115/1299 1790/2111/1299
f 1790/2111/1307 1793/2115/1307 1794/2116/1307
f 1790/2111/1300 1794/2116/1300 1608/1891/1300
f 1608/1891/1308 1794/2116/1308 1609/1892/1308
f 659/684/1309 657/682/1309 1791/2112/1309
f 1791/2112/1310 657/682/1310 1795/2117/1310
f 1791/2112/1304 1795/2117/1304 1792/2113/1304
f 1792/2113/1311 1795/2117/1311 1796/2118/1311
f 1792/2113/1312 1796/2118/1312 1793/2114/1312
f 1793/2114/1313 1796/2118/1313 1797/2119/1313
f 1793/2115/1307 1797/2120/1307 1794/2116/1307
f 1794/2116/1314 1797/2120/1314 1798/2121/1314
f 1794/2116/1308 1798/2121/1308 1609/1892/1308
f 1609/1892/1315 1798/2121/1315 1610/1893/1315
f 657/682/1316 656/681/1316 1795/2117/1316
f 1795/2117/1317 656/681/1317 1799/2122/1317
f 1795/2117/1318 1799/2122/1318 1796/2118/1318
f 1796/2118/1319 1799/2122/1319 1800/2123/1319
f 1796/2118/1313 1800/2123/1313 1797/2119/1313
f 1797/2119/1320 1800/2123/1320 1801/2124/1320
f 1797/2120/1314 1801/2125/1314 1798/2121/1314
f 1798/2121/1321 1801/2125/1321 1802/2126/1321
f 1798/2121/1322 1802/2126/1322 1610/1893/1322
f 1610/1893/1323 1802/2126/1323 1611/1894/1323
f 656/681/1324 654/679/1324 1799/2122/1324
f 1799/2122/1325 654/679/1325 1803/2127/1325
f 1799/2122/1319 1803/2127/1319 1800/2123/1319
f 1800/2123/1326 1803/2127/1326 1804/2128/1326
f 1800/2123/1320 1804/2128/1320 1801/2124/1320
f 1801/2124/1327 1804/2128/1327 1805/2129/1327
f 1801/2125/1321 1805/2130/1321 1802/2126/1321
f 1802/2126/1328 1805/2130/1328 1806/2131/1328
f 1802/2126/1329 1806/2131/1329 1611/1894/1329
f 1611/1894/1330 1806/2131/1330 1612/1895/1330
f 654/679/1331 652/677/1331 1803/2127/1331
f 1803/2127/1332 652/677/1332 1807/2132/1332
f 1803/2127/1326 1807/2132/1326 1804/2128/1326
f 1804/2128/1333 1807/2132/1333 1808/2133/1333
f 1804/2128/1327 1808/2133/1327 1805/2129/1327
f 1805/2129/1334 1808/2133/1334 1809/2134/1334
f 1805/2130/1328 1809/2135/1328 1806/2131/1328
f 1806/2131/1335 1809/2135/1335 1810/2136/1335
f 1806/2131/1330 1810/2136/1330 1612/1895/1330
f 1612/1895/1336 1810/2136/1336 1613/1896/1336
f 652/677/1337 650/675/1337 1807/2132/1337
f 1807/2132/1338 650/675/1338 1811/2137/1338
f 1807/2132/1339 1811/2137/1339 1808/2133/1339
f 1808/2133/1340 1811/2137/1340 1812/2138/1340
f 1808/2133/1334 1812/2138/1334 1809/2134/1334
f 1809/2134/1341 1812/2138/1341 1813/2139/1341
f 1809/2135/1335 1813/2140/1335 1810/2136/1335
f 1810/2136/1342 1813/2140/1342 1814/2141/1342
f 1810/2136/1336 1814/2141/1336 1613/1896/1336
f 1613/1896/1343 1814/2141/1343 1614/1897/1343
f 650/675/1344 649/674/1344 1811/2137/1344
f 1811/2137/1345 649/674/1345 1815/2142/1345
f 1811/2137/1340 1815/2142/1340 1812/2138/1340
f 1812/2138/1346 1815/2142/1346 1816/2143/1346
f 1812/2138/1341 1816/2143/1341 1813/2139/1341
f 1813/2139/1347 1816/2143/1347 1817/2144/1347
f 1813/2140/1342 1817/2145/1342 1814/2141/1342
f 1814/2141/1348 1817/2145/1348 1818/2146/1348
f 1814/2141/1349 1818/2146/1349 1614/1897/1349
f 1614/1897/1350 1818/2146/1350 1615/1898/1350
f 649/674/1351 647/672/1351 1815/2142/1351
f 1815/2142/1352 647/672/1352 1819/2147/1352
f 1815/2142/1346 1819/2147/1346 1816/2143/1346
f 1816/2143/1353 1819/2147/1353 1820/2148/1353
f 1816/2143/1347 1820/2148/1347 1817/2144/1347
f 1817/2144/1354 1820/2148/1354 1821/2149/1354
f 1817/2145/1348 1821/2150/1348 1818/2146/1348
f 1818/2146/1355 1821/2150/1355 1822/2151/1355
f 1818/2146/1350 1822/2151/1350 1615/1898/1350
f 1615/1898/1356 1822/2151/1356 1616/1899/1356
f 647/672/1357 645/670/1357 1819/2147/1357
f 1819/2147/1358 645/670/1358 1823/2152/1358
f 1819/2147/1353 1823/2152/1353 1820/2148/1353
f 1820/2148/1359 1823/2152/1359 1824/2153/1359
f 1820/2148/1360 1824/2153/1360 1821/2149/1360
f 1821/2149/1361 1824/2153/1361 1825/2154/1361
f 1821/2150/1362 1825/2155/1362 1822/2151/1362
f 1822/2151/1363 1825/2155/1363 1826/2156/1363
f 1822/2151/1356 1826/2156/1356 1616/1899/1356
f 1616/1899/1364 1826/2156/1364 1617/1900/1364
f 645/670/1365 643/668/1365 1823/2152/1365
f 1823/2152/1366 643/668/1366 1827/2157/1366
f 1823/2152/1367 1827/2157/1367 1824/2153/1367
f 1824/2153/1368 1827/2157/1368 1828/2158/1368
f 1824/2153/1369 1828/2158/1369 1825/2154/1369
f 1825/2154/1370 1828/2158/1370 1829/2159/1370
f 1825/2155/1363 1829/2160/1363 1826/2156/1363
f 1826/2156/1371 1829/2160/1371 1830/2161/1371
f 1826/2156/1364 1830/2161/1364 1617/1900/1364
f 1617/1900/1372 1830/2161/1372 1618/1901/1372
f 643/668/1373 641/666/1373 1827/2157/1373
f 1827/2157/1374 641/666/1374 1831/2162/1374
f 1827/2157/1368 1831/2162/1368 1828/2158/1368
f 1828/2158/1375 1831/2162/1375 1832/2163/1375
f 1828/2158/1370 1832/2163/1370 1829/2159/1370
f 1829/2159/1376 1832/2163/1376 1833/2164/1376
f 1829/2160/1371 1833/2165/1371 1830/2161/1371
f 1830/2161/1377 1833/2165/1377 1834/2166/1377
f 1830/2161/1372 1834/2166/1372 1618/1901/1372
f 1618/1901/1378 1834/2166/1378 1529/1808/1378
f 641/666/1379 640/665/1379 1831/2162/1379
f 1831/2162/1380 640/665/1380 1835/2167/1380
f 1831/2162/1381 1835/2167/1381 1832/2163/1381
f 1832/2163/1382 1835/2167/1382 1836/2168/1382
f 1832/2163/1376 1836/2168/1376 1833/2164/1376
f 1833/2164/1383 1836/2168/1383 1837/2169/1383
f 1833/2165/1377 1837/2170/1377 1834/2166/1377
f 1834/2166/1384 1837/2170/1384 1627/1912/1384
f 1834/2166/1378 1627/1912/1378 1529/1808/1378
f 640/665/1385 638/663/1385 1835/2167/1385
f 1835/2167/1386 638/663/1386 1838/2171/1386
f 1835/2167/1382 1838/2171/1382 1836/2168/1382
f 1836/2168/1387 1838/2171/1387 1839/2172/1387
f 1836/2168/1388 1839/2172/1388 1837/2169/1388
f 1837/2169/1389 1839/2172/1389 1625/1908/1389
f 1837/2170/1390 1625/1909/1390 1627/1912/1390
f 638/663/1391 636/661/1391 1838/2171/1391
f 1838/2171/1392 636/661/1392 1840/2173/1392
f 1838/2171/1393 1840/2173/1393 1839/2172/1393
f 1839/2172/1394 1840/2173/1394 1623/1906/1394
f 1839/2172/1395 1623/1906/1395 1625/1908/1395
f 636/661/1396 634/659/1396 1840/2173/1396
f 1840/2173/1397 634/659/1397 1621/1904/1397
f 1840/2173/1394 1621/1904/1394 1623/1906/1394
f 634/659/1398 632/657/1398 1621/1904/1398
f 1575/1856/1399 1841/2174/1399 1576/1857/1399
f 1576/1857/1399 1841/2174/1399 1842/2175/1399
f 1576/1857/1400 1842/2175/1400 1577/1858/1400
f 1577/1858/1400 1842/2175/1400 1843/2176/1400
f 1577/1858/1401 1843/2176/1401 1578/1859/1401
f 1578/1859/1401 1843/2176/1401 1677/1964/1401
f 1578/1859/1112 1677/1964/1112 1579/1860/1112
f 1841/2174/1402 1844/2177/1402 1842/2175/1402
f 1842/2175/1403 1844/2177/1403 1845/2178/1403
f 1842/2175/1404 1845/2178/1404 1843/2176/1404
f 1843/2176/1404 1845/2178/1404 1675/1962/1404
f 1843/2176/1110 1675/1962/1110 1677/1964/1110
f 1841/2174/1405 1575/1856/1405 1846/2179/1405
f 1846/2179/1405 1575/1856/1405 1574/1855/1405
f 1846/2179/1406 1574/1855/1406 1847/2180/1406
f 1847/2180/1406 1574/1855/1406 1573/1854/1406
f 1847/2180/1407 1573/1854/1407 1848/2181/1407
f 1848/2181/1407 1573/1854/1407 1572/1853/1407
f 1848/2181/1408 1572/1853/1408 1849/2182/1408
f 1849/2182/1408 1572/1853/1408 1571/1852/1408
f 1849/2182/1409 1571/1852/1409 1850/2183/1409
f 1850/2183/1409 1571/1852/1409 1570/1851/1409
f 1850/2183/1410 1570/1851/1410 1851/2184/1410
f 1851/2184/1410 1570/1851/1410 1569/1850/1410
f 1851/2184/1411 1569/1850/1411 1852/2185/1411
f 1852/2185/1412 1569/1850/1412 1568/1849/1412
f 1852/2185/1413 1568/1849/1413 1853/2186/1413
f 1853/2186/1413 1568/1849/1413 1567/1848/1413
f 1853/2186/1414 1567/1848/1414 1854/2187/1414
f 1854/2187/1414 1567/1848/1414 1566/1847/1414
f 1854/2187/1415 1566/1847/1415 1855/2188/1415
f 1855/2188/1416 1566/1847/1416 1565/1846/1416
f 1855/2188/1417 1565/1846/1417 1856/2189/1417
f 1856/2189/1418 1565/1846/1418 1564/1845/1418
f 1856/2189/1419 1564/1845/1419 1857/2190/1419
f 1857/2190/1419 1564/1845/1419 1563/1844/1419
f 1857/2190/1420 1563/1844/1420 1858/2191/1420
f 1858/2191/1420 1563/1844/1420 1562/1843/1420
f 1858/2191/1421 1562/1843/1421 1859/2192/1421
f 1859/2192/1421 1562/1843/1421 1561/1842/1421
f 1859/2192/1422 1561/1842/1422 1860/2193/1422
f 1860/2193/1422 1561/1842/1422 1560/1841/1422
f 1860/2193/1423 1560/1841/1423 1861/2194/1423
f 1861/2194/1423 1560/1841/1423 1559/1840/1423
f 1861/2194/1424 1559/1840/1424 1862/2195/1424
f 1862/2195/1424 1559/1840/1424 1558/1839/1424
f 1862/2195/1425 1558/1839/1425 1863/2196/1425
f 1863/2196/1425 1558/1839/1425 1557/1838/1425
f 1863/2197/1426 1557/1837/1426 1864/2198/1426
f 1864/2198/1426 1557/1837/1426 1556/1836/1426
f 1864/2198/1427 1556/1836/1427 1865/2199/1427
f 1865/2199/1427 1556/1836/1427 1555/1835/1427
f 1865/2199/1428 1555/1835/1428 1866/2200/1428
f 1866/2200/1428 1555/1835/1428 1554/1834/1428
f 1866/2200/1429 1554/1834/1429 1867/2201/1429
f 1867/2201/1429 1554/1834/1429 1553/1833/1429
f 1867/2201/1430 1553/1833/1430 1868/2202/1430
f 1868/2202/1430 1553/1833/1430 1552/1832/1430
f 1868/2202/1431 1552/1832/1431 1869/2203/1431
f 1869/2203/1432 1552/1832/1432 1551/1831/1432
f 1869/2203/1433 1551/1831/1433 1870/2204/1433
f 1870/2204/1433 1551/1831/1433 1550/1830/1433
f 1870/2204/1434 1550/1830/1434 1871/2205/1434
f 1871/2205/1434 1550/1830/1434 1549/1829/1434
f 1871/2205/1435 1549/1829/1435 1872/2206/1435
f 1872/2206/1435 1549/1829/1435 1548/1828/1435
f 1872/2206/1436 1548/1828/1436 1873/2207/1436
f 1873/2207/1436 1548/1828/1436 1547/1827/1436
f 1873/2207/1437 1547/1827/1437 1874/2208/1437
f 1874/2208/1437 1547/1827/1437 1546/1826/1437
f 1874/2208/1438 1546/1826/1438 1875/2209/1438
f 1875/2209/1438 1546/1826/1438 1545/1825/1438
f 1875/2209/1439 1545/1825/1439 1876/2210/1439
f 1876/2210/1439 1545/1825/1439 1544/1824/1439
f 1876/2210/1440 1544/1824/1440 1877/2211/1440
f 1877/2211/1440 1544/1824/1440 1543/1823/1440
f 1877/2211/1441 1543/1823/1441 1878/2212/1441
f 1878/2212/1441 1543/1823/1441 1542/1822/1441
f 1878/2212/1442 1542/1822/1442 1879/2213/1442
f 1879/2213/1442 1542/1822/1442 1541/1821/1442
f 1879/2213/1443 1541/1821/1443 1880/2214/1443
f 1880/2214/1444 1541/1821/1444 1540/1820/1444
f 1880/2214/1445 1540/1820/1445 1881/2215/1445
f 1881/2215/1446 1540/1820/1446 1539/1819/1446
f 1881/2215/1447 1539/1819/1447 1882/2216/1447
f 1882/2216/1447 1539/1819/1447 1538/1818/1447
f 1882/2216/1448 1538/1818/1448 1883/2217/1448
f 1883/2217/1448 1538/1818/1448 1537/1817/1448
f 1883/2217/1449 1537/1817/1449 1884/2218/1449
f 1884/2218/1449 1537/1817/1449 1536/1816/1449
f 1884/2218/1450 1536/1816/1450 1885/2219/1450
f 1885/2219/1450 1536/1816/1450 1535/1815/1450
f 1885/2220/1451 1535/1814/1451 1886/2221/1451
f 1886/2221/1451 1535/1814/1451 1534/1813/1451
f 1886/2221/1452 1534/1813/1452 1887/2222/1452
f 1887/2222/1452 1534/1813/1452 1533/1812/1452
f 1887/2222/1453 1533/1812/1453 1888/2223/1453
f 1888/2223/1453 1533/1812/1453 1532/1811/1453
f 1888/2223/1454 1532/1811/1454 1889/2224/1454
f 1889/2224/1454 1532/1811/1454 1531/1810/1454
f 1889/2224/1455 1531/1810/1455 1626/1911/1455
f 1626/1911/1455 1531/1810/1455 1530/1809/1455
f 1844/2225/1456 1890/2226/1456 1845/2227/1456
f 1845/2227/1456 1890/2226/1456 1673/1958/1456
f 1845/2227/1457 1673/1958/1457 1675/1960/1457
f 1844/2177/1458 1841/2174/1458 1891/2228/1458
f 1891/2228/1459 1841/2174/1459 1846/2179/1459
f 1891/2228/1460 1846/2179/1460 1892/2229/1460
f 1892/2229/1460 1846/2179/1460 1847/2180/1460
f 1892/2229/1461 1847/2180/1461 1893/2230/1461
f 1893/2230/1461 1847/2180/1461 1848/2181/1461
f 1893/2230/1462 1848/2181/1462 1894/2231/1462
f 1894/2231/1462 1848/2181/1462 1849/2182/1462
f 1894/2231/1463 1849/2182/1463 1895/2232/1463
f 1895/2232/1463 1849/2182/1463 1850/2183/1463
f 1895/2232/1464 1850/2183/1464 1896/2233/1464
f 1896/2233/1465 1850/2183/1465 1851/2184/1465
f 1896/2233/1466 1851/2184/1466 1897/2234/1466
f 1897/2234/1466 1851/2184/1466 1852/2185/1466
f 1897/2234/1467 1852/2185/1467 1898/2235/1467
f 1898/2235/1467 1852/2185/1467 1853/2186/1467
f 1898/2235/1468 1853/2186/1468 1899/2236/1468
f 1899/2236/1468 1853/2186/1468 1854/2187/1468
f 1899/2236/1469 1854/2187/1469 1900/2237/1469
f 1900/2237/1469 1854/2187/1469 1855/2188/1469
f 1900/2237/1470 1855/2188/1470 1901/2238/1470
f 1901/2238/1470 1855/2188/1470 1856/2189/1470
f 1901/2238/1471 1856/2189/1471 1902/2239/1471
f 1902/2239/1472 1856/2189/1472 1857/2190/1472
f 1902/2239/1473 1857/2190/1473 1903/2240/1473
f 1903/2240/1473 1857/2190/1473 1858/2191/1473
f 1903/2240/1474 1858/2191/1474 1904/2241/1474
f 1904/2241/1474 1858/2191/1474 1859/2192/1474
f 1904/2241/1475 1859/2192/1475 1905/2242/1475
f 1905/2242/1475 1859/2192/1475 1860/2193/1475
f 1905/2242/1476 1860/2193/1476 1906/2243/1476
f 1906/2243/1476 1860/2193/1476 1861/2194/1476
f 1906/2243/1477 1861/2194/1477 1907/2244/1477
f 1907/2244/1477 1861/2194/1477 1862/2195/1477
f 1907/2245/1478 1862/2246/1478 1908/2247/1478
f 1908/2247/1478 1862/2246/1478 1863/2248/1478
f 1908/2247/1479 1863/2248/1479 1909/2249/1479
f 1909/2249/1479 1863/2248/1479 1864/2250/1479
f 1909/2251/1480 1864/2198/1480 1910/2252/1480
f 1910/2252/1480 1864/2198/1480 1865/2199/1480
f 1910/2252/1481 1865/2199/1481 1911/2253/1481
f 1911/2253/1481 1865/2199/1481 1866/2200/1481
f 1911/2253/1482 1866/2200/1482 1912/2254/1482
f 1912/2254/1482 1866/2200/1482 1867/2201/1482
f 1912/2254/1483 1867/2201/1483 1913/2255/1483
f 1913/2255/1483 1867/2201/1483 1868/2202/1483
f 1913/2255/1484 1868/2202/1484 1914/2256/1484
f 1914/2256/1484 1868/2202/1484 1869/2203/1484
f 1914/2256/1485 1869/2203/1485 1915/2257/1485
f 1915/2257/1485 1869/2203/1485 1870/2204/1485
f 1915/2257/1486 1870/2204/1486 1916/2258/1486
f 1916/2258/1486 1870/2204/1486 1871/2205/1486
f 1916/2258/1487 1871/2205/1487 1917/2259/1487
f 1917/2259/1487 1871/2205/1487 1872/2206/1487
f 1917/2259/1488 1872/2206/1488 1918/2260/1488
f 1918/2260/1488 1872/2206/1488 1873/2207/1488
f 1918/2260/1489 1873/2207/1489 1919/2261/1489
f 1919/2261/1489 1873/2207/1489 1874/2208/1489
f 1919/2261/1490 1874/2208/1490 1920/2262/1490
f 1920/2262/1490 1874/2208/1490 1875/2209/1490
f 1920/2262/1491 1875/2209/1491 1921/2263/1491
f 1921/2263/1491 1875/2209/1491 1876/2210/1491
f 1921/2263/1492 1876/2210/1492 1922/2264/1492
f 1922/2264/1492 1876/2210/1492 1877/2211/1492
f 1922/2264/1493 1877/2211/1493 1923/2265/1493
f 1923/2265/1493 1877/2211/1493 1878/2212/1493
f 1923/2265/1494 1878/2212/1494 1924/2266/1494
f 1924/2266/1494 1878/2212/1494 1879/2213/1494
f 1924/2266/1495 1879/2213/1495 1925/2267/1495
f 1925/2267/1495 1879/2213/1495 1880/2214/1495
f 1925/2267/1496 1880/2214/1496 1926/2268/1496
f 1926/2268/1497 1880/2214/1497 1881/2215/1497
f 1926/2268/1498 1881/2215/1498 1927/2269/1498
f 1927/2269/1498 1881/2215/1498 1882/2216/1498
f 1927/2269/1499 1882/2216/1499 1928/2270/1499
f 1928/2270/1499 1882/2216/1499 1883/2217/1499
f 1928/2270/1500 1883/2217/1500 1929/2271/1500
f 1929/2271/1500 1883/2217/1500 1884/2218/1500
f 1929/2272/1501 1884/2273/1501 1930/2274/1501
f 1930/2274/1502 1884/2273/1502 1885/2275/1502
f 1930/2274/1503 1885/2275/1503 1931/2276/1503
f 1931/2276/1503 1885/2275/1503 1886/2277/1503
f 1931/2276/1504 1886/2277/1504 1932/2278/1504
f 1932/2278/1504 1886/2277/1504 1887/2279/1504
f 1932/2280/1505 1887/2222/1505 1933/2281/1505
f 1933/2281/1505 1887/2222/1505 1888/2223/1505
f 1933/2281/1506 1888/2223/1506 1934/2282/1506
f 1934/2282/1506 1888/2223/1506 1889/2224/1506
f 1934/2282/1507 1889/2224/1507 1624/1910/1507
f 1624/1910/1508 1889/2224/1508 1626/1911/1508
f 1670/1955/1509 1671/1956/1509 1890/2226/1509
f 1890/2226/1106 1671/1956/1106 1673/1958/1106
f 1890/2226/1510 1844/2225/1510 1935/2283/1510
f 1935/2283/1510 1844/2225/1510 1891/2284/1510
f 1935/2283/1511 1891/2284/1511 1936/2285/1511
f 1936/2285/1512 1891/2284/1512 1892/2286/1512
f 1936/2285/1513 1892/2286/1513 1937/2287/1513
f 1937/2287/1514 1892/2286/1514 1893/2288/1514
f 1937/2287/1515 1893/2288/1515 1938/2289/1515
f 1938/2289/1515 1893/2288/1515 1894/2290/1515
f 1938/2289/1516 1894/2290/1516 1939/2291/1516
f 1939/2291/1516 1894/2290/1516 1895/2292/1516
f 1939/2291/1517 1895/2292/1517 1940/2293/1517
f 1940/2293/1518 1895/2292/1518 1896/2294/1518
f 1940/2293/1519 1896/2294/1519 1941/2295/1519
f 1941/2295/1520 1896/2294/1520 1897/2296/1520
f 1941/2295/1521 1897/2296/1521 1942/2297/1521
f 1942/2297/1521 1897/2296/1521 1898/2298/1521
f 1942/2297/1522 1898/2298/1522 1943/2299/1522
f 1943/2299/1523 1898/2298/1523 1899/2300/1523
f 1943/2299/1524 1899/2300/1524 1944/2301/1524
f 1944/2301/1524 1899/2300/1524 1900/2302/1524
f 1944/2301/1525 1900/2302/1525 1945/2303/1525
f 1945/2303/1526 1900/2302/1526 1901/2304/1526
f 1945/2303/1527 1901/2304/1527 1946/2305/1527
f 1946/2305/1527 1901/2304/1527 1902/2306/1527
f 1946/2305/1528 1902/2306/1528 1947/2307/1528
f 1947/2307/1528 1902/2306/1528 1903/2308/1528
f 1947/2307/1529 1903/2308/1529 1948/2309/1529
f 1948/2309/1529 1903/2308/1529 1904/2310/1529
f 1948/2309/1530 1904/2310/1530 1949/2311/1530
f 1949/2311/1531 1904/2310/1531 1905/2312/1531
f 1949/2311/1532 1905/2312/1532 1950/2313/1532
f 1950/2313/1532 1905/2312/1532 1906/2314/1532
f 1950/2313/1533 1906/2314/1533 1951/2315/1533
f 1951/2315/1533 1906/2314/1533 1907/2245/1533
f 1951/2315/1534 1907/2245/1534 1952/2316/1534
f 1952/2316/1534 1907/2245/1534 1908/2247/1534
f 1952/2316/1535 1908/2247/1535 1953/2317/1535
f 1953/2317/1535 1908/2247/1535 1909/2249/1535
f 1953/2317/1536 1909/2249/1536 1954/2318/1536
f 1954/2318/1536 1909/2249/1536 1910/2319/1536
f 1954/2318/1537 1910/2319/1537 1955/2320/1537
f 1955/2320/1538 1910/2319/1538 1911/2321/1538
f 1955/2320/1539 1911/2321/1539 1956/2322/1539
f 1956/2322/1539 1911/2321/1539 1912/2323/1539
f 1956/2322/1540 1912/2323/1540 1957/2324/1540
f 1957/2324/1540 1912/2323/1540 1913/2325/1540
f 1957/2324/1541 1913/2325/1541 1958/2326/1541
f 1958/2326/1541 1913/2325/1541 1914/2327/1541
f 1958/2326/1542 1914/2327/1542 1959/2328/1542
f 1959/2328/1543 1914/2327/1543 1915/2329/1543
f 1959/2328/1544 1915/2329/1544 1960/2330/1544
f 1960/2330/1544 1915/2329/1544 1916/2331/1544
f 1960/2330/1545 1916/2331/1545 1961/2332/1545
f 1961/2332/1546 1916/2331/1546 1917/2333/1546
f 1961/2332/1547 1917/2333/1547 1962/2334/1547
f 1962/2334/1547 1917/2333/1547 1918/2335/1547
f 1962/2334/1548 1918/2335/1548 1963/2336/1548
f 1963/2336/1548 1918/2335/1548 1919/2337/1548
f 1963/2336/1549 1919/2337/1549 1964/2338/1549
f 1964/2338/1549 1919/2337/1549 1920/2339/1549
f 1964/2338/1550 1920/2339/1550 1965/2340/1550
f 1965/2340/1551 1920/2339/1551 1921/2341/1551
f 1965/2340/1552 1921/2341/1552 1966/2342/1552
f 1966/2342/1552 1921/2341/1552 1922/2343/1552
f 1966/2342/1553 1922/2343/1553 1967/2344/1553
f 1967/2344/1554 1922/2343/1554 1923/2345/1554
f 1967/2344/1555 1923/2345/1555 1968/2346/1555
f 1968/2346/1555 1923/2345/1555 1924/2347/1555
f 1968/2346/1556 1924/2347/1556 1969/2348/1556
f 1969/2348/1556 1924/2347/1556 1925/2349/1556
f 1969/2348/1557 1925/2349/1557 1970/2350/1557
f 1970/2350/1557 1925/2349/1557 1926/2351/1557
f 1970/2350/1558 1926/2351/1558 1971/2352/1558
f 1971/2352/1558 1926/2351/1558 1927/2353/1558
f 1971/2352/1559 1927/2353/1559 1972/2354/1559
f 1972/2354/1559 1927/2353/1559 1928/2355/1559
f 1972/2354/1560 1928/2355/1560 1973/2356/1560
f 1973/2356/1561 1928/2355/1561 1929/2272/1561
f 1973/2356/1562 1929/2272/1562 1974/2357/1562
f 1974/2357/1563 1929/2272/1563 1930/2274/1563
f 1974/2357/1564 1930/2274/1564 1975/2358/1564
f 1975/2358/1564 1930/2274/1564 1931/2276/1564
f 1975/2358/1565 1931/2276/1565 1976/2359/1565
f 1976/2359/1565 1931/2276/1565 1932/2278/1565
f 1976/2359/1566 1932/2278/1566 1977/2360/1566
f 1977/2360/1566 1932/2278/1566 1933/2361/1566
f 1977/2360/1567 1933/2361/1567 1978/2362/1567
f 1978/2362/1568 1933/2361/1568 1934/2363/1568
f 1978/2362/1569 1934/2363/1569 1622/1905/1569
f 1622/1905/1569 1934/2363/1569 1624/1907/1569
f 1978/2362/1570 1622/1905/1570 1620/1903/1570
f 1978/2362/1570 1620/1903/1570 1619/1902/1570
f 1669/1954/1571 1670/1955/1571 1935/2283/1571
f 1935/2283/1572 1670/1955/1572 1890/2226/1572
f 1669/1954/1571 1935/2283/1571 1936/2285/1571
f 1668/1953/1573 1669/1954/1573 1936/2285/1573
f 1668/1953/1574 1936/2285/1574 1937/2287/1574
f 1667/1952/1575 1668/1953/1575 1937/2287/1575
f 1667/1952/1575 1937/2287/1575 1938/2289/1575
f 1666/1951/1576 1667/1952/1576 1938/2289/1576
f 1666/1951/1577 1938/2289/1577 1939/2291/1577
f 1665/1950/1578 1666/1951/1578 1939/2291/1578
f 1665/1950/1578 1939/2291/1578 1940/2293/1578
f 1664/1949/1579 1665/1950/1579 1940/2293/1579
f 1664/1949/1580 1940/2293/1580 1941/2295/1580
f 1663/1948/1581 1664/1949/1581 1941/2295/1581
f 1663/1948/1581 1941/2295/1581 1942/2297/1581
f 1662/1947/1582 1663/1948/1582 1942/2297/1582
f 1662/1947/1582 1942/2297/1582 1943/2299/1582
f 1661/1946/1583 1662/1947/1583 1943/2299/1583
f 1661/1946/1583 1943/2299/1583 1944/2301/1583
f 1660/1945/1584 1661/1946/1584 1944/2301/1584
f 1660/1945/1585 1944/2301/1585 1945/2303/1585
f 1659/1944/1586 1660/1945/1586 1945/2303/1586
f 1659/1944/1586 1945/2303/1586 1946/2305/1586
f 1658/1943/1587 1659/1944/1587 1946/2305/1587
f 1658/1943/1587 1946/2305/1587 1947/2307/1587
f 1657/1942/1588 1658/1943/1588 1947/2307/1588
f 1657/1942/1589 1947/2307/1589 1948/2309/1589
f 1656/1941/1590 1657/1942/1590 1948/2309/1590
f 1656/1941/1590 1948/2309/1590 1949/2311/1590
f 1655/1940/1591 1656/1941/1591 1949/2311/1591
f 1655/1940/1592 1949/2311/1592 1950/2313/1592
f 1654/1939/1593 1655/1940/1593 1950/2313/1593
f 1654/1939/1593 1950/2313/1593 1951/2315/1593
f 1653/1938/1594 1654/1939/1594 1951/2315/1594
f 1653/1938/1594 1951/2315/1594 1952/2316/1594
f 1652/1937/1595 1653/1938/1595 1952/2316/1595
f 1652/1937/1595 1952/2316/1595 1953/2317/1595
f 1651/1936/1596 1652/1937/1596 1953/2317/1596
f 1651/1936/1596 1953/2317/1596 1954/2318/1596
f 1650/1935/1597 1651/1936/1597 1954/2318/1597
f 1650/1935/1597 1954/2318/1597 1955/2320/1597
f 1649/1934/1598 1650/1935/1598 1955/2320/1598
f 1649/1934/1598 1955/2320/1598 1956/2322/1598
f 1648/1933/1599 1649/1934/1599 1956/2322/1599
f 1648/1933/1599 1956/2322/1599 1957/2324/1599
f 1647/1932/1600 1648/1933/1600 1957/2324/1600
f 1647/1932/1600 1957/2324/1600 1958/2326/1600
f 1646/1931/1601 1647/1932/1601 1958/2326/1601
f 1646/1931/1601 1958/2326/1601 1959/2328/1601
f 1645/1930/1602 1646/1931/1602 1959/2328/1602
f 1645/1930/1602 1959/2328/1602 1960/2330/1602
f 1644/1929/1603 1645/1930/1603 1960/2330/1603
f 1644/1929/1604 1960/2330/1604 1961/2332/1604
f 1643/1928/1605 1644/1929/1605 1961/2332/1605
f 1643/1928/1605 1961/2332/1605 1962/2334/1605
f 1642/1927/1606 1643/1928/1606 1962/2334/1606
f 1642/1927/1606 1962/2334/1606 1963/2336/1606
f 1641/1926/1607 1642/1927/1607 1963/2336/1607
f 1641/1926/1608 1963/2336/1608 1964/2338/1608
f 1640/1925/1609 1641/1926/1609 1964/2338/1609
f 1640/1925/1609 1964/2338/1609 1965/2340/1609
f 1639/1924/1610 1640/1925/1610 1965/2340/1610
f 1639/1924/1611 1965/2340/1611 1966/2342/1611
f 1638/1923/1612 1639/1924/1612 1966/2342/1612
f 1638/1923/1612 1966/2342/1612 1967/2344/1612
f 1637/1922/1613 1638/1923/1613 1967/2344/1613
f 1637/1922/1613 1967/2344/1613 1968/2346/1613
f 1636/1921/1614 1637/1922/1614 1968/2346/1614
f 1636/1921/1615 1968/2346/1615 1969/2348/1615
f 1635/1920/1616 1636/1921/1616 1969/2348/1616
f 1635/1920/1616 1969/2348/1616 1970/2350/1616
f 1634/1919/1617 1635/1920/1617 1970/2350/1617
f 1634/1919/1617 1970/2350/1617 1971/2352/1617
f 1633/1918/1618 1634/1919/1618 1971/2352/1618
f 1633/1918/1618 1971/2352/1618 1972/2354/1618
f 1632/1917/1619 1633/1918/1619 1972/2354/1619
f 1632/1917/1620 1972/2354/1620 1973/2356/1620
f 1631/1916/1621 1632/1917/1621 1973/2356/1621
f 1631/1916/1621 1973/2356/1621 1974/2357/1621
f 1630/1915/1622 1631/1916/1622 1974/2357/1622
f 1630/1915/1623 1974/2357/1623 1975/2358/1623
f 1629/1914/1624 1630/1915/1624 1975/2358/1624
f 1629/1914/1624 1975/2358/1624 1976/2359/1624
f 1628/1913/1625 1629/1914/1625 1976/2359/1625
f 1628/1913/1626 1976/2359/1626 1977/2360/1626
f 1619/1902/1627 1628/1913/1627 1977/2360/1627
f 1619/1902/1627 1977/2360/1627 1978/2362/1627
f 1/2364/164 3/2365/164 1979/2366/164
f 1979/2366/164 3/2365/164 5/2367/164
f 1979/2366/164 5/2367/164 1980/2368/164
f 1980/2368/164 5/2367/164 7/2369/164
f 1980/2368/164 7/2369/164 1981/2370/164
f 1981/2370/164 7/2369/164 9/2371/164
f 1981/2370/164 9/2371/164 1982/2372/164
f 1982/2372/164 9/2371/164 11/2373/164
f 1982/2372/164 11/2373/164 1983/2374/164
f 1983/2374/164 11/2373/164 13/2375/164
f 1983/2374/164 13/2375/164 1984/2376/164
f 1984/2376/164 13/2375/164 15/2377/164
f 1984/2376/164 15/2377/164 1985/2378/164
f 1985/2378/164 15/2377/164 17/2379/164
f 1985/2378/164 17/2379/164 1986/2380/164
f 1986/2380/164 17/2379/164 19/2381/164
f 1986/2380/164 19/2381/164 1987/2382/164
f 1987/2382/164 19/2381/164 21/2383/164
f 1987/2382/164 21/2383/164 1988/2384/164
f 1988/2384/164 21/2383/164 23/2385/164
f 1988/2384/164 23/2385/164 1989/2386/164
f 1989/2386/164 23/2385/164 25/2387/164
f 1989/2386/164 25/2387/164 1990/2388/164
f 1990/2388/164 25/2387/164 27/2389/164
f 1990/2388/164 27/2389/164 1991/2390/164
f 1991/2390/164 27/2389/164 29/2391/164
f 1991/2390/164 29/2391/164 1992/2392/164
f 1992/2392/164 29/2391/164 31/2393/164
f 1992/2392/164 31/2393/164 1993/2394/164
f 1993/2394/164 31/2393/164 33/2395/164
f 1993/2394/164 33/2395/164 1994/2396/164
f 1994/2396/164 33/2395/164 35/2397/164
f 1994/2396/164 35/2397/164 1995/2398/164
f 1995/2398/164 35/2397/164 37/2399/164
f 1995/2398/164 37/2399/164 1996/2400/164
f 1996/2400/164 37/2399/164 39/2401/164
f 1996/2400/164 39/2401/164 1997/2402/164
f 1997/2402/164 39/2401/164 41/2403/164
f 1997/2402/164 41/2403/164 1998/2404/164
f 1998/2404/164 41/2403/164 43/2405/164
f 1998/2404/164 43/2405/164 1999/2406/164
f 1999/2406/164 43/2405/164 45/2407/164
f 1999/2406/164 45/2407/164 2000/2408/164
f 2000/2408/164 45/2407/164 47/2409/164
f 2000/2408/164 47/2409/164 2001/2410/164
f 2001/2410/164 47/2409/164 49/2411/164
f 2001/2410/164 49/2411/164 2002/2412/164
f 2002/2412/164 49/2411/164 51/2413/164
f 2002/2412/164 51/2413/164 2003/2414/164
f 2003/2414/164 51/2413/164 53/2415/164
f 2003/2414/164 53/2415/164 2004/2416/164
f 2004/2416/164 53/2415/164 55/2417/164
f 2004/2416/164 55/2417/164 2005/2418/164
f 2005/2418/164 55/2417/164 57/2419/164
f 2005/2418/164 57/2419/164 2006/2420/164
f 2006/2420/164 57/2419/164 59/2421/164
f 2006/2420/164 59/2421/164 2007/2422/164
f 2007/2422/164 59/2421/164 61/2423/164
f 2007/2422/164 61/2423/164 2008/2424/164
f 2008/2424/164 61/2423/164 63/2425/164
f 2008/2424/164 63/2425/164 2009/2426/164
f 2009/2426/164 63/2425/164 65/2427/164
f 2009/2426/164 65/2427/164 2010/2428/164
f 2010/2428/164 65/2427/164 67/2429/164
f 2010/2428/164 67/2429/164 2011/2430/164
f 2011/2430/164 67/2429/164 69/2431/164
f 2011/2430/164 69/2431/164 2012/2432/164
f 2012/2432/164 69/2431/164 71/2433/164
f 2012/2432/164 71/2433/164 2013/2434/164
f 2013/2434/164 71/2433/164 73/2435/164
f 2013/2434/164 73/2435/164 2014/2436/164
f 2014/2436/164 73/2435/164 75/2437/164
f 2014/2436/164 75/2437/164 2015/2438/164
f 2015/2438/164 75/2437/164 77/2439/164
f 2015/2438/164 77/2439/164 2016/2440/164
f 2016/2440/164 77/2439/164 79/2441/164
f 2016/2440/164 79/2441/164 2017/2442/164
f 2017/2442/164 79/2441/164 81/2443/164
f 2017/2442/164 81/2443/164 2018/2444/164
f 2018/2444/164 81/2443/164 83/2445/164
f 2018/2444/164 83/2445/164 2019/2446/164
f 2019/2446/164 83/2445/164 85/2447/164
f 2019/2446/164 85/2447/164 2020/2448/164
f 2020/2448/164 85/2447/164 87/2449/164
f 2020/2448/164 87/2449/164 2021/2450/164
f 2021/2450/164 87/2449/164 89/2451/164
f 2021/2450/164 89/2451/164 2022/2452/164
f 2022/2452/164 89/2451/164 91/2453/164
f 2022/2452/164 91/2453/164 2023/2454/164
f 2023/2454/164 91/2453/164 93/2455/164
f 2023/2454/164 93/2455/164 2024/2456/164
f 2024/2456/164 93/2455/164 95/2457/164
f 2024/2456/164 95/2457/164 2025/2458/164
f 2025/2458/164 95/2457/164 97/2459/164
f 2025/2458/164 97/2459/164 2026/2460/164
f 2026/2460/164 97/2459/164 99/2461/164
f 2026/2460/164 99/2461/164 2027/2462/164
f 2027/2462/164 99/2461/164 101/2463/164
f 2027/2462/164 101/2463/164 2028/2464/164
f 2028/2464/164 101/2463/164 103/2465/164
f 2028/2464/164 103/2465/164 2029/2466/164
f 2029/2466/164 103/2465/164 105/2467/164
f 2029/2466/164 105/2467/164 2030/2468/164
f 2030/2468/164 105/2467/164 107/2469/164
f 2030/2468/164 107/2469/164 2031/2470/164
f 2031/2470/164 107/2469/164 109/2471/164
f 2031/2470/164 109/2471/164 2032/2472/164
f 2032/2472/164 109/2471/164 111/2473/164
f 2032/2472/164 111/2473/164 2033/2474/164
f 2033/2474/164 111/2473/164 113/2475/164
f 2033/2474/164 113/2475/164 2034/2476/164
f 2034/2476/164 113/2475/164 115/2477/164
f 2034/2476/164 115/2477/164 2035/2478/164
f 2035/2478/164 115/2477/164 117/2479/164
f 2035/2478/164 117/2479/164 2036/2480/164
f 2036/2480/164 117/2479/164 119/2481/164
f 2036/2480/164 119/2481/164 2037/2482/164
f 2037/2482/164 119/2481/164 121/2483/164
f 2037/2482/164 121/2483/164 2038/2484/164
f 2038/2484/164 121/2483/164 123/2485/164
f 2038/2484/164 123/2485/164 2039/2486/164
f 2039/2486/164 123/2485/164 125/2487/164
f 2039/2486/164 125/2487/164 2040/2488/164
f 2040/2488/164 125/2487/164 127/2489/164
f 2040/2488/164 127/2489/164 2041/2490/164
f 2041/2490/164 127/2489/164 129/2491/164
f 2041/2490/164 129/2491/164 2042/2492/164
f 2042/2492/164 129/2491/164 131/2493/164
f 2042/2492/164 131/2493/164 2043/2494/164
f 2043/2494/164 131/2493/164 133/2495/164
f 2043/2494/164 133/2495/164 2044/2496/164
f 2044/2496/164 133/2495/164 135/2497/164
f 2044/2496/164 135/2497/164 2045/2498/164
f 2045/2498/164 135/2497/164 137/2499/164
f 2045/2498/164 137/2499/164 2046/2500/164
f 2046/2500/164 137/2499/164 139/2501/164
f 2046/2500/164 139/2501/164 2047/2502/164
f 2047/2502/164 139/2501/164 141/2503/164
f 2047/2502/164 141/2503/164 2048/2504/164
f 2048/2504/164 141/2503/164 143/2505/164
f 2048/2504/164 143/2505/164 2049/2506/164
f 2049/2506/164 143/2505/164 145/2507/164
f 2049/2506/164 145/2507/164 2050/2508/164
f 2050/2508/164 145/2507/164 147/2509/164
f 2050/2508/164 147/2509/164 2051/2510/164
f 2051/2510/164 147/2509/164 149/2511/164
f 2051/2510/164 149/2511/164 2052/2512/164
f 2052/2512/164 149/2511/164 151/2513/164
f 2052/2512/164 151/2513/164 2053/2514/164
f 2053/2514/164 151/2513/164 153/2515/164
f 2053/2514/164 153/2515/164 2054/2516/164
f 2054/2516/164 153/2515/164 155/2517/164
f 2054/2516/164 155/2517/164 2055/2518/164
f 2055/2518/164 155/2517/164 157/2519/164
f 2055/2518/164 157/2519/164 2056/2520/164
f 2056/2520/164 157/2519/164 159/2521/164
f 2056/2520/164 159/2521/164 2057/2522/164
f 2057/2522/164 159/2521/164 161/2523/164
f 2057/2522/164 161/2523/164 2058/2524/164
f 2058/2524/164 161/2523/164 163/2525/164
f 2058/2524/164 163/2525/164 2059/2526/164
f 2059/2526/164 163/2525/164 165/2527/164
f 2059/2526/164 165/2527/164 2060/2528/164
f 2060/2528/164 165/2527/164 167/2529/164
f 2060/2528/164 167/2529/164 2061/2530/164
f 2061/2530/164 167/2529/164 169/2531/164
f 2061/2530/164 169/2531/164 2062/2532/164
f 2062/2532/164 169/2531/164 171/2533/164
f 2062/2532/164 171/2533/164 2063/2534/164
f 2063/2534/164 171/2533/164 173/2535/164
f 2063/2534/164 173/2535/164 2064/2536/164
f 2064/2536/164 173/2535/164 175/2537/164
f 2064/2536/164 175/2537/164 2065/2538/164
f 2065/2538/164 175/2537/164 177/2539/164
f 2065/2538/164 177/2539/164 2066/2540/164
f 2066/2540/164 177/2539/164 179/2541/164
f 2066/2540/164 179/2541/164 2067/2542/164
f 2067/2542/164 179/2541/164 1/2364/164
f 2067/2542/164 1/2364/164 1979/2366/164
f 1980/2543/1628 2068/2544/1628 1979/2545/1628
f 1979/2545/1628 2068/2544/1628 2069/2546/1628
f 1979/2545/1629 2069/2546/1629 2067/2547/1629
f 2067/2547/1629 2069/2546/1629 2070/2548/1629
f 2067/2547/1630 2070/2548/1630 2071/2549/1630
f 1980/2543/1631 1981/2550/1631 2068/2544/1631
f 2068/2544/1631 1981/2550/1631 2072/2551/1631
f 2072/2551/1632 1981/2550/1632 1982/2552/1632
f 2072/2551/1632 1982/2552/1632 2073/2553/1632
f 2073/2553/1633 1982/2552/1633 1983/2554/1633
f 2073/2553/1633 1983/2554/1633 2074/2555/1633
f 2074/2555/1634 1983/2554/1634 1984/2556/1634
f 2074/2555/1634 1984/2556/1634 2075/2557/1634
f 2075/2558/1635 1984/2559/1635 1985/2560/1635
f 2075/2558/1635 1985/2560/1635 2076/2561/1635
f 2076/2561/1636 1985/2560/1636 1986/2562/1636
f 2076/2561/1636 1986/2562/1636 2077/2563/1636
f 2077/2563/1637 1986/2562/1637 1987/2564/1637
f 2077/2563/1637 1987/2564/1637 2078/2565/1637
f 2078/2565/1638 1987/2564/1638 1988/2566/1638
f 2078/2565/1638 1988/2566/1638 2079/2567/1638
f 2079/2567/1639 1988/2566/1639 1989/2568/1639
f 2079/2567/1639 1989/2568/1639 2080/2569/1639
f 2080/2569/1640 1989/2568/1640 1990/2570/1640
f 2080/2569/1640 1990/2570/1640 2081/2571/1640
f 2081/2571/1641 1990/2570/1641 1991/2572/1641
f 2081/2571/1641 1991/2572/1641 2082/2573/1641
f 2082/2573/1642 1991/2572/1642 1992/2574/1642
f 2082/2573/1642 1992/2574/1642 2083/2575/1642
f 2083/2575/1643 1992/2574/1643 1993/2576/1643
f 2083/2575/1643 1993/2576/1643 2084/2577/1643
f 2084/2577/1644 1993/2576/1644 1994/2578/1644
f 2084/2577/1644 1994/2578/1644 2085/2579/1644
f 2085/2579/1645 1994/2578/1645 1995/2580/1645
f 2085/2579/1645 1995/2580/1645 2086/2581/1645
f 2086/2581/1646 1995/2580/1646 1996/2582/1646
f 2086/2581/1646 1996/2582/1646 2087/2583/1646
f 2087/2583/1647 1996/2582/1647 1997/2584/1647
f 2087/2583/1647 1997/2584/1647 2088/2585/1647
f 2088/2585/1648 1997/2584/1648 1998/2586/1648
f 2088/2585/1648 1998/2586/1648 2089/2587/1648
f 2089/2587/1649 1998/2586/1649 1999/2588/1649
f 2089/2587/1649 1999/2588/1649 2090/2589/1649
f 2090/2589/1650 1999/2588/1650 2000/2590/1650
f 2090/2589/1650 2000/2590/1650 2091/2591/1650
f 2091/2591/1651 2000/2590/1651 2001/2592/1651
f 2091/2591/1651 2001/2592/1651 2092/2593/1651
f 2092/2593/1652 2001/2592/1652 2002/2594/1652
f 2092/2593/1652 2002/2594/1652 2093/2595/1652
f 2093/2595/1653 2002/2594/1653 2003/2596/1653
f 2093/2595/1653 2003/2596/1653 2094/2597/1653
f 2094/2597/1654 2003/2596/1654 2004/2598/1654
f 2094/2597/1654 2004/2598/1654 2095/2599/1654
f 2095/2599/1655 2004/2598/1655 2005/2600/1655
f 2095/2599/1655 2005/2600/1655 2096/2601/1655
f 2096/2601/1656 2005/2600/1656 2006/2602/1656
f 2096/2601/1656 2006/2602/1656 2097/2603/1656
f 2097/2604/1657 2006/2605/1657 2007/2606/1657
f 2097/2604/1657 2007/2606/1657 2098/2607/1657
f 2098/2607/1658 2007/2606/1658 2008/2608/1658
f 2098/2607/1658 2008/2608/1658 2099/2609/1658
f 2099/2609/1659 2008/2608/1659 2009/2610/1659
f 2099/2609/1659 2009/2610/1659 2100/2611/1659
f 2100/2611/1660 2009/2610/1660 2010/2612/1660
f 2100/2611/1660 2010/2612/1660 2101/2613/1660
f 2101/2613/1661 2010/2612/1661 2011/2614/1661
f 2101/2613/1661 2011/2614/1661 2102/2615/1661
f 2102/2615/1662 2011/2614/1662 2012/2616/1662
f 2102/2615/1662 2012/2616/1662 2103/2617/1662
f 2103/2617/1663 2012/2616/1663 2013/2618/1663
f 2103/2617/1663 2013/2618/1663 2104/2619/1663
f 2104/2619/1664 2013/2618/1664 2014/2620/1664
f 2104/2619/1664 2014/2620/1664 2105/2621/1664
f 2105/2621/1665 2014/2620/1665 2015/2622/1665
f 2105/2621/1665 2015/2622/1665 2106/2623/1665
f 2106/2623/1666 2015/2622/1666 2016/2624/1666
f 2106/2623/1666 2016/2624/1666 2107/2625/1666
f 2107/2625/1667 2016/2624/1667 2017/2626/1667
f 2107/2625/1667 2017/2626/1667 2108/2627/1667
f 2108/2627/1668 2017/2626/1668 2018/2628/1668
f 2108/2627/1668 2018/2628/1668 2109/2629/1668
f 2109/2629/1669 2018/2628/1669 2019/2630/1669
f 2109/2629/1669 2019/2630/1669 2110/2631/1669
f 2110/2631/1670 2019/2630/1670 2020/2632/1670
f 2110/2631/1670 2020/2632/1670 2111/2633/1670
f 2111/2633/1671 2020/2632/1671 2021/2634/1671
f 2111/2633/1671 2021/2634/1671 2112/2635/1671
f 2112/2635/1672 2021/2634/1672 2022/2636/1672
f 2112/2635/1672 2022/2636/1672 2113/2637/1672
f 2113/2637/1673 2022/2636/1673 2023/2638/1673
f 2113/2637/1673 2023/2638/1673 2114/2639/1673
f 2114/2639/1674 2023/2638/1674 2024/2640/1674
f 2114/2639/1674 2024/2640/1674 2115/2641/1674
f 2115/2641/1675 2024/2640/1675 2025/2642/1675
f 2115/2641/1675 2025/2642/1675 2116/2643/1675
f 2116/2643/1676 2025/2642/1676 2026/2644/1676
f 2116/2643/1676 2026/2644/1676 2117/2645/1676
f 2117/2645/1677 2026/2644/1677 2027/2646/1677
f 2117/2645/1677 2027/2646/1677 2118/2647/1677
f 2118/2647/1678 2027/2646/1678 2028/2648/1678
f 2118/2647/1678 2028/2648/1678 2119/2649/1678
f 2119/2650/1679 2028/2651/1679 2029/2652/1679
f 2119/2650/1679 2029/2652/1679 2120/2653/1679
f 2120/2653/1680 2029/2652/1680 2030/2654/1680
f 2120/2653/1680 2030/2654/1680 2121/2655/1680
f 2121/2655/1681 2030/2654/1681 2031/2656/1681
f 2121/2655/1681 2031/2656/1681 2122/2657/1681
f 2122/2657/1682 2031/2656/1682 2032/2658/1682
f 2122/2657/1682 2032/2658/1682 2123/2659/1682
f 2123/2659/1683 2032/2658/1683 2033/2660/1683
f 2123/2659/1683 2033/2660/1683 2124/2661/1683
f 2124/2661/1684 2033/2660/1684 2034/2662/1684
f 2124/2661/1684 2034/2662/1684 2125/2663/1684
f 2125/2663/1685 2034/2662/1685 2035/2664/1685
f 2125/2663/1685 2035/2664/1685 2126/2665/1685
f 2126/2665/1686 2035/2664/1686 2036/2666/1686
f 2126/2665/1686 2036/2666/1686 2127/2667/1686
f 2127/2667/1687 2036/2666/1687 2037/2668/1687
f 2127/2667/1687 2037/2668/1687 2128/2669/1687
f 2128/2669/1688 2037/2668/1688 2038/2670/1688
f 2128/2669/1688 2038/2670/1688 2129/2671/1688
f 2129/2671/1689 2038/2670/1689 2039/2672/1689
f 2129/2671/1689 2039/2672/1689 2130/2673/1689
f 2130/2673/1690 2039/2672/1690 2040/2674/1690
f 2130/2673/1690 2040/2674/1690 2131/2675/1690
f 2131/2675/1691 2040/2674/1691 2041/2676/1691
f 2131/2675/1691 2041/2676/1691 2132/2677/1691
f 2132/2677/1692 2041/2676/1692 2042/2678/1692
f 2132/2677/1692 2042/2678/1692 2133/2679/1692
f 2133/2679/1693 2042/2678/1693 2043/2680/1693
f 2133/2679/1693 2043/2680/1693 2134/2681/1693
f 2134/2681/1694 2043/2680/1694 2044/2682/1694
f 2134/2681/1694 2044/2682/1694 2135/2683/1694
f 2135/2683/1695 2044/2682/1695 2045/2684/1695
f 2135/2683/1695 2045/2684/1695 2136/2685/1695
f 2136/2685/1696 2045/2684/1696 2046/2686/1696
f 2136/2685/1696 2046/2686/1696 2137/2687/1696
f 2137/2687/1697 2046/2686/1697 2047/2688/1697
f 2137/2687/1697 2047/2688/1697 2138/2689/1697
f 2138/2689/1698 2047/2688/1698 2048/2690/1698
f 2138/2689/1698 2048/2690/1698 2139/2691/1698
f 2139/2691/1699 2048/2690/1699 2049/2692/1699
f 2139/2691/1699 2049/2692/1699 2140/2693/1699
f 2140/2693/1700 2049/2692/1700 2050/2694/1700
f 2140/2693/1700 2050/2694/1700 2141/2695/1700
f 2141/2696/1701 2050/2697/1701 2051/2698/1701
f 2141/2696/1701 2051/2698/1701 2142/2699/1701
f 2142/2699/1702 2051/2698/1702 2052/2700/1702
f 2142/2699/1702 2052/2700/1702 2143/2701/1702
f 2143/2701/1703 2052/2700/1703 2053/2702/1703
f 2143/2701/1703 2053/2702/1703 2144/2703/1703
f 2144/2703/1704 2053/2702/1704 2054/2704/1704
f 2144/2703/1704 2054/2704/1704 2145/2705/1704
f 2145/2705/1705 2054/2704/1705 2055/2706/1705
f 2145/2705/1705 2055/2706/1705 2146/2707/1705
f 2146/2707/1706 2055/2706/1706 2056/2708/1706
f 2146/2707/1706 2056/2708/1706 2147/2709/1706
f 2147/2709/1707 2056/2708/1707 2057/2710/1707
f 2147/2709/1707 2057/2710/1707 2148/2711/1707
f 2148/2711/1708 2057/2710/1708 2058/2712/1708
f 2148/2711/1708 2058/2712/1708 2149/2713/1708
f 2149/2713/1709 2058/2712/1709 2059/2714/1709
f 2149/2713/1709 2059/2714/1709 2150/2715/1709
f 2150/2715/1710 2059/2714/1710 2060/2716/1710
f 2150/2715/1710 2060/2716/1710 2151/2717/1710
f 2151/2717/1711 2060/2716/1711 2061/2718/1711
f 2151/2717/1711 2061/2718/1711 2152/2719/1711
f 2152/2719/1712 2061/2718/1712 2062/2720/1712
f 2152/2719/1712 2062/2720/1712 2153/2721/1712
f 2153/2721/1713 2062/2720/1713 2063/2722/1713
f 2153/2721/1713 2063/2722/1713 2154/2723/1713
f 2154/2723/1714 2063/2722/1714 2064/2724/1714
f 2154/2723/1714 2064/2724/1714 2155/2725/1714
f 2155/2725/1715 2064/2724/1715 2065/2726/1715
f 2155/2725/1715 2065/2726/1715 2156/2727/1715
f 2156/2727/1716 2065/2726/1716 2066/2728/1716
f 2156/2727/1716 2066/2728/1716 2071/2549/1716
f 2071/2549/1630 2066/2728/1630 2067/2547/1630
f 456/2729/91 454/2730/91 2069/2731/91
f 2069/2731/91 454/2730/91 452/2732/91
f 2069/2731/91 452/2732/91 2070/2733/91
f 2070/2733/91 452/2732/91 630/2734/91
f 2070/2733/91 630/2734/91 2071/2735/91
f 2071/2735/91 630/2734/91 628/2736/91
f 2071/2735/91 628/2736/91 2156/2737/91
f 2156/2737/91 628/2736/91 626/2738/91
f 2156/2737/91 626/2738/91 2155/2739/91
f 2155/2739/91 626/2738/91 624/2740/91
f 2155/2739/91 624/2740/91 2154/2741/91
f 2154/2741/91 624/2740/91 622/2742/91
f 2154/2741/91 622/2742/91 2153/2743/91
f 2153/2743/91 622/2742/91 620/2744/91
f 2153/2743/91 620/2744/91 2152/2745/91
f 2152/2745/91 620/2744/91 618/2746/91
f 2152/2745/91 618/2746/91 2151/2747/91
f 2151/2747/91 618/2746/91 616/2748/91
f 2151/2747/91 616/2748/91 2150/2749/91
f 2150/2749/91 616/2748/91 614/2750/91
f 2150/2749/91 614/2750/91 2149/2751/91
f 2149/2751/91 614/2750/91 612/2752/91
f 2149/2751/91 612/2752/91 2148/2753/91
f 2148/2753/91 612/2752/91 610/2754/91
f 2148/2753/91 610/2754/91 2147/2755/91
f 2147/2755/91 610/2754/91 608/2756/91
f 2147/2755/91 608/2756/91 2146/2757/91
f 2146/2757/91 608/2756/91 606/2758/91
f 2146/2757/91 606/2758/91 2145/2759/91
f 2145/2759/91 606/2758/91 604/2760/91
f 2145/2759/91 604/2760/91 2144/2761/91
f 2144/2761/91 604/2760/91 602/2762/91
f 2144/2761/91 602/2762/91 2143/2763/91
f 2143/2763/91 602/2762/91 600/2764/91
f 2143/2763/91 600/2764/91 2142/2765/91
f 2142/2765/91 600/2764/91 598/2766/91
f 2142/2765/91 598/2766/91 2141/2767/91
f 2141/2767/91 598/2766/91 596/2768/91
f 2141/2767/91 596/2768/91 2140/2769/91
f 2140/2769/91 596/2768/91 594/2770/91
f 2140/2769/91 594/2770/91 2139/2771/91
f 2139/2771/91 594/2770/91 592/2772/91
f 2139/2771/91 592/2772/91 2138/2773/91
f 2138/2773/91 592/2772/91 590/2774/91
f 2138/2773/91 590/2774/91 2137/2775/91
f 2137/2775/91 590/2774/91 588/2776/91
f 2137/2775/91 588/2776/91 2136/2777/91
f 2136/2777/91 588/2776/91 586/2778/91
f 2136/2777/91 586/2778/91 2135/2779/91
f 2135/2779/91 586/2778/91 584/2780/91
f 2135/2779/91 584/2780/91 2134/2781/91
f 2134/2781/91 584/2780/91 582/2782/91
f 2134/2781/91 582/2782/91 2133/2783/91
f 2133/2783/91 582/2782/91 580/2784/91
f 2133/2783/91 580/2784/91 2132/2785/91
f 2132/2785/91 580/2784/91 578/2786/91
f 2132/2785/91 578/2786/91 2131/2787/91
f 2131/2787/91 578/2786/91 576/2788/91
f 2131/2787/91 576/2788/91 2130/2789/91
f 2130/2789/91 576/2788/91 574/2790/91
f 2130/2789/91 574/2790/91 2129/2791/91
f 2129/2791/91 574/2790/91 572/2792/91
f 2129/2791/91 572/2792/91 2128/2793/91
f 2128/2793/91 572/2792/91 570/2794/91
f 2128/2793/91 570/2794/91 2127/2795/91
f 2127/2795/91 570/2794/91 568/2796/91
f 2127/2795/91 568/2796/91 2126/2797/91
f 2126/2797/91 568/2796/91 566/2798/91
f 2126/2797/91 566/2798/91 2125/2799/91
f 2125/2799/91 566/2798/91 564/2800/91
f 2125/2799/91 564/2800/91 2124/2801/91
f 2124/2801/91 564/2800/91 562/2802/91
f 2124/2801/91 562/2802/91 2123/2803/91
f 2123/2803/91 562/2802/91 560/2804/91
f 2123/2803/91 560/2804/91 2122/2805/91
f 2122/2805/91 560/2804/91 558/2806/91
f 2122/2805/91 558/2806/91 2121/2807/91
f 2121/2807/91 558/2806/91 556/2808/91
f 2121/2807/91 556/2808/91 2120/2809/91
f 2120/2809/91 556/2808/91 554/2810/91
f 2120/2809/91 554/2810/91 2119/2811/91
f 2119/2811/91 554/2810/91 552/2812/91
f 2119/2811/91 552/2812/91 2118/2813/91
f 2118/2813/91 552/2812/91 550/2814/91
f 2118/2813/91 550/2814/91 2117/2815/91
f 2117/2815/91 550/2814/91 548/2816/91
f 2117/2815/91 548/2816/91 2116/2817/91
f 2116/2817/91 548/2816/91 546/2818/91
f 2116/2817/91 546/2818/91 2115/2819/91
f 2115/2819/91 546/2818/91 544/2820/91
f 2115/2819/91 544/2820/91 2114/2821/91
f 2114/2821/91 544/2820/91 542/2822/91
f 2114/2821/91 542/2822/91 2113/2823/91
f 2113/2823/91 542/2822/91 540/2824/91
f 2113/2823/91 540/2824/91 2112/2825/91
f 2112/2825/91 540/2824/91 538/2826/91
f 2112/2825/91 538/2826/91 2111/2827/91
f 2111/2827/91 538/2826/91 536/2828/91
f 2111/2827/91 536/2828/91 2110/2829/91
f 2110/2829/91 536/2828/91 534/2830/91
f 2110/2829/91 534/2830/91 2109/2831/91
f 2109/2831/91 534/2830/91 532/2832/91
f 2109/2831/91 532/2832/91 2108/2833/91
f 2108/2833/91 532/2832/91 530/2834/91
f 2108/2833/91 530/2834/91 2107/2835/91
f 2107/2835/91 530/2834/91 528/2836/91
f 2107/2835/91 528/2836/91 2106/2837/91
f 2106/2837/91 528/2836/91 526/2838/91
f 2106/2837/91 526/2838/91 2105/2839/91
f 2105/2839/91 526/2838/91 524/2840/91
f 2105/2839/91 524/2840/91 2104/2841/91
f 2104/2841/91 524/2840/91 522/2842/91
f 2104/2841/91 522/2842/91 2103/2843/91
f 2103/2843/91 522/2842/91 520/2844/91
f 2103/2843/91 520/2844/91 2102/2845/91
f 2102/2845/91 520/2844/91 518/2846/91
f 2102/2845/91 518/2846/91 2101/2847/91
f 2101/2847/91 518/2846/91 516/2848/91
f 2101/2847/91 516/2848/91 2100/2849/91
f 2100/2849/91 516/2848/91 514/2850/91
f 2100/2849/91 514/2850/91 2099/2851/91
f 2099/2851/91 514/2850/91 512/2852/91
f 2099/2851/91 512/2852/91 2098/2853/91
f 2098/2853/91 512/2852/91 510/2854/91
f 2098/2853/91 510/2854/91 2097/2855/91
f 2097/2855/91 510/2854/91 508/2856/91
f 2097/2855/91 508/2856/91 2096/2857/91
f 2096/2857/91 508/2856/91 506/2858/91
f 2096/2857/91 506/2858/91 2095/2859/91
f 2095/2859/91 506/2858/91 504/2860/91
f 2095/2859/91 504/2860/91 2094/2861/91
f 2094/2861/91 504/2860/91 502/2862/91
f 2094/2861/91 502/2862/91 2093/2863/91
f 2093/2863/91 502/2862/91 500/2864/91
f 2093/2863/91 500/2864/91 2092/2865/91
f 2092/2865/91 500/2864/91 498/2866/91
f 2092/2865/91 498/2866/91 2091/2867/91
f 2091/2867/91 498/2866/91 496/2868/91
f 2091/2867/91 496/2868/91 2090/2869/91
f 2090/2869/91 496/2868/91 494/2870/91
f 2090/2869/91 494/2870/91 2089/2871/91
f 2089/2871/91 494/2870/91 492/2872/91
f 2089/2871/91 492/2872/91 2088/2873/91
f 2088/2873/91 492/2872/91 490/2874/91
f 2088/2873/91 490/2874/91 2087/2875/91
f 2087/2875/91 490/2874/91 488/2876/91
f 2087/2875/91 488/2876/91 2086/2877/91
f 2086/2877/91 488/2876/91 486/2878/91
f 2086/2877/91 486/2878/91 2085/2879/91
f 2085/2879/91 486/2878/91 484/2880/91
f 2085/2879/91 484/2880/91 2084/2881/91
f 2084/2881/91 484/2880/91 482/2882/91
f 2084/2881/91 482/2882/91 2083/2883/91
f 2083/2883/91 482/2882/91 480/2884/91
f 2083/2883/91 480/2884/91 2082/2885/91
f 2082/2885/91 480/2884/91 478/2886/91
f 2082/2885/91 478/2886/91 2081/2887/91
f 2081/2887/91 478/2886/91 476/2525/91
f 2081/2887/91 476/2525/91 2080/2888/91
f 2080/2888/91 476/2525/91 474/2523/91
f 2080/2888/91 474/2523/91 2079/2889/91
f 2079/2889/91 474/2523/91 472/2890/91
f 2079/2889/91 472/2890/91 2078/2891/91
f 2078/2891/91 472/2890/91 470/2892/91
f 2078/2891/91 470/2892/91 2077/2893/91
f 2077/2893/91 470/2892/91 468/2894/91
f 2077/2893/91 468/2894/91 2076/2895/91
f 2076/2895/91 468/2894/91 466/2896/91
f 2076/2895/91 466/2896/91 2075/2897/91
f 2075/2897/91 466/2896/91 464/2898/91
f 2075/2897/91 464/2898/91 2074/2899/91
f 2074/2899/91 464/2898/91 462/2900/91
f 2074/2899/91 462/2900/91 2073/2901/91
f 2073/2901/91 462/2900/91 460/2902/91
f 2073/2901/91 460/2902/91 2072/2903/91
f 2072/2903/91 460/2902/91 458/2904/91
f 2072/2903/91 458/2904/91 2068/2905/91
f 2068/2905/91 458/2904/91 456/2729/91
f 2068/2905/91 456/2729/91 2069/2731/91
f 181/2906/91 182/2907/91 2157/2908/91
f 2157/2908/91 182/2907/91 183/2909/91
f 2157/2908/91 183/2909/91 2158/2910/91
f 2158/2910/91 183/2909/91 184/2911/91
f 2158/2910/91 184/2911/91 2159/2912/91
f 2159/2912/91 184/2911/91 185/2913/91
f 2159/2912/91 185/2913/91 2160/2914/91
f 2160/2914/91 185/2913/91 186/2915/91
f 2160/2914/91 186/2915/91 2161/2916/91
f 2161/2916/91 186/2915/91 187/2917/91
f 2161/2916/91 187/2917/91 2162/2918/91
f 2162/2918/91 187/2917/91 188/2919/91
f 2162/2918/91 188/2919/91 2163/2920/91
f 2163/2920/91 188/2919/91 189/2921/91
f 2163/2920/91 189/2921/91 2164/2922/91
f 2164/2922/91 189/2921/91 190/2923/91
f 2164/2922/91 190/2923/91 2165/2924/91
f 2165/2924/91 190/2923/91 191/2925/91
f 2165/2924/91 191/2925/91 2166/2926/91
f 2166/2926/91 191/2925/91 192/2927/91
f 2166/2926/91 192/2927/91 2167/2928/91
f 2167/2928/91 192/2927/91 193/2929/91
f 2167/2928/91 193/2929/91 2168/2930/91
f 2168/2930/91 193/2929/91 194/2931/91
f 2168/2930/91 194/2931/91 2169/2932/91
f 2169/2932/91 194/2931/91 195/2933/91
f 2169/2932/91 195/2933/91 2170/2934/91
f 2170/2934/91 195/2933/91 196/2935/91
f 2170/2934/91 196/2935/91 2171/2936/91
f 2171/2936/91 196/2935/91 197/2937/91
f 2171/2936/91 197/2937/91 2172/2938/91
f 2172/2938/91 197/2937/91 198/2939/91
f 2172/2938/91 198/2939/91 2173/2940/91
f 2173/2940/91 198/2939/91 199/2941/91
f 2173/2940/91 199/2941/91 2174/2942/91
f 2174/2942/91 199/2941/91 200/2943/91
f 2174/2942/91 200/2943/91 2175/2944/91
f 2175/2944/91 200/2943/91 201/2945/91
f 2175/2944/91 201/2945/91 2176/2946/91
f 2176/2946/91 201/2945/91 202/2947/91
f 2176/2946/91 202/2947/91 2177/2948/91
f 2177/2948/91 202/2947/91 203/2949/91
f 2177/2948/91 203/2949/91 2178/2950/91
f 2178/2950/91 203/2949/91 204/2951/91
f 2178/2950/91 204/2951/91 2179/2952/91
f 2179/2952/91 204/2951/91 205/2953/91
f 2179/2952/91 205/2953/91 2180/2954/91
f 2180/2954/91 205/2953/91 206/2955/91
f 2180/2954/91 206/2955/91 2181/2956/91
f 2181/2956/91 206/2955/91 207/2957/91
f 2181/2956/91 207/2957/91 2182/2958/91
f 2182/2958/91 207/2957/91 208/2959/91
f 2182/2958/91 208/2959/91 2183/2960/91
f 2183/2960/91 208/2959/91 209/2961/91
f 2183/2960/91 209/2961/91 2184/2962/91
f 2184/2962/91 209/2961/91 210/2963/91
f 2184/2962/91 210/2963/91 2185/2964/91
f 2185/2964/91 210/2963/91 211/2965/91
f 2185/2964/91 211/2965/91 2186/2966/91
f 2186/2966/91 211/2965/91 212/2967/91
f 2186/2966/91 212/2967/91 2187/2968/91
f 2187/2968/91 212/2967/91 213/2969/91
f 2187/2968/91 213/2969/91 2188/2970/91
f 2188/2970/91 213/2969/91 214/2971/91
f 2188/2970/91 214/2971/91 2189/2972/91
f 2189/2972/91 214/2971/91 215/2973/91
f 2189/2972/91 215/2973/91 2190/2974/91
f 2190/2974/91 215/2973/91 216/2975/91
f 2190/2974/91 216/2975/91 2191/2976/91
f 2191/2976/91 216/2975/91 217/2977/91
f 2191/2976/91 217/2977/91 2192/2978/91
f 2192/2978/91 217/2977/91 218/2979/91
f 2192/2978/91 218/2979/91 2193/2980/91
f 2193/2980/91 218/2979/91 219/2981/91
f 2193/2980/91 219/2981/91 2194/2982/91
f 2194/2982/91 219/2981/91 220/2983/91
f 2194/2982/91 220/2983/91 2195/2984/91
f 2195/2984/91 220/2983/91 221/2985/91
f 2195/2984/91 221/2985/91 2196/2986/91
f 2196/2986/91 221/2985/91 222/2987/91
f 2196/2986/91 222/2987/91 2197/2988/91
f 2197/2988/91 222/2987/91 223/2989/91
f 2197/2988/91 223/2989/91 2198/2990/91
f 2198/2990/91 223/2989/91 224/2991/91
f 2198/2990/91 224/2991/91 2199/2992/91
f 2199/2992/91 224/2991/91 225/2993/91
f 2199/2992/91 225/2993/91 2200/2994/91
f 2200/2994/91 225/2993/91 226/2995/91
f 2200/2994/91 226/2995/91 2201/2996/91
f 2201/2996/91 226/2995/91 227/2997/91
f 2201/2996/91 227/2997/91 2202/2998/91
f 2202/2998/91 227/2997/91 228/2999/91
f 2202/2998/91 228/2999/91 2203/3000/91
f 2203/3000/91 228/2999/91 229/3001/91
f 2203/3000/91 229/3001/91 2204/3002/91
f 2204/3002/91 229/3001/91 230/3003/91
f 2204/3002/91 230/3003/91 2205/3004/91
f 2205/3004/91 230/3003/91 231/3005/91
f 2205/3004/91 231/3005/91 2206/3006/91
f 2206/3006/91 231/3005/91 232/3007/91
f 2206/3006/91 232/3007/91 2207/3008/91
f 2207/3008/91 232/3007/91 233/3009/91
f 2207/3008/91 233/3009/91 2208/3010/91
f 2208/3010/91 233/3009/91 234/3011/91
f 2208/3010/91 234/3011/91 2209/3012/91
f 2209/3012/91 234/3011/91 235/3013/91
f 2209/3012/91 235/3013/91 2210/3014/91
f 2210/3014/91 235/3013/91 236/3015/91
f 2210/3014/91 236/3015/91 2211/3016/91
f 2211/3016/91 236/3015/91 237/3017/91
f 2211/3016/91 237/3017/91 2212/3018/91
f 2212/3018/91 237/3017/91 238/3019/91
f 2212/3018/91 238/3019/91 2213/3020/91
f 2213/3020/91 238/3019/91 239/3021/91
f 2213/3020/91 239/3021/91 2214/3022/91
f 2214/3022/91 239/3021/91 240/3023/91
f 2214/3022/91 240/3023/91 2215/3024/91
f 2215/3024/91 240/3023/91 241/3025/91
f 2215/3024/91 241/3025/91 2216/3026/91
f 2216/3026/91 241/3025/91 242/3027/91
f 2216/3026/91 242/3027/91 2217/3028/91
f 2217/3028/91 242/3027/91 243/3029/91
f 2217/3028/91 243/3029/91 2218/3030/91
f 2218/3030/91 243/3029/91 244/3031/91
f 2218/3030/91 244/3031/91 2219/3032/91
f 2219/3032/91 244/3031/91 245/3033/91
f 2219/3032/91 245/3033/91 2220/3034/91
f 2220/3034/91 245/3033/91 246/3035/91
f 2220/3034/91 246/3035/91 2221/3036/91
f 2221/3036/91 246/3035/91 247/3037/91
f 2221/3036/91 247/3037/91 2222/3038/91
f 2222/3038/91 247/3037/91 248/3039/91
f 2222/3038/91 248/3039/91 2223/3040/91
f 2223/3040/91 248/3039/91 249/3041/91
f 2223/3040/91 249/3041/91 2224/3042/91
f 2224/3042/91 249/3041/91 250/3043/91
f 2224/3042/91 250/3043/91 2225/3044/91
f 2225/3044/91 250/3043/91 251/3045/91
f 2225/3044/91 251/3045/91 2226/3046/91
f 2226/3046/91 251/3045/91 252/3047/91
f 2226/3046/91 252/3047/91 2227/3048/91
f 2227/3048/91 252/3047/91 253/3049/91
f 2227/3048/91 253/3049/91 2228/3050/91
f 2228/3050/91 253/3049/91 254/3051/91
f 2228/3050/91 254/3051/91 2229/3052/91
f 2229/3052/91 254/3051/91 255/3053/91
f 2229/3052/91 255/3053/91 2230/3054/91
f 2230/3054/91 255/3053/91 256/3055/91
f 2230/3054/91 256/3055/91 2231/3056/91
f 2231/3056/91 256/3055/91 257/3057/91
f 2231/3056/91 257/3057/91 2232/3058/91
f 2232/3058/91 257/3057/91 258/3059/91
f 2232/3058/91 258/3059/91 2233/3060/91
f 2233/3060/91 258/3059/91 259/3061/91
f 2233/3060/91 259/3061/91 2234/3062/91
f 2234/3062/91 259/3061/91 260/3063/91
f 2234/3062/91 260/3063/91 2235/3064/91
f 2235/3064/91 260/3063/91 261/3065/91
f 2235/3064/91 261/3065/91 2236/3066/91
f 2236/3066/91 261/3065/91 262/3067/91
f 2236/3066/91 262/3067/91 2237/3068/91
f 2237/3068/91 262/3067/91 263/3069/91
f 2237/3068/91 263/3069/91 2238/3070/91
f 2238/3070/91 263/3069/91 264/3071/91
f 2238/3070/91 264/3071/91 2239/3072/91
f 2239/3072/91 264/3071/91 265/3073/91
f 2239/3072/91 265/3073/91 2240/3074/91
f 2240/3074/91 265/3073/91 266/3075/91
f 2240/3074/91 266/3075/91 2241/3076/91
f 2241/3076/91 266/3075/91 267/3077/91
f 2241/3076/91 267/3077/91 2242/3078/91
f 2242/3078/91 267/3077/91 268/3079/91
f 2242/3078/91 268/3079/91 2243/3080/91
f 2243/3080/91 268/3079/91 269/3081/91
f 2243/3080/91 269/3081/91 2244/3082/91
f 2244/3082/91 269/3081/91 270/3083/91
f 2244/3082/91 270/3083/91 2245/3084/91
f 2245/3084/91 270/3083/91 181/2906/91
f 2245/3084/91 181/2906/91 2157/2908/91
f 2246/2544/1628 2245/3085/1628 2247/2546/1628
f 2247/2546/1628 2245/3085/1628 2157/3086/1628
f 2247/2546/1629 2157/3086/1629 2248/2548/1629
f 2248/2548/1629 2157/3086/1629 2158/3087/1629
f 2248/2548/1630 2158/3087/1630 2159/3088/1630
f 2246/2544/1631 2249/2551/1631 2245/3085/1631
f 2245/3085/1631 2249/2551/1631 2244/3089/1631
f 2244/3089/1632 2249/2551/1632 2250/2553/1632
f 2244/3089/1632 2250/2553/1632 2243/3090/1632
f 2243/3090/1633 2250/2553/1633 2251/2555/1633
f 2243/3090/1633 2251/2555/1633 2242/3091/1633
f 2242/3091/1634 2251/2555/1634 2252/2557/1634
f 2242/3091/1634 2252/2557/1634 2241/3092/1634
f 2241/3093/1635 2252/3094/1635 2253/3095/1635
f 2241/3093/1635 2253/3095/1635 2240/3096/1635
f 2240/3096/1636 2253/3095/1636 2254/3097/1636
f 2240/3096/1636 2254/3097/1636 2239/3098/1636
f 2239/3098/1637 2254/3097/1637 2255/3099/1637
f 2239/3098/1637 2255/3099/1637 2238/3100/1637
f 2238/3100/1638 2255/3099/1638 2256/3101/1638
f 2238/3100/1638 2256/3101/1638 2237/3102/1638
f 2237/3102/1639 2256/3101/1639 2257/3103/1639
f 2237/3102/1639 2257/3103/1639 2236/3104/1639
f 2236/3104/1640 2257/3103/1640 2258/3105/1640
f 2236/3104/1640 2258/3105/1640 2235/3106/1640
f 2235/3106/1641 2258/3105/1641 2259/3107/1641
f 2235/3106/1641 2259/3107/1641 2234/3108/1641
f 2234/3108/1642 2259/3107/1642 2260/3109/1642
f 2234/3108/1642 2260/3109/1642 2233/3110/1642
f 2233/3110/1643 2260/3109/1643 2261/3111/1643
f 2233/3110/1643 2261/3111/1643 2232/3112/1643
f 2232/3112/1644 2261/3111/1644 2262/3113/1644
f 2232/3112/1644 2262/3113/1644 2231/3114/1644
f 2231/3114/1645 2262/3113/1645 2263/3115/1645
f 2231/3114/1645 2263/3115/1645 2230/3116/1645
f 2230/3116/1646 2263/3115/1646 2264/3117/1646
f 2230/3116/1646 2264/3117/1646 2229/3118/1646
f 2229/3118/1647 2264/3117/1647 2265/3119/1647
f 2229/3118/1647 2265/3119/1647 2228/3120/1647
f 2228/3120/1648 2265/3119/1648 2266/3121/1648
f 2228/3120/1648 2266/3121/1648 2227/3122/1648
f 2227/3122/1649 2266/3121/1649 2267/3123/1649
f 2227/3122/1649 2267/3123/1649 2226/3124/1649
f 2226/3124/1650 2267/3123/1650 2268/3125/1650
f 2226/3124/1650 2268/3125/1650 2225/3126/1650
f 2225/3126/1651 2268/3125/1651 2269/3127/1651
f 2225/3126/1651 2269/3127/1651 2224/3128/1651
f 2224/3128/1652 2269/3127/1652 2270/3129/1652
f 2224/3128/1652 2270/3129/1652 2223/3130/1652
f 2223/3130/1653 2270/3129/1653 2271/3131/1653
f 2223/3130/1653 2271/3131/1653 2222/3132/1653
f 2222/3132/1654 2271/3131/1654 2272/3133/1654
f 2222/3132/1654 2272/3133/1654 2221/3134/1654
f 2221/3134/1655 2272/3133/1655 2273/3135/1655
f 2221/3134/1655 2273/3135/1655 2220/3136/1655
f 2220/3136/1656 2273/3135/1656 2274/3137/1656
f 2220/3136/1656 2274/3137/1656 2219/3138/1656
f 2219/3139/1657 2274/3140/1657 2275/3141/1657
f 2219/3139/1657 2275/3141/1657 2218/3142/1657
f 2218/3142/1658 2275/3141/1658 2276/3143/1658
f 2218/3142/1658 2276/3143/1658 2217/3144/1658
f 2217/3144/1659 2276/3143/1659 2277/3145/1659
f 2217/3144/1659 2277/3145/1659 2216/3146/1659
f 2216/3146/1660 2277/3145/1660 2278/3147/1660
f 2216/3146/1660 2278/3147/1660 2215/3148/1660
f 2215/3148/1661 2278/3147/1661 2279/3149/1661
f 2215/3148/1661 2279/3149/1661 2214/3150/1661
f 2214/3150/1662 2279/3149/1662 2280/3151/1662
f 2214/3150/1662 2280/3151/1662 2213/3152/1662
f 2213/3152/1663 2280/3151/1663 2281/3153/1663
f 2213/3152/1663 2281/3153/1663 2212/3154/1663
f 2212/3154/1664 2281/3153/1664 2282/3155/1664
f 2212/3154/1664 2282/3155/1664 2211/3156/1664
f 2211/3156/1665 2282/3155/1665 2283/3157/1665
f 2211/3156/1665 2283/3157/1665 2210/3158/1665
f 2210/3158/1666 2283/3157/1666 2284/3159/1666
f 2210/3158/1666 2284/3159/1666 2209/3160/1666
f 2209/3160/1667 2284/3159/1667 2285/3161/1667
f 2209/3160/1667 2285/3161/1667 2208/3162/1667
f 2208/3162/1668 2285/3161/1668 2286/3163/1668
f 2208/3162/1668 2286/3163/1668 2207/3164/1668
f 2207/3164/1669 2286/3163/1669 2287/3165/1669
f 2207/3164/1669 2287/3165/1669 2206/3166/1669
f 2206/3166/1670 2287/3165/1670 2288/3167/1670
f 2206/3166/1670 2288/3167/1670 2205/3168/1670
f 2205/3168/1671 2288/3167/1671 2289/3169/1671
f 2205/3168/1671 2289/3169/1671 2204/3170/1671
f 2204/3170/1672 2289/3169/1672 2290/3171/1672
f 2204/3170/1672 2290/3171/1672 2203/3172/1672
f 2203/3172/1673 2290/3171/1673 2291/3173/1673
f 2203/3172/1673 2291/3173/1673 2202/3174/1673
f 2202/3174/1674 2291/3173/1674 2292/3175/1674
f 2202/3174/1674 2292/3175/1674 2201/3176/1674
f 2201/3176/1675 2292/3175/1675 2293/3177/1675
f 2201/3176/1675 2293/3177/1675 2200/3178/1675
f 2200/3178/1676 2293/3177/1676 2294/3179/1676
f 2200/3178/1676 2294/3179/1676 2199/3180/1676
f 2199/3180/1677 2294/3179/1677 2295/3181/1677
f 2199/3180/1677 2295/3181/1677 2198/3182/1677
f 2198/3182/1678 2295/3181/1678 2296/2696/1678
f 2198/3182/1678 2296/2696/1678 2197/3183/1678
f 2197/3184/1679 2296/2650/1679 2297/2653/1679
f 2197/3184/1679 2297/2653/1679 2196/3185/1679
f 2196/3185/1680 2297/2653/1680 2298/2655/1680
f 2196/3185/1680 2298/2655/1680 2195/3186/1680
f 2195/3186/1681 2298/2655/1681 2299/2657/1681
f 2195/3186/1681 2299/2657/1681 2194/3187/1681
f 2194/3187/1682 2299/2657/1682 2300/2659/1682
f 2194/3187/1682 2300/2659/1682 2193/3188/1682
f 2193/3188/1683 2300/2659/1683 2301/2661/1683
f 2193/3188/1683 2301/2661/1683 2192/3189/1683
f 2192/3189/1684 2301/2661/1684 2302/2663/1684
f 2192/3189/1684 2302/2663/1684 2191/3190/1684
f 2191/3190/1685 2302/2663/1685 2303/2665/1685
f 2191/3190/1685 2303/2665/1685 2190/3191/1685
f 2190/3191/1686 2303/2665/1686 2304/2667/1686
f 2190/3191/1686 2304/2667/1686 2189/3192/1686
f 2189/3192/1687 2304/2667/1687 2305/2669/1687
f 2189/3192/1687 2305/2669/1687 2188/3193/1687
f 2188/3193/1688 2305/2669/1688 2306/3194/1688
f 2188/3193/1688 2306/3194/1688 2187/3195/1688
f 2187/3195/1689 2306/3194/1689 2307/3196/1689
f 2187/3195/1689 2307/3196/1689 2186/3197/1689
f 2186/3197/1690 2307/3196/1690 2308/3198/1690
f 2186/3197/1690 2308/3198/1690 2185/3199/1690
f 2185/3199/1691 2308/3198/1691 2309/3200/1691
f 2185/3199/1691 2309/3200/1691 2184/3201/1691
f 2184/3201/1692 2309/3200/1692 2310/3202/1692
f 2184/3201/1692 2310/3202/1692 2183/3203/1692
f 2183/3203/1693 2310/3202/1693 2311/3204/1693
f 2183/3203/1693 2311/3204/1693 2182/3205/1693
f 2182/3205/1694 2311/3204/1694 2312/2683/1694
f 2182/3205/1694 2312/2683/1694 2181/3206/1694
f 2181/3206/1695 2312/2683/1695 2313/2685/1695
f 2181/3206/1695 2313/2685/1695 2180/3207/1695
f 2180/3207/1696 2313/2685/1696 2314/2687/1696
f 2180/3207/1696 2314/2687/1696 2179/3208/1696
f 2179/3208/1697 2314/2687/1697 2315/2689/1697
f 2179/3208/1697 2315/2689/1697 2178/3209/1697
f 2178/3209/1698 2315/2689/1698 2316/2691/1698
f 2178/3209/1698 2316/2691/1698 2177/3210/1698
f 2177/3210/1699 2316/2691/1699 2317/2693/1699
f 2177/3210/1699 2317/2693/1699 2176/3211/1699
f 2176/3211/1700 2317/2693/1700 2318/2695/1700
f 2176/3211/1700 2318/2695/1700 2175/3212/1700
f 2175/3183/1701 2318/2696/1701 2319/2699/1701
f 2175/3183/1701 2319/2699/1701 2174/3213/1701
f 2174/3213/1702 2319/2699/1702 2320/2701/1702
f 2174/3213/1702 2320/2701/1702 2173/3214/1702
f 2173/3214/1703 2320/2701/1703 2321/2703/1703
f 2173/3214/1703 2321/2703/1703 2172/3215/1703
f 2172/3215/1704 2321/2703/1704 2322/2705/1704
f 2172/3215/1704 2322/2705/1704 2171/3216/1704
f 2171/3216/1705 2322/2705/1705 2323/2707/1705
f 2171/3216/1705 2323/2707/1705 2170/3217/1705
f 2170/3217/1706 2323/2707/1706 2324/2709/1706
f 2170/3217/1706 2324/2709/1706 2169/3218/1706
f 2169/3218/1707 2324/2709/1707 2325/2711/1707
f 2169/3218/1707 2325/2711/1707 2168/3219/1707
f 2168/3219/1708 2325/2711/1708 2326/2713/1708
f 2168/3219/1708 2326/2713/1708 2167/3220/1708
f 2167/3220/1709 2326/2713/1709 2327/2715/1709
f 2167/3220/1709 2327/2715/1709 2166/3221/1709
f 2166/3221/1710 2327/2715/1710 2328/2717/1710
f 2166/3221/1710 2328/2717/1710 2165/3222/1710
f 2165/3222/1711 2328/2717/1711 2329/2719/1711
f 2165/3222/1711 2329/2719/1711 2164/3223/1711
f 2164/3223/1712 2329/2719/1712 2330/2721/1712
f 2164/3223/1712 2330/2721/1712 2163/3224/1712
f 2163/3224/1713 2330/2721/1713 2331/2723/1713
f 2163/3224/1713 2331/2723/1713 2162/3225/1713
f 2162/3225/1714 2331/2723/1714 2332/3226/1714
f 2162/3225/1714 2332/3226/1714 2161/3227/1714
f 2161/3227/1715 2332/3226/1715 2333/3228/1715
f 2161/3227/1715 2333/3228/1715 2160/3229/1715
f 2160/3229/1716 2333/3228/1716 2334/2549/1716
f 2160/3229/1716 2334/2549/1716 2159/3088/1716
f 2159/3088/1630 2334/2549/1630 2248/2548/1630
f 276/3230/164 274/3231/164 2247/3232/164
f 2247/3232/164 274/3231/164 272/3233/164
f 2247/3232/164 272/3233/164 2246/3234/164
f 2246/3234/164 272/3233/164 450/3235/164
f 2246/3234/164 450/3235/164 2249/3236/164
f 2249/3236/164 450/3235/164 448/3237/164
f 2249/3236/164 448/3237/164 2250/3238/164
f 2250/3238/164 448/3237/164 446/3239/164
f 2250/3238/164 446/3239/164 2251/3240/164
f 2251/3240/164 446/3239/164 444/3241/164
f 2251/3240/164 444/3241/164 2252/3242/164
f 2252/3242/164 444/3241/164 442/3243/164
f 2252/3242/164 442/3243/164 2253/3244/164
f 2253/3244/164 442/3243/164 440/3245/164
f 2253/3244/164 440/3245/164 2254/3246/164
f 2254/3246/164 440/3245/164 438/3247/164
f 2254/3246/164 438/3247/164 2255/3248/164
f 2255/3248/164 438/3247/164 436/3249/164
f 2255/3248/164 436/3249/164 2256/3250/164
f 2256/3250/164 436/3249/164 434/3251/164
f 2256/3250/164 434/3251/164 2257/3252/164
f 2257/3252/164 434/3251/164 432/3253/164
f 2257/3252/164 432/3253/164 2258/3254/164
f 2258/3254/164 432/3253/164 430/3255/164
f 2258/3254/164 430/3255/164 2259/3256/164
f 2259/3256/164 430/3255/164 428/3257/164
f 2259/3256/164 428/3257/164 2260/3258/164
f 2260/3258/164 428/3257/164 426/3259/164
f 2260/3258/164 426/3259/164 2261/3260/164
f 2261/3260/164 426/3259/164 424/3261/164
f 2261/3260/164 424/3261/164 2262/3262/164
f 2262/3262/164 424/3261/164 422/3263/164
f 2262/3262/164 422/3263/164 2263/3264/164
f 2263/3264/164 422/3263/164 420/3265/164
f 2263/3264/164 420/3265/164 2264/3266/164
f 2264/3266/164 420/3265/164 418/3267/164
f 2264/3266/164 418/3267/164 2265/3268/164
f 2265/3268/164 418/3267/164 416/3269/164
f 2265/3268/164 416/3269/164 2266/3270/164
f 2266/3270/164 416/3269/164 414/3271/164
f 2266/3270/164 414/3271/164 2267/3272/164
f 2267/3272/164 414/3271/164 412/3273/164
f 2267/3272/164 412/3273/164 2268/3274/164
f 2268/3274/164 412/3273/164 410/3275/164
f 2268/3274/164 410/3275/164 2269/3276/164
f 2269/3276/164 410/3275/164 408/3277/164
f 2269/3276/164 408/3277/164 2270/3278/164
f 2270/3278/164 408/3277/164 406/3279/164
f 2270/3278/164 406/3279/164 2271/3280/164
f 2271/3280/164 406/3279/164 404/3281/164
f 2271/3280/164 404/3281/164 2272/3282/164
f 2272/3282/164 404/3281/164 402/3283/164
f 2272/3282/164 402/3283/164 2273/3284/164
f 2273/3284/164 402/3283/164 400/3285/164
f 2273/3284/164 400/3285/164 2274/3286/164
f 2274/3286/164 400/3285/164 398/3287/164
f 2274/3286/164 398/3287/164 2275/3288/164
f 2275/3288/164 398/3287/164 396/3289/164
f 2275/3288/164 396/3289/164 2276/3290/164
f 2276/3290/164 396/3289/164 394/3291/164
f 2276/3290/164 394/3291/164 2277/3292/164
f 2277/3292/164 394/3291/164 392/3293/164
f 2277/3292/164 392/3293/164 2278/3294/164
f 2278/3294/164 392/3293/164 390/3295/164
f 2278/3294/164 390/3295/164 2279/3296/164
f 2279/3296/164 390/3295/164 388/3297/164
f 2279/3296/164 388/3297/164 2280/3298/164
f 2280/3298/164 388/3297/164 386/3299/164
f 2280/3298/164 386/3299/164 2281/3300/164
f 2281/3300/164 386/3299/164 384/2975/164
f 2281/3300/164 384/2975/164 2282/3301/164
f 2282/3301/164 384/2975/164 382/3302/164
f 2282/3301/164 382/3302/164 2283/3303/164
f 2283/3303/164 382/3302/164 380/3304/164
f 2283/3303/164 380/3304/164 2284/3305/164
f 2284/3305/164 380/3304/164 378/3306/164
f 2284/3305/164 378/3306/164 2285/3307/164
f 2285/3307/164 378/3306/164 376/3308/164
f 2285/3307/164 376/3308/164 2286/3309/164
f 2286/3309/164 376/3308/164 374/3310/164
f 2286/3309/164 374/3310/164 2287/3311/164
f 2287/3311/164 374/3310/164 372/3312/164
f 2287/3311/164 372/3312/164 2288/3313/164
f 2288/3313/164 372/3312/164 370/3314/164
f 2288/3313/164 370/3314/164 2289/3315/164
f 2289/3315/164 370/3314/164 368/3316/164
f 2289/3315/164 368/3316/164 2290/3317/164
f 2290/3317/164 368/3316/164 366/3318/164
f 2290/3317/164 366/3318/164 2291/3319/164
f 2291/3319/164 366/3318/164 364/3320/164
f 2291/3319/164 364/3320/164 2292/3321/164
f 2292/3321/164 364/3320/164 362/3322/164
f 2292/3321/164 362/3322/164 2293/3323/164
f 2293/3323/164 362/3322/164 360/3324/164
f 2293/3323/164 360/3324/164 2294/3325/164
f 2294/3325/164 360/3324/164 358/3326/164
f 2294/3325/164 358/3326/164 2295/3327/164
f 2295/3327/164 358/3326/164 356/3328/164
f 2295/3327/164 356/3328/164 2296/3329/164
f 2296/3329/164 356/3328/164 354/3330/164
f 2296/3329/164 354/3330/164 2297/3331/164
f 2297/3331/164 354/3330/164 352/3332/164
f 2297/3331/164 352/3332/164 2298/3333/164
f 2298/3333/164 352/3332/164 350/3334/164
f 2298/3333/164 350/3334/164 2299/3335/164
f 2299/3335/164 350/3334/164 348/3336/164
f 2299/3335/164 348/3336/164 2300/3337/164
f 2300/3337/164 348/3336/164 346/3338/164
f 2300/3337/164 346/3338/164 2301/3339/164
f 2301/3339/164 346/3338/164 344/3340/164
f 2301/3339/164 344/3340/164 2302/3341/164
f 2302/3341/164 344/3340/164 342/3342/164
f 2302/3341/164 342/3342/164 2303/3343/164
f 2303/3343/164 342/3342/164 340/2844/164
f 2303/3343/164 340/2844/164 2304/3344/164
f 2304/3344/164 340/2844/164 338/3345/164
f 2304/3344/164 338/3345/164 2305/3346/164
f 2305/3346/164 338/3345/164 336/3347/164
f 2305/3346/164 336/3347/164 2306/3348/164
f 2306/3348/164 336/3347/164 334/3349/164
f 2306/3348/164 334/3349/164 2307/3350/164
f 2307/3350/164 334/3349/164 332/3351/164
f 2307/3350/164 332/3351/164 2308/3352/164
f 2308/3352/164 332/3351/164 330/3353/164
f 2308/3352/164 330/3353/164 2309/3354/164
f 2309/3354/164 330/3353/164 328/3355/164
f 2309/3354/164 328/3355/164 2310/3356/164
f 2310/3356/164 328/3355/164 326/3357/164
f 2310/3356/164 326/3357/164 2311/3358/164
f 2311/3358/164 326/3357/164 324/3359/164
f 2311/3358/164 324/3359/164 2312/3360/164
f 2312/3360/164 324/3359/164 322/3361/164
f 2312/3360/164 322/3361/164 2313/3362/164
f 2313/3362/164 322/3361/164 320/3363/164
f 2313/3362/164 320/3363/164 2314/3364/164
f 2314/3364/164 320/3363/164 318/3365/164
f 2314/3364/164 318/3365/164 2315/3366/164
f 2315/3366/164 318/3365/164 316/3367/164
f 2315/3366/164 316/3367/164 2316/3368/164
f 2316/3368/164 316/3367/164 314/3369/164
f 2316/3368/164 314/3369/164 2317/3370/164
f 2317/3370/164 314/3369/164 312/3371/164
f 2317/3370/164 312/3371/164 2318/3372/164
f 2318/3372/164 312/3371/164 310/3373/164
f 2318/3372/164 310/3373/164 2319/3374/164
f 2319/3374/164 310/3373/164 308/3375/164
f 2319/3374/164 308/3375/164 2320/3376/164
f 2320/3376/164 308/3375/164 306/3377/164
f 2320/3376/164 306/3377/164 2321/3378/164
f 2321/3378/164 306/3377/164 304/3379/164
f 2321/3378/164 304/3379/164 2322/3380/164
f 2322/3380/164 304/3379/164 302/3381/164
f 2322/3380/164 302/3381/164 2323/3382/164
f 2323/3382/164 302/3381/164 300/3383/164
f 2323/3382/164 300/3383/164 2324/3384/164
f 2324/3384/164 300/3383/164 298/3385/164
f 2324/3384/164 298/3385/164 2325/3386/164
f 2325/3386/164 298/3385/164 296/3387/164
f 2325/3386/164 296/3387/164 2326/3388/164
f 2326/3388/164 296/3387/164 294/3389/164
f 2326/3388/164 294/3389/164 2327/3390/164
f 2327/3390/164 294/3389/164 292/3391/164
f 2327/3390/164 292/3391/164 2328/3392/164
f 2328/3392/164 292/3391/164 290/3393/164
f 2328/3392/164 290/3393/164 2329/3394/164
f 2329/3394/164 290/3393/164 288/3395/164
f 2329/3394/164 288/3395/164 2330/3396/164
f 2330/3396/164 288/3395/164 286/3397/164
f 2330/3396/164 286/3397/164 2331/3398/164
f 2331/3398/164 286/3397/164 284/3399/164
f 2331/3398/164 284/3399/164 2332/3400/164
f 2332/3400/164 284/3399/164 282/3401/164
f 2332/3400/164 282/3401/164 2333/3402/164
f 2333/3402/164 282/3401/164 280/3403/164
f 2333/3402/164 280/3403/164 2334/3404/164
f 2334/3404/164 280/3403/164 278/3405/164
f 2334/3404/164 278/3405/164 2248/3406/164
f 2248/3406/164 278/3405/164 276/3230/164
f 2248/3406/164 276/3230/164 2247/3232/164
