# FoundationPose asset from cylinder_2.obj
# scale=0.001 pre_center_m=(-1.3390739236575131e-08,0.009777886527213555,6.165300240729139e-19)
mtllib cylinder_2.mtl
o cylinder_2
v 0.019461534 -0.009777887 -0.001224415
v 0.019500013 -0.009777887 -0.000000000
v 0.012228461 -0.009777887 -0.000000000
v 0.019461534 -0.009777887 0.001224415
v 0.012189805 -0.009777887 0.000971552
v 0.019346250 -0.009777887 0.002443998
v 0.012074081 -0.009777887 0.001936962
v 0.019154615 -0.009777887 0.003653936
v 0.011882021 -0.009777887 0.002890126
v 0.018887384 -0.009777887 0.004849453
v 0.011614839 -0.009777887 0.003825017
v 0.018545616 -0.009777887 0.006025831
v 0.018130655 -0.009777887 0.007178429
v 0.011274224 -0.009777887 0.004735725
v 0.017644140 -0.009777887 0.008302696
v 0.010862331 -0.009777887 0.005616493
v 0.017087993 -0.009777887 0.009394197
v 0.010381762 -0.009777887 0.006461751
v 0.016464407 -0.009777887 0.010448623
v 0.009835557 -0.009777887 0.007266156
v 0.015775844 -0.009777887 0.011461812
v 0.015025021 -0.009777887 0.012429768
v 0.009227167 -0.009777887 0.008024622
v 0.014214902 -0.009777887 0.013348668
v 0.008560441 -0.009777887 0.008732354
v 0.013348681 -0.009777887 0.014214889
v 0.007839593 -0.009777887 0.009384877
v 0.012429781 -0.009777887 0.015025008
v 0.011461825 -0.009777887 0.015775831
v 0.007069181 -0.009777887 0.009978066
v 0.010448636 -0.009777887 0.016464394
v 0.006254075 -0.009777887 0.010508170
v 0.009394210 -0.009777887 0.017087980
v 0.005399429 -0.009777887 0.010971839
v 0.008302709 -0.009777887 0.017644127
v 0.004510646 -0.009777887 0.011366139
v 0.007178442 -0.009777887 0.018130642
v 0.006025844 -0.009777887 0.018545603
v 0.003593346 -0.009777887 0.011688580
v 0.004849466 -0.009777887 0.018887371
v 0.002653327 -0.009777887 0.011937121
v 0.003653949 -0.009777887 0.019154602
v 0.001696533 -0.009777887 0.012110192
v 0.002444011 -0.009777887 0.019346237
v 0.000729013 -0.009777887 0.012206698
v 0.001224428 -0.009777887 0.019461521
v 0.000000013 -0.009777887 0.019500000
v -0.000243115 -0.009777887 0.012226030
v -0.001224402 -0.009777887 0.019461521
v -0.001213707 -0.009777887 0.012168066
v -0.002443985 -0.009777887 0.019346237
v -0.002176625 -0.009777887 0.012033170
v -0.003653923 -0.009777887 0.019154602
v -0.003125782 -0.009777887 0.011822197
v -0.004849440 -0.009777887 0.018887371
v -0.006025818 -0.009777887 0.018545603
v -0.004055176 -0.009777887 0.011536480
v -0.007178416 -0.009777887 0.018130642
v -0.004958932 -0.009777887 0.011177826
v -0.008302683 -0.009777887 0.017644127
v -0.005831336 -0.009777887 0.010748503
v -0.009394184 -0.009777887 0.017087980
v -0.010448610 -0.009777887 0.016464394
v -0.006666873 -0.009777887 0.010251223
v -0.011461799 -0.009777887 0.015775831
v -0.007460259 -0.009777887 0.009689132
v -0.012429755 -0.009777887 0.015025008
v -0.008206479 -0.009777887 0.009065784
v -0.013348655 -0.009777887 0.014214889
v -0.008900815 -0.009777887 0.008385118
v -0.014214876 -0.009777887 0.013348668
v -0.015024995 -0.009777887 0.012429768
v -0.009538877 -0.009777887 0.007651439
v -0.015775818 -0.009777887 0.011461812
v -0.010116631 -0.009777887 0.006869385
v -0.016464381 -0.009777887 0.010448623
v -0.010630425 -0.009777887 0.006043900
v -0.017087967 -0.009777887 0.009394197
v -0.011077009 -0.009777887 0.005180205
v -0.017644114 -0.009777887 0.008302696
v -0.018130629 -0.009777887 0.007178429
v -0.011453561 -0.009777887 0.004283758
v -0.018545590 -0.009777887 0.006025831
v -0.011757699 -0.009777887 0.003360228
v -0.018887358 -0.009777887 0.004849453
v -0.011987502 -0.009777887 0.002415453
v -0.019154589 -0.009777887 0.003653936
v -0.012141516 -0.009777887 0.001455408
v -0.019346224 -0.009777887 0.002443998
v -0.019461508 -0.009777887 0.001224415
v -0.012218767 -0.009777887 0.000486160
v -0.019499987 -0.009777887 -0.000000000
v -0.012218767 -0.009777887 -0.000486160
v -0.019461508 -0.009777887 -0.001224415
v -0.012141516 -0.009777887 -0.001455408
v -0.019346224 -0.009777887 -0.002443998
v -0.019154589 -0.009777887 -0.003653936
v -0.011987502 -0.009777887 -0.002415453
v -0.018887358 -0.009777887 -0.004849453
v -0.011757699 -0.009777887 -0.003360228
v -0.018545590 -0.009777887 -0.006025831
v -0.011453561 -0.009777887 -0.004283758
v -0.018130629 -0.009777887 -0.007178429
v -0.011077009 -0.009777887 -0.005180205
v -0.017644114 -0.009777887 -0.008302696
v -0.017087967 -0.009777887 -0.009394197
v -0.010630425 -0.009777887 -0.006043900
v -0.016464381 -0.009777887 -0.010448623
v -0.010116631 -0.009777887 -0.006869385
v -0.015775818 -0.009777887 -0.011461812
v -0.009538877 -0.009777887 -0.007651439
v -0.015024995 -0.009777887 -0.012429768
v -0.008900815 -0.009777887 -0.008385118
v -0.014214876 -0.009777887 -0.013348668
v -0.013348655 -0.009777887 -0.014214889
v -0.008206479 -0.009777887 -0.009065784
v -0.012429755 -0.009777887 -0.015025008
v -0.007460259 -0.009777887 -0.009689132
v -0.011461799 -0.009777887 -0.015775831
v -0.006666873 -0.009777887 -0.010251223
v -0.010448610 -0.009777887 -0.016464394
v -0.005831336 -0.009777887 -0.010748503
v -0.009394184 -0.009777887 -0.017087980
v -0.008302683 -0.009777887 -0.017644127
v -0.004958932 -0.009777887 -0.011177826
v -0.007178416 -0.009777887 -0.018130642
v -0.004055176 -0.009777887 -0.011536480
v -0.006025818 -0.009777887 -0.018545603
v -0.003125782 -0.009777887 -0.011822197
v -0.004849440 -0.009777887 -0.018887371
v -0.003653923 -0.009777887 -0.019154602
v -0.002176625 -0.009777887 -0.012033170
v -0.002443985 -0.009777887 -0.019346237
v -0.001213707 -0.009777887 -0.012168066
v -0.001224402 -0.009777887 -0.019461521
v -0.000243115 -0.009777887 -0.012226030
v 0.000000013 -0.009777887 -0.019500000
v 0.000729013 -0.009777887 -0.012206698
v 0.001224428 -0.009777887 -0.019461521
v 0.002444011 -0.009777887 -0.019346237
v 0.001696533 -0.009777887 -0.012110192
v 0.003653949 -0.009777887 -0.019154602
v 0.002653327 -0.009777887 -0.011937121
v 0.004849466 -0.009777887 -0.018887371
v 0.003593346 -0.009777887 -0.011688580
v 0.006025844 -0.009777887 -0.018545603
v 0.004510646 -0.009777887 -0.011366139
v 0.007178442 -0.009777887 -0.018130642
v 0.008302709 -0.009777887 -0.017644127
v 0.005399429 -0.009777887 -0.010971839
v 0.009394210 -0.009777887 -0.017087980
v 0.006254075 -0.009777887 -0.010508170
v 0.010448636 -0.009777887 -0.016464394
v 0.007069181 -0.009777887 -0.009978066
v 0.011461825 -0.009777887 -0.015775831
v 0.007839593 -0.009777887 -0.009384877
v 0.012429781 -0.009777887 -0.015025008
v 0.013348681 -0.009777887 -0.014214889
v 0.008560441 -0.009777887 -0.008732354
v 0.014214902 -0.009777887 -0.013348668
v 0.009227167 -0.009777887 -0.008024622
v 0.015025021 -0.009777887 -0.012429768
v 0.009835557 -0.009777887 -0.007266156
v 0.015775844 -0.009777887 -0.011461812
v 0.016464407 -0.009777887 -0.010448623
v 0.010381762 -0.009777887 -0.006461751
v 0.017087993 -0.009777887 -0.009394197
v 0.010862331 -0.009777887 -0.005616493
v 0.017644140 -0.009777887 -0.008302696
v 0.011274224 -0.009777887 -0.004735725
v 0.018130655 -0.009777887 -0.007178429
v 0.011614839 -0.009777887 -0.003825017
v 0.018545616 -0.009777887 -0.006025831
v 0.018887384 -0.009777887 -0.004849453
v 0.011882021 -0.009777887 -0.002890126
v 0.019154615 -0.009777887 -0.003653936
v 0.012074081 -0.009777887 -0.001936962
v 0.019346250 -0.009777887 -0.002443998
v 0.012189805 -0.009777887 -0.000971552
v 0.010712517 -0.008538359 -0.000911769
v 0.010801861 -0.008825899 -0.000809487
v 0.010751249 -0.008538359 -0.000000000
v 0.010832150 -0.008825899 -0.000000000
v 0.010801861 -0.008825899 0.000809487
v 0.010968422 -0.009091706 -0.000000000
v 0.010937752 -0.009091706 0.000819670
v 0.011154661 -0.009325242 -0.000000000
v 0.011123470 -0.009325242 0.000833588
v 0.011383481 -0.009517245 -0.000000000
v 0.011351650 -0.009517245 0.000850688
v 0.011645809 -0.009660101 -0.000000000
v 0.011613245 -0.009660101 0.000870291
v 0.011931242 -0.009748146 -0.000000000
v 0.011897879 -0.009748146 0.000891622
v 0.010711164 -0.008825899 -0.001614446
v 0.010596602 -0.008538359 -0.001816968
v 0.010560566 -0.008825899 -0.002410377
v 0.010404338 -0.008538359 -0.002709076
v 0.010350909 -0.008825899 -0.003192828
v 0.010137111 -0.008538359 -0.003581665
v 0.010083365 -0.008825899 -0.003957424
v 0.009796846 -0.008538359 -0.004428448
v 0.009759431 -0.008825899 -0.004699888
v 0.009385994 -0.008538359 -0.005243323
v 0.009380919 -0.008825899 -0.005416069
v 0.008907516 -0.008538359 -0.006020421
v 0.008949945 -0.008825899 -0.006101960
v 0.008468918 -0.008825899 -0.006753727
v 0.008575460 -0.009091706 -0.006838691
v 0.008040426 -0.009091706 -0.007460413
v 0.008176948 -0.009325242 -0.007587087
v 0.007587100 -0.009325242 -0.008176935
v 0.007742737 -0.009517245 -0.008344672
v 0.007097489 -0.009517245 -0.008899954
v 0.007261048 -0.009660101 -0.009105050
v 0.006560323 -0.009660101 -0.009622208
v 0.006721113 -0.009748146 -0.009858044
v 0.005965627 -0.009748146 -0.010332747
v 0.005176779 -0.009748146 -0.010749665
v 0.004358980 -0.009748146 -0.011106467
v 0.003516804 -0.009748146 -0.011401157
v 0.002654961 -0.009748146 -0.011632088
v 0.003432671 -0.009660101 -0.011128406
v 0.002591446 -0.009660101 -0.011353811
v 0.003355349 -0.009517245 -0.010877732
v 0.002533073 -0.009517245 -0.011098061
v 0.003287903 -0.009325242 -0.010659078
v 0.002482156 -0.009325242 -0.010874977
v 0.003233008 -0.009091706 -0.010481113
v 0.002440714 -0.009091706 -0.010693408
v 0.003192841 -0.008825899 -0.010350896
v 0.002410390 -0.008825899 -0.010560553
v 0.003148220 -0.008538359 -0.010279974
v 0.002265076 -0.008538359 -0.010509928
v 0.008364859 -0.008538359 -0.006754142
v 0.007940531 -0.008825899 -0.007367724
v 0.007460426 -0.009091706 -0.008040413
v 0.006954822 -0.009325242 -0.008721055
v 0.006412549 -0.009517245 -0.009405462
v 0.005822911 -0.009660101 -0.010085555
v 0.007761933 -0.008538359 -0.007439198
v 0.007367737 -0.008825899 -0.007940518
v 0.006838704 -0.009091706 -0.008575447
v 0.006283650 -0.009325242 -0.009216402
v 0.005691747 -0.009517245 -0.009858373
v 0.005052934 -0.009660101 -0.010492499
v 0.007103083 -0.008538359 -0.008070655
v 0.006753740 -0.008825899 -0.008468905
v 0.006178738 -0.009091706 -0.009062525
v 0.005577337 -0.009325242 -0.009660208
v 0.004939115 -0.009517245 -0.010256150
v 0.004254700 -0.009660101 -0.010840765
v 0.006393055 -0.008538359 -0.008643963
v 0.006101973 -0.008825899 -0.008949932
v 0.005484217 -0.009091706 -0.009498920
v 0.004839833 -0.009325242 -0.010049991
v 0.004158861 -0.009517245 -0.010596571
v 0.005636964 -0.008538359 -0.009154991
v 0.005416082 -0.008825899 -0.009380906
v 0.004759027 -0.009091706 -0.009882195
v 0.004075263 -0.009325242 -0.010383569
v 0.004840260 -0.008538359 -0.009600057
v 0.004699901 -0.008825899 -0.009759418
v 0.004007223 -0.009091706 -0.010210204
v 0.004008681 -0.008538359 -0.009975954
v 0.003957437 -0.008825899 -0.010083352
v 0.001614459 -0.008825899 -0.010711151
v 0.001365612 -0.008538359 -0.010664156
v 0.000809500 -0.008825899 -0.010801848
v 0.000456308 -0.008538359 -0.010741549
v 0.000000013 -0.008825899 -0.010832137
v -0.000456282 -0.008538359 -0.010741549
v -0.000809474 -0.008825899 -0.010801848
v -0.001365586 -0.008538359 -0.010664156
v -0.001614433 -0.008825899 -0.010711151
v -0.002265050 -0.008538359 -0.010509928
v -0.002410364 -0.008825899 -0.010560553
v -0.003148194 -0.008538359 -0.010279974
v -0.003192815 -0.008825899 -0.010350896
v -0.003957411 -0.008825899 -0.010083352
v -0.004007197 -0.009091706 -0.010210204
v -0.004759001 -0.009091706 -0.009882195
v -0.004839807 -0.009325242 -0.010049991
v -0.005577311 -0.009325242 -0.009660208
v -0.005691721 -0.009517245 -0.009858373
v -0.006412523 -0.009517245 -0.009405462
v -0.006560297 -0.009660101 -0.009622208
v -0.007261022 -0.009660101 -0.009105050
v -0.007438986 -0.009748146 -0.009328210
v -0.008115283 -0.009748146 -0.008746209
v -0.008746196 -0.009748146 -0.008115296
v -0.009328197 -0.009748146 -0.007438999
v -0.009858031 -0.009748146 -0.006721100
v -0.010332734 -0.009748146 -0.005965614
v -0.009622195 -0.009660101 -0.006560310
v -0.010085542 -0.009660101 -0.005822898
v -0.009405449 -0.009517245 -0.006412536
v -0.009858360 -0.009517245 -0.005691734
v -0.009216389 -0.009325242 -0.006283637
v -0.009660195 -0.009325242 -0.005577324
v -0.009062512 -0.009091706 -0.006178725
v -0.009498907 -0.009091706 -0.005484204
v -0.008949919 -0.008825899 -0.006101960
v -0.009380893 -0.008825899 -0.005416069
v -0.008907490 -0.008538359 -0.006020421
v -0.009385968 -0.008538359 -0.005243323
v -0.004008655 -0.008538359 -0.009975954
v -0.004699875 -0.008825899 -0.009759418
v -0.005484191 -0.009091706 -0.009498920
v -0.006283624 -0.009325242 -0.009216402
v -0.007097463 -0.009517245 -0.008899954
v -0.007921140 -0.009660101 -0.008536972
v -0.004840234 -0.008538359 -0.009600057
v -0.005416056 -0.008825899 -0.009380906
v -0.006178712 -0.009091706 -0.009062525
v -0.006954796 -0.009325242 -0.008721055
v -0.007742711 -0.009517245 -0.008344672
v -0.008536959 -0.009660101 -0.007921153
v -0.005636938 -0.008538359 -0.009154991
v -0.006101947 -0.008825899 -0.008949932
v -0.006838678 -0.009091706 -0.008575447
v -0.007587074 -0.009325242 -0.008176935
v -0.008344659 -0.009517245 -0.007742724
v -0.009105037 -0.009660101 -0.007261035
v -0.006393029 -0.008538359 -0.008643963
v -0.006753714 -0.008825899 -0.008468905
v -0.007460400 -0.009091706 -0.008040413
v -0.008176922 -0.009325242 -0.007587087
v -0.008899941 -0.009517245 -0.007097476
v -0.007103057 -0.008538359 -0.008070655
v -0.007367711 -0.008825899 -0.007940518
v -0.008040400 -0.009091706 -0.007460413
v -0.008721042 -0.009325242 -0.006954809
v -0.007761907 -0.008538359 -0.007439198
v -0.007940505 -0.008825899 -0.007367724
v -0.008575434 -0.009091706 -0.006838691
v -0.008364833 -0.008538359 -0.006754142
v -0.008468892 -0.008825899 -0.006753727
v -0.009759405 -0.008825899 -0.004699888
v -0.009796820 -0.008538359 -0.004428448
v -0.010083339 -0.008825899 -0.003957424
v -0.010137085 -0.008538359 -0.003581665
v -0.010350883 -0.008825899 -0.003192828
v -0.010404312 -0.008538359 -0.002709076
v -0.010560540 -0.008825899 -0.002410377
v -0.010596576 -0.008538359 -0.001816968
v -0.010711138 -0.008825899 -0.001614446
v -0.010712491 -0.008538359 -0.000911769
v -0.010801835 -0.008825899 -0.000809487
v -0.010751223 -0.008538359 -0.000000000
v -0.010832124 -0.008825899 -0.000000000
v -0.010801835 -0.008825899 0.000809487
v -0.010937726 -0.009091706 0.000819670
v -0.010845888 -0.009091706 0.001634757
v -0.011030047 -0.009325242 0.001662514
v -0.010874964 -0.009325242 0.002482143
v -0.011098048 -0.009517245 0.002533060
v -0.010877719 -0.009517245 0.003355336
v -0.011128393 -0.009660101 0.003432658
v -0.010840752 -0.009660101 0.004254687
v -0.011106454 -0.009748146 0.004358967
v -0.010749652 -0.009748146 0.005176766
v -0.010332734 -0.009748146 0.005965614
v -0.009858031 -0.009748146 0.006721100
v -0.009328197 -0.009748146 0.007438999
v -0.009622195 -0.009660101 0.006560310
v -0.009105037 -0.009660101 0.007261035
v -0.009405449 -0.009517245 0.006412536
v -0.008899941 -0.009517245 0.007097476
v -0.009216389 -0.009325242 0.006283637
v -0.008721042 -0.009325242 0.006954809
v -0.009062512 -0.009091706 0.006178725
v -0.008575434 -0.009091706 0.006838691
v -0.008949919 -0.008825899 0.006101960
v -0.008468892 -0.008825899 0.006753727
v -0.008907490 -0.008538359 0.006020421
v -0.008364833 -0.008538359 0.006754142
v -0.010712491 -0.008538359 0.000911769
v -0.010711138 -0.008825899 0.001614446
v -0.010693395 -0.009091706 0.002440701
v -0.010659065 -0.009325242 0.003287890
v -0.010596558 -0.009517245 0.004158848
v -0.010492486 -0.009660101 0.005052921
v -0.010596576 -0.008538359 0.001816968
v -0.010560540 -0.008825899 0.002410377
v -0.010481100 -0.009091706 0.003232995
v -0.010383556 -0.009325242 0.004075250
v -0.010256137 -0.009517245 0.004939102
v -0.010085542 -0.009660101 0.005822898
v -0.010404312 -0.008538359 0.002709076
v -0.010350883 -0.008825899 0.003192828
v -0.010210191 -0.009091706 0.004007210
v -0.010049978 -0.009325242 0.004839820
v -0.009858360 -0.009517245 0.005691734
v -0.010137085 -0.008538359 0.003581665
v -0.010083339 -0.008825899 0.003957424
v -0.009882182 -0.009091706 0.004759014
v -0.009660195 -0.009325242 0.005577324
v -0.009796820 -0.008538359 0.004428448
v -0.009759405 -0.008825899 0.004699888
v -0.009498907 -0.009091706 0.005484204
v -0.009385968 -0.008538359 0.005243323
v -0.009380893 -0.008825899 0.005416069
v -0.007940505 -0.008825899 0.007367724
v -0.007761907 -0.008538359 0.007439198
v -0.007367711 -0.008825899 0.007940518
v -0.007103057 -0.008538359 0.008070655
v -0.006753714 -0.008825899 0.008468905
v -0.006393029 -0.008538359 0.008643963
v -0.006101947 -0.008825899 0.008949932
v -0.005636938 -0.008538359 0.009154991
v -0.005416056 -0.008825899 0.009380906
v -0.004840234 -0.008538359 0.009600057
v -0.004699875 -0.008825899 0.009759418
v -0.004008655 -0.008538359 0.009975954
v -0.003957411 -0.008825899 0.010083352
v -0.003148194 -0.008538359 0.010279974
v -0.003192815 -0.008825899 0.010350896
v -0.002410364 -0.008825899 0.010560553
v -0.002440688 -0.009091706 0.010693408
v -0.001634744 -0.009091706 0.010845901
v -0.001662501 -0.009325242 0.011030060
v -0.000833575 -0.009325242 0.011123457
v -0.000850675 -0.009517245 0.011351637
v 0.000000013 -0.009517245 0.011383468
v 0.000000013 -0.009660101 0.011645796
v 0.000870304 -0.009660101 0.011613232
v 0.000891635 -0.009748146 0.011897866
v 0.001778270 -0.009748146 0.011797967
v 0.002654961 -0.009748146 0.011632088
v 0.003516804 -0.009748146 0.011401157
v 0.004358980 -0.009748146 0.011106467
v 0.003432671 -0.009660101 0.011128406
v 0.004254700 -0.009660101 0.010840765
v 0.003355349 -0.009517245 0.010877732
v 0.004158861 -0.009517245 0.010596571
v 0.003287903 -0.009325242 0.010659078
v 0.004075263 -0.009325242 0.010383569
v 0.003233008 -0.009091706 0.010481113
v 0.004007223 -0.009091706 0.010210204
v 0.003192841 -0.008825899 0.010350896
v 0.003957437 -0.008825899 0.010083352
v 0.003148220 -0.008538359 0.010279974
v 0.004008681 -0.008538359 0.009975954
v -0.002265050 -0.008538359 0.010509928
v -0.001614433 -0.008825899 0.010711151
v -0.000819657 -0.009091706 0.010937739
v 0.000000013 -0.009325242 0.011154648
v 0.000850701 -0.009517245 0.011351637
v 0.001735729 -0.009660101 0.011515721
v -0.001365586 -0.008538359 0.010664156
v -0.000809474 -0.008825899 0.010801848
v 0.000000013 -0.009091706 0.010968409
v 0.000833601 -0.009325242 0.011123457
v 0.001696631 -0.009517245 0.011256324
v 0.002591446 -0.009660101 0.011353811
v -0.000456282 -0.008538359 0.010741549
v 0.000000013 -0.008825899 0.010832137
v 0.000819683 -0.009091706 0.010937739
v 0.001662527 -0.009325242 0.011030060
v 0.002533073 -0.009517245 0.011098061
v 0.000456308 -0.008538359 0.010741549
v 0.000809500 -0.008825899 0.010801848
v 0.001634770 -0.009091706 0.010845901
v 0.002482156 -0.009325242 0.010874977
v 0.001365612 -0.008538359 0.010664156
v 0.001614459 -0.008825899 0.010711151
v 0.002440714 -0.009091706 0.010693408
v 0.002265076 -0.008538359 0.010509928
v 0.002410390 -0.008825899 0.010560553
v 0.004699901 -0.008825899 0.009759418
v 0.004840260 -0.008538359 0.009600057
v 0.005416082 -0.008825899 0.009380906
v 0.005636964 -0.008538359 0.009154991
v 0.006101973 -0.008825899 0.008949932
v 0.006393055 -0.008538359 0.008643963
v 0.006753740 -0.008825899 0.008468905
v 0.007103083 -0.008538359 0.008070655
v 0.007367737 -0.008825899 0.007940518
v 0.007761933 -0.008538359 0.007439198
v 0.007940531 -0.008825899 0.007367724
v 0.008364859 -0.008538359 0.006754142
v 0.008468918 -0.008825899 0.006753727
v 0.008907516 -0.008538359 0.006020421
v 0.008949945 -0.008825899 0.006101960
v 0.009380919 -0.008825899 0.005416069
v 0.009498933 -0.009091706 0.005484204
v 0.009882208 -0.009091706 0.004759014
v 0.010050004 -0.009325242 0.004839820
v 0.010383582 -0.009325242 0.004075250
v 0.010596584 -0.009517245 0.004158848
v 0.010877745 -0.009517245 0.003355336
v 0.011128419 -0.009660101 0.003432658
v 0.011353824 -0.009660101 0.002591433
v 0.011632101 -0.009748146 0.002654948
v 0.011797980 -0.009748146 0.001778257
v 0.009385994 -0.008538359 0.005243323
v 0.009759431 -0.008825899 0.004699888
v 0.010210217 -0.009091706 0.004007210
v 0.010659091 -0.009325242 0.003287890
v 0.011098074 -0.009517245 0.002533060
v 0.011515734 -0.009660101 0.001735716
v 0.009796846 -0.008538359 0.004428448
v 0.010083365 -0.008825899 0.003957424
v 0.010481126 -0.009091706 0.003232995
v 0.010874990 -0.009325242 0.002482143
v 0.011256337 -0.009517245 0.001696618
v 0.010137111 -0.008538359 0.003581665
v 0.010350909 -0.008825899 0.003192828
v 0.010693421 -0.009091706 0.002440701
v 0.011030073 -0.009325242 0.001662514
v 0.010404338 -0.008538359 0.002709076
v 0.010560566 -0.008825899 0.002410377
v 0.010845914 -0.009091706 0.001634757
v 0.010596602 -0.008538359 0.001816968
v 0.010711164 -0.008825899 0.001614446
v 0.010712517 -0.008538359 0.000911769
v 0.011401170 -0.009748146 0.003516791
v 0.010840778 -0.009660101 0.004254687
v 0.010256163 -0.009517245 0.004939102
v 0.009660221 -0.009325242 0.005577324
v 0.009062538 -0.009091706 0.006178725
v 0.011106480 -0.009748146 0.004358967
v 0.010492512 -0.009660101 0.005052921
v 0.009858386 -0.009517245 0.005691734
v 0.009216415 -0.009325242 0.006283637
v 0.008575460 -0.009091706 0.006838691
v 0.010749678 -0.009748146 0.005176766
v 0.010085568 -0.009660101 0.005822898
v 0.009405475 -0.009517245 0.006412536
v 0.008721068 -0.009325242 0.006954809
v 0.008040426 -0.009091706 0.007460413
v 0.010332760 -0.009748146 0.005965614
v 0.009622221 -0.009660101 0.006560310
v 0.008899967 -0.009517245 0.007097476
v 0.008176948 -0.009325242 0.007587087
v 0.007460426 -0.009091706 0.008040413
v 0.009858057 -0.009748146 0.006721100
v 0.009105063 -0.009660101 0.007261035
v 0.008344685 -0.009517245 0.007742724
v 0.007587100 -0.009325242 0.008176935
v 0.006838704 -0.009091706 0.008575447
v 0.009328223 -0.009748146 0.007438999
v 0.008536985 -0.009660101 0.007921153
v 0.007742737 -0.009517245 0.008344672
v 0.006954822 -0.009325242 0.008721055
v 0.006178738 -0.009091706 0.009062525
v 0.008746222 -0.009748146 0.008115296
v 0.007921166 -0.009660101 0.008536972
v 0.007097489 -0.009517245 0.008899954
v 0.006283650 -0.009325242 0.009216402
v 0.005484217 -0.009091706 0.009498920
v 0.008115309 -0.009748146 0.008746209
v 0.007261048 -0.009660101 0.009105050
v 0.006412549 -0.009517245 0.009405462
v 0.005577337 -0.009325242 0.009660208
v 0.004759027 -0.009091706 0.009882195
v 0.007439012 -0.009748146 0.009328210
v 0.006560323 -0.009660101 0.009622208
v 0.005691747 -0.009517245 0.009858373
v 0.004839833 -0.009325242 0.010049991
v 0.006721113 -0.009748146 0.009858044
v 0.005822911 -0.009660101 0.010085555
v 0.004939115 -0.009517245 0.010256150
v 0.005965627 -0.009748146 0.010332747
v 0.005052934 -0.009660101 0.010492499
v 0.005176779 -0.009748146 0.010749665
v 0.000000013 -0.009748146 0.011931229
v -0.000870278 -0.009660101 0.011613232
v -0.001696605 -0.009517245 0.011256324
v -0.002482130 -0.009325242 0.010874977
v -0.003232982 -0.009091706 0.010481113
v -0.000891609 -0.009748146 0.011897866
v -0.001735703 -0.009660101 0.011515721
v -0.002533047 -0.009517245 0.011098061
v -0.003287877 -0.009325242 0.010659078
v -0.004007197 -0.009091706 0.010210204
v -0.001778244 -0.009748146 0.011797967
v -0.002591420 -0.009660101 0.011353811
v -0.003355323 -0.009517245 0.010877732
v -0.004075237 -0.009325242 0.010383569
v -0.004759001 -0.009091706 0.009882195
v -0.002654935 -0.009748146 0.011632088
v -0.003432645 -0.009660101 0.011128406
v -0.004158835 -0.009517245 0.010596571
v -0.004839807 -0.009325242 0.010049991
v -0.005484191 -0.009091706 0.009498920
v -0.003516778 -0.009748146 0.011401157
v -0.004254674 -0.009660101 0.010840765
v -0.004939089 -0.009517245 0.010256150
v -0.005577311 -0.009325242 0.009660208
v -0.006178712 -0.009091706 0.009062525
v -0.004358954 -0.009748146 0.011106467
v -0.005052908 -0.009660101 0.010492499
v -0.005691721 -0.009517245 0.009858373
v -0.006283624 -0.009325242 0.009216402
v -0.006838678 -0.009091706 0.008575447
v -0.005176753 -0.009748146 0.010749665
v -0.005822885 -0.009660101 0.010085555
v -0.006412523 -0.009517245 0.009405462
v -0.006954796 -0.009325242 0.008721055
v -0.007460400 -0.009091706 0.008040413
v -0.005965601 -0.009748146 0.010332747
v -0.006560297 -0.009660101 0.009622208
v -0.007097463 -0.009517245 0.008899954
v -0.007587074 -0.009325242 0.008176935
v -0.008040400 -0.009091706 0.007460413
v -0.006721087 -0.009748146 0.009858044
v -0.007261022 -0.009660101 0.009105050
v -0.007742711 -0.009517245 0.008344672
v -0.008176922 -0.009325242 0.007587087
v -0.007438986 -0.009748146 0.009328210
v -0.007921140 -0.009660101 0.008536972
v -0.008344659 -0.009517245 0.007742724
v -0.008115283 -0.009748146 0.008746209
v -0.008536959 -0.009660101 0.007921153
v -0.008746196 -0.009748146 0.008115296
v -0.011401144 -0.009748146 0.003516791
v -0.011353798 -0.009660101 0.002591433
v -0.011256311 -0.009517245 0.001696618
v -0.011123444 -0.009325242 0.000833588
v -0.010968396 -0.009091706 -0.000000000
v -0.011632075 -0.009748146 0.002654948
v -0.011515708 -0.009660101 0.001735716
v -0.011351624 -0.009517245 0.000850688
v -0.011154635 -0.009325242 -0.000000000
v -0.010937726 -0.009091706 -0.000819670
v -0.011797954 -0.009748146 0.001778257
v -0.011613219 -0.009660101 0.000870291
v -0.011383455 -0.009517245 -0.000000000
v -0.011123444 -0.009325242 -0.000833588
v -0.010845888 -0.009091706 -0.001634757
v -0.011897853 -0.009748146 0.000891622
v -0.011645783 -0.009660101 -0.000000000
v -0.011351624 -0.009517245 -0.000850688
v -0.011030047 -0.009325242 -0.001662514
v -0.010693395 -0.009091706 -0.002440701
v -0.011931216 -0.009748146 -0.000000000
v -0.011613219 -0.009660101 -0.000870291
v -0.011256311 -0.009517245 -0.001696618
v -0.010874964 -0.009325242 -0.002482143
v -0.010481100 -0.009091706 -0.003232995
v -0.011897853 -0.009748146 -0.000891622
v -0.011515708 -0.009660101 -0.001735716
v -0.011098048 -0.009517245 -0.002533060
v -0.010659065 -0.009325242 -0.003287890
v -0.010210191 -0.009091706 -0.004007210
v -0.011797954 -0.009748146 -0.001778257
v -0.011353798 -0.009660101 -0.002591433
v -0.010877719 -0.009517245 -0.003355336
v -0.010383556 -0.009325242 -0.004075250
v -0.009882182 -0.009091706 -0.004759014
v -0.011632075 -0.009748146 -0.002654948
v -0.011128393 -0.009660101 -0.003432658
v -0.010596558 -0.009517245 -0.004158848
v -0.010049978 -0.009325242 -0.004839820
v -0.011401144 -0.009748146 -0.003516791
v -0.010840752 -0.009660101 -0.004254687
v -0.010256137 -0.009517245 -0.004939102
v -0.011106454 -0.009748146 -0.004358967
v -0.010492486 -0.009660101 -0.005052921
v -0.010749652 -0.009748146 -0.005176766
v -0.006721087 -0.009748146 -0.009858044
v -0.005822885 -0.009660101 -0.010085555
v -0.004939089 -0.009517245 -0.010256150
v -0.004075237 -0.009325242 -0.010383569
v -0.003232982 -0.009091706 -0.010481113
v -0.005965601 -0.009748146 -0.010332747
v -0.005052908 -0.009660101 -0.010492499
v -0.004158835 -0.009517245 -0.010596571
v -0.003287877 -0.009325242 -0.010659078
v -0.002440688 -0.009091706 -0.010693408
v -0.005176753 -0.009748146 -0.010749665
v -0.004254674 -0.009660101 -0.010840765
v -0.003355323 -0.009517245 -0.010877732
v -0.002482130 -0.009325242 -0.010874977
v -0.001634744 -0.009091706 -0.010845901
v -0.004358954 -0.009748146 -0.011106467
v -0.003432645 -0.009660101 -0.011128406
v -0.002533047 -0.009517245 -0.011098061
v -0.001662501 -0.009325242 -0.011030060
v -0.000819657 -0.009091706 -0.010937739
v -0.003516778 -0.009748146 -0.011401157
v -0.002591420 -0.009660101 -0.011353811
v -0.001696605 -0.009517245 -0.011256324
v -0.000833575 -0.009325242 -0.011123457
v 0.000000013 -0.009091706 -0.010968409
v -0.002654935 -0.009748146 -0.011632088
v -0.001735703 -0.009660101 -0.011515721
v -0.000850675 -0.009517245 -0.011351637
v 0.000000013 -0.009325242 -0.011154648
v 0.000819683 -0.009091706 -0.010937739
v -0.001778244 -0.009748146 -0.011797967
v -0.000870278 -0.009660101 -0.011613232
v 0.000000013 -0.009517245 -0.011383468
v 0.000833601 -0.009325242 -0.011123457
v 0.001634770 -0.009091706 -0.010845901
v -0.000891609 -0.009748146 -0.011897866
v 0.000000013 -0.009660101 -0.011645796
v 0.000850701 -0.009517245 -0.011351637
v 0.001662527 -0.009325242 -0.011030060
v 0.000000013 -0.009748146 -0.011931229
v 0.000870304 -0.009660101 -0.011613232
v 0.001696631 -0.009517245 -0.011256324
v 0.000891635 -0.009748146 -0.011897866
v 0.001735729 -0.009660101 -0.011515721
v 0.001778270 -0.009748146 -0.011797967
v 0.007439012 -0.009748146 -0.009328210
v 0.007921166 -0.009660101 -0.008536972
v 0.008344685 -0.009517245 -0.007742724
v 0.008721068 -0.009325242 -0.006954809
v 0.009062538 -0.009091706 -0.006178725
v 0.008115309 -0.009748146 -0.008746209
v 0.008536985 -0.009660101 -0.007921153
v 0.008899967 -0.009517245 -0.007097476
v 0.009216415 -0.009325242 -0.006283637
v 0.009498933 -0.009091706 -0.005484204
v 0.008746222 -0.009748146 -0.008115296
v 0.009105063 -0.009660101 -0.007261035
v 0.009405475 -0.009517245 -0.006412536
v 0.009660221 -0.009325242 -0.005577324
v 0.009882208 -0.009091706 -0.004759014
v 0.009328223 -0.009748146 -0.007438999
v 0.009622221 -0.009660101 -0.006560310
v 0.009858386 -0.009517245 -0.005691734
v 0.010050004 -0.009325242 -0.004839820
v 0.010210217 -0.009091706 -0.004007210
v 0.009858057 -0.009748146 -0.006721100
v 0.010085568 -0.009660101 -0.005822898
v 0.010256163 -0.009517245 -0.004939102
v 0.010383582 -0.009325242 -0.004075250
v 0.010481126 -0.009091706 -0.003232995
v 0.010332760 -0.009748146 -0.005965614
v 0.010492512 -0.009660101 -0.005052921
v 0.010596584 -0.009517245 -0.004158848
v 0.010659091 -0.009325242 -0.003287890
v 0.010693421 -0.009091706 -0.002440701
v 0.010749678 -0.009748146 -0.005176766
v 0.010840778 -0.009660101 -0.004254687
v 0.010877745 -0.009517245 -0.003355336
v 0.010874990 -0.009325242 -0.002482143
v 0.010845914 -0.009091706 -0.001634757
v 0.011106480 -0.009748146 -0.004358967
v 0.011128419 -0.009660101 -0.003432658
v 0.011098074 -0.009517245 -0.002533060
v 0.011030073 -0.009325242 -0.001662514
v 0.010937752 -0.009091706 -0.000819670
v 0.011401170 -0.009748146 -0.003516791
v 0.011353824 -0.009660101 -0.002591433
v 0.011256337 -0.009517245 -0.001696618
v 0.011123470 -0.009325242 -0.000833588
v 0.011632101 -0.009748146 -0.002654948
v 0.011515734 -0.009660101 -0.001735716
v 0.011351650 -0.009517245 -0.000850688
v 0.011797980 -0.009748146 -0.001778257
v 0.011613245 -0.009660101 -0.000870291
v 0.011897879 -0.009748146 -0.000891622
v 0.009960881 -0.004277887 -0.000883801
v 0.010000013 -0.004277887 -0.000000000
v 0.009843793 -0.004277887 -0.001760685
v 0.009649663 -0.004277887 -0.002623790
v 0.009380010 -0.004277887 -0.003466359
v 0.009036948 -0.004277887 -0.004281800
v 0.008623159 -0.004277887 -0.005063730
v 0.008141882 -0.004277887 -0.005806029
v 0.007596884 -0.004277887 -0.006502888
v 0.006992430 -0.004277887 -0.007148853
v 0.006333251 -0.004277887 -0.007738869
v 0.005624506 -0.004277887 -0.008268318
v 0.004871741 -0.004277887 -0.008733056
v 0.004080849 -0.004277887 -0.009129446
v 0.003258019 -0.004277887 -0.009454385
v 0.002409690 -0.004277887 -0.009705332
v 0.001542502 -0.004277887 -0.009880321
v 0.000663243 -0.004277887 -0.009977983
v -0.000221208 -0.004277887 -0.009997553
v -0.001103927 -0.004277887 -0.009938879
v -0.001978006 -0.004277887 -0.009802420
v -0.002836605 -0.004277887 -0.009589244
v -0.003673003 -0.004277887 -0.009301019
v -0.004480655 -0.004277887 -0.008940001
v -0.005253240 -0.004277887 -0.008509015
v -0.005984710 -0.004277887 -0.008011435
v -0.006669342 -0.004277887 -0.007451154
v -0.007301778 -0.004277887 -0.006832558
v -0.007877067 -0.004277887 -0.006160488
v -0.008390707 -0.004277887 -0.005440204
v -0.008838679 -0.004277887 -0.004677343
v -0.009217475 -0.004277887 -0.003877875
v -0.009524132 -0.004277887 -0.003048058
v -0.009756251 -0.004277887 -0.002194385
v -0.009912012 -0.004277887 -0.001323539
v -0.009990199 -0.004277887 -0.000442333
v -0.009990199 -0.004277887 0.000442333
v -0.009912012 -0.004277887 0.001323539
v -0.009756251 -0.004277887 0.002194385
v -0.009524132 -0.004277887 0.003048058
v -0.009217475 -0.004277887 0.003877875
v -0.008838679 -0.004277887 0.004677343
v -0.008390707 -0.004277887 0.005440204
v -0.007877067 -0.004277887 0.006160488
v -0.007301778 -0.004277887 0.006832558
v -0.006669342 -0.004277887 0.007451154
v -0.005984710 -0.004277887 0.008011435
v -0.005253240 -0.004277887 0.008509015
v -0.004480655 -0.004277887 0.008940001
v -0.003673003 -0.004277887 0.009301019
v -0.002836605 -0.004277887 0.009589244
v -0.001978006 -0.004277887 0.009802420
v -0.001103927 -0.004277887 0.009938879
v -0.000221208 -0.004277887 0.009997553
v 0.000663243 -0.004277887 0.009977983
v 0.001542502 -0.004277887 0.009880321
v 0.002409690 -0.004277887 0.009705332
v 0.003258019 -0.004277887 0.009454385
v 0.004080849 -0.004277887 0.009129446
v 0.004871741 -0.004277887 0.008733056
v 0.005624506 -0.004277887 0.008268318
v 0.006333251 -0.004277887 0.007738869
v 0.006992430 -0.004277887 0.007148853
v 0.007596884 -0.004277887 0.006502888
v 0.008141882 -0.004277887 0.005806029
v 0.008623159 -0.004277887 0.005063730
v 0.009036948 -0.004277887 0.004281800
v 0.009380010 -0.004277887 0.003466359
v 0.009649663 -0.004277887 0.002623790
v 0.009843793 -0.004277887 0.001760685
v 0.009960881 -0.004277887 0.000883801
v 0.009960881 0.013722113 -0.000883801
v 0.010000013 0.013722113 -0.000000000
v 0.009960881 0.013722113 0.000883801
v 0.009843793 0.013722113 0.001760685
v 0.009649663 0.013722113 0.002623790
v 0.009380010 0.013722113 0.003466359
v 0.009036948 0.013722113 0.004281800
v 0.008623159 0.013722113 0.005063730
v 0.008141882 0.013722113 0.005806029
v 0.007596884 0.013722113 0.006502888
v 0.006992430 0.013722113 0.007148853
v 0.006333251 0.013722113 0.007738869
v 0.005624506 0.013722113 0.008268318
v 0.004871741 0.013722113 0.008733056
v 0.004080849 0.013722113 0.009129446
v 0.003258019 0.013722113 0.009454385
v 0.002409690 0.013722113 0.009705332
v 0.001542502 0.013722113 0.009880321
v 0.000663243 0.013722113 0.009977983
v -0.000221208 0.013722113 0.009997553
v -0.001103927 0.013722113 0.009938879
v -0.001978006 0.013722113 0.009802420
v -0.002836605 0.013722113 0.009589244
v -0.003673003 0.013722113 0.009301019
v -0.004480655 0.013722113 0.008940001
v -0.005253240 0.013722113 0.008509015
v -0.005984710 0.013722113 0.008011435
v -0.006669342 0.013722113 0.007451154
v -0.007301778 0.013722113 0.006832558
v -0.007877067 0.013722113 0.006160488
v -0.008390707 0.013722113 0.005440204
v -0.008838679 0.013722113 0.004677343
v -0.009217475 0.013722113 0.003877875
v -0.009524132 0.013722113 0.003048058
v -0.009756251 0.013722113 0.002194385
v -0.009912012 0.013722113 0.001323539
v -0.009990199 0.013722113 0.000442333
v -0.009990199 0.013722113 -0.000442333
v -0.009912012 0.013722113 -0.001323539
v -0.009756251 0.013722113 -0.002194385
v -0.009524132 0.013722113 -0.003048058
v -0.009217475 0.013722113 -0.003877875
v -0.008838679 0.013722113 -0.004677343
v -0.008390707 0.013722113 -0.005440204
v -0.007877067 0.013722113 -0.006160488
v -0.007301778 0.013722113 -0.006832558
v -0.006669342 0.013722113 -0.007451154
v -0.005984710 0.013722113 -0.008011435
v -0.005253240 0.013722113 -0.008509015
v -0.004480655 0.013722113 -0.008940001
v -0.003673003 0.013722113 -0.009301019
v -0.002836605 0.013722113 -0.009589244
v -0.001978006 0.013722113 -0.009802420
v -0.001103927 0.013722113 -0.009938879
v -0.000221208 0.013722113 -0.009997553
v 0.000663243 0.013722113 -0.009977983
v 0.001542502 0.013722113 -0.009880321
v 0.002409690 0.013722113 -0.009705332
v 0.003258019 0.013722113 -0.009454385
v 0.004080849 0.013722113 -0.009129446
v 0.004871741 0.013722113 -0.008733056
v 0.005624506 0.013722113 -0.008268318
v 0.006333251 0.013722113 -0.007738869
v 0.006992430 0.013722113 -0.007148853
v 0.007596884 0.013722113 -0.006502888
v 0.008141882 0.013722113 -0.005806029
v 0.008623159 0.013722113 -0.005063730
v 0.009036948 0.013722113 -0.004281800
v 0.009380010 0.013722113 -0.003466359
v 0.009649663 0.013722113 -0.002623790
v 0.009843793 0.013722113 -0.001760685
v 0.011461748 0.015222113 -0.000937357
v 0.011157834 0.015184506 -0.000432974
v 0.011500013 0.015222113 -0.000000000
v 0.011157834 0.015184506 0.000432974
v 0.011461748 0.015222113 0.000937357
v 0.011090729 0.015184506 0.001296319
v 0.011347207 0.015222113 0.001868476
v 0.010956924 0.015184506 0.002151867
v 0.011157152 0.015222113 0.002787160
v 0.010757223 0.015184506 0.002994474
v 0.010892848 0.015222113 0.003687296
v 0.010492826 0.015184506 0.003819072
v 0.010556054 0.015222113 0.004562894
v 0.010165325 0.015184506 0.004620701
v 0.010149011 0.015222113 0.005408127
v 0.009776687 0.015184506 0.005394541
v 0.009674429 0.015222113 0.006217370
v 0.009329253 0.015184506 0.006135937
v 0.009135464 0.015222113 0.006985236
v 0.008825710 0.015184506 0.006840432
v 0.008535705 0.015222113 0.007706618
v 0.008269089 0.015184506 0.007503787
v 0.007879143 0.015222113 0.008376713
v 0.007662737 0.015184506 0.008122013
v 0.007010300 0.015184506 0.008691393
v 0.007445168 0.015073567 0.007891404
v 0.006811256 0.015073567 0.008444616
v 0.007249995 0.014894860 0.007684532
v 0.006632701 0.014894860 0.008223243
v 0.007087004 0.014657347 0.007511772
v 0.006483587 0.014657347 0.008038371
v 0.006964368 0.014372939 0.007381785
v 0.006371394 0.014372939 0.007899272
v 0.006888238 0.014055895 0.007301092
v 0.006301745 0.014055895 0.007812922
v 0.011090729 0.015184506 -0.001296319
v 0.011347207 0.015222113 -0.001868476
v 0.010956924 0.015184506 -0.002151867
v 0.011157152 0.015222113 -0.002787160
v 0.010757223 0.015184506 -0.002994474
v 0.010892848 0.015222113 -0.003687296
v 0.010492826 0.015184506 -0.003819072
v 0.010556054 0.015222113 -0.004562894
v 0.010165325 0.015184506 -0.004620701
v 0.010149011 0.015222113 -0.005408127
v 0.009776687 0.015184506 -0.005394541
v 0.009674429 0.015222113 -0.006217370
v 0.009329253 0.015184506 -0.006135937
v 0.009135464 0.015222113 -0.006985236
v 0.008825710 0.015184506 -0.006840432
v 0.008535705 0.015222113 -0.007706618
v 0.008269089 0.015184506 -0.007503787
v 0.007879143 0.015222113 -0.008376713
v 0.007662737 0.015184506 -0.008122013
v 0.007010300 0.015184506 -0.008691393
v 0.006811256 0.015073567 -0.008444616
v 0.006136381 0.015073567 -0.008947042
v 0.005975517 0.014894860 -0.008712498
v 0.005282395 0.014894860 -0.009149355
v 0.005163639 0.014657347 -0.008943664
v 0.004455046 0.014657347 -0.009316911
v 0.004377955 0.014372939 -0.009155688
v 0.003655293 0.014372939 -0.009467414
v 0.003615336 0.014055895 -0.009363921
v 0.002878832 0.014055895 -0.009615923
v 0.002125013 0.014055895 -0.009810094
v 0.001358416 0.014055895 -0.009945266
v 0.000583648 0.014055895 -0.010020626
v -0.000194630 0.014055895 -0.010035721
v 0.000590099 0.014372939 -0.010131377
v -0.000196781 0.014372939 -0.010146639
v 0.000600489 0.014657347 -0.010309781
v -0.000200246 0.014657347 -0.010325311
v 0.000614299 0.014894860 -0.010546891
v -0.000204852 0.014894860 -0.010562778
v 0.000630836 0.015073567 -0.010830819
v -0.000210367 0.015073567 -0.010847135
v 0.000649271 0.015184506 -0.011147327
v -0.000216515 0.015184506 -0.011164119
v 0.000234596 0.015222113 -0.011497607
v -0.000703346 0.015222113 -0.011478471
v 0.007170146 0.015222113 -0.008991062
v 0.006315703 0.015184506 -0.009208502
v 0.005424600 0.015073567 -0.009395660
v 0.004557506 0.014894860 -0.009531187
v 0.003719659 0.014657347 -0.009634126
v 0.002910649 0.014372939 -0.009722201
v 0.006413433 0.015222113 -0.009545577
v 0.005583122 0.015184506 -0.009670229
v 0.004680195 0.015073567 -0.009787772
v 0.003805206 0.014894860 -0.009855698
v 0.002961903 0.014657347 -0.009893400
v 0.002148500 0.014372939 -0.009918518
v 0.005614040 0.015222113 -0.010036569
v 0.004816964 0.015184506 -0.010073799
v 0.003907644 0.015073567 -0.010121018
v 0.003030022 0.014894860 -0.010120934
v 0.002186332 0.014657347 -0.010093174
v 0.001373429 0.014372939 -0.010055184
v 0.004777286 0.015222113 -0.010460768
v 0.004021836 0.015184506 -0.010416783
v 0.003111591 0.015073567 -0.010393395
v 0.002236615 0.014894860 -0.010325303
v 0.001397614 0.014657347 -0.010232246
v 0.003908740 0.015222113 -0.010815352
v 0.003202520 0.015184506 -0.010697121
v 0.002296825 0.015073567 -0.010603266
v 0.001429756 0.014894860 -0.010467574
v 0.003014182 0.015222113 -0.011097963
v 0.002363945 0.015184506 -0.010913123
v 0.001468246 0.015073567 -0.010749367
v 0.002099566 0.015222113 -0.011306718
v 0.001511152 0.015184506 -0.011063494
v 0.001170977 0.015222113 -0.011440229
v -0.001080998 0.015184506 -0.011113769
v -0.001636608 0.015222113 -0.011382947
v -0.001938980 0.015184506 -0.010996578
v -0.002558978 0.015222113 -0.011211671
v -0.002785301 0.015184506 -0.010813254
v -0.003464318 0.015222113 -0.010965783
v -0.003614871 0.015184506 -0.010564898
v -0.004346604 0.015222113 -0.010646921
v -0.004422700 0.015184506 -0.010253002
v -0.005199964 0.015222113 -0.010257204
v -0.005203931 0.015184506 -0.009879443
v -0.006018719 0.015222113 -0.009799228
v -0.005953864 0.015184506 -0.009446469
v -0.006797420 0.015222113 -0.009276039
v -0.006667991 0.015184506 -0.008956683
v -0.007530886 0.015222113 -0.008691120
v -0.007342014 0.015184506 -0.008413030
v -0.008214234 0.015222113 -0.008048363
v -0.007975257 0.015184506 -0.007815337
v -0.008553807 0.015184506 -0.007177507
v -0.008310936 0.015073567 -0.006973715
v -0.008826355 0.015073567 -0.006308709
v -0.008594974 0.014894860 -0.006143327
v -0.009045189 0.014894860 -0.005458807
v -0.008841839 0.014657347 -0.005336085
v -0.009228757 0.014657347 -0.004634862
v -0.009069060 0.014372939 -0.004554659
v -0.009394740 0.014372939 -0.003838179
v -0.009292041 0.014055895 -0.003796222
v -0.009665127 0.014372939 -0.003094844
v -0.009559712 0.014055895 -0.003060267
v -0.009767030 0.014055895 -0.002314832
v -0.009917042 0.014055895 -0.001550999
v -0.010007411 0.014055895 -0.000777839
v -0.010037595 0.014055895 -0.000000000
v -0.010007411 0.014055895 0.000777839
v -0.009917042 0.014055895 0.001550999
v -0.009767030 0.014055895 0.002314832
v -0.009559712 0.014055895 0.003060267
v -0.009292041 0.014055895 0.003796222
v -0.009665127 0.014372939 0.003094844
v -0.009394740 0.014372939 0.003838179
v -0.009835076 0.014657347 0.003150109
v -0.009560172 0.014657347 0.003905766
v -0.010061017 0.014894860 0.003223342
v -0.009780043 0.014894860 0.003995593
v -0.010331607 0.015073567 0.003310923
v -0.010043328 0.015073567 0.004103156
v -0.010633261 0.015184506 0.003408507
v -0.010336823 0.015184506 0.004223063
v -0.010733357 0.015222113 0.004128531
v -0.010361129 0.015222113 0.004989663
v -0.008842918 0.015222113 -0.007352046
v -0.009084287 0.015184506 -0.006493068
v -0.009288691 0.015073567 -0.005605762
v -0.009441006 0.014894860 -0.004741458
v -0.009560172 0.014657347 -0.003905766
v -0.009835076 0.014657347 -0.003150109
v -0.009874978 0.014372939 -0.002340416
v -0.009412753 0.015222113 -0.006606801
v -0.009560133 0.015184506 -0.005769578
v -0.009695163 0.015073567 -0.004869101
v -0.009780043 0.014894860 -0.003995593
v -0.010061017 0.014894860 -0.003223342
v -0.010048868 0.014657347 -0.002381628
v -0.010026648 0.014372939 -0.001568141
v -0.009919949 0.015222113 -0.005817590
v -0.009978485 0.015184506 -0.005011390
v -0.010043328 0.015073567 -0.004103156
v -0.010331607 0.015073567 -0.003310923
v -0.010279978 0.014894860 -0.002436403
v -0.010203208 0.014657347 -0.001595755
v -0.010118017 0.014372939 -0.000786435
v -0.010361129 0.015222113 -0.004989663
v -0.010336823 0.015184506 -0.004223063
v -0.010633261 0.015184506 -0.003408507
v -0.010556720 0.015073567 -0.002501992
v -0.010437868 0.014894860 -0.001632455
v -0.010296185 0.014657347 -0.000800284
v -0.010148534 0.014372939 -0.000000000
v -0.010733357 0.015222113 -0.004128531
v -0.011034156 0.015222113 -0.003239924
v -0.010865219 0.015184506 -0.002575107
v -0.010718861 0.015073567 -0.001676401
v -0.010532983 0.014894860 -0.000818689
v -0.010327239 0.014657347 -0.000000000
v -0.010118017 0.014372939 0.000786435
v -0.011261525 0.015222113 -0.002329756
v -0.011032097 0.015184506 -0.001725391
v -0.010816537 0.015073567 -0.000840729
v -0.010564752 0.014894860 -0.000000000
v -0.010296185 0.014657347 0.000800284
v -0.010026648 0.014372939 0.001568141
v -0.011413949 0.015222113 -0.001404085
v -0.011132628 0.015184506 -0.000865297
v -0.010849161 0.015073567 -0.000000000
v -0.010532983 0.014894860 0.000818689
v -0.010203208 0.014657347 0.001595755
v -0.009874978 0.014372939 0.002340416
v -0.011490417 0.015222113 -0.000469069
v -0.011166206 0.015184506 -0.000000000
v -0.010816537 0.015073567 0.000840729
v -0.010437868 0.014894860 0.001632455
v -0.010048868 0.014657347 0.002381628
v -0.011490417 0.015222113 0.000469069
v -0.011132628 0.015184506 0.000865297
v -0.010718861 0.015073567 0.001676401
v -0.010279978 0.014894860 0.002436403
v -0.011413949 0.015222113 0.001404085
v -0.011032097 0.015184506 0.001725391
v -0.010556720 0.015073567 0.002501992
v -0.011261525 0.015222113 0.002329756
v -0.010865219 0.015184506 0.002575107
v -0.011034156 0.015222113 0.003239924
v -0.009978485 0.015184506 0.005011390
v -0.009919949 0.015222113 0.005817590
v -0.009560133 0.015184506 0.005769578
v -0.009412753 0.015222113 0.006606801
v -0.009084287 0.015184506 0.006493068
v -0.008842918 0.015222113 0.007352046
v -0.008553807 0.015184506 0.007177507
v -0.008214234 0.015222113 0.008048363
v -0.007975257 0.015184506 0.007815337
v -0.007342014 0.015184506 0.008413030
v -0.007133551 0.015073567 0.008174157
v -0.006478665 0.015073567 0.008702374
v -0.006308827 0.014894860 0.008474243
v -0.005633167 0.014894860 0.008937648
v -0.005506524 0.014657347 0.008736715
v -0.004812936 0.014657347 0.009137158
v -0.004729651 0.014372939 0.008979047
v -0.004019621 0.014372939 0.009318559
v -0.003975680 0.014055895 0.009216694
v -0.003249501 0.014055895 0.009497065
v -0.002503780 0.014055895 0.009720319
v -0.001742999 0.014055895 0.009885115
v -0.000971737 0.014055895 0.009990459
v -0.000194630 0.014055895 0.010035721
v 0.000583648 0.014055895 0.010020626
v -0.000196781 0.014372939 0.010146639
v 0.000590099 0.014372939 0.010131377
v -0.000200246 0.014657347 0.010325311
v 0.000600489 0.014657347 0.010309781
v -0.000204852 0.014894860 0.010562778
v 0.000614299 0.014894860 0.010546891
v -0.000210367 0.015073567 0.010847135
v 0.000630836 0.015073567 0.010830819
v -0.000216515 0.015184506 0.011164119
v 0.000649271 0.015184506 0.011147327
v 0.000234596 0.015222113 0.011497607
v 0.001170977 0.015222113 0.011440229
v -0.007530886 0.015222113 0.008691120
v -0.006667991 0.015184506 0.008956683
v -0.005784815 0.015073567 0.009178254
v -0.004923627 0.014894860 0.009347301
v -0.004090403 0.014657347 0.009482650
v -0.003285416 0.014372939 0.009602029
v -0.006797420 0.015222113 0.009276039
v -0.005953864 0.015184506 0.009446469
v -0.005056175 0.015073567 0.009598935
v -0.004184477 0.014894860 0.009700738
v -0.003343269 0.014657347 0.009771111
v -0.002531452 0.014372939 0.009827751
v -0.006018719 0.015222113 0.009799228
v -0.005203931 0.015184506 0.009879443
v -0.004297126 0.015073567 0.009961886
v -0.003420160 0.014894860 0.009995833
v -0.002576029 0.014657347 0.010000808
v -0.001762264 0.014372939 0.009994368
v -0.005199964 0.015222113 0.010257204
v -0.004422700 0.015184506 0.010253002
v -0.003512233 0.015073567 0.010264926
v -0.002635274 0.014894860 0.010230813
v -0.001793296 0.014657347 0.010170359
v -0.000982477 0.014372939 0.010100877
v -0.004346604 0.015222113 0.010646921
v -0.003614871 0.015184506 0.010564898
v -0.002706217 0.015073567 0.010506231
v -0.001834539 0.014894860 0.010404263
v -0.000999777 0.014657347 0.010278744
v -0.003464318 0.015222113 0.010965783
v -0.002785301 0.015184506 0.010813254
v -0.001883926 0.015073567 0.010684351
v -0.001022771 0.014894860 0.010515141
v -0.002558978 0.015222113 0.011211671
v -0.001938980 0.015184506 0.010996578
v -0.001050305 0.015073567 0.010798214
v -0.001636608 0.015222113 0.011382947
v -0.001080998 0.015184506 0.011113769
v -0.000703346 0.015222113 0.011478471
v 0.001511152 0.015184506 0.011063494
v 0.002099566 0.015222113 0.011306718
v 0.002363945 0.015184506 0.010913123
v 0.003014182 0.015222113 0.011097963
v 0.003202520 0.015184506 0.010697121
v 0.003908740 0.015222113 0.010815352
v 0.004021836 0.015184506 0.010416783
v 0.004777286 0.015222113 0.010460768
v 0.004816964 0.015184506 0.010073799
v 0.005614040 0.015222113 0.010036569
v 0.005583122 0.015184506 0.009670229
v 0.006413433 0.015222113 0.009545577
v 0.006315703 0.015184506 0.009208502
v 0.007170146 0.015222113 0.008991062
v 0.010030073 0.014055895 0.000389212
v 0.010030073 0.014055895 -0.000389212
v 0.009969750 0.014055895 -0.001165295
v 0.009849469 0.014055895 -0.001934370
v 0.009669952 0.014055895 -0.002691812
v 0.009432279 0.014055895 -0.003433064
v 0.009776827 0.014372939 -0.002721562
v 0.009536527 0.014372939 -0.003471007
v 0.009948988 0.014657347 -0.002769486
v 0.009704456 0.014657347 -0.003532129
v 0.010177800 0.014894860 -0.002833181
v 0.009927645 0.014894860 -0.003613363
v 0.010451791 0.015073567 -0.002909451
v 0.010194902 0.015073567 -0.003710636
v 0.009969750 0.014055895 0.001165295
v 0.009849469 0.014055895 0.001934370
v 0.009669952 0.014055895 0.002691812
v 0.009432279 0.014055895 0.003433064
v 0.009137879 0.014055895 0.004153670
v 0.009238874 0.014372939 0.004199577
v 0.008885657 0.014372939 0.004902891
v 0.009042124 0.014657347 0.004989226
v 0.008628307 0.014657347 0.005674918
v 0.008826746 0.014894860 0.005805433
v 0.008350326 0.014894860 0.006471981
v 0.008575121 0.015073567 0.006646210
v 0.008034304 0.015073567 0.007290730
v 0.008788523 0.014055895 0.004849295
v 0.008479000 0.014372939 0.005576717
v 0.008162598 0.014657347 0.006326481
v 0.007823687 0.014894860 0.007099606
v 0.008386312 0.014055895 0.005515756
v 0.008021350 0.014372939 0.006217005
v 0.007647798 0.014657347 0.006939995
v 0.007933665 0.014055895 0.006149044
v 0.007515459 0.014372939 0.006819903
v 0.007433303 0.014055895 0.006745352
v 0.005018817 0.014055895 0.008692823
v 0.005677353 0.014055895 0.008277764
v 0.005740101 0.014372939 0.008369253
v 0.005841178 0.014657347 0.008516627
v 0.005975517 0.014894860 0.008712498
v 0.006136381 0.015073567 0.008947042
v 0.004330097 0.014055895 0.009055603
v 0.003615336 0.014055895 0.009363921
v 0.002878832 0.014055895 0.009615923
v 0.002125013 0.014055895 0.009810094
v 0.001358416 0.014055895 0.009945266
v -0.004677949 0.014055895 0.008880892
v -0.005411237 0.014372939 0.008585533
v -0.006166995 0.014657347 0.008283729
v -0.006946546 0.014894860 0.007959873
v -0.007748268 0.015073567 0.007593993
v -0.008310936 0.015073567 0.006973715
v -0.005352084 0.014055895 0.008491680
v -0.006060279 0.014372939 0.008140385
v -0.006790377 0.014657347 0.007780923
v -0.007544616 0.014894860 0.007395461
v -0.008093067 0.014894860 0.006790900
v -0.008826355 0.015073567 0.006308709
v -0.005994031 0.014055895 0.008051398
v -0.006672873 0.014372939 0.007646279
v -0.007374481 0.014657347 0.007229730
v -0.007911122 0.014657347 0.006638230
v -0.008594974 0.014894860 0.006143327
v -0.009288691 0.015073567 0.005605762
v -0.006599929 0.014055895 0.007562694
v -0.007166640 0.014055895 0.007027992
v -0.007689241 0.014055895 0.006452050
v -0.008166104 0.014055895 0.005836790
v -0.008593855 0.014055895 0.005186426
v -0.008969921 0.014055895 0.004504870
v -0.008969921 0.014055895 -0.004504870
v -0.008593855 0.014055895 -0.005186426
v -0.008166104 0.014055895 -0.005836790
v -0.007689241 0.014055895 -0.006452050
v -0.007166640 0.014055895 -0.007027992
v -0.006599929 0.014055895 -0.007562694
v -0.005994031 0.014055895 -0.008051398
v -0.005352084 0.014055895 -0.008491680
v -0.004677949 0.014055895 -0.008880892
v -0.004729651 0.014372939 -0.008979047
v -0.004019621 0.014372939 -0.009318559
v -0.004090403 0.014657347 -0.009482650
v -0.003343269 0.014657347 -0.009771111
v -0.003420160 0.014894860 -0.009995833
v -0.002635274 0.014894860 -0.010230813
v -0.002706217 0.015073567 -0.010506231
v -0.001883926 0.015073567 -0.010684351
v -0.003975680 0.014055895 -0.009216694
v -0.003285416 0.014372939 -0.009602029
v -0.002576029 0.014657347 -0.010000808
v -0.001834539 0.014894860 -0.010404263
v -0.001050305 0.015073567 -0.010798214
v -0.003249501 0.014055895 -0.009497065
v -0.002531452 0.014372939 -0.009827751
v -0.001793296 0.014657347 -0.010170359
v -0.001022771 0.014894860 -0.010515141
v -0.002503780 0.014055895 -0.009720319
v -0.001762264 0.014372939 -0.009994368
v -0.000999777 0.014657347 -0.010278744
v -0.001742999 0.014055895 -0.009885115
v -0.000982477 0.014372939 -0.010100877
v -0.000971737 0.014055895 -0.009990459
v 0.004330097 0.014055895 -0.009055603
v 0.005074287 0.014372939 -0.008788899
v 0.005841178 0.014657347 -0.008516627
v 0.006632701 0.014894860 -0.008223243
v 0.007445168 0.015073567 -0.007891404
v 0.005018817 0.014055895 -0.008692823
v 0.005740101 0.014372939 -0.008369253
v 0.006483587 0.014657347 -0.008038371
v 0.007249995 0.014894860 -0.007684532
v 0.008034304 0.015073567 -0.007290730
v 0.005677353 0.014055895 -0.008277764
v 0.006371394 0.014372939 -0.007899272
v 0.007087004 0.014657347 -0.007511772
v 0.007823687 0.014894860 -0.007099606
v 0.008575121 0.015073567 -0.006646210
v 0.006301745 0.014055895 -0.007812922
v 0.006964368 0.014372939 -0.007381785
v 0.007647798 0.014657347 -0.006939995
v 0.008350326 0.014894860 -0.006471981
v 0.009064366 0.015073567 -0.005961719
v 0.006888238 0.014055895 -0.007301092
v 0.007433303 0.014055895 -0.006745352
v 0.007933665 0.014055895 -0.006149044
v 0.008386312 0.014055895 -0.005515756
v 0.008788523 0.014055895 -0.004849295
v 0.009137879 0.014055895 -0.004153670
v 0.010841028 0.015073567 -0.000420681
v 0.010841028 0.015073567 0.000420681
v 0.010775829 0.015073567 0.001259512
v 0.010645823 0.015073567 0.002090769
v 0.010451791 0.015073567 0.002909451
v 0.010194902 0.015073567 0.003710636
v 0.009876699 0.015073567 0.004489505
v 0.009499097 0.015073567 0.005241373
v 0.009064366 0.015073567 0.005961719
v 0.010556833 0.014894860 -0.000409653
v 0.010556833 0.014894860 0.000409653
v 0.010493343 0.014894860 0.001226494
v 0.010366745 0.014894860 0.002035960
v 0.010177800 0.014894860 0.002833181
v 0.009927645 0.014894860 0.003613363
v 0.009617784 0.014894860 0.004371813
v 0.009250080 0.014894860 0.005103971
v 0.010775829 0.015073567 -0.001259512
v 0.010645823 0.015073567 -0.002090769
v 0.010319500 0.014657347 -0.000400443
v 0.010319500 0.014657347 0.000400443
v 0.010257436 0.014657347 0.001198921
v 0.010133685 0.014657347 0.001990188
v 0.009948988 0.014657347 0.002769486
v 0.009704456 0.014657347 0.003532129
v 0.009401561 0.014657347 0.004273528
v 0.010493343 0.014894860 -0.001226494
v 0.010366745 0.014894860 -0.002035960
v 0.010140928 0.014372939 -0.000393514
v 0.010140928 0.014372939 0.000393514
v 0.010079939 0.014372939 0.001178174
v 0.009958328 0.014372939 0.001955749
v 0.009776827 0.014372939 0.002721562
v 0.009536527 0.014372939 0.003471007
v 0.010257436 0.014657347 -0.001198921
v 0.010133685 0.014657347 -0.001990188
v 0.010079939 0.014372939 -0.001178174
v 0.009958328 0.014372939 -0.001955749
v 0.009876699 0.015073567 -0.004489505
v 0.009499097 0.015073567 -0.005241373
v 0.009617784 0.014894860 -0.004371813
v 0.009250080 0.014894860 -0.005103971
v 0.008826746 0.014894860 -0.005805433
v 0.009401561 0.014657347 -0.004273528
v 0.009042124 0.014657347 -0.004989226
v 0.008628307 0.014657347 -0.005674918
v 0.008162598 0.014657347 -0.006326481
v 0.009238874 0.014372939 -0.004199577
v 0.008885657 0.014372939 -0.004902891
v 0.008479000 0.014372939 -0.005576717
v 0.008021350 0.014372939 -0.006217005
v 0.007515459 0.014372939 -0.006819903
v -0.003512233 0.015073567 -0.010264926
v -0.004184477 0.014894860 -0.009700738
v -0.004812936 0.014657347 -0.009137158
v -0.005411237 0.014372939 -0.008585533
v -0.004297126 0.015073567 -0.009961886
v -0.004923627 0.014894860 -0.009347301
v -0.005506524 0.014657347 -0.008736715
v -0.006060279 0.014372939 -0.008140385
v -0.005056175 0.015073567 -0.009598935
v -0.005633167 0.014894860 -0.008937648
v -0.006166995 0.014657347 -0.008283729
v -0.006672873 0.014372939 -0.007646279
v -0.005784815 0.015073567 -0.009178254
v -0.006308827 0.014894860 -0.008474243
v -0.006790377 0.014657347 -0.007780923
v -0.007246359 0.014372939 -0.007105145
v -0.006478665 0.015073567 -0.008702374
v -0.006946546 0.014894860 -0.007959873
v -0.007374481 0.014657347 -0.007229730
v -0.007774225 0.014372939 -0.006523360
v -0.007133551 0.015073567 -0.008174157
v -0.007544616 0.014894860 -0.007395461
v -0.007911122 0.014657347 -0.006638230
v -0.008256358 0.014372939 -0.005901299
v -0.007748268 0.015073567 -0.007593993
v -0.008093067 0.014894860 -0.006790900
v -0.008401745 0.014657347 -0.006005216
v -0.008688836 0.014372939 -0.005243748
v -0.009695163 0.015073567 0.004869101
v -0.009441006 0.014894860 0.004741458
v -0.009045189 0.014894860 0.005458807
v -0.009228757 0.014657347 0.004634862
v -0.008841839 0.014657347 0.005336085
v -0.008401745 0.014657347 0.006005216
v -0.009069060 0.014372939 0.004554659
v -0.008688836 0.014372939 0.005243748
v -0.008256358 0.014372939 0.005901299
v -0.007774225 0.014372939 0.006523360
v -0.007246359 0.014372939 0.007105145
v 0.001468246 0.015073567 0.010749367
v 0.002296825 0.015073567 0.010603266
v 0.003111591 0.015073567 0.010393395
v 0.003907644 0.015073567 0.010121018
v 0.004680195 0.015073567 0.009787772
v 0.005424600 0.015073567 0.009395660
v 0.001429756 0.014894860 0.010467574
v 0.002236615 0.014894860 0.010325303
v 0.003030022 0.014894860 0.010120934
v 0.003805206 0.014894860 0.009855698
v 0.004557506 0.014894860 0.009531187
v 0.005282395 0.014894860 0.009149355
v 0.001397614 0.014657347 0.010232246
v 0.002186332 0.014657347 0.010093174
v 0.002961903 0.014657347 0.009893400
v 0.003719659 0.014657347 0.009634126
v 0.004455046 0.014657347 0.009316911
v 0.005163639 0.014657347 0.008943664
v 0.001373429 0.014372939 0.010055184
v 0.002148500 0.014372939 0.009918518
v 0.002910649 0.014372939 0.009722201
v 0.003655293 0.014372939 0.009467414
v 0.004377955 0.014372939 0.009155688
v 0.005074287 0.014372939 0.008788899
v 0.014291007 0.015222113 0.001058316
v 0.014330140 0.015222113 -0.000000000
v 0.014291007 0.015222113 -0.001058316
v 0.014173821 0.015222113 -0.002110852
v 0.013979224 0.015222113 -0.003151859
v 0.013708275 0.015222113 -0.004175652
v 0.013362459 0.015222113 -0.005176639
v 0.012943660 0.015222113 -0.006149353
v 0.012454168 0.015222113 -0.007088481
v 0.011896656 0.015222113 -0.007988894
v 0.011274168 0.015222113 -0.008845675
v 0.010590105 0.015222113 -0.009654144
v 0.009848202 0.015222113 -0.010409885
v 0.009052512 0.015222113 -0.011108771
v 0.008207380 0.015222113 -0.011746985
v 0.007317423 0.015222113 -0.012321041
v 0.006387500 0.015222113 -0.012827804
v 0.005422691 0.015222113 -0.013264505
v 0.004428266 0.015222113 -0.013628760
v 0.003409655 0.015222113 -0.013918581
v 0.002372421 0.015222113 -0.014132382
v 0.001322230 0.015222113 -0.014268997
v 0.000264818 0.015222113 -0.014327681
v -0.000794040 0.015222113 -0.014308110
v -0.001848562 0.015222113 -0.014210395
v -0.002892988 0.015222113 -0.014035067
v -0.003921612 0.015222113 -0.013783084
v -0.004928819 0.015222113 -0.013455823
v -0.005909105 0.015222113 -0.013055070
v -0.006857118 0.015222113 -0.012583015
v -0.007767681 0.015222113 -0.012042237
v -0.008635818 0.015222113 -0.011435688
v -0.009456789 0.015222113 -0.010766682
v -0.010226111 0.015222113 -0.010038871
v -0.010939581 0.015222113 -0.009256231
v -0.011593303 0.015222113 -0.008423038
v -0.012183707 0.015222113 -0.007543840
v -0.012707567 0.015222113 -0.006623440
v -0.013162022 0.015222113 -0.005666866
v -0.013544591 0.015222113 -0.004679341
v -0.013853184 0.015222113 -0.003666260
v -0.014086116 0.015222113 -0.002633154
v -0.014242114 0.015222113 -0.001585667
v -0.014320327 0.015222113 -0.000529520
v -0.014320327 0.015222113 0.000529520
v -0.014242114 0.015222113 0.001585667
v -0.014086116 0.015222113 0.002633154
v -0.013853184 0.015222113 0.003666260
v -0.013544591 0.015222113 0.004679341
v -0.013162022 0.015222113 0.005666866
v -0.012707567 0.015222113 0.006623440
v -0.012183707 0.015222113 0.007543840
v -0.011593303 0.015222113 0.008423038
v -0.010939581 0.015222113 0.009256231
v -0.010226111 0.015222113 0.010038871
v -0.009456789 0.015222113 0.010766682
v -0.008635818 0.015222113 0.011435688
v -0.007767681 0.015222113 0.012042237
v -0.006857118 0.015222113 0.012583015
v -0.005909105 0.015222113 0.013055070
v -0.004928819 0.015222113 0.013455823
v -0.003921612 0.015222113 0.013783084
v -0.002892988 0.015222113 0.014035067
v -0.001848562 0.015222113 0.014210395
v -0.000794040 0.015222113 0.014308110
v 0.000264818 0.015222113 0.014327681
v 0.001322230 0.015222113 0.014268997
v 0.002372421 0.015222113 0.014132382
v 0.003409655 0.015222113 0.013918581
v 0.004428266 0.015222113 0.013628760
v 0.005422691 0.015222113 0.013264505
v 0.006387500 0.015222113 0.012827804
v 0.007317423 0.015222113 0.012321041
v 0.008207380 0.015222113 0.011746985
v 0.009052512 0.015222113 0.011108771
v 0.009848202 0.015222113 0.010409885
v 0.010590105 0.015222113 0.009654144
v 0.011274168 0.015222113 0.008845675
v 0.011896656 0.015222113 0.007988894
v 0.012454168 0.015222113 0.007088481
v 0.012943660 0.015222113 0.006149353
v 0.013362459 0.015222113 0.005176639
v 0.013708275 0.015222113 0.004175652
v 0.013979224 0.015222113 0.003151859
v 0.014173821 0.015222113 0.002110852
v 0.014960911 0.012722113 0.001082366
v 0.015000013 0.012722113 -0.000000000
v 0.014960911 0.012722113 -0.001082366
v 0.014843811 0.012722113 -0.002159090
v 0.014649321 0.012722113 -0.003224557
v 0.014378458 0.012722113 -0.004273212
v 0.014032631 0.012722113 -0.005299589
v 0.013613644 0.012722113 -0.006298337
v 0.013123683 0.012722113 -0.007264247
v 0.012565301 0.012722113 -0.008192286
v 0.011941409 0.012722113 -0.009077613
v 0.011255260 0.012722113 -0.009915614
v 0.010510432 0.012722113 -0.010701920
v 0.009710807 0.012722113 -0.011432431
v 0.008860555 0.012722113 -0.012103338
v 0.007964108 0.012722113 -0.012711144
v 0.007026139 0.012722113 -0.013252681
v 0.006051541 0.012722113 -0.013725123
v 0.005045391 0.012722113 -0.014126010
v 0.004012938 0.012722113 -0.014453250
v 0.002959563 0.012722113 -0.014705137
v 0.001890759 0.012722113 -0.014880359
v 0.000812097 0.012722113 -0.014978002
v -0.000270799 0.012722113 -0.014997555
v -0.001352283 0.012722113 -0.014938919
v -0.002426717 0.012722113 -0.014802398
v -0.003488499 0.012722113 -0.014588704
v -0.004532093 0.012722113 -0.014298951
v -0.005552060 0.012722113 -0.013934650
v -0.006543080 0.012722113 -0.013497702
v -0.007499987 0.012722113 -0.012990381
v -0.008417793 0.012722113 -0.012415335
v -0.009291712 0.012722113 -0.011775561
v -0.010117189 0.012722113 -0.011074395
v -0.010889920 0.012722113 -0.010315492
v -0.011605874 0.012722113 -0.009502809
v -0.012261322 0.012722113 -0.008640582
v -0.012852845 0.012722113 -0.007733308
v -0.013377359 0.012722113 -0.006785716
v -0.013832129 0.012722113 -0.005802746
v -0.014214785 0.012722113 -0.004789523
v -0.014523331 0.012722113 -0.003751330
v -0.014756160 0.012722113 -0.002693579
v -0.014912056 0.012722113 -0.001621785
v -0.014990208 0.012722113 -0.000541536
v -0.014990208 0.012722113 0.000541536
v -0.014912056 0.012722113 0.001621785
v -0.014756160 0.012722113 0.002693579
v -0.014523331 0.012722113 0.003751330
v -0.014214785 0.012722113 0.004789523
v -0.013832129 0.012722113 0.005802746
v -0.013377359 0.012722113 0.006785716
v -0.012852845 0.012722113 0.007733308
v -0.012261322 0.012722113 0.008640582
v -0.011605874 0.012722113 0.009502809
v -0.010889920 0.012722113 0.010315492
v -0.010117189 0.012722113 0.011074395
v -0.009291712 0.012722113 0.011775561
v -0.008417793 0.012722113 0.012415335
v -0.007499987 0.012722113 0.012990381
v -0.006543080 0.012722113 0.013497702
v -0.005552060 0.012722113 0.013934650
v -0.004532093 0.012722113 0.014298951
v -0.003488499 0.012722113 0.014588704
v -0.002426717 0.012722113 0.014802398
v -0.001352283 0.012722113 0.014938919
v -0.000270799 0.012722113 0.014997555
v 0.000812097 0.012722113 0.014978002
v 0.001890759 0.012722113 0.014880359
v 0.002959563 0.012722113 0.014705137
v 0.004012938 0.012722113 0.014453250
v 0.005045391 0.012722113 0.014126010
v 0.006051541 0.012722113 0.013725123
v 0.007026139 0.012722113 0.013252681
v 0.007964108 0.012722113 0.012711144
v 0.008860555 0.012722113 0.012103338
v 0.009710807 0.012722113 0.011432431
v 0.010510432 0.012722113 0.010701920
v 0.011255260 0.012722113 0.009915614
v 0.011941409 0.012722113 0.009077613
v 0.012565301 0.012722113 0.008192286
v 0.013123683 0.012722113 0.007264247
v 0.013613644 0.012722113 0.006298337
v 0.014032631 0.012722113 0.005299589
v 0.014378458 0.012722113 0.004273212
v 0.014649321 0.012722113 0.003224557
v 0.014843811 0.012722113 0.002159090
v 0.014960911 -0.004277887 -0.001082366
v 0.015000013 -0.004277887 -0.000000000
v 0.014960911 -0.004277887 0.001082366
v 0.014843811 -0.004277887 0.002159090
v 0.014649321 -0.004277887 0.003224557
v 0.014378458 -0.004277887 0.004273212
v 0.014032631 -0.004277887 0.005299589
v 0.013613644 -0.004277887 0.006298337
v 0.013123683 -0.004277887 0.007264247
v 0.012565301 -0.004277887 0.008192286
v 0.011941409 -0.004277887 0.009077613
v 0.011255260 -0.004277887 0.009915614
v 0.010510432 -0.004277887 0.010701920
v 0.009710807 -0.004277887 0.011432431
v 0.008860555 -0.004277887 0.012103338
v 0.007964108 -0.004277887 0.012711144
v 0.007026139 -0.004277887 0.013252681
v 0.006051541 -0.004277887 0.013725123
v 0.005045391 -0.004277887 0.014126010
v 0.004012938 -0.004277887 0.014453250
v 0.002959563 -0.004277887 0.014705137
v 0.001890759 -0.004277887 0.014880359
v 0.000812097 -0.004277887 0.014978002
v -0.000270799 -0.004277887 0.014997555
v -0.001352283 -0.004277887 0.014938919
v -0.002426717 -0.004277887 0.014802398
v -0.003488499 -0.004277887 0.014588704
v -0.004532093 -0.004277887 0.014298951
v -0.005552060 -0.004277887 0.013934650
v -0.006543080 -0.004277887 0.013497702
v -0.007499987 -0.004277887 0.012990381
v -0.008417793 -0.004277887 0.012415335
v -0.009291712 -0.004277887 0.011775561
v -0.010117189 -0.004277887 0.011074395
v -0.010889920 -0.004277887 0.010315492
v -0.011605874 -0.004277887 0.009502809
v -0.012261322 -0.004277887 0.008640582
v -0.012852845 -0.004277887 0.007733308
v -0.013377359 -0.004277887 0.006785716
v -0.013832129 -0.004277887 0.005802746
v -0.014214785 -0.004277887 0.004789523
v -0.014523331 -0.004277887 0.003751330
v -0.014756160 -0.004277887 0.002693579
v -0.014912056 -0.004277887 0.001621785
v -0.014990208 -0.004277887 0.000541536
v -0.014990208 -0.004277887 -0.000541536
v -0.014912056 -0.004277887 -0.001621785
v -0.014756160 -0.004277887 -0.002693579
v -0.014523331 -0.004277887 -0.003751330
v -0.014214785 -0.004277887 -0.004789523
v -0.013832129 -0.004277887 -0.005802746
v -0.013377359 -0.004277887 -0.006785716
v -0.012852845 -0.004277887 -0.007733308
v -0.012261322 -0.004277887 -0.008640582
v -0.011605874 -0.004277887 -0.009502809
v -0.010889920 -0.004277887 -0.010315492
v -0.010117189 -0.004277887 -0.011074395
v -0.009291712 -0.004277887 -0.011775561
v -0.008417793 -0.004277887 -0.012415335
v -0.007499987 -0.004277887 -0.012990381
v -0.006543080 -0.004277887 -0.013497702
v -0.005552060 -0.004277887 -0.013934650
v -0.004532093 -0.004277887 -0.014298951
v -0.003488499 -0.004277887 -0.014588704
v -0.002426717 -0.004277887 -0.014802398
v -0.001352283 -0.004277887 -0.014938919
v -0.000270799 -0.004277887 -0.014997555
v 0.000812097 -0.004277887 -0.014978002
v 0.001890759 -0.004277887 -0.014880359
v 0.002959563 -0.004277887 -0.014705137
v 0.004012938 -0.004277887 -0.014453250
v 0.005045391 -0.004277887 -0.014126010
v 0.006051541 -0.004277887 -0.013725123
v 0.007026139 -0.004277887 -0.013252681
v 0.007964108 -0.004277887 -0.012711144
v 0.008860555 -0.004277887 -0.012103338
v 0.009710807 -0.004277887 -0.011432431
v 0.010510432 -0.004277887 -0.010701920
v 0.011255260 -0.004277887 -0.009915614
v 0.011941409 -0.004277887 -0.009077613
v 0.012565301 -0.004277887 -0.008192286
v 0.013123683 -0.004277887 -0.007264247
v 0.013613644 -0.004277887 -0.006298337
v 0.014032631 -0.004277887 -0.005299589
v 0.014378458 -0.004277887 -0.004273212
v 0.014649321 -0.004277887 -0.003224557
v 0.014843811 -0.004277887 -0.002159090
v 0.014980469 -0.004407296 0.001047536
v 0.015017050 -0.004407296 -0.000000000
v 0.014980469 -0.004407296 -0.001047536
v 0.015067000 -0.004527887 -0.000000000
v 0.015030298 -0.004527887 -0.001051020
v 0.015146459 -0.004631440 -0.000000000
v 0.015109563 -0.004631440 -0.001056563
v 0.015250013 -0.004710899 -0.000000000
v 0.015212865 -0.004710899 -0.001063786
v 0.015370603 -0.004760850 -0.000000000
v 0.015333162 -0.004760850 -0.001072198
v 0.015500013 -0.004777887 -0.000000000
v 0.015461403 -0.004777887 -0.001093354
v 0.014870906 -0.004407296 0.002089968
v 0.014688892 -0.004407296 0.003122218
v 0.014435316 -0.004407296 0.004139256
v 0.014111412 -0.004407296 0.005136129
v 0.013718759 -0.004407296 0.006107979
v 0.013259269 -0.004407296 0.007050072
v 0.012735182 -0.004407296 0.007957817
v 0.012149051 -0.004407296 0.008826793
v 0.011503730 -0.004407296 0.009652765
v 0.010802366 -0.004407296 0.010431710
v 0.010048372 -0.004407296 0.011159833
v 0.009245424 -0.004407296 0.011833587
v 0.008397434 -0.004407296 0.012449688
v 0.007508532 -0.004407296 0.013005136
v 0.006583049 -0.004407296 0.013497224
v 0.005625494 -0.004407296 0.013923554
v 0.004640533 -0.004407296 0.014282051
v 0.003632963 -0.004407296 0.014570967
v 0.002607694 -0.004407296 0.014788895
v 0.001569721 -0.004407296 0.014934772
v 0.000524100 -0.004407296 0.015007889
v -0.000524074 -0.004407296 0.015007889
v -0.001569695 -0.004407296 0.014934772
v -0.002607668 -0.004407296 0.014788895
v -0.003632937 -0.004407296 0.014570967
v -0.004640507 -0.004407296 0.014282051
v -0.005625468 -0.004407296 0.013923554
v -0.006583023 -0.004407296 0.013497224
v -0.007508506 -0.004407296 0.013005136
v -0.008397408 -0.004407296 0.012449688
v -0.008425339 -0.004527887 0.012491098
v -0.009276151 -0.004527887 0.011872948
v -0.009325071 -0.004631440 0.011935563
v -0.010134938 -0.004631440 0.011256003
v -0.010204229 -0.004710899 0.011332958
v -0.010969919 -0.004710899 0.010593540
v -0.011056665 -0.004760850 0.010677309
v -0.011774542 -0.004760850 0.009880025
v -0.011432918 -0.004777887 0.010466044
v -0.012142702 -0.004777887 0.009633507
v -0.012435056 -0.004760850 0.009034606
v -0.012791993 -0.004777887 0.008752975
v -0.013034987 -0.004760850 0.008145172
v -0.013377554 -0.004777887 0.007828837
v -0.013571412 -0.004760850 0.007216055
v -0.013896469 -0.004777887 0.006865696
v -0.014041720 -0.004760850 0.006251782
v -0.014346153 -0.004777887 0.005868350
v -0.014443617 -0.004760850 0.005257051
v -0.014724364 -0.004777887 0.004841769
v -0.014775147 -0.004760850 0.004236709
v -0.015029219 -0.004777887 0.003791066
v -0.015034693 -0.004760850 0.003195725
v -0.015259199 -0.004777887 0.002721476
v -0.015220991 -0.004760850 0.002139173
v -0.015413160 -0.004777887 0.001638328
v -0.015333136 -0.004760850 0.001072198
v -0.015490331 -0.004777887 0.000547018
v -0.015370577 -0.004760850 -0.000000000
v -0.015490331 -0.004777887 -0.000547018
v -0.015333136 -0.004760850 -0.001072198
v -0.015413160 -0.004777887 -0.001638328
v -0.015220991 -0.004760850 -0.002139173
v -0.015259199 -0.004777887 -0.002721476
v -0.015034693 -0.004760850 -0.003195725
v -0.015029219 -0.004777887 -0.003791066
v -0.014775147 -0.004760850 -0.004236709
v -0.014724364 -0.004777887 -0.004841769
v -0.014443617 -0.004760850 -0.005257051
v -0.014346153 -0.004777887 -0.005868350
v -0.014041720 -0.004760850 -0.006251782
v -0.013896469 -0.004777887 -0.006865696
v -0.013571412 -0.004760850 -0.007216055
v -0.013377554 -0.004777887 -0.007828837
v -0.013034987 -0.004760850 -0.008145172
v -0.012791993 -0.004777887 -0.008752975
v -0.012435056 -0.004760850 -0.009034606
v -0.012142702 -0.004777887 -0.009633507
v -0.011774542 -0.004760850 -0.009880025
v -0.011432918 -0.004777887 -0.010466044
v -0.011056665 -0.004760850 -0.010677309
v -0.010666175 -0.004777887 -0.011246441
v -0.010284919 -0.004760850 -0.011422575
v -0.009846294 -0.004777887 -0.011970808
v -0.009463067 -0.004760850 -0.012112190
v -0.008977358 -0.004777887 -0.012635537
v -0.008595112 -0.004760850 -0.012742797
v -0.008063698 -0.004777887 -0.013237317
v -0.007685282 -0.004760850 -0.013311322
v -0.007109866 -0.004777887 -0.013773149
v -0.006738010 -0.004760850 -0.013814995
v -0.006120611 -0.004777887 -0.014240364
v -0.005757912 -0.004760850 -0.014251364
v -0.005100865 -0.004777887 -0.014636634
v -0.004749761 -0.004760850 -0.014618300
v -0.004055705 -0.004777887 -0.014959985
v -0.003718469 -0.004760850 -0.014914019
v -0.002990341 -0.004777887 -0.015208806
v -0.002669062 -0.004760850 -0.015137076
v -0.001910079 -0.004777887 -0.015381858
v -0.001606651 -0.004760850 -0.015286388
v -0.000820301 -0.004777887 -0.015478278
v -0.000536413 -0.004760850 -0.015361227
v 0.000273564 -0.004777887 -0.015497586
v 0.000536439 -0.004760850 -0.015361227
v 0.001366067 -0.004777887 -0.015439686
v 0.001606677 -0.004760850 -0.015286388
v 0.002451763 -0.004777887 -0.015304866
v 0.002669088 -0.004760850 -0.015137076
v 0.003525245 -0.004777887 -0.015093798
v 0.003718495 -0.004760850 -0.014914019
v 0.004581165 -0.004777887 -0.014807533
v 0.004749787 -0.004760850 -0.014618300
v 0.005614261 -0.004777887 -0.014447498
v 0.005757938 -0.004760850 -0.014251364
v 0.006619388 -0.004777887 -0.014015487
v 0.006738036 -0.004760850 -0.013814995
v 0.007591537 -0.004777887 -0.013513651
v 0.007685308 -0.004760850 -0.013311322
v 0.008525865 -0.004777887 -0.012944490
v 0.008595138 -0.004760850 -0.012742797
v 0.009417719 -0.004777887 -0.012310842
v 0.009463093 -0.004760850 -0.012112190
v 0.010262653 -0.004777887 -0.011615860
v 0.010284945 -0.004760850 -0.011422575
v 0.011056460 -0.004777887 -0.010863009
v 0.011056691 -0.004760850 -0.010677309
v 0.011795184 -0.004777887 -0.010056040
v 0.011774568 -0.004760850 -0.009880025
v 0.012475145 -0.004777887 -0.009198972
v 0.012435082 -0.004760850 -0.009034606
v 0.013092956 -0.004777887 -0.008296074
v 0.013035013 -0.004760850 -0.008145172
v 0.013645538 -0.004777887 -0.007351846
v 0.013571438 -0.004760850 -0.007216055
v 0.014130139 -0.004777887 -0.006370992
v 0.014041746 -0.004760850 -0.006251782
v 0.014544345 -0.004777887 -0.005358397
v 0.014443643 -0.004760850 -0.005257051
v 0.014886091 -0.004777887 -0.004319108
v 0.014775173 -0.004760850 -0.004236709
v 0.015153675 -0.004777887 -0.003258301
v 0.015034719 -0.004760850 -0.003195725
v 0.015345765 -0.004777887 -0.002181261
v 0.015221017 -0.004760850 -0.002139173
v -0.009245398 -0.004407296 0.011833587
v -0.010081769 -0.004527887 0.011196954
v -0.010895429 -0.004631440 0.010521605
v -0.011682165 -0.004710899 0.009802511
v -0.010048346 -0.004407296 0.011159833
v -0.010838271 -0.004527887 0.010466409
v -0.011602838 -0.004631440 0.009735949
v -0.012337496 -0.004710899 0.008963725
v -0.010802340 -0.004407296 0.010431710
v -0.011541969 -0.004527887 0.009684873
v -0.012253720 -0.004631440 0.008902858
v -0.012932721 -0.004710899 0.008081268
v -0.011503704 -0.004407296 0.009652765
v -0.012189435 -0.004527887 0.008856153
v -0.012844902 -0.004631440 0.008026394
v -0.013464938 -0.004710899 0.007159441
v -0.012149025 -0.004407296 0.008826793
v -0.012777517 -0.004527887 0.007984287
v -0.013373506 -0.004631440 0.007110826
v -0.013931555 -0.004710899 0.006202734
v -0.012735156 -0.004407296 0.007957817
v -0.013303347 -0.004527887 0.007073522
v -0.013836954 -0.004631440 0.006160615
v -0.014330300 -0.004710899 0.005215807
v -0.013259243 -0.004407296 0.007050072
v -0.013764365 -0.004527887 0.006128296
v -0.014232992 -0.004631440 0.005180390
v -0.014659228 -0.004710899 0.004203470
v -0.013718733 -0.004407296 0.006107979
v -0.014158324 -0.004527887 0.005153213
v -0.014559686 -0.004631440 0.004174926
v -0.014916738 -0.004710899 0.003170653
v -0.014111386 -0.004407296 0.005136129
v -0.014483304 -0.004527887 0.004153025
v -0.014815447 -0.004631440 0.003149123
v -0.015101575 -0.004710899 0.002122390
v -0.014435290 -0.004407296 0.004139256
v -0.014737725 -0.004527887 0.003132603
v -0.014999030 -0.004631440 0.002107978
v -0.015212839 -0.004710899 0.001063786
v -0.014688866 -0.004407296 0.003122218
v -0.014920344 -0.004527887 0.002096919
v -0.015109537 -0.004631440 0.001056563
v -0.015249987 -0.004710899 -0.000000000
v -0.014870880 -0.004407296 0.002089968
v -0.015030272 -0.004527887 0.001051020
v -0.015146433 -0.004631440 -0.000000000
v -0.015212839 -0.004710899 -0.001063786
v -0.014980443 -0.004407296 0.001047536
v -0.015066974 -0.004527887 -0.000000000
v -0.015109537 -0.004631440 -0.001056563
v -0.015101575 -0.004710899 -0.002122390
v -0.015017024 -0.004407296 -0.000000000
v -0.015030272 -0.004527887 -0.001051020
v -0.014999030 -0.004631440 -0.002107978
v -0.014916738 -0.004710899 -0.003170653
v -0.014980443 -0.004407296 -0.001047536
v -0.014920344 -0.004527887 -0.002096919
v -0.014815447 -0.004631440 -0.003149123
v -0.014659228 -0.004710899 -0.004203470
v -0.014870880 -0.004407296 -0.002089968
v -0.014737725 -0.004527887 -0.003132603
v -0.014559686 -0.004631440 -0.004174926
v -0.014330300 -0.004710899 -0.005215807
v -0.014688866 -0.004407296 -0.003122218
v -0.014483304 -0.004527887 -0.004153025
v -0.014232992 -0.004631440 -0.005180390
v -0.013931555 -0.004710899 -0.006202734
v -0.014435290 -0.004407296 -0.004139256
v -0.014158324 -0.004527887 -0.005153213
v -0.013836954 -0.004631440 -0.006160615
v -0.013464938 -0.004710899 -0.007159441
v -0.014111386 -0.004407296 -0.005136129
v -0.013764365 -0.004527887 -0.006128296
v -0.013373506 -0.004631440 -0.007110826
v -0.012932721 -0.004710899 -0.008081268
v -0.013718733 -0.004407296 -0.006107979
v -0.013303347 -0.004527887 -0.007073522
v -0.012844902 -0.004631440 -0.008026394
v -0.012337496 -0.004710899 -0.008963725
v -0.013259243 -0.004407296 -0.007050072
v -0.012777517 -0.004527887 -0.007984287
v -0.012253720 -0.004631440 -0.008902858
v -0.011682165 -0.004710899 -0.009802511
v -0.012735156 -0.004407296 -0.007957817
v -0.012189435 -0.004527887 -0.008856153
v -0.011602838 -0.004631440 -0.009735949
v -0.010969919 -0.004710899 -0.010593540
v -0.012149025 -0.004407296 -0.008826793
v -0.011541969 -0.004527887 -0.009684873
v -0.010895429 -0.004631440 -0.010521605
v -0.010204229 -0.004710899 -0.011332958
v -0.011503704 -0.004407296 -0.009652765
v -0.010838271 -0.004527887 -0.010466409
v -0.010134938 -0.004631440 -0.011256003
v -0.009388825 -0.004710899 -0.012017164
v -0.010802340 -0.004407296 -0.010431710
v -0.010081769 -0.004527887 -0.011196954
v -0.009325071 -0.004631440 -0.011935563
v -0.008527679 -0.004710899 -0.012642823
v -0.010048346 -0.004407296 -0.011159833
v -0.009276151 -0.004527887 -0.011872948
v -0.008469773 -0.004631440 -0.012556973
v -0.007624987 -0.004710899 -0.013206887
v -0.009245398 -0.004407296 -0.011833587
v -0.008425339 -0.004527887 -0.012491098
v -0.007573210 -0.004631440 -0.013117208
v -0.006685147 -0.004710899 -0.013706609
v -0.008397408 -0.004407296 -0.012449688
v -0.007533481 -0.004527887 -0.013048394
v -0.006639752 -0.004631440 -0.013613536
v -0.005712737 -0.004710899 -0.014139554
v -0.007508506 -0.004407296 -0.013005136
v -0.006604919 -0.004527887 -0.013542118
v -0.005673946 -0.004631440 -0.014043541
v -0.004712496 -0.004710899 -0.014503612
v -0.006583023 -0.004407296 -0.013497224
v -0.005625468 -0.004407296 -0.013923554
v -0.004640507 -0.004407296 -0.014282051
v -0.003632937 -0.004407296 -0.014570967
v -0.002607668 -0.004407296 -0.014788895
v -0.001569695 -0.004407296 -0.014934772
v -0.000524074 -0.004407296 -0.015007889
v 0.000524100 -0.004407296 -0.015007889
v 0.001569721 -0.004407296 -0.014934772
v 0.002607694 -0.004407296 -0.014788895
v 0.003632963 -0.004407296 -0.014570967
v 0.004640533 -0.004407296 -0.014282051
v 0.005625494 -0.004407296 -0.013923554
v 0.006583049 -0.004407296 -0.013497224
v 0.007508532 -0.004407296 -0.013005136
v 0.008397434 -0.004407296 -0.012449688
v 0.009245424 -0.004407296 -0.011833587
v 0.010048372 -0.004407296 -0.011159833
v 0.010802366 -0.004407296 -0.010431710
v 0.011503730 -0.004407296 -0.009652765
v 0.012149051 -0.004407296 -0.008826793
v 0.012735182 -0.004407296 -0.007957817
v 0.013259269 -0.004407296 -0.007050072
v 0.013718759 -0.004407296 -0.006107979
v 0.014111412 -0.004407296 -0.005136129
v 0.014435316 -0.004407296 -0.004139256
v 0.014688892 -0.004407296 -0.003122218
v 0.014870906 -0.004407296 -0.002089968
v -0.010666175 -0.004777887 0.011246441
v -0.010284919 -0.004760850 0.011422575
v -0.009388825 -0.004710899 0.012017164
v -0.008469773 -0.004631440 0.012556973
v -0.007533481 -0.004527887 0.013048394
v -0.009846294 -0.004777887 0.011970808
v -0.009463067 -0.004760850 0.012112190
v -0.008527679 -0.004710899 0.012642823
v -0.007573210 -0.004631440 0.013117208
v -0.006604919 -0.004527887 0.013542118
v -0.008977358 -0.004777887 0.012635537
v -0.008595112 -0.004760850 0.012742797
v -0.007624987 -0.004710899 0.013206887
v -0.006639752 -0.004631440 0.013613536
v -0.005644180 -0.004527887 0.013969868
v -0.008063698 -0.004777887 0.013237317
v -0.007685282 -0.004760850 0.013311322
v -0.006685147 -0.004710899 0.013706609
v -0.005673946 -0.004631440 0.014043541
v -0.004655942 -0.004527887 0.014329556
v -0.007109866 -0.004777887 0.013773149
v -0.006738010 -0.004760850 0.013814995
v -0.005712737 -0.004710899 0.014139554
v -0.004680497 -0.004631440 0.014405127
v -0.003645021 -0.004527887 0.014619433
v -0.006120611 -0.004777887 0.014240364
v -0.005757912 -0.004760850 0.014251364
v -0.004712496 -0.004710899 0.014503612
v -0.003664244 -0.004631440 0.014696532
v -0.002616342 -0.004527887 0.014838086
v -0.005100865 -0.004777887 0.014636634
v -0.004749761 -0.004760850 0.014618300
v -0.003689296 -0.004710899 0.014797009
v -0.002630140 -0.004631440 0.014916338
v -0.001574916 -0.004527887 0.014984448
v -0.004055705 -0.004777887 0.014959985
v -0.003718469 -0.004760850 0.014914019
v -0.002648122 -0.004710899 0.015018318
v -0.001583222 -0.004631440 0.015063473
v -0.000525817 -0.004527887 0.015057809
v -0.002990341 -0.004777887 0.015208806
v -0.002669062 -0.004760850 0.015137076
v -0.001594046 -0.004710899 0.015166459
v -0.000528590 -0.004631440 0.015137219
v 0.000525843 -0.004527887 0.015057809
v -0.001910079 -0.004777887 0.015381858
v -0.001606651 -0.004760850 0.015286388
v -0.000532204 -0.004710899 0.015240710
v 0.000528616 -0.004631440 0.015137219
v 0.001574942 -0.004527887 0.014984448
v -0.000820301 -0.004777887 0.015478278
v -0.000536413 -0.004760850 0.015361227
v 0.000532230 -0.004710899 0.015240710
v 0.001583248 -0.004631440 0.015063473
v 0.002616368 -0.004527887 0.014838086
v 0.000273564 -0.004777887 0.015497586
v 0.000536439 -0.004760850 0.015361227
v 0.001594072 -0.004710899 0.015166459
v 0.002630166 -0.004631440 0.014916338
v 0.003645047 -0.004527887 0.014619433
v 0.001366067 -0.004777887 0.015439686
v 0.001606677 -0.004760850 0.015286388
v 0.002648148 -0.004710899 0.015018318
v 0.003664270 -0.004631440 0.014696532
v 0.004655968 -0.004527887 0.014329556
v 0.002451763 -0.004777887 0.015304866
v 0.002669088 -0.004760850 0.015137076
v 0.003689322 -0.004710899 0.014797009
v 0.004680523 -0.004631440 0.014405127
v 0.005644206 -0.004527887 0.013969868
v 0.003525245 -0.004777887 0.015093798
v 0.003718495 -0.004760850 0.014914019
v 0.004712522 -0.004710899 0.014503612
v 0.005673972 -0.004631440 0.014043541
v 0.006604945 -0.004527887 0.013542118
v 0.004581165 -0.004777887 0.014807533
v 0.004749787 -0.004760850 0.014618300
v 0.005712763 -0.004710899 0.014139554
v 0.006639778 -0.004631440 0.013613536
v 0.007533507 -0.004527887 0.013048394
v 0.005614261 -0.004777887 0.014447498
v 0.005757938 -0.004760850 0.014251364
v 0.006685173 -0.004710899 0.013706609
v 0.007573236 -0.004631440 0.013117208
v 0.008425365 -0.004527887 0.012491098
v 0.006619388 -0.004777887 0.014015487
v 0.006738036 -0.004760850 0.013814995
v 0.007625013 -0.004710899 0.013206887
v 0.008469799 -0.004631440 0.012556973
v 0.009276177 -0.004527887 0.011872948
v 0.007591537 -0.004777887 0.013513651
v 0.007685308 -0.004760850 0.013311322
v 0.008527705 -0.004710899 0.012642823
v 0.009325097 -0.004631440 0.011935563
v 0.010081795 -0.004527887 0.011196954
v 0.008525865 -0.004777887 0.012944490
v 0.008595138 -0.004760850 0.012742797
v 0.009388851 -0.004710899 0.012017164
v 0.010134964 -0.004631440 0.011256003
v 0.010838297 -0.004527887 0.010466409
v 0.009417719 -0.004777887 0.012310842
v 0.009463093 -0.004760850 0.012112190
v 0.010204255 -0.004710899 0.011332958
v 0.010895455 -0.004631440 0.010521605
v 0.011541995 -0.004527887 0.009684873
v 0.010262653 -0.004777887 0.011615860
v 0.010284945 -0.004760850 0.011422575
v 0.010969945 -0.004710899 0.010593540
v 0.011602864 -0.004631440 0.009735949
v 0.012189461 -0.004527887 0.008856153
v 0.011056460 -0.004777887 0.010863009
v 0.011056691 -0.004760850 0.010677309
v 0.011682191 -0.004710899 0.009802511
v 0.012253746 -0.004631440 0.008902858
v 0.012777543 -0.004527887 0.007984287
v 0.011795184 -0.004777887 0.010056040
v 0.011774568 -0.004760850 0.009880025
v 0.012337522 -0.004710899 0.008963725
v 0.012844928 -0.004631440 0.008026394
v 0.013303373 -0.004527887 0.007073522
v 0.012475145 -0.004777887 0.009198972
v 0.012435082 -0.004760850 0.009034606
v 0.012932747 -0.004710899 0.008081268
v 0.013373532 -0.004631440 0.007110826
v 0.013764391 -0.004527887 0.006128296
v 0.013092956 -0.004777887 0.008296074
v 0.013035013 -0.004760850 0.008145172
v 0.013464964 -0.004710899 0.007159441
v 0.013836980 -0.004631440 0.006160615
v 0.014158350 -0.004527887 0.005153213
v 0.013645538 -0.004777887 0.007351846
v 0.013571438 -0.004760850 0.007216055
v 0.013931581 -0.004710899 0.006202734
v 0.014233018 -0.004631440 0.005180390
v 0.014483330 -0.004527887 0.004153025
v 0.014130139 -0.004777887 0.006370992
v 0.014041746 -0.004760850 0.006251782
v 0.014330326 -0.004710899 0.005215807
v 0.014559712 -0.004631440 0.004174926
v 0.014737751 -0.004527887 0.003132603
v 0.014544345 -0.004777887 0.005358397
v 0.014443643 -0.004760850 0.005257051
v 0.014659254 -0.004710899 0.004203470
v 0.014815473 -0.004631440 0.003149123
v 0.014920370 -0.004527887 0.002096919
v 0.014886091 -0.004777887 0.004319108
v 0.014775173 -0.004760850 0.004236709
v 0.014916764 -0.004710899 0.003170653
v 0.014999056 -0.004631440 0.002107978
v 0.015030298 -0.004527887 0.001051020
v 0.015153675 -0.004777887 0.003258301
v 0.015034719 -0.004760850 0.003195725
v 0.015101601 -0.004710899 0.002122390
v 0.015109563 -0.004631440 0.001056563
v 0.015345765 -0.004777887 0.002181261
v 0.015221017 -0.004760850 0.002139173
v 0.015212865 -0.004710899 0.001063786
v 0.015461403 -0.004777887 0.001093354
v 0.015333162 -0.004760850 0.001072198
v -0.005644180 -0.004527887 -0.013969868
v -0.004680497 -0.004631440 -0.014405127
v -0.003689296 -0.004710899 -0.014797009
v -0.004655942 -0.004527887 -0.014329556
v -0.003664244 -0.004631440 -0.014696532
v -0.002648122 -0.004710899 -0.015018318
v -0.003645021 -0.004527887 -0.014619433
v -0.002630140 -0.004631440 -0.014916338
v -0.001594046 -0.004710899 -0.015166459
v -0.002616342 -0.004527887 -0.014838086
v -0.001583222 -0.004631440 -0.015063473
v -0.000532204 -0.004710899 -0.015240710
v -0.001574916 -0.004527887 -0.014984448
v -0.000528590 -0.004631440 -0.015137219
v 0.000532230 -0.004710899 -0.015240710
v -0.000525817 -0.004527887 -0.015057809
v 0.000528616 -0.004631440 -0.015137219
v 0.001594072 -0.004710899 -0.015166459
v 0.000525843 -0.004527887 -0.015057809
v 0.001583248 -0.004631440 -0.015063473
v 0.002648148 -0.004710899 -0.015018318
v 0.001574942 -0.004527887 -0.014984448
v 0.002630166 -0.004631440 -0.014916338
v 0.003689322 -0.004710899 -0.014797009
v 0.002616368 -0.004527887 -0.014838086
v 0.003664270 -0.004631440 -0.014696532
v 0.004712522 -0.004710899 -0.014503612
v 0.003645047 -0.004527887 -0.014619433
v 0.004680523 -0.004631440 -0.014405127
v 0.005712763 -0.004710899 -0.014139554
v 0.004655968 -0.004527887 -0.014329556
v 0.005673972 -0.004631440 -0.014043541
v 0.006685173 -0.004710899 -0.013706609
v 0.005644206 -0.004527887 -0.013969868
v 0.006639778 -0.004631440 -0.013613536
v 0.007625013 -0.004710899 -0.013206887
v 0.006604945 -0.004527887 -0.013542118
v 0.007573236 -0.004631440 -0.013117208
v 0.008527705 -0.004710899 -0.012642823
v 0.007533507 -0.004527887 -0.013048394
v 0.008469799 -0.004631440 -0.012556973
v 0.009388851 -0.004710899 -0.012017164
v 0.008425365 -0.004527887 -0.012491098
v 0.009325097 -0.004631440 -0.011935563
v 0.010204255 -0.004710899 -0.011332958
v 0.009276177 -0.004527887 -0.011872948
v 0.010134964 -0.004631440 -0.011256003
v 0.010969945 -0.004710899 -0.010593540
v 0.010081795 -0.004527887 -0.011196954
v 0.010895455 -0.004631440 -0.010521605
v 0.011682191 -0.004710899 -0.009802511
v 0.010838297 -0.004527887 -0.010466409
v 0.011602864 -0.004631440 -0.009735949
v 0.012337522 -0.004710899 -0.008963725
v 0.011541995 -0.004527887 -0.009684873
v 0.012253746 -0.004631440 -0.008902858
v 0.012932747 -0.004710899 -0.008081268
v 0.012189461 -0.004527887 -0.008856153
v 0.012844928 -0.004631440 -0.008026394
v 0.013464964 -0.004710899 -0.007159441
v 0.012777543 -0.004527887 -0.007984287
v 0.013373532 -0.004631440 -0.007110826
v 0.013931581 -0.004710899 -0.006202734
v 0.013303373 -0.004527887 -0.007073522
v 0.013836980 -0.004631440 -0.006160615
v 0.014330326 -0.004710899 -0.005215807
v 0.013764391 -0.004527887 -0.006128296
v 0.014233018 -0.004631440 -0.005180390
v 0.014659254 -0.004710899 -0.004203470
v 0.014158350 -0.004527887 -0.005153213
v 0.014559712 -0.004631440 -0.004174926
v 0.014916764 -0.004710899 -0.003170653
v 0.014483330 -0.004527887 -0.004153025
v 0.014815473 -0.004631440 -0.003149123
v 0.015101601 -0.004710899 -0.002122390
v 0.014737751 -0.004527887 -0.003132603
v 0.014999056 -0.004631440 -0.002107978
v 0.014920370 -0.004527887 -0.002096919
v 0.019961324 -0.004777887 0.001243393
v 0.020000013 -0.004777887 -0.000000000
v 0.019961324 -0.004777887 -0.001243393
v 0.019845411 -0.004777887 -0.002481975
v 0.019652717 -0.004777887 -0.003710955
v 0.019383993 -0.004777887 -0.004925578
v 0.019040275 -0.004777887 -0.006121145
v 0.018622894 -0.004777887 -0.007293031
v 0.018133464 -0.004777887 -0.008436701
v 0.017573881 -0.004777887 -0.009547730
v 0.016946308 -0.004777887 -0.010621822
v 0.016253172 -0.004777887 -0.011654820
v 0.015497155 -0.004777887 -0.012642729
v 0.014681183 -0.004777887 -0.013581724
v 0.013808413 -0.004777887 -0.014468175
v 0.012882221 -0.004777887 -0.015298651
v 0.011906191 -0.004777887 -0.016069939
v 0.010884097 -0.004777887 -0.016779057
v 0.009819894 -0.004777887 -0.017423258
v 0.008717702 -0.004777887 -0.018000053
v 0.007581781 -0.004777887 -0.018507210
v 0.006416528 -0.004777887 -0.018942764
v 0.005226452 -0.004777887 -0.019305035
v 0.004016154 -0.004777887 -0.019592617
v 0.002790320 -0.004777887 -0.019804398
v 0.001553690 -0.004777887 -0.019939560
v 0.000311049 -0.004777887 -0.019997581
v -0.000932795 -0.004777887 -0.019978235
v -0.002173030 -0.004777887 -0.019881598
v -0.003404858 -0.004777887 -0.019708040
v -0.004623514 -0.004777887 -0.019458237
v -0.005824281 -0.004777887 -0.019133154
v -0.007002516 -0.004777887 -0.018734049
v -0.008153659 -0.004777887 -0.018262465
v -0.009273258 -0.004777887 -0.017720226
v -0.010356980 -0.004777887 -0.017109434
v -0.011400632 -0.004777887 -0.016432446
v -0.012400178 -0.004777887 -0.015691885
v -0.013351750 -0.004777887 -0.014890615
v -0.014251666 -0.004777887 -0.014031736
v -0.015096445 -0.004777887 -0.013118572
v -0.015882820 -0.004777887 -0.012154655
v -0.016607746 -0.004777887 -0.011143712
v -0.017268422 -0.004777887 -0.010089657
v -0.017862288 -0.004777887 -0.008996568
v -0.018387047 -0.004777887 -0.007868672
v -0.018840672 -0.004777887 -0.006710334
v -0.019221405 -0.004777887 -0.005526035
v -0.019527775 -0.004777887 -0.004320356
v -0.019758595 -0.004777887 -0.003097964
v -0.019912974 -0.004777887 -0.001863585
v -0.019990313 -0.004777887 -0.000621997
v -0.019990313 -0.004777887 0.000621997
v -0.019912974 -0.004777887 0.001863585
v -0.019758595 -0.004777887 0.003097964
v -0.019527775 -0.004777887 0.004320356
v -0.019221405 -0.004777887 0.005526035
v -0.018840672 -0.004777887 0.006710334
v -0.018387047 -0.004777887 0.007868672
v -0.017862288 -0.004777887 0.008996568
v -0.017268422 -0.004777887 0.010089657
v -0.016607746 -0.004777887 0.011143712
v -0.015882820 -0.004777887 0.012154655
v -0.015096445 -0.004777887 0.013118572
v -0.014251666 -0.004777887 0.014031736
v -0.013351750 -0.004777887 0.014890615
v -0.012400178 -0.004777887 0.015691885
v -0.011400632 -0.004777887 0.016432446
v -0.010356980 -0.004777887 0.017109434
v -0.009273258 -0.004777887 0.017720226
v -0.008153659 -0.004777887 0.018262465
v -0.007002516 -0.004777887 0.018734049
v -0.005824281 -0.004777887 0.019133154
v -0.004623514 -0.004777887 0.019458237
v -0.003404858 -0.004777887 0.019708040
v -0.002173030 -0.004777887 0.019881598
v -0.000932795 -0.004777887 0.019978235
v 0.000311049 -0.004777887 0.019997581
v 0.001553690 -0.004777887 0.019939560
v 0.002790320 -0.004777887 0.019804398
v 0.004016154 -0.004777887 0.019592617
v 0.005226452 -0.004777887 0.019305035
v 0.006416528 -0.004777887 0.018942764
v 0.007581781 -0.004777887 0.018507210
v 0.008717702 -0.004777887 0.018000053
v 0.009819894 -0.004777887 0.017423258
v 0.010884097 -0.004777887 0.016779057
v 0.011906191 -0.004777887 0.016069939
v 0.012882221 -0.004777887 0.015298651
v 0.013808413 -0.004777887 0.014468175
v 0.014681183 -0.004777887 0.013581724
v 0.015497155 -0.004777887 0.012642729
v 0.016253172 -0.004777887 0.011654820
v 0.016946308 -0.004777887 0.010621822
v 0.017573881 -0.004777887 0.009547730
v 0.018133464 -0.004777887 0.008436701
v 0.018622894 -0.004777887 0.007293031
v 0.019040275 -0.004777887 0.006121145
v 0.019383993 -0.004777887 0.004925578
v 0.019652717 -0.004777887 0.003710955
v 0.019845411 -0.004777887 0.002481975
v 0.019961324 -0.009277887 -0.001243393
v 0.020000013 -0.009277887 -0.000000000
v 0.019961324 -0.009277887 0.001243393
v 0.019845411 -0.009277887 0.002481975
v 0.019652717 -0.009277887 0.003710955
v 0.019383993 -0.009277887 0.004925578
v 0.019040275 -0.009277887 0.006121145
v 0.018622894 -0.009277887 0.007293031
v 0.018133464 -0.009277887 0.008436701
v 0.017573881 -0.009277887 0.009547730
v 0.016946308 -0.009277887 0.010621822
v 0.016253172 -0.009277887 0.011654820
v 0.015497155 -0.009277887 0.012642729
v 0.014681183 -0.009277887 0.013581724
v 0.013808413 -0.009277887 0.014468175
v 0.012882221 -0.009277887 0.015298651
v 0.011906191 -0.009277887 0.016069939
v 0.010884097 -0.009277887 0.016779057
v 0.009819894 -0.009277887 0.017423258
v 0.008717702 -0.009277887 0.018000053
v 0.007581781 -0.009277887 0.018507210
v 0.006416528 -0.009277887 0.018942764
v 0.005226452 -0.009277887 0.019305035
v 0.004016154 -0.009277887 0.019592617
v 0.002790320 -0.009277887 0.019804398
v 0.001553690 -0.009277887 0.019939560
v 0.000311049 -0.009277887 0.019997581
v -0.000932795 -0.009277887 0.019978235
v -0.002173030 -0.009277887 0.019881598
v -0.003404858 -0.009277887 0.019708040
v -0.004623514 -0.009277887 0.019458237
v -0.005824281 -0.009277887 0.019133154
v -0.007002516 -0.009277887 0.018734049
v -0.008153659 -0.009277887 0.018262465
v -0.009273258 -0.009277887 0.017720226
v -0.010356980 -0.009277887 0.017109434
v -0.011400632 -0.009277887 0.016432446
v -0.012400178 -0.009277887 0.015691885
v -0.013351750 -0.009277887 0.014890615
v -0.014251666 -0.009277887 0.014031736
v -0.015096445 -0.009277887 0.013118572
v -0.015882820 -0.009277887 0.012154655
v -0.016607746 -0.009277887 0.011143712
v -0.017268422 -0.009277887 0.010089657
v -0.017862288 -0.009277887 0.008996568
v -0.018387047 -0.009277887 0.007868672
v -0.018840672 -0.009277887 0.006710334
v -0.019221405 -0.009277887 0.005526035
v -0.019527775 -0.009277887 0.004320356
v -0.019758595 -0.009277887 0.003097964
v -0.019912974 -0.009277887 0.001863585
v -0.019990313 -0.009277887 0.000621997
v -0.019990313 -0.009277887 -0.000621997
v -0.019912974 -0.009277887 -0.001863585
v -0.019758595 -0.009277887 -0.003097964
v -0.019527775 -0.009277887 -0.004320356
v -0.019221405 -0.009277887 -0.005526035
v -0.018840672 -0.009277887 -0.006710334
v -0.018387047 -0.009277887 -0.007868672
v -0.017862288 -0.009277887 -0.008996568
v -0.017268422 -0.009277887 -0.010089657
v -0.016607746 -0.009277887 -0.011143712
v -0.015882820 -0.009277887 -0.012154655
v -0.015096445 -0.009277887 -0.013118572
v -0.014251666 -0.009277887 -0.014031736
v -0.013351750 -0.009277887 -0.014890615
v -0.012400178 -0.009277887 -0.015691885
v -0.011400632 -0.009277887 -0.016432446
v -0.010356980 -0.009277887 -0.017109434
v -0.009273258 -0.009277887 -0.017720226
v -0.008153659 -0.009277887 -0.018262465
v -0.007002516 -0.009277887 -0.018734049
v -0.005824281 -0.009277887 -0.019133154
v -0.004623514 -0.009277887 -0.019458237
v -0.003404858 -0.009277887 -0.019708040
v -0.002173030 -0.009277887 -0.019881598
v -0.000932795 -0.009277887 -0.019978235
v 0.000311049 -0.009277887 -0.019997581
v 0.001553690 -0.009277887 -0.019939560
v 0.002790320 -0.009277887 -0.019804398
v 0.004016154 -0.009277887 -0.019592617
v 0.005226452 -0.009277887 -0.019305035
v 0.006416528 -0.009277887 -0.018942764
v 0.007581781 -0.009277887 -0.018507210
v 0.008717702 -0.009277887 -0.018000053
v 0.009819894 -0.009277887 -0.017423258
v 0.010884097 -0.009277887 -0.016779057
v 0.011906191 -0.009277887 -0.016069939
v 0.012882221 -0.009277887 -0.015298651
v 0.013808413 -0.009277887 -0.014468175
v 0.014681183 -0.009277887 -0.013581724
v 0.015497155 -0.009277887 -0.012642729
v 0.016253172 -0.009277887 -0.011654820
v 0.016946308 -0.009277887 -0.010621822
v 0.017573881 -0.009277887 -0.009547730
v 0.018133464 -0.009277887 -0.008436701
v 0.018622894 -0.009277887 -0.007293031
v 0.019040275 -0.009277887 -0.006121145
v 0.019383993 -0.009277887 -0.004925578
v 0.019652717 -0.009277887 -0.003710955
v 0.019845411 -0.009277887 -0.002481975
vn -0.0000 -1.0000 -0.0000
vn -0.9582 -0.2832 0.0407
vn -0.9620 -0.2707 0.0360
vn -0.9620 -0.2707 -0.0360
vn -0.8894 -0.4560 -0.0333
vn -0.7815 -0.6232 -0.0292
vn -0.6426 -0.7658 -0.0240
vn -0.4782 -0.8781 -0.0179
vn -0.2947 -0.9555 -0.0110
vn -0.0996 -0.9950 -0.0037
vn -0.1003 -0.9950 -0.0040
vn -0.9596 -0.2597 0.1081
vn -0.9486 -0.2924 0.1215
vn -0.9508 -0.2521 0.1799
vn -0.9331 -0.2981 0.2011
vn -0.9358 -0.2480 0.2507
vn -0.9120 -0.3004 0.2793
vn -0.9146 -0.2473 0.3200
vn -0.8853 -0.2994 0.3558
vn -0.8874 -0.2500 0.3872
vn -0.8532 -0.2951 0.4302
vn -0.8546 -0.2563 0.4517
vn -0.8156 -0.2873 0.5022
vn -0.8162 -0.2659 0.5129
vn -0.7734 -0.2760 0.5708
vn -0.7161 -0.4560 0.5285
vn -0.6746 -0.4560 0.5805
vn -0.5928 -0.6232 0.5101
vn -0.5530 -0.6232 0.5530
vn -0.4547 -0.7658 0.4547
vn -0.4195 -0.7658 0.4874
vn -0.3121 -0.8781 0.3627
vn -0.2842 -0.8781 0.3850
vn -0.1751 -0.9555 0.2373
vn -0.1569 -0.9555 0.2497
vn -0.0521 -0.9952 0.0830
vn -0.0484 -0.9948 0.0891
vn -0.0460 -0.9951 0.0871
vn -0.0409 -0.9949 0.0922
vn -0.0396 -0.9951 0.0908
vn -0.0332 -0.9950 0.0945
vn -0.0330 -0.9950 0.0942
vn -0.0258 -0.9950 0.0961
vn -0.0763 -0.9555 0.2849
vn -0.1238 -0.8781 0.4622
vn -0.1664 -0.7658 0.6211
vn -0.2024 -0.6232 0.7554
vn -0.2303 -0.4560 0.8597
vn -0.2493 -0.2682 0.9305
vn -0.2415 -0.2853 0.9275
vn -0.7722 -0.2786 0.5711
vn -0.7311 -0.2637 0.6292
vn -0.6293 -0.4560 0.6293
vn -0.5101 -0.6232 0.5928
vn -0.3819 -0.7658 0.5174
vn -0.2546 -0.8781 0.4052
vn -0.1378 -0.9555 0.2608
vn -0.7186 -0.2891 0.6325
vn -0.6838 -0.2547 0.6838
vn -0.5805 -0.4560 0.6746
vn -0.4644 -0.6232 0.6292
vn -0.3421 -0.7658 0.5445
vn -0.2236 -0.8781 0.4231
vn -0.1179 -0.9555 0.2703
vn -0.6609 -0.2962 0.6896
vn -0.6317 -0.2492 0.7341
vn -0.5285 -0.4560 0.7161
vn -0.4161 -0.6232 0.6622
vn -0.3005 -0.7658 0.5685
vn -0.1914 -0.8781 0.4386
vn -0.0974 -0.9555 0.2784
vn -0.5993 -0.2999 0.7422
vn -0.5754 -0.2471 0.7796
vn -0.4735 -0.4560 0.7536
vn -0.3654 -0.6232 0.6914
vn -0.2571 -0.7658 0.5894
vn -0.1580 -0.8781 0.4517
vn -0.5341 -0.3002 0.7903
vn -0.5153 -0.2485 0.8202
vn -0.4159 -0.4560 0.7869
vn -0.3127 -0.6232 0.7168
vn -0.2572 -0.7658 0.5894
vn -0.2124 -0.7658 0.6070
vn -0.4657 -0.2972 0.8336
vn -0.4520 -0.2534 0.8553
vn -0.3559 -0.4560 0.8157
vn -0.2583 -0.6232 0.7382
vn -0.3941 -0.2908 0.8718
vn -0.3860 -0.2616 0.8846
vn -0.2939 -0.4560 0.8401
vn -0.3197 -0.2810 0.9049
vn -0.3177 -0.2733 0.9080
vn -0.1796 -0.2579 0.9493
vn -0.1615 -0.2938 0.9421
vn -0.1084 -0.2510 0.9619
vn -0.0809 -0.2988 0.9509
vn -0.0362 -0.2475 0.9682
vn -0.0000 -0.3005 0.9538
vn 0.0362 -0.2475 0.9682
vn 0.0809 -0.2988 0.9509
vn 0.1084 -0.2510 0.9619
vn 0.1615 -0.2938 0.9421
vn 0.1796 -0.2579 0.9493
vn 0.2415 -0.2853 0.9275
vn 0.2493 -0.2682 0.9305
vn 0.3177 -0.2733 0.9080
vn 0.2939 -0.4560 0.8401
vn 0.3559 -0.4560 0.8157
vn 0.3127 -0.6232 0.7168
vn 0.3654 -0.6232 0.6914
vn 0.3005 -0.7658 0.5685
vn 0.3421 -0.7658 0.5445
vn 0.2546 -0.8781 0.4052
vn 0.2842 -0.8781 0.3850
vn 0.1751 -0.9555 0.2373
vn 0.1924 -0.9555 0.2236
vn 0.0640 -0.9952 0.0744
vn 0.0709 -0.9949 0.0723
vn 0.0697 -0.9951 0.0697
vn 0.0760 -0.9949 0.0661
vn 0.0752 -0.9951 0.0647
vn 0.0805 -0.9950 0.0595
vn 0.0804 -0.9950 0.0593
vn 0.0841 -0.9951 0.0529
vn 0.2497 -0.9555 0.1569
vn 0.4052 -0.8781 0.2546
vn 0.5445 -0.7658 0.3421
vn 0.6622 -0.6232 0.4161
vn 0.7536 -0.4560 0.4735
vn 0.8162 -0.2659 0.5129
vn 0.8156 -0.2873 0.5022
vn 0.3197 -0.2810 0.9049
vn 0.3860 -0.2616 0.8846
vn 0.4159 -0.4560 0.7869
vn 0.4161 -0.6232 0.6622
vn 0.3819 -0.7658 0.5174
vn 0.2841 -0.8781 0.3850
vn 0.3121 -0.8781 0.3627
vn 0.2086 -0.9555 0.2086
vn 0.3941 -0.2908 0.8718
vn 0.4520 -0.2534 0.8553
vn 0.4735 -0.4560 0.7536
vn 0.4644 -0.6232 0.6292
vn 0.4195 -0.7658 0.4874
vn 0.3384 -0.8781 0.3384
vn 0.2236 -0.9555 0.1924
vn 0.4657 -0.2972 0.8336
vn 0.5153 -0.2485 0.8202
vn 0.5285 -0.4560 0.7161
vn 0.5101 -0.6232 0.5928
vn 0.4547 -0.7658 0.4547
vn 0.3627 -0.8781 0.3121
vn 0.2373 -0.9555 0.1751
vn 0.5341 -0.3002 0.7903
vn 0.5754 -0.2471 0.7796
vn 0.5805 -0.4560 0.6746
vn 0.5530 -0.6232 0.5530
vn 0.4874 -0.7658 0.4195
vn 0.3850 -0.8781 0.2841
vn 0.5993 -0.2999 0.7422
vn 0.6317 -0.2492 0.7341
vn 0.6293 -0.4560 0.6293
vn 0.5928 -0.6232 0.5101
vn 0.5174 -0.7658 0.3819
vn 0.6609 -0.2962 0.6896
vn 0.6838 -0.2547 0.6838
vn 0.6746 -0.4560 0.5805
vn 0.6292 -0.6232 0.4644
vn 0.7186 -0.2891 0.6325
vn 0.7311 -0.2637 0.6292
vn 0.7161 -0.4560 0.5285
vn 0.7722 -0.2786 0.5711
vn 0.7734 -0.2760 0.5708
vn 0.8546 -0.2563 0.4517
vn 0.8532 -0.2951 0.4302
vn 0.8874 -0.2500 0.3872
vn 0.8853 -0.2994 0.3558
vn 0.9146 -0.2473 0.3200
vn 0.9120 -0.3004 0.2793
vn 0.9358 -0.2480 0.2507
vn 0.9331 -0.2981 0.2011
vn 0.9508 -0.2521 0.1799
vn 0.9486 -0.2924 0.1215
vn 0.9596 -0.2597 0.1081
vn 0.9582 -0.2832 0.0407
vn 0.9620 -0.2707 0.0360
vn 0.9620 -0.2707 -0.0360
vn 0.8894 -0.4560 -0.0333
vn 0.8844 -0.4560 -0.0996
vn 0.7771 -0.6232 -0.0876
vn 0.7684 -0.6232 -0.1454
vn 0.6318 -0.7658 -0.1196
vn 0.6211 -0.7658 -0.1664
vn 0.4622 -0.8781 -0.1238
vn 0.4517 -0.8781 -0.1580
vn 0.2784 -0.9555 -0.0974
vn 0.2703 -0.9555 -0.1179
vn 0.0900 -0.9952 -0.0393
vn 0.0899 -0.9949 -0.0465
vn 0.0873 -0.9951 -0.0461
vn 0.0854 -0.9949 -0.0532
vn 0.0841 -0.9951 -0.0529
vn 0.0804 -0.9950 -0.0593
vn 0.2373 -0.9555 -0.1751
vn 0.3850 -0.8781 -0.2841
vn 0.3850 -0.8781 -0.2842
vn 0.5174 -0.7658 -0.3819
vn 0.6292 -0.6232 -0.4644
vn 0.7161 -0.4560 -0.5285
vn 0.7734 -0.2760 -0.5708
vn 0.7722 -0.2786 -0.5711
vn 0.9582 -0.2832 -0.0407
vn 0.9596 -0.2597 -0.1081
vn 0.8745 -0.4560 -0.1655
vn 0.7554 -0.6232 -0.2024
vn 0.6070 -0.7658 -0.2124
vn 0.4386 -0.8781 -0.1914
vn 0.2608 -0.9555 -0.1378
vn 0.9486 -0.2924 -0.1215
vn 0.9508 -0.2521 -0.1799
vn 0.8597 -0.4560 -0.2303
vn 0.7382 -0.6232 -0.2583
vn 0.5894 -0.7658 -0.2572
vn 0.4231 -0.8781 -0.2236
vn 0.2497 -0.9555 -0.1569
vn 0.9331 -0.2981 -0.2011
vn 0.9358 -0.2480 -0.2507
vn 0.8597 -0.4560 -0.2304
vn 0.8401 -0.4560 -0.2939
vn 0.7168 -0.6232 -0.3127
vn 0.5685 -0.7658 -0.3005
vn 0.4052 -0.8781 -0.2546
vn 0.9120 -0.3004 -0.2793
vn 0.9146 -0.2473 -0.3200
vn 0.8157 -0.4560 -0.3559
vn 0.6914 -0.6232 -0.3654
vn 0.5445 -0.7658 -0.3421
vn 0.8853 -0.2994 -0.3558
vn 0.8874 -0.2500 -0.3872
vn 0.7869 -0.4560 -0.4159
vn 0.6622 -0.6232 -0.4161
vn 0.8532 -0.2951 -0.4302
vn 0.8546 -0.2563 -0.4517
vn 0.7536 -0.4560 -0.4735
vn 0.8156 -0.2873 -0.5022
vn 0.8162 -0.2659 -0.5129
vn 0.7311 -0.2637 -0.6292
vn 0.7186 -0.2891 -0.6325
vn 0.6838 -0.2547 -0.6838
vn 0.6609 -0.2962 -0.6896
vn 0.6317 -0.2492 -0.7341
vn 0.5993 -0.2999 -0.7422
vn 0.5754 -0.2471 -0.7796
vn 0.5341 -0.3002 -0.7903
vn 0.5153 -0.2485 -0.8202
vn 0.4657 -0.2972 -0.8336
vn 0.4520 -0.2534 -0.8553
vn 0.3941 -0.2908 -0.8718
vn 0.3860 -0.2616 -0.8846
vn 0.3197 -0.2810 -0.9049
vn 0.3177 -0.2733 -0.9080
vn 0.2493 -0.2682 -0.9305
vn 0.2303 -0.4560 -0.8597
vn 0.1655 -0.4560 -0.8745
vn 0.1454 -0.6232 -0.7684
vn 0.0876 -0.6232 -0.7771
vn 0.0720 -0.7658 -0.6390
vn 0.0240 -0.7658 -0.6426
vn 0.0179 -0.8781 -0.4782
vn -0.0179 -0.8781 -0.4782
vn -0.0110 -0.9555 -0.2947
vn -0.0330 -0.9555 -0.2931
vn -0.0110 -0.9952 -0.0977
vn -0.0180 -0.9949 -0.0995
vn -0.0184 -0.9951 -0.0971
vn -0.0257 -0.9949 -0.0971
vn -0.0258 -0.9950 -0.0961
vn -0.0330 -0.9950 -0.0942
vn -0.0974 -0.9555 -0.2784
vn -0.1580 -0.8781 -0.4517
vn -0.2124 -0.7658 -0.6070
vn -0.2583 -0.6232 -0.7382
vn -0.2939 -0.4560 -0.8401
vn -0.3177 -0.2733 -0.9080
vn -0.3197 -0.2810 -0.9049
vn 0.2415 -0.2853 -0.9275
vn 0.1796 -0.2579 -0.9493
vn 0.0996 -0.4560 -0.8844
vn 0.0292 -0.6232 -0.7815
vn -0.0240 -0.7658 -0.6426
vn -0.0536 -0.8781 -0.4755
vn -0.0548 -0.9555 -0.2898
vn 0.1615 -0.2938 -0.9421
vn 0.1084 -0.2510 -0.9619
vn 0.0333 -0.4560 -0.8894
vn -0.0292 -0.6232 -0.7815
vn -0.0720 -0.7658 -0.6390
vn -0.0890 -0.8781 -0.4702
vn -0.0763 -0.9555 -0.2849
vn 0.0809 -0.2988 -0.9509
vn 0.0362 -0.2475 -0.9682
vn 0.0333 -0.4559 -0.8894
vn -0.0333 -0.4560 -0.8894
vn -0.0876 -0.6232 -0.7771
vn -0.1196 -0.7658 -0.6318
vn -0.1238 -0.8781 -0.4622
vn -0.0000 -0.3005 -0.9538
vn -0.0362 -0.2475 -0.9682
vn -0.0996 -0.4560 -0.8844
vn -0.1454 -0.6232 -0.7684
vn -0.1664 -0.7658 -0.6211
vn -0.0809 -0.2988 -0.9509
vn -0.1084 -0.2510 -0.9619
vn -0.1655 -0.4560 -0.8745
vn -0.2024 -0.6232 -0.7554
vn -0.1615 -0.2938 -0.9421
vn -0.1796 -0.2579 -0.9493
vn -0.2303 -0.4560 -0.8597
vn -0.2415 -0.2853 -0.9275
vn -0.2493 -0.2682 -0.9305
vn -0.3860 -0.2616 -0.8846
vn -0.3941 -0.2908 -0.8718
vn -0.4520 -0.2534 -0.8553
vn -0.4657 -0.2972 -0.8336
vn -0.5153 -0.2485 -0.8202
vn -0.5341 -0.3002 -0.7903
vn -0.5754 -0.2471 -0.7796
vn -0.5993 -0.2999 -0.7422
vn -0.6317 -0.2492 -0.7341
vn -0.6609 -0.2962 -0.6896
vn -0.6838 -0.2547 -0.6838
vn -0.7186 -0.2891 -0.6325
vn -0.7311 -0.2637 -0.6292
vn -0.7722 -0.2786 -0.5711
vn -0.7734 -0.2760 -0.5708
vn -0.8162 -0.2659 -0.5129
vn -0.7536 -0.4560 -0.4735
vn -0.7869 -0.4560 -0.4159
vn -0.6914 -0.6232 -0.3654
vn -0.7168 -0.6232 -0.3127
vn -0.5894 -0.7658 -0.2572
vn -0.6070 -0.7658 -0.2124
vn -0.4517 -0.8781 -0.1580
vn -0.4622 -0.8781 -0.1238
vn -0.2849 -0.9555 -0.0763
vn -0.2898 -0.9555 -0.0548
vn -0.0967 -0.9951 -0.0183
vn -0.1003 -0.9949 -0.0120
vn -0.0983 -0.9951 -0.0111
vn -0.8156 -0.2873 -0.5022
vn -0.8546 -0.2563 -0.4517
vn -0.8157 -0.4560 -0.3559
vn -0.7382 -0.6232 -0.2583
vn -0.6211 -0.7658 -0.1664
vn -0.4702 -0.8781 -0.0890
vn -0.2931 -0.9555 -0.0330
vn -0.8532 -0.2951 -0.4302
vn -0.8874 -0.2500 -0.3872
vn -0.8401 -0.4560 -0.2939
vn -0.7554 -0.6232 -0.2024
vn -0.6318 -0.7658 -0.1196
vn -0.4755 -0.8781 -0.0536
vn -0.8853 -0.2994 -0.3558
vn -0.9146 -0.2473 -0.3200
vn -0.8597 -0.4560 -0.2304
vn -0.7684 -0.6232 -0.1454
vn -0.6390 -0.7658 -0.0720
vn -0.9120 -0.3004 -0.2793
vn -0.9358 -0.2480 -0.2507
vn -0.8597 -0.4560 -0.2303
vn -0.8745 -0.4560 -0.1655
vn -0.7771 -0.6232 -0.0876
vn -0.9331 -0.2981 -0.2011
vn -0.9508 -0.2521 -0.1799
vn -0.8844 -0.4560 -0.0996
vn -0.9486 -0.2924 -0.1215
vn -0.9596 -0.2597 -0.1081
vn -0.9582 -0.2832 -0.0407
vn -0.0995 -0.9948 -0.0201
vn -0.0946 -0.9952 -0.0253
vn -0.2784 -0.9555 -0.0974
vn -0.4386 -0.8781 -0.1914
vn -0.5685 -0.7658 -0.3005
vn -0.6622 -0.6232 -0.4161
vn -0.7161 -0.4560 -0.5285
vn -0.0980 -0.9948 -0.0280
vn -0.0921 -0.9952 -0.0322
vn -0.2703 -0.9555 -0.1179
vn -0.4231 -0.8781 -0.2236
vn -0.5445 -0.7658 -0.3421
vn -0.6292 -0.6232 -0.4644
vn -0.6746 -0.4560 -0.5805
vn -0.0959 -0.9947 -0.0358
vn -0.0891 -0.9953 -0.0389
vn -0.2608 -0.9555 -0.1378
vn -0.4052 -0.8781 -0.2546
vn -0.5174 -0.7658 -0.3819
vn -0.5928 -0.6232 -0.5101
vn -0.6293 -0.4560 -0.6293
vn -0.0929 -0.9947 -0.0435
vn -0.0858 -0.9953 -0.0453
vn -0.2497 -0.9555 -0.1569
vn -0.3850 -0.8781 -0.2842
vn -0.4874 -0.7658 -0.4195
vn -0.5530 -0.6232 -0.5530
vn -0.5805 -0.4560 -0.6746
vn -0.0894 -0.9947 -0.0508
vn -0.0821 -0.9953 -0.0516
vn -0.2373 -0.9555 -0.1751
vn -0.3850 -0.8781 -0.2841
vn -0.3627 -0.8781 -0.3121
vn -0.4547 -0.7658 -0.4547
vn -0.5101 -0.6232 -0.5928
vn -0.5285 -0.4560 -0.7161
vn -0.0851 -0.9947 -0.0578
vn -0.0779 -0.9953 -0.0575
vn -0.2236 -0.9555 -0.1924
vn -0.3384 -0.8781 -0.3384
vn -0.4195 -0.7658 -0.4874
vn -0.4644 -0.6232 -0.6292
vn -0.4735 -0.4560 -0.7536
vn -0.0802 -0.9947 -0.0644
vn -0.0735 -0.9953 -0.0632
vn -0.2086 -0.9555 -0.2086
vn -0.3121 -0.8781 -0.3627
vn -0.3819 -0.7658 -0.5174
vn -0.4161 -0.6232 -0.6622
vn -0.4159 -0.4560 -0.7869
vn -0.0748 -0.9947 -0.0705
vn -0.0686 -0.9953 -0.0686
vn -0.1924 -0.9555 -0.2236
vn -0.2841 -0.8781 -0.3850
vn -0.3421 -0.7658 -0.5445
vn -0.3654 -0.6232 -0.6914
vn -0.3559 -0.4560 -0.8157
vn -0.0688 -0.9947 -0.0760
vn -0.0635 -0.9953 -0.0737
vn -0.1751 -0.9555 -0.2373
vn -0.2842 -0.8781 -0.3850
vn -0.2546 -0.8781 -0.4052
vn -0.3005 -0.7658 -0.5685
vn -0.3127 -0.6232 -0.7168
vn -0.0624 -0.9948 -0.0810
vn -0.0580 -0.9952 -0.0785
vn -0.1569 -0.9555 -0.2497
vn -0.2236 -0.8781 -0.4231
vn -0.2572 -0.7658 -0.5894
vn -0.0555 -0.9948 -0.0854
vn -0.0521 -0.9952 -0.0830
vn -0.1378 -0.9555 -0.2608
vn -0.1914 -0.8781 -0.4386
vn -0.2571 -0.7658 -0.5894
vn -0.0484 -0.9948 -0.0891
vn -0.0460 -0.9951 -0.0871
vn -0.1179 -0.9555 -0.2703
vn -0.0409 -0.9949 -0.0922
vn -0.0396 -0.9951 -0.0908
vn -0.0332 -0.9950 -0.0945
vn -0.0101 -0.9948 -0.1011
vn -0.0037 -0.9952 -0.0978
vn 0.0110 -0.9555 -0.2947
vn 0.0536 -0.8781 -0.4755
vn 0.1196 -0.7658 -0.6318
vn 0.2024 -0.6232 -0.7554
vn 0.2939 -0.4560 -0.8401
vn -0.0020 -0.9948 -0.1020
vn 0.0036 -0.9952 -0.0974
vn 0.0330 -0.9555 -0.2931
vn 0.0890 -0.8781 -0.4702
vn 0.1664 -0.7658 -0.6211
vn 0.2583 -0.6232 -0.7382
vn 0.3559 -0.4560 -0.8157
vn 0.0061 -0.9947 -0.1022
vn 0.0109 -0.9953 -0.0966
vn 0.0548 -0.9555 -0.2898
vn 0.1238 -0.8781 -0.4622
vn 0.2124 -0.7658 -0.6070
vn 0.3127 -0.6232 -0.7168
vn 0.4159 -0.4560 -0.7869
vn 0.0142 -0.9947 -0.1017
vn 0.0180 -0.9953 -0.0953
vn 0.0763 -0.9555 -0.2849
vn 0.1580 -0.8781 -0.4517
vn 0.2572 -0.7658 -0.5894
vn 0.3654 -0.6232 -0.6914
vn 0.4735 -0.4560 -0.7536
vn 0.0223 -0.9947 -0.1004
vn 0.0251 -0.9953 -0.0936
vn 0.0974 -0.9555 -0.2784
vn 0.1914 -0.8781 -0.4386
vn 0.2571 -0.7658 -0.5894
vn 0.3005 -0.7658 -0.5685
vn 0.4161 -0.6232 -0.6622
vn 0.5285 -0.4560 -0.7161
vn 0.0302 -0.9947 -0.0983
vn 0.0320 -0.9953 -0.0914
vn 0.1179 -0.9555 -0.2703
vn 0.2236 -0.8781 -0.4231
vn 0.3421 -0.7658 -0.5445
vn 0.4644 -0.6232 -0.6292
vn 0.5805 -0.4560 -0.6746
vn 0.0379 -0.9947 -0.0956
vn 0.0388 -0.9953 -0.0889
vn 0.1378 -0.9555 -0.2608
vn 0.2546 -0.8781 -0.4052
vn 0.3819 -0.7658 -0.5174
vn 0.5101 -0.6232 -0.5928
vn 0.6293 -0.4560 -0.6293
vn 0.0454 -0.9947 -0.0922
vn 0.0454 -0.9953 -0.0859
vn 0.1569 -0.9555 -0.2497
vn 0.2842 -0.8781 -0.3850
vn 0.4195 -0.7658 -0.4874
vn 0.5530 -0.6232 -0.5530
vn 0.6746 -0.4560 -0.5805
vn 0.0524 -0.9947 -0.0881
vn 0.0518 -0.9953 -0.0824
vn 0.1751 -0.9555 -0.2373
vn 0.3121 -0.8781 -0.3627
vn 0.4547 -0.7658 -0.4547
vn 0.5928 -0.6232 -0.5101
vn 0.0591 -0.9948 -0.0834
vn 0.0580 -0.9952 -0.0786
vn 0.1924 -0.9555 -0.2236
vn 0.3384 -0.8781 -0.3384
vn 0.4874 -0.7658 -0.4195
vn 0.0653 -0.9948 -0.0781
vn 0.0640 -0.9952 -0.0744
vn 0.2086 -0.9555 -0.2086
vn 0.3627 -0.8781 -0.3121
vn 0.0709 -0.9949 -0.0723
vn 0.0697 -0.9951 -0.0697
vn 0.2236 -0.9555 -0.1924
vn 0.0760 -0.9949 -0.0661
vn 0.0752 -0.9951 -0.0647
vn 0.0805 -0.9950 -0.0595
vn 0.0938 -0.9948 -0.0394
vn 0.0923 -0.9952 -0.0323
vn 0.2849 -0.9555 -0.0763
vn 0.4702 -0.8781 -0.0890
vn 0.6390 -0.7658 -0.0720
vn 0.7815 -0.6232 -0.0292
vn 0.8894 -0.4560 0.0333
vn 0.0970 -0.9948 -0.0319
vn 0.0941 -0.9952 -0.0252
vn 0.2898 -0.9555 -0.0548
vn 0.4755 -0.8781 -0.0536
vn 0.6426 -0.7658 -0.0240
vn 0.7815 -0.6232 0.0292
vn 0.8844 -0.4560 0.0996
vn 0.0996 -0.9947 -0.0242
vn 0.0955 -0.9953 -0.0181
vn 0.2931 -0.9555 -0.0330
vn 0.4782 -0.8781 -0.0179
vn 0.6426 -0.7658 0.0240
vn 0.7771 -0.6232 0.0876
vn 0.8745 -0.4560 0.1655
vn 0.1014 -0.9947 -0.0163
vn 0.0964 -0.9953 -0.0109
vn 0.2947 -0.9555 -0.0110
vn 0.4782 -0.8781 0.0179
vn 0.6390 -0.7658 0.0720
vn 0.7684 -0.6232 0.1454
vn 0.8597 -0.4560 0.2303
vn 0.1025 -0.9947 -0.0082
vn 0.0968 -0.9953 -0.0036
vn 0.2947 -0.9555 0.0110
vn 0.4755 -0.8781 0.0536
vn 0.6318 -0.7658 0.1196
vn 0.7554 -0.6232 0.2024
vn 0.8597 -0.4560 0.2304
vn 0.8401 -0.4560 0.2939
vn 0.1029 -0.9947 -0.0000
vn 0.0968 -0.9953 0.0036
vn 0.2931 -0.9555 0.0330
vn 0.4702 -0.8781 0.0890
vn 0.6211 -0.7658 0.1664
vn 0.7382 -0.6232 0.2583
vn 0.8157 -0.4560 0.3559
vn 0.1025 -0.9947 0.0082
vn 0.0964 -0.9953 0.0109
vn 0.2898 -0.9555 0.0548
vn 0.4622 -0.8781 0.1238
vn 0.6070 -0.7658 0.2124
vn 0.7168 -0.6232 0.3127
vn 0.7869 -0.4560 0.4159
vn 0.1014 -0.9947 0.0163
vn 0.0955 -0.9953 0.0181
vn 0.2849 -0.9555 0.0763
vn 0.4517 -0.8781 0.1580
vn 0.5894 -0.7658 0.2572
vn 0.6914 -0.6232 0.3654
vn 0.0996 -0.9947 0.0242
vn 0.0941 -0.9952 0.0252
vn 0.2784 -0.9555 0.0974
vn 0.4386 -0.8781 0.1914
vn 0.5685 -0.7658 0.3005
vn 0.0970 -0.9948 0.0319
vn 0.0923 -0.9952 0.0323
vn 0.2703 -0.9555 0.1179
vn 0.4231 -0.8781 0.2236
vn 0.0938 -0.9948 0.0394
vn 0.0900 -0.9952 0.0393
vn 0.2608 -0.9555 0.1378
vn 0.0899 -0.9949 0.0465
vn 0.0873 -0.9951 0.0461
vn 0.0854 -0.9949 0.0532
vn 0.0653 -0.9948 0.0781
vn 0.0580 -0.9952 0.0786
vn 0.1569 -0.9555 0.2497
vn 0.2236 -0.8781 0.4231
vn 0.2572 -0.7658 0.5894
vn 0.2583 -0.6232 0.7382
vn 0.2303 -0.4560 0.8597
vn 0.0591 -0.9948 0.0834
vn 0.0518 -0.9953 0.0824
vn 0.1378 -0.9555 0.2608
vn 0.1914 -0.8781 0.4386
vn 0.2571 -0.7658 0.5894
vn 0.2124 -0.7658 0.6070
vn 0.2024 -0.6232 0.7554
vn 0.1655 -0.4560 0.8745
vn 0.0524 -0.9947 0.0881
vn 0.0454 -0.9953 0.0858
vn 0.1179 -0.9555 0.2703
vn 0.1580 -0.8781 0.4517
vn 0.1664 -0.7658 0.6211
vn 0.1454 -0.6232 0.7684
vn 0.0996 -0.4560 0.8844
vn 0.0454 -0.9947 0.0922
vn 0.0388 -0.9953 0.0889
vn 0.0974 -0.9555 0.2784
vn 0.1238 -0.8781 0.4622
vn 0.1196 -0.7658 0.6318
vn 0.0876 -0.6232 0.7771
vn 0.0333 -0.4560 0.8894
vn 0.0379 -0.9947 0.0956
vn 0.0320 -0.9953 0.0914
vn 0.0763 -0.9555 0.2849
vn 0.0890 -0.8781 0.4702
vn 0.0720 -0.7658 0.6390
vn 0.0292 -0.6232 0.7815
vn -0.0333 -0.4559 0.8894
vn 0.0302 -0.9947 0.0983
vn 0.0251 -0.9953 0.0936
vn 0.0548 -0.9555 0.2898
vn 0.0536 -0.8781 0.4755
vn 0.0240 -0.7658 0.6426
vn -0.0292 -0.6232 0.7815
vn -0.0333 -0.4560 0.8894
vn -0.0996 -0.4560 0.8844
vn 0.0223 -0.9947 0.1004
vn 0.0180 -0.9953 0.0953
vn 0.0330 -0.9555 0.2931
vn 0.0179 -0.8781 0.4782
vn -0.0240 -0.7658 0.6426
vn -0.0876 -0.6232 0.7771
vn -0.1655 -0.4560 0.8745
vn 0.0142 -0.9947 0.1017
vn 0.0109 -0.9953 0.0966
vn 0.0110 -0.9555 0.2947
vn -0.0179 -0.8781 0.4782
vn -0.0720 -0.7658 0.6390
vn -0.1454 -0.6232 0.7684
vn 0.0061 -0.9947 0.1022
vn 0.0036 -0.9952 0.0974
vn -0.0110 -0.9555 0.2947
vn -0.0536 -0.8781 0.4755
vn -0.1196 -0.7658 0.6318
vn -0.0020 -0.9948 0.1020
vn -0.0037 -0.9952 0.0978
vn -0.0330 -0.9555 0.2931
vn -0.0890 -0.8781 0.4702
vn -0.0101 -0.9948 0.1011
vn -0.0110 -0.9952 0.0977
vn -0.0548 -0.9555 0.2898
vn -0.0180 -0.9949 0.0995
vn -0.0184 -0.9951 0.0971
vn -0.0257 -0.9949 0.0971
vn -0.0555 -0.9948 0.0854
vn -0.0580 -0.9952 0.0785
vn -0.1924 -0.9555 0.2236
vn -0.3384 -0.8781 0.3384
vn -0.4874 -0.7658 0.4195
vn -0.6292 -0.6232 0.4644
vn -0.7536 -0.4560 0.4735
vn -0.0624 -0.9948 0.0810
vn -0.0635 -0.9953 0.0737
vn -0.2086 -0.9555 0.2086
vn -0.3627 -0.8781 0.3121
vn -0.5174 -0.7658 0.3819
vn -0.6622 -0.6232 0.4161
vn -0.7869 -0.4560 0.4159
vn -0.0688 -0.9947 0.0760
vn -0.0686 -0.9953 0.0686
vn -0.2236 -0.9555 0.1924
vn -0.3850 -0.8781 0.2842
vn -0.5445 -0.7658 0.3421
vn -0.6914 -0.6232 0.3654
vn -0.8157 -0.4560 0.3559
vn -0.0748 -0.9947 0.0705
vn -0.0735 -0.9953 0.0632
vn -0.2373 -0.9555 0.1751
vn -0.3850 -0.8781 0.2841
vn -0.4052 -0.8781 0.2546
vn -0.5685 -0.7658 0.3005
vn -0.7168 -0.6232 0.3127
vn -0.8401 -0.4560 0.2939
vn -0.0802 -0.9947 0.0644
vn -0.0779 -0.9953 0.0575
vn -0.2497 -0.9555 0.1569
vn -0.4231 -0.8781 0.2236
vn -0.5894 -0.7658 0.2572
vn -0.7382 -0.6232 0.2583
vn -0.8597 -0.4560 0.2304
vn -0.0851 -0.9947 0.0578
vn -0.0821 -0.9953 0.0516
vn -0.2608 -0.9555 0.1378
vn -0.4386 -0.8781 0.1914
vn -0.6070 -0.7658 0.2124
vn -0.7554 -0.6232 0.2024
vn -0.8597 -0.4560 0.2303
vn -0.8745 -0.4560 0.1655
vn -0.0894 -0.9947 0.0508
vn -0.0858 -0.9953 0.0453
vn -0.2703 -0.9555 0.1179
vn -0.4517 -0.8781 0.1580
vn -0.6211 -0.7658 0.1664
vn -0.7684 -0.6232 0.1454
vn -0.8844 -0.4560 0.0996
vn -0.0929 -0.9947 0.0435
vn -0.0891 -0.9953 0.0389
vn -0.2784 -0.9555 0.0974
vn -0.4622 -0.8781 0.1238
vn -0.6318 -0.7658 0.1196
vn -0.7771 -0.6232 0.0876
vn -0.8894 -0.4560 0.0333
vn -0.0959 -0.9947 0.0358
vn -0.0921 -0.9952 0.0322
vn -0.2849 -0.9555 0.0763
vn -0.4702 -0.8781 0.0890
vn -0.6390 -0.7658 0.0720
vn -0.7815 -0.6232 0.0292
vn -0.0980 -0.9948 0.0280
vn -0.0946 -0.9952 0.0253
vn -0.2898 -0.9555 0.0548
vn -0.4755 -0.8781 0.0536
vn -0.6426 -0.7658 0.0240
vn -0.0995 -0.9948 0.0201
vn -0.0967 -0.9951 0.0183
vn -0.2931 -0.9555 0.0330
vn -0.4782 -0.8781 0.0179
vn -0.1003 -0.9949 0.0120
vn -0.0983 -0.9951 0.0111
vn -0.2947 -0.9555 0.0110
vn -0.1003 -0.9950 0.0040
vn -0.0996 -0.9950 0.0037
vn -0.9838 -0.1739 0.0436
vn -0.9839 -0.1735 0.0418
vn -0.9839 -0.1735 -0.0418
vn -0.9769 -0.1732 0.1251
vn -0.9761 -0.1742 0.1303
vn -0.9628 -0.1729 0.2075
vn -0.9607 -0.1745 0.2161
vn -0.9418 -0.1726 0.2884
vn -0.9378 -0.1748 0.3001
vn -0.9140 -0.1724 0.3673
vn -0.9075 -0.1750 0.3818
vn -0.8796 -0.1721 0.4435
vn -0.8702 -0.1752 0.4605
vn -0.8388 -0.1720 0.5165
vn -0.8261 -0.1754 0.5356
vn -0.7920 -0.1718 0.5858
vn -0.7755 -0.1756 0.6065
vn -0.7395 -0.1717 0.6509
vn -0.7188 -0.1757 0.6726
vn -0.6817 -0.1716 0.7112
vn -0.6566 -0.1758 0.7335
vn -0.6189 -0.1715 0.7665
vn -0.5892 -0.1758 0.7887
vn -0.5517 -0.1715 0.8162
vn -0.5171 -0.1758 0.8376
vn -0.4805 -0.1715 0.8601
vn -0.4411 -0.1758 0.8801
vn -0.4058 -0.1715 0.8977
vn -0.3616 -0.1758 0.9156
vn -0.3282 -0.1715 0.9289
vn -0.2792 -0.1757 0.9440
vn -0.2482 -0.1716 0.9534
vn -0.1947 -0.1756 0.9650
vn -0.1665 -0.1717 0.9710
vn -0.1087 -0.1755 0.9785
vn -0.0835 -0.1719 0.9816
vn -0.0218 -0.1753 0.9843
vn -0.0000 -0.1720 0.9851
vn 0.0653 -0.1752 0.9824
vn 0.0835 -0.1722 0.9815
vn 0.1519 -0.1749 0.9728
vn 0.1665 -0.1724 0.9709
vn 0.2373 -0.1747 0.9556
vn 0.2482 -0.1727 0.9532
vn 0.3208 -0.1744 0.9310
vn 0.3281 -0.1730 0.9287
vn 0.4019 -0.1741 0.8990
vn 0.4057 -0.1733 0.8974
vn 0.4798 -0.1737 0.8600
vn 0.4803 -0.1736 0.8598
vn 0.5515 -0.1734 0.8160
vn 0.5539 -0.1740 0.8142
vn 0.6187 -0.1731 0.7663
vn 0.6236 -0.1743 0.7620
vn 0.6815 -0.1728 0.7111
vn 0.6885 -0.1746 0.7039
vn 0.7394 -0.1725 0.6508
vn 0.7480 -0.1748 0.6403
vn 0.7920 -0.1723 0.5857
vn 0.8016 -0.1751 0.5716
vn 0.8388 -0.1721 0.5165
vn 0.8490 -0.1753 0.4985
vn 0.8796 -0.1719 0.4435
vn 0.8897 -0.1755 0.4215
vn 0.9141 -0.1718 0.3673
vn 0.9234 -0.1756 0.3412
vn 0.9420 -0.1717 0.2885
vn 0.9500 -0.1757 0.2583
vn 0.9631 -0.1716 0.2076
vn 0.9691 -0.1758 0.1733
vn 0.9772 -0.1715 0.1251
vn 0.9806 -0.1758 0.0870
vn 0.9843 -0.1715 0.0418
vn 0.9844 -0.1758 -0.0000
vn 0.9843 -0.1715 -0.0418
vn 0.9806 -0.1758 -0.0870
vn 0.9772 -0.1715 -0.1251
vn 0.9691 -0.1758 -0.1733
vn 0.9631 -0.1716 -0.2076
vn 0.9500 -0.1757 -0.2583
vn 0.9420 -0.1717 -0.2885
vn 0.9234 -0.1756 -0.3412
vn 0.9141 -0.1718 -0.3673
vn 0.8897 -0.1755 -0.4215
vn 0.8796 -0.1719 -0.4435
vn 0.8490 -0.1753 -0.4985
vn 0.8388 -0.1721 -0.5165
vn 0.8016 -0.1751 -0.5716
vn 0.7920 -0.1723 -0.5857
vn 0.7480 -0.1748 -0.6403
vn 0.7394 -0.1725 -0.6508
vn 0.6885 -0.1746 -0.7039
vn 0.6815 -0.1728 -0.7111
vn 0.6236 -0.1743 -0.7620
vn 0.6187 -0.1731 -0.7663
vn 0.5539 -0.1740 -0.8142
vn 0.5515 -0.1734 -0.8160
vn 0.4803 -0.1736 -0.8598
vn 0.4798 -0.1737 -0.8600
vn 0.4057 -0.1733 -0.8974
vn 0.4019 -0.1741 -0.8990
vn 0.3281 -0.1730 -0.9287
vn 0.3208 -0.1744 -0.9310
vn 0.2482 -0.1727 -0.9532
vn 0.2373 -0.1747 -0.9556
vn 0.1665 -0.1724 -0.9709
vn 0.1519 -0.1749 -0.9728
vn 0.0835 -0.1722 -0.9815
vn 0.0653 -0.1752 -0.9824
vn -0.0000 -0.1720 -0.9851
vn -0.0218 -0.1753 -0.9843
vn -0.0835 -0.1719 -0.9816
vn -0.1087 -0.1755 -0.9785
vn -0.1665 -0.1717 -0.9710
vn -0.1947 -0.1756 -0.9650
vn -0.2482 -0.1716 -0.9534
vn -0.2792 -0.1757 -0.9440
vn -0.3282 -0.1715 -0.9289
vn -0.3616 -0.1758 -0.9156
vn -0.4058 -0.1715 -0.8977
vn -0.4411 -0.1758 -0.8801
vn -0.4805 -0.1715 -0.8601
vn -0.5171 -0.1758 -0.8376
vn -0.5517 -0.1715 -0.8162
vn -0.5892 -0.1758 -0.7887
vn -0.6189 -0.1715 -0.7665
vn -0.6566 -0.1758 -0.7335
vn -0.6817 -0.1716 -0.7112
vn -0.7188 -0.1757 -0.6726
vn -0.7395 -0.1717 -0.6509
vn -0.7755 -0.1756 -0.6065
vn -0.7920 -0.1718 -0.5858
vn -0.8261 -0.1754 -0.5356
vn -0.8388 -0.1720 -0.5165
vn -0.8702 -0.1752 -0.4605
vn -0.8796 -0.1721 -0.4435
vn -0.9075 -0.1750 -0.3818
vn -0.9140 -0.1724 -0.3673
vn -0.9378 -0.1748 -0.3001
vn -0.9418 -0.1726 -0.2884
vn -0.9607 -0.1745 -0.2161
vn -0.9628 -0.1729 -0.2075
vn -0.9761 -0.1742 -0.1303
vn -0.9769 -0.1732 -0.1251
vn -0.9838 -0.1739 -0.0436
vn -0.9990 -0.0000 0.0442
vn -0.9990 -0.0000 -0.0442
vn -0.9912 -0.0000 -0.1324
vn -0.9756 -0.0000 -0.2194
vn -0.9524 -0.0000 -0.3048
vn -0.9217 -0.0000 -0.3878
vn -0.8839 -0.0000 -0.4677
vn -0.8391 -0.0000 -0.5440
vn -0.7877 -0.0000 -0.6160
vn -0.7302 -0.0000 -0.6833
vn -0.6669 -0.0000 -0.7451
vn -0.5985 -0.0000 -0.8011
vn -0.5253 -0.0000 -0.8509
vn -0.4481 -0.0000 -0.8940
vn -0.3673 -0.0000 -0.9301
vn -0.2837 -0.0000 -0.9589
vn -0.1978 -0.0000 -0.9802
vn -0.1104 -0.0000 -0.9939
vn -0.0221 -0.0000 -0.9998
vn 0.0663 -0.0000 -0.9978
vn 0.1542 -0.0000 -0.9880
vn 0.2410 -0.0000 -0.9705
vn 0.3258 -0.0000 -0.9454
vn 0.4081 -0.0000 -0.9129
vn 0.4872 -0.0000 -0.8733
vn 0.5624 -0.0000 -0.8268
vn 0.6333 -0.0000 -0.7739
vn 0.6992 -0.0000 -0.7149
vn 0.7597 -0.0000 -0.6503
vn 0.8142 -0.0000 -0.5806
vn 0.8623 -0.0000 -0.5064
vn 0.9037 -0.0000 -0.4282
vn 0.9380 -0.0000 -0.3466
vn 0.9650 -0.0000 -0.2624
vn 0.9844 -0.0000 -0.1761
vn 0.9961 -0.0000 -0.0884
vn 1.0000 -0.0000 -0.0000
vn 0.9961 -0.0000 0.0884
vn 0.9844 -0.0000 0.1761
vn 0.9650 -0.0000 0.2624
vn 0.9380 -0.0000 0.3466
vn 0.9037 -0.0000 0.4282
vn 0.8623 -0.0000 0.5064
vn 0.8142 -0.0000 0.5806
vn 0.7597 -0.0000 0.6503
vn 0.6992 -0.0000 0.7149
vn 0.6333 -0.0000 0.7739
vn 0.5624 -0.0000 0.8268
vn 0.4872 -0.0000 0.8733
vn 0.4081 -0.0000 0.9129
vn 0.3258 -0.0000 0.9454
vn 0.2410 -0.0000 0.9705
vn 0.1542 -0.0000 0.9880
vn 0.0663 -0.0000 0.9978
vn -0.0221 -0.0000 0.9998
vn -0.1104 -0.0000 0.9939
vn -0.1978 -0.0000 0.9802
vn -0.2837 -0.0000 0.9589
vn -0.3673 -0.0000 0.9301
vn -0.4481 -0.0000 0.8940
vn -0.5253 -0.0000 0.8509
vn -0.5985 -0.0000 0.8011
vn -0.6669 -0.0000 0.7451
vn -0.7302 -0.0000 0.6833
vn -0.7877 -0.0000 0.6160
vn -0.8391 -0.0000 0.5440
vn -0.8839 -0.0000 0.4677
vn -0.9217 -0.0000 0.3878
vn -0.9524 -0.0000 0.3048
vn -0.9756 -0.0000 0.2194
vn -0.9912 -0.0000 0.1324
vn -0.1151 0.9933 0.0047
vn -0.1092 0.9940 -0.0000
vn -0.1151 0.9933 -0.0047
vn -0.1090 0.9940 -0.0085
vn -0.1143 0.9933 -0.0141
vn -0.1081 0.9940 -0.0169
vn -0.1126 0.9934 -0.0233
vn -0.1066 0.9940 -0.0253
vn -0.1102 0.9934 -0.0324
vn -0.1045 0.9940 -0.0335
vn -0.1069 0.9934 -0.0411
vn -0.1018 0.9939 -0.0416
vn -0.1029 0.9935 -0.0496
vn -0.0986 0.9939 -0.0495
vn -0.0982 0.9935 -0.0576
vn -0.0948 0.9939 -0.0572
vn -0.0929 0.9935 -0.0652
vn -0.0904 0.9938 -0.0646
vn -0.0869 0.9936 -0.0722
vn -0.0856 0.9937 -0.0718
vn -0.0803 0.9937 -0.0787
vn -0.0802 0.9937 -0.0786
vn -0.0735 0.9937 -0.0843
vn -0.2173 0.9438 -0.2490
vn -0.3500 0.8465 -0.4011
vn -0.4651 0.7068 -0.5330
vn -0.5569 0.5317 -0.6381
vn -0.6207 0.3301 -0.7112
vn -0.6539 0.1045 -0.7493
vn -0.5941 0.1204 -0.7953
vn -0.1090 0.9940 0.0085
vn -0.1143 0.9933 0.0141
vn -0.1081 0.9940 0.0169
vn -0.1126 0.9934 0.0233
vn -0.1066 0.9940 0.0253
vn -0.1102 0.9934 0.0324
vn -0.1045 0.9940 0.0335
vn -0.1069 0.9934 0.0411
vn -0.1018 0.9939 0.0416
vn -0.1029 0.9935 0.0496
vn -0.0986 0.9939 0.0495
vn -0.0982 0.9935 0.0576
vn -0.0948 0.9939 0.0572
vn -0.0929 0.9935 0.0652
vn -0.0905 0.9938 0.0646
vn -0.0869 0.9936 0.0722
vn -0.0856 0.9937 0.0718
vn -0.0803 0.9937 0.0787
vn -0.0802 0.9937 0.0786
vn -0.0735 0.9937 0.0843
vn -0.2173 0.9438 0.2490
vn -0.1974 0.9438 0.2651
vn -0.3179 0.8465 0.4270
vn -0.2838 0.8465 0.4503
vn -0.3772 0.7068 0.5984
vn -0.3297 0.7068 0.6259
vn -0.3947 0.5317 0.7493
vn -0.3354 0.5317 0.7776
vn -0.3739 0.3301 0.8668
vn -0.3056 0.3301 0.8931
vn -0.3224 0.0898 0.9423
vn -0.2809 0.1404 0.9494
vn -0.2484 0.0908 0.9644
vn -0.1959 0.1376 0.9709
vn -0.1729 0.0954 0.9803
vn -0.1094 0.1313 0.9853
vn -0.0963 0.1035 0.9900
vn -0.0192 0.1222 0.9923
vn -0.0183 0.3301 0.9438
vn -0.0164 0.5317 0.8467
vn -0.0137 0.7068 0.7072
vn -0.0103 0.8465 0.5322
vn -0.0064 0.9438 0.3304
vn -0.0021 0.9940 0.1092
vn 0.0023 0.9933 0.1152
vn -0.0739 0.9936 0.0853
vn -0.0665 0.9938 0.0893
vn -0.1762 0.9438 0.2796
vn -0.2481 0.8465 0.4710
vn -0.2802 0.7068 0.6495
vn -0.2742 0.5317 0.8013
vn -0.2355 0.3301 0.9141
vn -0.0670 0.9936 0.0914
vn -0.0591 0.9938 0.0938
vn -0.1540 0.9438 0.2924
vn -0.2108 0.8465 0.4888
vn -0.2290 0.7068 0.6693
vn -0.2112 0.5317 0.8201
vn -0.1639 0.3301 0.9296
vn -0.0596 0.9935 0.0970
vn -0.0515 0.9939 0.0977
vn -0.1309 0.9438 0.3035
vn -0.1723 0.8465 0.5037
vn -0.1764 0.7068 0.6850
vn -0.2113 0.5317 0.8201
vn -0.1471 0.5317 0.8340
vn -0.0914 0.3301 0.9395
vn -0.0516 0.9935 0.1018
vn -0.0436 0.9939 0.1011
vn -0.1070 0.9438 0.3127
vn -0.1328 0.8465 0.5155
vn -0.1228 0.7068 0.6966
vn -0.0820 0.5318 0.8429
vn -0.0433 0.9934 0.1060
vn -0.0355 0.9940 0.1039
vn -0.0824 0.9438 0.3201
vn -0.0924 0.8465 0.5242
vn -0.0685 0.7068 0.7040
vn -0.0820 0.5317 0.8429
vn -0.0346 0.9934 0.1094
vn -0.0273 0.9940 0.1061
vn -0.0574 0.9438 0.3255
vn -0.0515 0.8465 0.5298
vn -0.0685 0.7068 0.7041
vn -0.0256 0.9934 0.1121
vn -0.0190 0.9940 0.1077
vn -0.0320 0.9438 0.3289
vn -0.0164 0.9934 0.1140
vn -0.0106 0.9940 0.1088
vn -0.0070 0.9933 0.1150
vn 0.0064 0.9940 0.1091
vn 0.0117 0.9933 0.1146
vn 0.0148 0.9940 0.1083
vn 0.0210 0.9934 0.1131
vn 0.0232 0.9940 0.1070
vn 0.0301 0.9934 0.1109
vn 0.0315 0.9940 0.1051
vn 0.0390 0.9934 0.1078
vn 0.0396 0.9939 0.1025
vn 0.0475 0.9934 0.1040
vn 0.0476 0.9939 0.0994
vn 0.0556 0.9935 0.0995
vn 0.0553 0.9939 0.0958
vn 0.0633 0.9935 0.0943
vn 0.0628 0.9938 0.0916
vn 0.0705 0.9936 0.0884
vn 0.0700 0.9938 0.0868
vn 0.0771 0.9936 0.0820
vn 0.0769 0.9937 0.0815
vn 0.0830 0.9937 0.0753
vn 0.2448 0.9438 0.2220
vn 0.2612 0.9438 0.2025
vn 0.4207 0.8465 0.3261
vn 0.4448 0.8465 0.2925
vn 0.5910 0.7068 0.3887
vn 0.6193 0.7068 0.3417
vn 0.7415 0.5317 0.4091
vn 0.7710 0.5317 0.3505
vn 0.8593 0.3301 0.3906
vn 0.8871 0.3301 0.3227
vn 0.8871 0.3301 0.3226
vn 0.9095 0.3300 0.2529
vn 0.9574 0.1118 0.2663
vn 0.9574 0.1249 0.2603
vn 0.9763 0.1007 0.1917
vn 0.9756 0.1336 0.1745
vn 0.9889 0.0937 0.1156
vn 0.9864 0.1388 0.0875
vn 0.9952 0.0901 0.0386
vn 0.9901 0.1406 -0.0000
vn 0.9952 0.0901 -0.0386
vn 0.9864 0.1388 -0.0875
vn 0.9889 0.0937 -0.1156
vn 0.9756 0.1336 -0.1745
vn 0.9763 0.1007 -0.1917
vn 0.9574 0.1249 -0.2603
vn 0.9574 0.1118 -0.2663
vn 0.9339 0.1120 -0.3397
vn 0.8871 0.3301 -0.3226
vn 0.8871 0.3301 -0.3227
vn 0.7958 0.5318 -0.2895
vn 0.7959 0.5317 -0.2895
vn 0.6647 0.7069 -0.2418
vn 0.6647 0.7068 -0.2419
vn 0.5002 0.8466 -0.1820
vn 0.5002 0.8465 -0.1820
vn 0.3105 0.9438 -0.1130
vn 0.3106 0.9438 -0.1130
vn 0.1032 0.9939 -0.0376
vn 0.1050 0.9934 -0.0454
vn 0.0837 0.9936 0.0755
vn 0.0881 0.9938 0.0683
vn 0.2761 0.9438 0.1816
vn 0.4447 0.8465 0.2925
vn 0.4661 0.8465 0.2572
vn 0.6194 0.7068 0.3417
vn 0.6440 0.7068 0.2927
vn 0.7959 0.5317 0.2895
vn 0.7958 0.5318 0.2895
vn 0.8160 0.5317 0.2270
vn 0.9094 0.3301 0.2530
vn 0.9263 0.3301 0.1819
vn 0.0899 0.9936 0.0688
vn 0.0927 0.9938 0.0610
vn 0.2894 0.9438 0.1597
vn 0.4846 0.8465 0.2203
vn 0.6647 0.7068 0.2419
vn 0.6647 0.7069 0.2418
vn 0.6815 0.7068 0.1896
vn 0.8159 0.5318 0.2270
vn 0.8310 0.5317 0.1632
vn 0.9376 0.3301 0.1096
vn 0.0956 0.9935 0.0615
vn 0.0967 0.9939 0.0534
vn 0.3009 0.9438 0.1368
vn 0.5002 0.8465 0.1820
vn 0.5002 0.8466 0.1820
vn 0.5129 0.8465 0.1427
vn 0.6941 0.7068 0.1363
vn 0.8412 0.5317 0.0983
vn 0.9433 0.3301 0.0366
vn 0.1007 0.9935 0.0537
vn 0.1003 0.9939 0.0456
vn 0.3106 0.9438 0.1130
vn 0.3105 0.9438 0.1130
vn 0.3184 0.9438 0.0886
vn 0.5128 0.8465 0.1427
vn 0.5223 0.8465 0.1026
vn 0.7026 0.7068 0.0821
vn 0.8412 0.5318 0.0983
vn 0.8463 0.5317 0.0328
vn 0.9433 0.3301 -0.0366
vn 0.1050 0.9934 0.0454
vn 0.1032 0.9939 0.0376
vn 0.1087 0.9934 0.0368
vn 0.1056 0.9940 0.0294
vn 0.3243 0.9438 0.0637
vn 0.5287 0.8465 0.0618
vn 0.7068 0.7068 0.0274
vn 0.8463 0.5317 -0.0328
vn 0.9376 0.3301 -0.1096
vn 0.1115 0.9934 0.0279
vn 0.1074 0.9940 0.0211
vn 0.3283 0.9438 0.0384
vn 0.5319 0.8465 0.0206
vn 0.7068 0.7068 -0.0274
vn 0.8412 0.5317 -0.0983
vn 0.9263 0.3301 -0.1819
vn 0.1136 0.9934 0.0187
vn 0.1086 0.9940 0.0127
vn 0.3303 0.9438 0.0128
vn 0.5319 0.8465 -0.0206
vn 0.7026 0.7068 -0.0821
vn 0.8310 0.5317 -0.1632
vn 0.9094 0.3301 -0.2529
vn 0.1148 0.9933 0.0094
vn 0.1092 0.9940 0.0042
vn 0.3303 0.9438 -0.0128
vn 0.5287 0.8465 -0.0618
vn 0.6941 0.7068 -0.1363
vn 0.8159 0.5317 -0.2270
vn 0.9095 0.3300 -0.2530
vn 0.1152 0.9933 -0.0000
vn 0.1092 0.9940 -0.0042
vn 0.3283 0.9438 -0.0384
vn 0.5223 0.8465 -0.1026
vn 0.6815 0.7068 -0.1896
vn 0.8160 0.5317 -0.2270
vn 0.1148 0.9933 -0.0094
vn 0.1086 0.9940 -0.0127
vn 0.3243 0.9438 -0.0637
vn 0.5128 0.8465 -0.1427
vn 0.1136 0.9934 -0.0187
vn 0.1074 0.9940 -0.0211
vn 0.3184 0.9438 -0.0886
vn 0.5129 0.8465 -0.1427
vn 0.1115 0.9934 -0.0279
vn 0.1056 0.9940 -0.0294
vn 0.1087 0.9934 -0.0368
vn 0.1003 0.9939 -0.0456
vn 0.1007 0.9935 -0.0537
vn 0.0968 0.9939 -0.0534
vn 0.0956 0.9935 -0.0615
vn 0.0927 0.9938 -0.0610
vn 0.0899 0.9936 -0.0688
vn 0.0881 0.9938 -0.0683
vn 0.0837 0.9936 -0.0755
vn 0.0830 0.9937 -0.0753
vn 0.0769 0.9937 -0.0815
vn 0.2269 0.9438 -0.2404
vn 0.2075 0.9438 -0.2573
vn 0.3342 0.8465 -0.4143
vn 0.3011 0.8465 -0.4390
vn 0.4001 0.7068 -0.5834
vn 0.3537 0.7068 -0.6126
vn 0.4235 0.5317 -0.7334
vn 0.3653 0.5317 -0.7640
vn 0.4072 0.3301 -0.8516
vn 0.3400 0.3301 -0.8806
vn 0.3587 0.0906 -0.9291
vn 0.3226 0.1405 -0.9361
vn 0.2856 0.0899 -0.9541
vn 0.2386 0.1395 -0.9610
vn 0.2108 0.0927 -0.9731
vn 0.1528 0.1349 -0.9790
vn 0.1347 0.0990 -0.9859
vn 0.0658 0.1269 -0.9897
vn 0.0578 0.1089 -0.9924
vn -0.0193 0.1151 -0.9932
vn -0.0183 0.3301 -0.9438
vn -0.0164 0.5317 -0.8467
vn -0.0137 0.7068 -0.7072
vn -0.0103 0.8465 -0.5322
vn -0.0064 0.9438 -0.3304
vn -0.0021 0.9940 -0.1092
vn -0.0070 0.9933 -0.1150
vn 0.0771 0.9936 -0.0820
vn 0.0700 0.9938 -0.0868
vn 0.1869 0.9438 -0.2726
vn 0.2662 0.8465 -0.4610
vn 0.3051 0.7068 -0.6382
vn 0.3050 0.5317 -0.7901
vn 0.2707 0.3301 -0.9043
vn 0.0705 0.9936 -0.0884
vn 0.0628 0.9938 -0.0916
vn 0.1652 0.9438 -0.2862
vn 0.2296 0.8465 -0.4802
vn 0.3052 0.7068 -0.6382
vn 0.2548 0.7068 -0.6599
vn 0.2429 0.5317 -0.8113
vn 0.1998 0.3301 -0.9226
vn 0.0633 0.9935 -0.0943
vn 0.0553 0.9939 -0.0958
vn 0.1426 0.9438 -0.2982
vn 0.1917 0.8465 -0.4966
vn 0.2029 0.7068 -0.6777
vn 0.1793 0.5317 -0.8277
vn 0.1277 0.3301 -0.9353
vn 0.0556 0.9935 -0.0995
vn 0.0476 0.9939 -0.0994
vn 0.1190 0.9438 -0.3083
vn 0.1527 0.8465 -0.5100
vn 0.1498 0.7068 -0.6913
vn 0.1146 0.5317 -0.8391
vn 0.0549 0.3301 -0.9424
vn 0.0475 0.9934 -0.1040
vn 0.0396 0.9939 -0.1025
vn 0.0948 0.9438 -0.3166
vn 0.1127 0.8465 -0.5203
vn 0.0957 0.7068 -0.7009
vn 0.0492 0.5317 -0.8455
vn 0.0390 0.9934 -0.1078
vn 0.0315 0.9940 -0.1051
vn 0.0700 0.9438 -0.3230
vn 0.0720 0.8465 -0.5274
vn 0.0411 0.7068 -0.7062
vn 0.0301 0.9934 -0.1109
vn 0.0232 0.9940 -0.1070
vn 0.0447 0.9438 -0.3275
vn 0.0310 0.8465 -0.5314
vn 0.0210 0.9934 -0.1131
vn 0.0148 0.9940 -0.1083
vn 0.0192 0.9438 -0.3299
vn 0.0117 0.9933 -0.1146
vn 0.0064 0.9940 -0.1091
vn 0.0023 0.9933 -0.1152
vn -0.0106 0.9940 -0.1088
vn -0.0164 0.9934 -0.1140
vn -0.0190 0.9940 -0.1077
vn -0.0256 0.9934 -0.1121
vn -0.0273 0.9940 -0.1061
vn -0.0346 0.9934 -0.1094
vn -0.0355 0.9940 -0.1039
vn -0.0433 0.9934 -0.1060
vn -0.0436 0.9939 -0.1011
vn -0.0516 0.9935 -0.1018
vn -0.0515 0.9939 -0.0977
vn -0.0596 0.9935 -0.0970
vn -0.0591 0.9938 -0.0938
vn -0.0670 0.9936 -0.0914
vn -0.0665 0.9938 -0.0893
vn -0.0739 0.9936 -0.0853
vn -0.9892 0.1402 -0.0438
vn -0.9960 0.0897 -0.0000
vn -0.9892 0.1402 0.0438
vn -0.9928 0.0915 0.0772
vn -0.9819 0.1367 0.1311
vn -0.9834 0.0967 0.1538
vn -0.9674 0.1297 0.2176
vn -0.9676 0.1056 0.2293
vn -0.9455 0.1192 0.3031
vn -0.8989 0.3301 0.2882
vn -0.8065 0.5317 0.2586
vn -0.6736 0.7068 0.2160
vn -0.5069 0.8465 0.1625
vn -0.3147 0.9438 0.1009
vn -0.9928 0.0915 -0.0772
vn -0.9819 0.1367 -0.1311
vn -0.9834 0.0967 -0.1538
vn -0.9674 0.1297 -0.2176
vn -0.9676 0.1056 -0.2293
vn -0.9456 0.1192 -0.3026
vn -0.9456 0.1178 -0.3032
vn -0.9204 0.1066 -0.3760
vn -0.8738 0.3301 -0.3570
vn -0.8436 0.3301 -0.4236
vn -0.7568 0.5317 -0.3801
vn -0.7251 0.5317 -0.4376
vn -0.6056 0.7068 -0.3655
vn -0.5755 0.7068 -0.4113
vn -0.4331 0.8465 -0.3095
vn -0.4078 0.8465 -0.3422
vn -0.2532 0.9438 -0.2124
vn -0.2360 0.9438 -0.2314
vn -0.9141 0.1288 -0.3846
vn -0.8894 0.0975 -0.4467
vn -0.8082 0.3301 -0.4877
vn -0.6890 0.5317 -0.4925
vn -0.5419 0.7068 -0.4547
vn -0.3800 0.8465 -0.3727
vn -0.8756 0.1361 -0.4634
vn -0.8525 0.0918 -0.5145
vn -0.7680 0.3301 -0.5489
vn -0.6488 0.5317 -0.5444
vn -0.5050 0.7068 -0.4953
vn -0.8308 0.1400 -0.5387
vn -0.8103 0.0897 -0.5791
vn -0.7231 0.3301 -0.6068
vn -0.6046 0.5317 -0.5930
vn -0.7799 0.1403 -0.6100
vn -0.7629 0.0911 -0.6401
vn -0.6739 0.3301 -0.6610
vn -0.7233 0.1372 -0.6768
vn -0.7106 0.0961 -0.6970
vn -0.6612 0.1305 -0.7387
vn -0.5210 0.1279 -0.8439
vn -0.5301 0.1077 -0.8411
vn -0.5931 0.1165 -0.7967
vn -0.5637 0.3301 -0.7572
vn -0.5057 0.5317 -0.6793
vn -0.4224 0.7068 -0.5674
vn -0.3179 0.8465 -0.4270
vn -0.1974 0.9438 -0.2651
vn -0.4638 0.0982 -0.8805
vn -0.4439 0.1355 -0.8858
vn -0.3944 0.0922 -0.9143
vn -0.3637 0.1397 -0.9210
vn -0.3224 0.0898 -0.9423
vn -0.2809 0.1404 -0.9494
vn -0.2484 0.0908 -0.9644
vn -0.1959 0.1376 -0.9709
vn -0.1729 0.0954 -0.9803
vn -0.1094 0.1314 -0.9853
vn -0.0963 0.1035 -0.9900
vn -0.0220 0.1215 -0.9923
vn 0.4042 0.1381 -0.9042
vn 0.4294 0.0948 -0.8981
vn 0.4720 0.3301 -0.8175
vn 0.4234 0.5317 -0.7334
vn 0.4790 0.5317 -0.6984
vn 0.4441 0.7068 -0.5506
vn 0.3654 0.8465 -0.3871
vn 0.2448 0.9438 -0.2220
vn 0.2612 0.9438 -0.2025
vn 0.4829 0.1321 -0.8656
vn 0.4974 0.1025 -0.8615
vn 0.5339 0.3301 -0.7785
vn 0.5317 0.5317 -0.6592
vn 0.4855 0.7068 -0.5145
vn 0.3654 0.8465 -0.3872
vn 0.3942 0.8466 -0.3576
vn 0.3943 0.8465 -0.3577
vn 0.4207 0.8465 -0.3261
vn 0.2761 0.9438 -0.1816
vn 0.5582 0.1227 -0.8206
vn 0.5619 0.1138 -0.8193
vn 0.5926 0.3301 -0.7347
vn 0.5812 0.5317 -0.6160
vn 0.5239 0.7069 -0.4753
vn 0.5239 0.7068 -0.4753
vn 0.5591 0.7068 -0.4333
vn 0.4447 0.8465 -0.2925
vn 0.2894 0.9438 -0.1597
vn 0.6240 0.1101 -0.7736
vn 0.6283 0.1259 -0.7677
vn 0.6828 0.0998 -0.7237
vn 0.6929 0.1342 -0.7084
vn 0.7373 0.0932 -0.6691
vn 0.7523 0.1392 -0.6440
vn 0.7872 0.0900 -0.6101
vn 0.8061 0.1406 -0.5748
vn 0.8321 0.0903 -0.5473
vn 0.8540 0.1385 -0.5015
vn 0.8717 0.0942 -0.4810
vn 0.8957 0.1329 -0.4244
vn 0.9057 0.1016 -0.4117
vn 0.9308 0.1238 -0.3440
vn 0.9321 0.1120 0.3445
vn 0.9324 0.1253 0.3391
vn 0.9057 0.1016 0.4117
vn 0.8957 0.1329 0.4244
vn 0.8717 0.0942 0.4810
vn 0.8540 0.1385 0.5015
vn 0.8321 0.0903 0.5473
vn 0.8061 0.1406 0.5748
vn 0.7872 0.0900 0.6101
vn 0.7523 0.1392 0.6440
vn 0.7373 0.0932 0.6691
vn 0.6929 0.1342 0.7084
vn 0.6828 0.0998 0.7237
vn 0.6283 0.1259 0.7677
vn 0.6240 0.1101 0.7736
vn 0.5588 0.1140 0.8214
vn 0.5613 0.1237 0.8183
vn 0.4974 0.1025 0.8615
vn 0.4720 0.3301 0.8175
vn 0.4072 0.3301 0.8516
vn 0.3653 0.5317 0.7640
vn 0.3050 0.5317 0.7901
vn 0.2548 0.7068 0.6599
vn 0.2029 0.7068 0.6777
vn 0.1527 0.8465 0.5100
vn 0.1127 0.8465 0.5203
vn 0.0700 0.9438 0.3230
vn 0.0447 0.9438 0.3275
vn 0.4829 0.1321 0.8656
vn 0.4294 0.0948 0.8981
vn 0.3400 0.3301 0.8806
vn 0.2429 0.5317 0.8113
vn 0.1498 0.7068 0.6913
vn 0.0720 0.8465 0.5274
vn 0.0192 0.9438 0.3299
vn 0.4042 0.1381 0.9042
vn 0.3587 0.0906 0.9291
vn 0.2707 0.3301 0.9043
vn 0.1793 0.5317 0.8277
vn 0.0957 0.7068 0.7009
vn 0.0309 0.8465 0.5314
vn 0.3226 0.1405 0.9361
vn 0.2856 0.0899 0.9541
vn 0.1998 0.3301 0.9226
vn 0.1146 0.5317 0.8391
vn 0.0411 0.7068 0.7062
vn 0.0310 0.8465 0.5314
vn 0.2386 0.1395 0.9610
vn 0.2108 0.0927 0.9731
vn 0.1277 0.3301 0.9353
vn 0.0492 0.5317 0.8455
vn 0.1528 0.1349 0.9790
vn 0.1347 0.0990 0.9859
vn 0.0549 0.3301 0.9424
vn 0.0658 0.1269 0.9897
vn 0.0578 0.1089 0.9924
vn -0.0220 0.1153 0.9931
vn -0.3637 0.1397 0.9210
vn -0.3944 0.0922 0.9143
vn -0.4399 0.3301 0.8352
vn -0.4516 0.5317 0.7165
vn -0.4224 0.7068 0.5674
vn -0.3500 0.8465 0.4011
vn -0.2360 0.9438 0.2314
vn -0.4439 0.1355 0.8858
vn -0.4638 0.0982 0.8805
vn -0.5033 0.3301 0.7986
vn -0.5057 0.5317 0.6793
vn -0.4651 0.7068 0.5330
vn -0.3800 0.8465 0.3727
vn -0.2532 0.9438 0.2124
vn -0.5210 0.1279 0.8439
vn -0.5301 0.1077 0.8411
vn -0.5637 0.3301 0.7572
vn -0.5569 0.5317 0.6381
vn -0.5050 0.7068 0.4953
vn -0.4078 0.8465 0.3422
vn -0.2689 0.9438 0.1922
vn -0.5944 0.1166 0.7957
vn -0.5928 0.1207 0.7963
vn -0.6207 0.3301 0.7112
vn -0.6046 0.5317 0.5930
vn -0.5419 0.7068 0.4547
vn -0.4331 0.8465 0.3095
vn -0.2830 0.9438 0.1708
vn -0.6539 0.1045 0.7493
vn -0.6612 0.1305 0.7387
vn -0.7106 0.0961 0.6970
vn -0.7233 0.1372 0.6768
vn -0.7629 0.0911 0.6401
vn -0.7799 0.1403 0.6100
vn -0.8103 0.0897 0.5791
vn -0.8308 0.1400 0.5387
vn -0.8525 0.0918 0.5145
vn -0.8756 0.1361 0.4634
vn -0.8894 0.0975 0.4467
vn -0.9141 0.1288 0.3846
vn -0.9204 0.1066 0.3760
vn -0.9458 0.1179 0.3027
vn -0.3305 0.9438 -0.0000
vn -0.3295 0.9438 -0.0256
vn -0.3265 0.9438 -0.0511
vn -0.3216 0.9438 -0.0762
vn -0.3147 0.9438 -0.1009
vn -0.3060 0.9438 -0.1250
vn -0.2953 0.9438 -0.1483
vn -0.2830 0.9438 -0.1708
vn -0.2689 0.9438 -0.1922
vn -0.5323 0.8465 -0.0000
vn -0.5307 0.8465 -0.0413
vn -0.5259 0.8465 -0.0823
vn -0.5180 0.8465 -0.1228
vn -0.5069 0.8465 -0.1625
vn -0.4928 0.8465 -0.2013
vn -0.4757 0.8465 -0.2389
vn -0.4557 0.8465 -0.2751
vn -0.4558 0.8465 -0.2750
vn -0.3295 0.9438 0.0256
vn -0.3265 0.9438 0.0511
vn -0.3216 0.9438 0.0762
vn -0.7074 0.7068 -0.0000
vn -0.7052 0.7068 -0.0548
vn -0.6989 0.7068 -0.1093
vn -0.6883 0.7068 -0.1631
vn -0.6736 0.7068 -0.2160
vn -0.6548 0.7068 -0.2675
vn -0.6321 0.7068 -0.3175
vn -0.5307 0.8465 0.0413
vn -0.5259 0.8465 0.0823
vn -0.5180 0.8465 0.1228
vn -0.8469 0.5317 -0.0000
vn -0.8444 0.5317 -0.0656
vn -0.8367 0.5317 -0.1309
vn -0.8367 0.5318 -0.1309
vn -0.8241 0.5317 -0.1953
vn -0.8065 0.5317 -0.2586
vn -0.7840 0.5318 -0.3203
vn -0.7840 0.5317 -0.3203
vn -0.7052 0.7068 0.0548
vn -0.6989 0.7068 0.1093
vn -0.6883 0.7068 0.1631
vn -0.9440 0.3301 -0.0000
vn -0.9411 0.3301 -0.0732
vn -0.9411 0.3301 -0.0731
vn -0.9326 0.3301 -0.1459
vn -0.9185 0.3301 -0.2177
vn -0.8989 0.3301 -0.2882
vn -0.8444 0.5317 0.0656
vn -0.8367 0.5318 0.1309
vn -0.8367 0.5317 0.1309
vn -0.8241 0.5317 0.1953
vn -0.9411 0.3301 0.0731
vn -0.9411 0.3301 0.0732
vn -0.9326 0.3301 0.1459
vn -0.9185 0.3301 0.2177
vn -0.3060 0.9438 0.1250
vn -0.2953 0.9438 0.1483
vn -0.4928 0.8465 0.2013
vn -0.4757 0.8465 0.2389
vn -0.4558 0.8465 0.2750
vn -0.6548 0.7068 0.2675
vn -0.6321 0.7068 0.3175
vn -0.6056 0.7068 0.3655
vn -0.5755 0.7068 0.4113
vn -0.8738 0.3301 0.3570
vn -0.7840 0.5317 0.3203
vn -0.7568 0.5317 0.3801
vn -0.7251 0.5317 0.4376
vn -0.6890 0.5318 0.4925
vn -0.6890 0.5317 0.4925
vn -0.6488 0.5317 0.5444
vn -0.8436 0.3301 0.4236
vn -0.8082 0.3301 0.4877
vn -0.7680 0.3301 0.5489
vn -0.7231 0.3301 0.6068
vn -0.6739 0.3301 0.6610
vn 0.0948 0.9438 0.3166
vn 0.1917 0.8465 0.4966
vn 0.3051 0.7068 0.6382
vn 0.4235 0.5317 0.7334
vn 0.5339 0.3301 0.7785
vn 0.1190 0.9438 0.3083
vn 0.2296 0.8465 0.4802
vn 0.3052 0.7068 0.6382
vn 0.3537 0.7068 0.6126
vn 0.4790 0.5317 0.6984
vn 0.5926 0.3301 0.7347
vn 0.1426 0.9438 0.2982
vn 0.2662 0.8465 0.4610
vn 0.4001 0.7068 0.5834
vn 0.5317 0.5317 0.6592
vn 0.6478 0.3301 0.6866
vn 0.1652 0.9438 0.2862
vn 0.3011 0.8465 0.4390
vn 0.4441 0.7068 0.5506
vn 0.5812 0.5317 0.6160
vn 0.6479 0.3300 0.6866
vn 0.6991 0.3301 0.6343
vn 0.1869 0.9438 0.2726
vn 0.3342 0.8465 0.4143
vn 0.4855 0.7068 0.5145
vn 0.5813 0.5317 0.6160
vn 0.6272 0.5318 0.5691
vn 0.7461 0.3301 0.5783
vn 0.2075 0.9438 0.2573
vn 0.3654 0.8465 0.3871
vn 0.5239 0.7069 0.4753
vn 0.6272 0.5317 0.5691
vn 0.6694 0.5317 0.5188
vn 0.7887 0.3301 0.5187
vn 0.2268 0.9438 0.2404
vn 0.3654 0.8465 0.3872
vn 0.3942 0.8466 0.3576
vn 0.5239 0.7068 0.4753
vn 0.5591 0.7068 0.4333
vn 0.7076 0.5317 0.4654
vn 0.8265 0.3301 0.4560
vn 0.3943 0.8465 0.3577
vn 0.2269 0.9438 0.2404
vn 0.3009 0.9438 -0.1368
vn 0.4846 0.8465 -0.2203
vn 0.4661 0.8465 -0.2572
vn 0.4448 0.8465 -0.2925
vn 0.6440 0.7068 -0.2927
vn 0.6193 0.7068 -0.3417
vn 0.6194 0.7068 -0.3417
vn 0.5910 0.7068 -0.3887
vn 0.8593 0.3301 -0.3906
vn 0.7710 0.5317 -0.3505
vn 0.7710 0.5318 -0.3505
vn 0.7415 0.5317 -0.4091
vn 0.7076 0.5317 -0.4654
vn 0.6694 0.5317 -0.5188
vn 0.6272 0.5317 -0.5691
vn 0.8265 0.3301 -0.4560
vn 0.7887 0.3301 -0.5187
vn 0.7461 0.3301 -0.5783
vn 0.6991 0.3301 -0.6343
vn 0.6272 0.5318 -0.5691
vn 0.5813 0.5317 -0.6160
vn 0.6478 0.3301 -0.6866
vn 0.6478 0.3300 -0.6866
vn -0.0320 0.9438 -0.3289
vn -0.0574 0.9438 -0.3255
vn -0.0824 0.9438 -0.3201
vn -0.1070 0.9438 -0.3127
vn -0.1309 0.9438 -0.3035
vn -0.1540 0.9438 -0.2924
vn -0.1762 0.9438 -0.2796
vn -0.0515 0.8465 -0.5298
vn -0.0924 0.8465 -0.5242
vn -0.1328 0.8465 -0.5155
vn -0.1723 0.8465 -0.5037
vn -0.2108 0.8465 -0.4888
vn -0.2481 0.8465 -0.4710
vn -0.2838 0.8465 -0.4503
vn -0.0685 0.7068 -0.7040
vn -0.0685 0.7068 -0.7041
vn -0.1228 0.7068 -0.6966
vn -0.1764 0.7068 -0.6850
vn -0.1765 0.7068 -0.6850
vn -0.2290 0.7068 -0.6693
vn -0.2802 0.7068 -0.6495
vn -0.3297 0.7068 -0.6259
vn -0.3772 0.7068 -0.5984
vn -0.0914 0.3301 -0.9395
vn -0.0820 0.5317 -0.8429
vn -0.1471 0.5317 -0.8340
vn -0.2113 0.5317 -0.8201
vn -0.2112 0.5317 -0.8201
vn -0.2742 0.5317 -0.8013
vn -0.3354 0.5317 -0.7776
vn -0.3947 0.5317 -0.7493
vn -0.4516 0.5317 -0.7165
vn -0.1639 0.3301 -0.9296
vn -0.2355 0.3301 -0.9141
vn -0.3056 0.3301 -0.8931
vn -0.3739 0.3301 -0.8668
vn -0.4399 0.3301 -0.8352
vn -0.5033 0.3301 -0.7986
vn -0.0000 1.0000 -0.0000
vn 0.9653 0.2587 0.0349
vn 0.9653 0.2587 -0.0349
vn 0.9652 0.2590 -0.0357
vn 0.9604 0.2584 -0.1044
vn 0.9599 0.2593 -0.1069
vn 0.9504 0.2581 -0.1735
vn 0.9493 0.2596 -0.1774
vn 0.9355 0.2578 -0.2416
vn 0.9335 0.2599 -0.2471
vn 0.9157 0.2575 -0.3085
vn 0.9126 0.2602 -0.3153
vn 0.8911 0.2573 -0.3738
vn 0.8868 0.2604 -0.3818
vn 0.8619 0.2570 -0.4372
vn 0.8561 0.2606 -0.4462
vn 0.8281 0.2568 -0.4983
vn 0.8208 0.2609 -0.5082
vn 0.7901 0.2566 -0.5567
vn 0.7810 0.2611 -0.5674
vn 0.7479 0.2564 -0.6123
vn 0.7369 0.2613 -0.6235
vn 0.7018 0.2562 -0.6647
vn 0.6888 0.2614 -0.6762
vn 0.6520 0.2561 -0.7137
vn 0.6369 0.2616 -0.7252
vn 0.5988 0.2559 -0.7589
vn 0.5816 0.2617 -0.7702
vn 0.5425 0.2558 -0.8002
vn 0.5231 0.2619 -0.8110
vn 0.4834 0.2557 -0.8372
vn 0.4618 0.2620 -0.8474
vn 0.4217 0.2556 -0.8700
vn 0.3979 0.2621 -0.8792
vn 0.3579 0.2555 -0.8981
vn 0.3319 0.2622 -0.9061
vn 0.2921 0.2554 -0.9216
vn 0.2641 0.2622 -0.9282
vn 0.2249 0.2554 -0.9403
vn 0.1948 0.2623 -0.9451
vn 0.1564 0.2553 -0.9541
vn 0.1245 0.2623 -0.9569
vn 0.0872 0.2553 -0.9629
vn 0.0535 0.2623 -0.9635
vn 0.0175 0.2553 -0.9667
vn -0.0178 0.2623 -0.9648
vn -0.0523 0.2553 -0.9654
vn -0.0890 0.2623 -0.9609
vn -0.1219 0.2553 -0.9591
vn -0.1598 0.2623 -0.9517
vn -0.1908 0.2553 -0.9478
vn -0.2296 0.2623 -0.9373
vn -0.2587 0.2554 -0.9316
vn -0.2982 0.2622 -0.9178
vn -0.3252 0.2555 -0.9105
vn -0.3652 0.2621 -0.8933
vn -0.3900 0.2555 -0.8846
vn -0.4302 0.2620 -0.8639
vn -0.4528 0.2556 -0.8542
vn -0.4928 0.2619 -0.8298
vn -0.5133 0.2557 -0.8192
vn -0.5528 0.2618 -0.7911
vn -0.5710 0.2559 -0.7800
vn -0.6097 0.2617 -0.7482
vn -0.6258 0.2560 -0.7368
vn -0.6633 0.2615 -0.7012
vn -0.6773 0.2562 -0.6897
vn -0.7133 0.2614 -0.6503
vn -0.7253 0.2563 -0.6390
vn -0.7594 0.2612 -0.5959
vn -0.7695 0.2565 -0.5849
vn -0.8014 0.2610 -0.5382
vn -0.8096 0.2567 -0.5279
vn -0.8390 0.2608 -0.4775
vn -0.8455 0.2569 -0.4680
vn -0.8721 0.2605 -0.4143
vn -0.8771 0.2571 -0.4058
vn -0.9003 0.2603 -0.3488
vn -0.9040 0.2574 -0.3414
vn -0.9237 0.2600 -0.2814
vn -0.9262 0.2576 -0.2753
vn -0.9420 0.2597 -0.2124
vn -0.9436 0.2579 -0.2077
vn -0.9552 0.2595 -0.1423
vn -0.9560 0.2582 -0.1391
vn -0.9632 0.2591 -0.0713
vn -0.9635 0.2585 -0.0697
vn -0.9659 0.2588 -0.0000
vn -0.9635 0.2585 0.0697
vn -0.9632 0.2591 0.0713
vn -0.9560 0.2582 0.1391
vn -0.9552 0.2595 0.1423
vn -0.9436 0.2579 0.2077
vn -0.9420 0.2597 0.2124
vn -0.9262 0.2576 0.2753
vn -0.9237 0.2600 0.2814
vn -0.9040 0.2574 0.3414
vn -0.9003 0.2603 0.3488
vn -0.8771 0.2571 0.4058
vn -0.8721 0.2605 0.4143
vn -0.8455 0.2569 0.4680
vn -0.8390 0.2608 0.4775
vn -0.8096 0.2567 0.5279
vn -0.8014 0.2610 0.5382
vn -0.7695 0.2565 0.5849
vn -0.7594 0.2612 0.5959
vn -0.7253 0.2563 0.6390
vn -0.7133 0.2614 0.6503
vn -0.6773 0.2562 0.6897
vn -0.6633 0.2615 0.7012
vn -0.6258 0.2560 0.7368
vn -0.6097 0.2617 0.7482
vn -0.5710 0.2559 0.7800
vn -0.5528 0.2618 0.7911
vn -0.5133 0.2557 0.8192
vn -0.4928 0.2619 0.8298
vn -0.4528 0.2556 0.8542
vn -0.4302 0.2620 0.8639
vn -0.3900 0.2555 0.8846
vn -0.3652 0.2621 0.8933
vn -0.3252 0.2555 0.9105
vn -0.2982 0.2622 0.9178
vn -0.2587 0.2554 0.9316
vn -0.2296 0.2623 0.9373
vn -0.1908 0.2553 0.9478
vn -0.1598 0.2623 0.9517
vn -0.1219 0.2553 0.9591
vn -0.0890 0.2623 0.9609
vn -0.0523 0.2553 0.9654
vn -0.0178 0.2623 0.9648
vn 0.0175 0.2553 0.9667
vn 0.0535 0.2623 0.9635
vn 0.0872 0.2553 0.9629
vn 0.1245 0.2623 0.9569
vn 0.1564 0.2553 0.9541
vn 0.1948 0.2623 0.9451
vn 0.2249 0.2554 0.9403
vn 0.2641 0.2622 0.9282
vn 0.2921 0.2554 0.9216
vn 0.3319 0.2622 0.9061
vn 0.3579 0.2555 0.8981
vn 0.3979 0.2621 0.8792
vn 0.4217 0.2556 0.8700
vn 0.4618 0.2620 0.8474
vn 0.4834 0.2557 0.8372
vn 0.5231 0.2619 0.8110
vn 0.5425 0.2558 0.8002
vn 0.5816 0.2617 0.7702
vn 0.5988 0.2559 0.7589
vn 0.6369 0.2616 0.7252
vn 0.6520 0.2561 0.7137
vn 0.6888 0.2614 0.6762
vn 0.7018 0.2562 0.6647
vn 0.7369 0.2613 0.6235
vn 0.7479 0.2564 0.6123
vn 0.7810 0.2611 0.5674
vn 0.7901 0.2566 0.5567
vn 0.8208 0.2609 0.5082
vn 0.8281 0.2568 0.4983
vn 0.8561 0.2606 0.4462
vn 0.8619 0.2570 0.4372
vn 0.8868 0.2604 0.3818
vn 0.8911 0.2573 0.3738
vn 0.9126 0.2602 0.3153
vn 0.9157 0.2575 0.3085
vn 0.9335 0.2599 0.2471
vn 0.9355 0.2578 0.2416
vn 0.9493 0.2596 0.1775
vn 0.9504 0.2581 0.1735
vn 0.9599 0.2593 0.1069
vn 0.9604 0.2584 0.1044
vn 0.9652 0.2590 0.0357
vn 0.9993 -0.0000 -0.0361
vn 0.9993 -0.0000 0.0361
vn 0.9941 -0.0000 0.1081
vn 0.9837 -0.0000 0.1796
vn 0.9682 -0.0000 0.2501
vn 0.9477 -0.0000 0.3193
vn 0.9221 -0.0000 0.3869
vn 0.9221 -0.0000 0.3868
vn 0.8918 -0.0000 0.4524
vn 0.8569 -0.0000 0.5156
vn 0.8174 -0.0000 0.5760
vn 0.7737 -0.0000 0.6335
vn 0.7260 -0.0000 0.6877
vn 0.6745 -0.0000 0.7383
vn 0.6194 -0.0000 0.7850
vn 0.5612 -0.0000 0.8277
vn 0.5000 -0.0000 0.8660
vn 0.4362 -0.0000 0.8998
vn 0.3701 -0.0000 0.9290
vn 0.3021 -0.0000 0.9533
vn 0.2326 -0.0000 0.9726
vn 0.1618 -0.0000 0.9868
vn 0.0902 -0.0000 0.9959
vn 0.0181 -0.0000 0.9998
vn -0.0541 -0.0000 0.9985
vn -0.1261 -0.0000 0.9920
vn -0.1973 -0.0000 0.9803
vn -0.2675 -0.0000 0.9635
vn -0.3364 -0.0000 0.9417
vn -0.4034 -0.0000 0.9150
vn -0.4684 -0.0000 0.8835
vn -0.5309 -0.0000 0.8474
vn -0.5907 -0.0000 0.8069
vn -0.6474 -0.0000 0.7622
vn -0.7007 -0.0000 0.7135
vn -0.7504 -0.0000 0.6610
vn -0.7503 -0.0000 0.6610
vn -0.7961 -0.0000 0.6052
vn -0.8377 -0.0000 0.5462
vn -0.8749 -0.0000 0.4843
vn -0.9076 -0.0000 0.4199
vn -0.9355 -0.0000 0.3533
vn -0.9586 -0.0000 0.2849
vn -0.9766 -0.0000 0.2150
vn -0.9896 -0.0000 0.1439
vn -0.9974 -0.0000 0.0722
vn -1.0000 -0.0000 -0.0000
vn -0.9974 -0.0000 -0.0722
vn -0.9896 -0.0000 -0.1439
vn -0.9766 -0.0000 -0.2150
vn -0.9586 -0.0000 -0.2849
vn -0.9355 -0.0000 -0.3533
vn -0.9076 -0.0000 -0.4199
vn -0.8749 -0.0000 -0.4843
vn -0.8377 -0.0000 -0.5462
vn -0.7961 -0.0000 -0.6052
vn -0.7503 -0.0000 -0.6610
vn -0.7504 -0.0000 -0.6610
vn -0.7007 -0.0000 -0.7135
vn -0.6474 -0.0000 -0.7622
vn -0.5907 -0.0000 -0.8069
vn -0.5309 -0.0000 -0.8474
vn -0.4684 -0.0000 -0.8835
vn -0.4034 -0.0000 -0.9150
vn -0.3364 -0.0000 -0.9417
vn -0.2675 -0.0000 -0.9635
vn -0.2675 -0.0000 -0.9636
vn -0.1973 -0.0000 -0.9803
vn -0.1261 -0.0000 -0.9920
vn -0.0541 -0.0000 -0.9985
vn 0.0181 -0.0000 -0.9998
vn 0.0902 -0.0000 -0.9959
vn 0.1618 -0.0000 -0.9868
vn 0.2326 -0.0000 -0.9726
vn 0.3021 -0.0000 -0.9533
vn 0.3701 -0.0000 -0.9290
vn 0.4362 -0.0000 -0.8998
vn 0.5000 -0.0000 -0.8660
vn 0.5612 -0.0000 -0.8277
vn 0.6194 -0.0000 -0.7850
vn 0.6745 -0.0000 -0.7383
vn 0.7260 -0.0000 -0.6877
vn 0.7737 -0.0000 -0.6335
vn 0.8174 -0.0000 -0.5760
vn 0.8569 -0.0000 -0.5156
vn 0.8918 -0.0000 -0.4524
vn 0.9221 -0.0000 -0.3868
vn 0.9221 -0.0000 -0.3869
vn 0.9477 -0.0000 -0.3193
vn 0.9682 -0.0000 -0.2501
vn 0.9837 -0.0000 -0.1796
vn 0.9941 -0.0000 -0.1081
vn 0.9895 0.1399 0.0357
vn 0.9909 0.1305 0.0346
vn 0.9909 0.1305 -0.0346
vn 0.9234 0.3825 -0.0322
vn 0.7931 0.6085 -0.0277
vn 0.7930 0.6085 -0.0277
vn 0.6086 0.7932 -0.0213
vn 0.3827 0.9238 -0.0134
vn 0.3826 0.9238 -0.0134
vn 0.1305 0.9914 -0.0046
vn 0.1309 0.9914 -0.0046
vn 0.9872 0.1213 0.1038
vn 0.9831 0.1487 0.1069
vn 0.9785 0.1127 0.1725
vn 0.9716 0.1568 0.1773
vn 0.9650 0.1048 0.2406
vn 0.9551 0.1643 0.2467
vn 0.9465 0.0975 0.3075
vn 0.9337 0.1710 0.3146
vn 0.9233 0.0909 0.3731
vn 0.9076 0.1771 0.3807
vn 0.8955 0.0849 0.4368
vn 0.8768 0.1826 0.4448
vn 0.8633 0.0796 0.4984
vn 0.8417 0.1874 0.5064
vn 0.8267 0.0749 0.5576
vn 0.8023 0.1915 0.5654
vn 0.7860 0.0709 0.6141
vn 0.7589 0.1950 0.6214
vn 0.7414 0.0676 0.6676
vn 0.7116 0.1978 0.6741
vn 0.6932 0.0649 0.7178
vn 0.6608 0.2001 0.7234
vn 0.6415 0.0629 0.7645
vn 0.6067 0.2016 0.7689
vn 0.5867 0.0616 0.8075
vn 0.5496 0.2026 0.8105
vn 0.5289 0.0609 0.8465
vn 0.4896 0.2029 0.8480
vn 0.4686 0.0609 0.8813
vn 0.4272 0.2026 0.8812
vn 0.4060 0.0616 0.9118
vn 0.3625 0.2017 0.9099
vn 0.3413 0.0629 0.9378
vn 0.2960 0.2001 0.9340
vn 0.2751 0.0649 0.9592
vn 0.2280 0.1978 0.9534
vn 0.2074 0.0676 0.9759
vn 0.1587 0.1950 0.9679
vn 0.1388 0.0709 0.9878
vn 0.0885 0.1915 0.9775
vn 0.0696 0.0749 0.9948
vn 0.0177 0.1874 0.9821
vn -0.0000 0.0796 0.9968
vn -0.0532 0.1826 0.9817
vn -0.0695 0.0849 0.9940
vn -0.1241 0.1771 0.9763
vn -0.1386 0.0909 0.9862
vn -0.1944 0.1710 0.9659
vn -0.2069 0.0975 0.9735
vn -0.2639 0.1643 0.9505
vn -0.2741 0.1048 0.9560
vn -0.3322 0.1568 0.9301
vn -0.3398 0.1127 0.9337
vn -0.3989 0.1487 0.9048
vn -0.4037 0.1213 0.9068
vn -0.4638 0.1399 0.8748
vn -0.4655 0.1304 0.8754
vn -0.5254 0.1304 0.8408
vn -0.4896 0.3825 0.7836
vn -0.5431 0.3825 0.7475
vn -0.4664 0.6085 0.6420
vn -0.5101 0.6085 0.6079
vn -0.3915 0.7932 0.4665
vn -0.4230 0.7932 0.4381
vn -0.2660 0.9238 0.2754
vn -0.2845 0.9238 0.2562
vn -0.0909 0.9925 0.0818
vn -0.1068 0.9901 0.0910
vn -0.0963 0.9925 0.0753
vn -0.1130 0.9901 0.0833
vn -0.1013 0.9925 0.0683
vn -0.1187 0.9901 0.0752
vn -0.1057 0.9925 0.0610
vn -0.1238 0.9901 0.0667
vn -0.1097 0.9925 0.0535
vn -0.1282 0.9901 0.0578
vn -0.1131 0.9925 0.0457
vn -0.1320 0.9901 0.0486
vn -0.1160 0.9925 0.0377
vn -0.1352 0.9900 0.0392
vn -0.1183 0.9925 0.0295
vn -0.1377 0.9900 0.0296
vn -0.1200 0.9925 0.0212
vn -0.1394 0.9900 0.0198
vn -0.1212 0.9925 0.0127
vn -0.1405 0.9900 0.0099
vn -0.1218 0.9925 0.0043
vn -0.1408 0.9900 -0.0000
vn -0.1218 0.9925 -0.0043
vn -0.1405 0.9900 -0.0099
vn -0.1212 0.9925 -0.0127
vn -0.1394 0.9900 -0.0198
vn -0.1200 0.9925 -0.0212
vn -0.1377 0.9900 -0.0296
vn -0.1183 0.9925 -0.0295
vn -0.1352 0.9900 -0.0392
vn -0.1160 0.9925 -0.0377
vn -0.1320 0.9901 -0.0486
vn -0.1131 0.9925 -0.0457
vn -0.1282 0.9901 -0.0578
vn -0.1097 0.9925 -0.0535
vn -0.1238 0.9901 -0.0667
vn -0.1057 0.9925 -0.0610
vn -0.1187 0.9901 -0.0752
vn -0.1013 0.9925 -0.0683
vn -0.1130 0.9901 -0.0833
vn -0.0963 0.9925 -0.0753
vn -0.1068 0.9901 -0.0910
vn -0.0909 0.9925 -0.0818
vn -0.1000 0.9901 -0.0983
vn -0.0850 0.9925 -0.0880
vn -0.0927 0.9901 -0.1050
vn -0.0787 0.9925 -0.0938
vn -0.0850 0.9902 -0.1111
vn -0.0721 0.9925 -0.0992
vn -0.0769 0.9902 -0.1167
vn -0.0650 0.9924 -0.1041
vn -0.0684 0.9902 -0.1217
vn -0.0577 0.9924 -0.1085
vn -0.0596 0.9902 -0.1261
vn -0.0500 0.9924 -0.1124
vn -0.0505 0.9903 -0.1298
vn -0.0421 0.9924 -0.1157
vn -0.0411 0.9903 -0.1329
vn -0.0340 0.9924 -0.1185
vn -0.0316 0.9903 -0.1353
vn -0.0257 0.9924 -0.1207
vn -0.0219 0.9903 -0.1370
vn -0.0172 0.9923 -0.1224
vn -0.0122 0.9904 -0.1379
vn -0.0086 0.9923 -0.1235
vn -0.0024 0.9904 -0.1382
vn -0.0000 0.9923 -0.1240
vn 0.0073 0.9904 -0.1378
vn 0.0087 0.9923 -0.1239
vn 0.0170 0.9905 -0.1367
vn 0.0173 0.9922 -0.1232
vn 0.0265 0.9905 -0.1349
vn 0.0259 0.9922 -0.1219
vn 0.0359 0.9905 -0.1325
vn 0.0344 0.9922 -0.1200
vn 0.0451 0.9906 -0.1294
vn 0.0428 0.9921 -0.1175
vn 0.0540 0.9906 -0.1256
vn 0.0510 0.9921 -0.1145
vn 0.0626 0.9907 -0.1212
vn 0.0589 0.9921 -0.1109
vn 0.0708 0.9907 -0.1162
vn 0.0667 0.9921 -0.1067
vn 0.0786 0.9907 -0.1107
vn 0.0741 0.9920 -0.1020
vn 0.0861 0.9908 -0.1046
vn 0.0812 0.9920 -0.0968
vn 0.0930 0.9908 -0.0981
vn 0.0880 0.9919 -0.0911
vn 0.0994 0.9909 -0.0910
vn 0.0944 0.9919 -0.0850
vn 0.1053 0.9909 -0.0836
vn 0.1003 0.9919 -0.0784
vn 0.1107 0.9910 -0.0757
vn 0.1058 0.9918 -0.0714
vn 0.1154 0.9910 -0.0676
vn 0.1108 0.9918 -0.0640
vn 0.1196 0.9911 -0.0591
vn 0.1153 0.9917 -0.0562
vn 0.1231 0.9911 -0.0504
vn 0.1193 0.9917 -0.0482
vn 0.1260 0.9912 -0.0414
vn 0.1227 0.9916 -0.0399
vn 0.1282 0.9912 -0.0323
vn 0.1256 0.9916 -0.0313
vn 0.1298 0.9913 -0.0231
vn 0.1278 0.9915 -0.0225
vn 0.1307 0.9913 -0.0139
vn 0.1295 0.9915 -0.0136
vn -0.5257 0.1399 0.8391
vn -0.5834 0.1213 0.8030
vn -0.5939 0.3825 0.7078
vn -0.5512 0.6085 0.5708
vn -0.4526 0.7932 0.4075
vn -0.3017 0.9238 0.2357
vn -0.5841 0.1487 0.7979
vn -0.6387 0.1127 0.7612
vn -0.6418 0.3825 0.6646
vn -0.5897 0.6085 0.5310
vn -0.4799 0.7932 0.3749
vn -0.3174 0.9238 0.2141
vn -0.6394 0.1568 0.7527
vn -0.6908 0.1048 0.7154
vn -0.6866 0.3825 0.6183
vn -0.6253 0.6085 0.4886
vn -0.5049 0.7932 0.3405
vn -0.3316 0.9238 0.1914
vn -0.6912 0.1643 0.7038
vn -0.7396 0.0975 0.6659
vn -0.7281 0.3825 0.5688
vn -0.6253 0.6085 0.4885
vn -0.6579 0.6085 0.4437
vn -0.5274 0.7932 0.3045
vn -0.3441 0.9238 0.1678
vn -0.7393 0.1710 0.6513
vn -0.7847 0.0909 0.6131
vn -0.7660 0.3825 0.5167
vn -0.6872 0.6085 0.3968
vn -0.5474 0.7932 0.2670
vn -0.3550 0.9238 0.1434
vn -0.7835 0.1771 0.5956
vn -0.8260 0.0849 0.5572
vn -0.8002 0.3825 0.4620
vn -0.7132 0.6085 0.3479
vn -0.5647 0.7932 0.2281
vn -0.3641 0.9238 0.1183
vn -0.8236 0.1826 0.5370
vn -0.8633 0.0796 0.4984
vn -0.8305 0.3825 0.4050
vn -0.7357 0.6085 0.2973
vn -0.5792 0.7932 0.1882
vn -0.3715 0.9238 0.0926
vn -0.8594 0.1874 0.4757
vn -0.8963 0.0749 0.4371
vn -0.8567 0.3825 0.3461
vn -0.7358 0.6085 0.2973
vn -0.7547 0.6085 0.2452
vn -0.5909 0.7932 0.1473
vn -0.3771 0.9238 0.0665
vn -0.8908 0.1915 0.4121
vn -0.9248 0.0709 0.3737
vn -0.8787 0.3825 0.2855
vn -0.7700 0.6085 0.1920
vn -0.5997 0.7932 0.1058
vn -0.3808 0.9238 0.0400
vn -0.9176 0.1950 0.3465
vn -0.9489 0.0676 0.3083
vn -0.8965 0.3825 0.2235
vn -0.7815 0.6085 0.1378
vn -0.6057 0.7932 0.0637
vn -0.3826 0.9238 0.0134
vn -0.9396 0.1978 0.2792
vn -0.9682 0.0649 0.2414
vn -0.9099 0.3825 0.1604
vn -0.7892 0.6085 0.0829
vn -0.6086 0.7932 0.0213
vn -0.3827 0.9238 0.0134
vn -0.3827 0.9238 -0.0134
vn -0.9569 0.2001 0.2106
vn -0.9829 0.0629 0.1733
vn -0.9189 0.3825 0.0966
vn -0.7930 0.6085 0.0277
vn -0.6086 0.7932 -0.0213
vn -0.3826 0.9238 -0.0134
vn -0.3808 0.9238 -0.0400
vn -0.9693 0.2016 0.1410
vn -0.9926 0.0616 0.1043
vn -0.9234 0.3825 0.0322
vn -0.7931 0.6085 0.0277
vn -0.7930 0.6085 -0.0277
vn -0.6057 0.7932 -0.0637
vn -0.3771 0.9238 -0.0665
vn -0.9767 0.2026 0.0707
vn -0.9975 0.0609 0.0348
vn -0.9234 0.3825 -0.0322
vn -0.7931 0.6085 -0.0277
vn -0.7892 0.6085 -0.0829
vn -0.5997 0.7932 -0.1058
vn -0.3715 0.9238 -0.0926
vn -0.9792 0.2029 -0.0000
vn -0.9975 0.0609 -0.0348
vn -0.9189 0.3825 -0.0966
vn -0.7815 0.6085 -0.1378
vn -0.5997 0.7932 -0.1057
vn -0.5909 0.7932 -0.1473
vn -0.3641 0.9238 -0.1183
vn -0.9767 0.2026 -0.0707
vn -0.9926 0.0616 -0.1043
vn -0.9099 0.3825 -0.1604
vn -0.7700 0.6085 -0.1920
vn -0.5792 0.7932 -0.1882
vn -0.3550 0.9238 -0.1434
vn -0.9693 0.2016 -0.1410
vn -0.9829 0.0629 -0.1733
vn -0.8965 0.3825 -0.2235
vn -0.7547 0.6085 -0.2452
vn -0.5647 0.7932 -0.2281
vn -0.3441 0.9238 -0.1678
vn -0.9569 0.2001 -0.2106
vn -0.9682 0.0649 -0.2414
vn -0.8787 0.3825 -0.2855
vn -0.7357 0.6085 -0.2973
vn -0.5474 0.7932 -0.2670
vn -0.3316 0.9238 -0.1914
vn -0.9396 0.1978 -0.2792
vn -0.9489 0.0676 -0.3083
vn -0.8567 0.3825 -0.3461
vn -0.7358 0.6085 -0.2973
vn -0.7132 0.6085 -0.3479
vn -0.5274 0.7932 -0.3045
vn -0.3174 0.9238 -0.2141
vn -0.9176 0.1950 -0.3465
vn -0.9248 0.0709 -0.3737
vn -0.8304 0.3825 -0.4050
vn -0.6872 0.6085 -0.3968
vn -0.5049 0.7932 -0.3405
vn -0.3017 0.9238 -0.2357
vn -0.8908 0.1915 -0.4121
vn -0.8963 0.0749 -0.4371
vn -0.8305 0.3825 -0.4050
vn -0.8002 0.3825 -0.4620
vn -0.6579 0.6085 -0.4437
vn -0.4799 0.7932 -0.3749
vn -0.2845 0.9238 -0.2562
vn -0.8594 0.1874 -0.4757
vn -0.8633 0.0796 -0.4984
vn -0.7660 0.3825 -0.5167
vn -0.6253 0.6085 -0.4885
vn -0.4526 0.7932 -0.4075
vn -0.2660 0.9238 -0.2754
vn -0.8236 0.1826 -0.5370
vn -0.8260 0.0849 -0.5572
vn -0.7281 0.3825 -0.5689
vn -0.5897 0.6085 -0.5310
vn -0.4230 0.7932 -0.4381
vn -0.2461 0.9238 -0.2933
vn -0.7835 0.1771 -0.5956
vn -0.7847 0.0909 -0.6131
vn -0.7281 0.3825 -0.5688
vn -0.6866 0.3825 -0.6183
vn -0.5512 0.6085 -0.5708
vn -0.3915 0.7932 -0.4665
vn -0.2250 0.9238 -0.3098
vn -0.7393 0.1710 -0.6513
vn -0.7396 0.0975 -0.6659
vn -0.6418 0.3825 -0.6646
vn -0.5101 0.6085 -0.6079
vn -0.3580 0.7932 -0.4927
vn -0.2251 0.9238 -0.3098
vn -0.2029 0.9238 -0.3247
vn -0.6912 0.1643 -0.7038
vn -0.6908 0.1048 -0.7154
vn -0.5939 0.3825 -0.7078
vn -0.4664 0.6085 -0.6420
vn -0.3227 0.7932 -0.5165
vn -0.1798 0.9238 -0.3381
vn -0.6394 0.1568 -0.7527
vn -0.6387 0.1127 -0.7612
vn -0.5431 0.3825 -0.7475
vn -0.4205 0.6085 -0.6730
vn -0.2859 0.7932 -0.5377
vn -0.1557 0.9238 -0.3498
vn -0.5841 0.1487 -0.7979
vn -0.5834 0.1213 -0.8030
vn -0.4896 0.3825 -0.7836
vn -0.3725 0.6085 -0.7006
vn -0.2477 0.7932 -0.5563
vn -0.1310 0.9238 -0.3598
vn -0.5257 0.1399 -0.8391
vn -0.5254 0.1304 -0.8408
vn -0.4338 0.3825 -0.8158
vn -0.3228 0.6085 -0.7249
vn -0.2477 0.7932 -0.5564
vn -0.2083 0.7932 -0.5723
vn -0.1055 0.9238 -0.3681
vn -0.4655 0.1304 -0.8754
vn -0.4638 0.1399 -0.8748
vn -0.4037 0.1213 -0.9068
vn -0.3989 0.1487 -0.9048
vn -0.3398 0.1127 -0.9337
vn -0.3322 0.1568 -0.9301
vn -0.2741 0.1048 -0.9560
vn -0.2639 0.1643 -0.9505
vn -0.2069 0.0975 -0.9735
vn -0.1944 0.1710 -0.9659
vn -0.1386 0.0909 -0.9862
vn -0.1241 0.1771 -0.9763
vn -0.0695 0.0849 -0.9940
vn -0.0532 0.1826 -0.9817
vn -0.0000 0.0796 -0.9968
vn 0.0177 0.1874 -0.9821
vn 0.0696 0.0749 -0.9948
vn 0.0885 0.1915 -0.9775
vn 0.1388 0.0709 -0.9878
vn 0.1587 0.1950 -0.9679
vn 0.2074 0.0676 -0.9759
vn 0.2280 0.1978 -0.9534
vn 0.2751 0.0649 -0.9592
vn 0.2960 0.2001 -0.9340
vn 0.3413 0.0629 -0.9378
vn 0.3625 0.2017 -0.9099
vn 0.4060 0.0616 -0.9118
vn 0.4272 0.2026 -0.8812
vn 0.4686 0.0609 -0.8813
vn 0.4896 0.2029 -0.8480
vn 0.5289 0.0609 -0.8465
vn 0.5496 0.2026 -0.8105
vn 0.5867 0.0616 -0.8075
vn 0.6067 0.2016 -0.7689
vn 0.6415 0.0629 -0.7645
vn 0.6608 0.2001 -0.7234
vn 0.6932 0.0649 -0.7178
vn 0.7116 0.1978 -0.6741
vn 0.7414 0.0676 -0.6676
vn 0.7589 0.1950 -0.6214
vn 0.7860 0.0709 -0.6141
vn 0.8023 0.1915 -0.5654
vn 0.8267 0.0749 -0.5576
vn 0.8417 0.1874 -0.5064
vn 0.8633 0.0796 -0.4984
vn 0.8768 0.1826 -0.4448
vn 0.8955 0.0849 -0.4368
vn 0.9076 0.1771 -0.3807
vn 0.9233 0.0909 -0.3731
vn 0.9337 0.1710 -0.3146
vn 0.9465 0.0975 -0.3075
vn 0.9551 0.1643 -0.2467
vn 0.9650 0.1048 -0.2406
vn 0.9716 0.1568 -0.1773
vn 0.9785 0.1127 -0.1725
vn 0.9831 0.1487 -0.1069
vn 0.9872 0.1213 -0.1038
vn 0.9895 0.1399 -0.0357
vn -0.1000 0.9901 0.0983
vn -0.0850 0.9925 0.0880
vn -0.2461 0.9238 0.2933
vn -0.3580 0.7932 0.4927
vn -0.4205 0.6085 0.6730
vn -0.4338 0.3825 0.8158
vn -0.0927 0.9901 0.1050
vn -0.0787 0.9925 0.0938
vn -0.2251 0.9238 0.3098
vn -0.3227 0.7932 0.5165
vn -0.3725 0.6085 0.7007
vn -0.3758 0.3825 0.8441
vn -0.0850 0.9902 0.1111
vn -0.0721 0.9925 0.0992
vn -0.2029 0.9238 0.3247
vn -0.2859 0.7932 0.5377
vn -0.3725 0.6085 0.7006
vn -0.3228 0.6085 0.7249
vn -0.3160 0.3825 0.8682
vn -0.0769 0.9902 0.1167
vn -0.0650 0.9924 0.1041
vn -0.1798 0.9238 0.3381
vn -0.2477 0.7932 0.5563
vn -0.2714 0.6085 0.7457
vn -0.2547 0.3825 0.8882
vn -0.0684 0.9902 0.1217
vn -0.0577 0.9924 0.1085
vn -0.1557 0.9238 0.3498
vn -0.2083 0.7932 0.5723
vn -0.2187 0.6085 0.7628
vn -0.1921 0.3825 0.9038
vn -0.0596 0.9902 0.1261
vn -0.0500 0.9924 0.1124
vn -0.1310 0.9238 0.3598
vn -0.1679 0.7932 0.5854
vn -0.1650 0.6085 0.7762
vn -0.1286 0.3825 0.9150
vn -0.0505 0.9903 0.1298
vn -0.0421 0.9924 0.1157
vn -0.1055 0.9238 0.3681
vn -0.1266 0.7932 0.5957
vn -0.1104 0.6085 0.7858
vn -0.0645 0.3825 0.9217
vn -0.0411 0.9903 0.1329
vn -0.0340 0.9924 0.1185
vn -0.0796 0.9238 0.3745
vn -0.0848 0.7932 0.6031
vn -0.0554 0.6085 0.7916
vn -0.0000 0.3825 0.9240
vn -0.0316 0.9903 0.1353
vn -0.0257 0.9924 0.1207
vn -0.0533 0.9238 0.3792
vn -0.0425 0.7932 0.6075
vn -0.0000 0.6085 0.7935
vn -0.0000 0.3825 0.9239
vn 0.0645 0.3825 0.9217
vn -0.0219 0.9903 0.1370
vn -0.0172 0.9923 0.1224
vn -0.0267 0.9238 0.3819
vn -0.0000 0.7932 0.6090
vn 0.0554 0.6085 0.7916
vn 0.1286 0.3825 0.9150
vn -0.0122 0.9904 0.1379
vn -0.0086 0.9923 0.1235
vn -0.0267 0.9238 0.3820
vn -0.0000 0.9238 0.3829
vn 0.0425 0.7932 0.6075
vn 0.1104 0.6085 0.7858
vn 0.1921 0.3825 0.9038
vn -0.0024 0.9904 0.1382
vn -0.0000 0.9923 0.1240
vn 0.0267 0.9238 0.3819
vn 0.0848 0.7932 0.6031
vn 0.1650 0.6085 0.7762
vn 0.2547 0.3825 0.8882
vn 0.0073 0.9904 0.1378
vn 0.0087 0.9923 0.1239
vn 0.0533 0.9238 0.3792
vn 0.1266 0.7932 0.5957
vn 0.2187 0.6085 0.7628
vn 0.3160 0.3825 0.8682
vn 0.0170 0.9905 0.1367
vn 0.0173 0.9922 0.1232
vn 0.0796 0.9238 0.3745
vn 0.1679 0.7932 0.5854
vn 0.2714 0.6085 0.7457
vn 0.3758 0.3825 0.8441
vn 0.0265 0.9905 0.1349
vn 0.0259 0.9922 0.1219
vn 0.1055 0.9238 0.3681
vn 0.2083 0.7932 0.5723
vn 0.3228 0.6085 0.7249
vn 0.4338 0.3825 0.8158
vn 0.0359 0.9905 0.1325
vn 0.0344 0.9922 0.1200
vn 0.1310 0.9238 0.3598
vn 0.2477 0.7932 0.5563
vn 0.3725 0.6085 0.7006
vn 0.4896 0.3825 0.7836
vn 0.0451 0.9906 0.1294
vn 0.0428 0.9921 0.1175
vn 0.1557 0.9238 0.3498
vn 0.2859 0.7932 0.5377
vn 0.4205 0.6085 0.6730
vn 0.5431 0.3825 0.7475
vn 0.0540 0.9906 0.1256
vn 0.0510 0.9921 0.1145
vn 0.1798 0.9238 0.3381
vn 0.3227 0.7932 0.5165
vn 0.4664 0.6085 0.6420
vn 0.5939 0.3825 0.7078
vn 0.0626 0.9907 0.1212
vn 0.0589 0.9921 0.1109
vn 0.2029 0.9238 0.3247
vn 0.3580 0.7932 0.4927
vn 0.5101 0.6085 0.6079
vn 0.6418 0.3825 0.6646
vn 0.0708 0.9907 0.1162
vn 0.0667 0.9921 0.1067
vn 0.2251 0.9238 0.3098
vn 0.3915 0.7932 0.4665
vn 0.5512 0.6085 0.5708
vn 0.6866 0.3825 0.6183
vn 0.0786 0.9907 0.1107
vn 0.0741 0.9920 0.1020
vn 0.2461 0.9238 0.2933
vn 0.4230 0.7932 0.4381
vn 0.5897 0.6085 0.5310
vn 0.7281 0.3825 0.5688
vn 0.0861 0.9908 0.1046
vn 0.0812 0.9920 0.0968
vn 0.2660 0.9238 0.2754
vn 0.4526 0.7932 0.4075
vn 0.6253 0.6085 0.4885
vn 0.7660 0.3825 0.5167
vn 0.0930 0.9908 0.0981
vn 0.0880 0.9919 0.0911
vn 0.2845 0.9238 0.2562
vn 0.4799 0.7932 0.3749
vn 0.6579 0.6085 0.4437
vn 0.8002 0.3825 0.4620
vn 0.0994 0.9909 0.0910
vn 0.0944 0.9919 0.0850
vn 0.3017 0.9238 0.2357
vn 0.5049 0.7932 0.3405
vn 0.6872 0.6085 0.3968
vn 0.8305 0.3825 0.4050
vn 0.1053 0.9909 0.0836
vn 0.1003 0.9919 0.0784
vn 0.3174 0.9238 0.2141
vn 0.5274 0.7932 0.3045
vn 0.7132 0.6085 0.3479
vn 0.8304 0.3825 0.4050
vn 0.8567 0.3825 0.3461
vn 0.1107 0.9910 0.0757
vn 0.1058 0.9918 0.0714
vn 0.3316 0.9238 0.1914
vn 0.5474 0.7932 0.2670
vn 0.7358 0.6085 0.2973
vn 0.8787 0.3825 0.2855
vn 0.1154 0.9910 0.0676
vn 0.1108 0.9918 0.0640
vn 0.3441 0.9238 0.1678
vn 0.5646 0.7932 0.2281
vn 0.7357 0.6085 0.2973
vn 0.7547 0.6085 0.2452
vn 0.8965 0.3825 0.2235
vn 0.1196 0.9911 0.0591
vn 0.1153 0.9917 0.0562
vn 0.3550 0.9238 0.1434
vn 0.5647 0.7932 0.2281
vn 0.5792 0.7932 0.1882
vn 0.7700 0.6085 0.1920
vn 0.9099 0.3825 0.1604
vn 0.1231 0.9911 0.0504
vn 0.1193 0.9917 0.0482
vn 0.3641 0.9238 0.1183
vn 0.5909 0.7932 0.1473
vn 0.7815 0.6085 0.1378
vn 0.9189 0.3825 0.0966
vn 0.1260 0.9912 0.0414
vn 0.1227 0.9916 0.0399
vn 0.3715 0.9238 0.0926
vn 0.5997 0.7932 0.1057
vn 0.7892 0.6085 0.0829
vn 0.9234 0.3825 0.0322
vn 0.1282 0.9912 0.0323
vn 0.1256 0.9916 0.0313
vn 0.3771 0.9238 0.0665
vn 0.5997 0.7932 0.1058
vn 0.6057 0.7932 0.0637
vn 0.7931 0.6085 0.0277
vn 0.1298 0.9913 0.0231
vn 0.1278 0.9915 0.0225
vn 0.3808 0.9238 0.0400
vn 0.6086 0.7932 0.0213
vn 0.7930 0.6085 0.0277
vn 0.1307 0.9913 0.0139
vn 0.1295 0.9915 0.0136
vn 0.3826 0.9238 0.0134
vn 0.1309 0.9914 0.0046
vn 0.1305 0.9914 0.0046
vn 0.3827 0.9238 0.0134
vn -0.3758 0.3825 -0.8441
vn -0.2714 0.6085 -0.7457
vn -0.1679 0.7932 -0.5854
vn -0.0796 0.9238 -0.3745
vn -0.3160 0.3825 -0.8682
vn -0.2187 0.6085 -0.7628
vn -0.1266 0.7932 -0.5957
vn -0.0533 0.9238 -0.3792
vn -0.2547 0.3825 -0.8882
vn -0.1650 0.6085 -0.7762
vn -0.0848 0.7932 -0.6031
vn -0.0267 0.9238 -0.3819
vn -0.1921 0.3825 -0.9038
vn -0.1104 0.6085 -0.7858
vn -0.0425 0.7932 -0.6075
vn -0.0267 0.9238 -0.3820
vn -0.0000 0.9238 -0.3829
vn -0.1286 0.3825 -0.9150
vn -0.0554 0.6085 -0.7916
vn -0.0000 0.7932 -0.6090
vn 0.0267 0.9238 -0.3819
vn -0.0645 0.3825 -0.9217
vn -0.0000 0.6085 -0.7935
vn 0.0425 0.7932 -0.6075
vn 0.0533 0.9238 -0.3792
vn -0.0000 0.3825 -0.9239
vn 0.0554 0.6085 -0.7916
vn 0.0848 0.7932 -0.6031
vn 0.0796 0.9238 -0.3745
vn -0.0000 0.3825 -0.9240
vn 0.0645 0.3825 -0.9217
vn 0.1104 0.6085 -0.7858
vn 0.1266 0.7932 -0.5957
vn 0.1055 0.9238 -0.3681
vn 0.1286 0.3825 -0.9150
vn 0.1650 0.6085 -0.7762
vn 0.1679 0.7932 -0.5854
vn 0.1310 0.9238 -0.3598
vn 0.1921 0.3825 -0.9038
vn 0.2187 0.6085 -0.7628
vn 0.2083 0.7932 -0.5723
vn 0.1557 0.9238 -0.3498
vn 0.2547 0.3825 -0.8882
vn 0.2714 0.6085 -0.7457
vn 0.2477 0.7932 -0.5563
vn 0.1798 0.9238 -0.3381
vn 0.3160 0.3825 -0.8682
vn 0.3228 0.6085 -0.7249
vn 0.2477 0.7932 -0.5564
vn 0.2859 0.7932 -0.5377
vn 0.2029 0.9238 -0.3247
vn 0.3758 0.3825 -0.8441
vn 0.3725 0.6085 -0.7006
vn 0.3227 0.7932 -0.5165
vn 0.2250 0.9238 -0.3098
vn 0.4338 0.3825 -0.8158
vn 0.3725 0.6085 -0.7007
vn 0.4205 0.6085 -0.6730
vn 0.3580 0.7932 -0.4927
vn 0.2251 0.9238 -0.3098
vn 0.2461 0.9238 -0.2933
vn 0.4896 0.3825 -0.7836
vn 0.4664 0.6085 -0.6420
vn 0.3915 0.7932 -0.4665
vn 0.2660 0.9238 -0.2754
vn 0.5431 0.3825 -0.7475
vn 0.5101 0.6085 -0.6079
vn 0.4230 0.7932 -0.4381
vn 0.2845 0.9238 -0.2562
vn 0.5939 0.3825 -0.7078
vn 0.5512 0.6085 -0.5708
vn 0.4526 0.7932 -0.4075
vn 0.3017 0.9238 -0.2357
vn 0.6418 0.3825 -0.6646
vn 0.5897 0.6085 -0.5310
vn 0.4799 0.7932 -0.3749
vn 0.3174 0.9238 -0.2141
vn 0.6866 0.3825 -0.6183
vn 0.6253 0.6085 -0.4886
vn 0.5049 0.7932 -0.3405
vn 0.3316 0.9238 -0.1914
vn 0.7281 0.3825 -0.5688
vn 0.6253 0.6085 -0.4885
vn 0.6579 0.6085 -0.4437
vn 0.5274 0.7932 -0.3045
vn 0.3441 0.9238 -0.1678
vn 0.7660 0.3825 -0.5167
vn 0.6872 0.6085 -0.3968
vn 0.5474 0.7932 -0.2670
vn 0.3550 0.9238 -0.1434
vn 0.8002 0.3825 -0.4620
vn 0.7132 0.6085 -0.3479
vn 0.5647 0.7932 -0.2281
vn 0.3641 0.9238 -0.1183
vn 0.8305 0.3825 -0.4050
vn 0.7357 0.6085 -0.2973
vn 0.5792 0.7932 -0.1882
vn 0.3715 0.9238 -0.0926
vn 0.8567 0.3825 -0.3461
vn 0.7358 0.6085 -0.2973
vn 0.7547 0.6085 -0.2452
vn 0.5909 0.7932 -0.1473
vn 0.3771 0.9238 -0.0665
vn 0.8787 0.3825 -0.2855
vn 0.7700 0.6085 -0.1920
vn 0.5997 0.7932 -0.1058
vn 0.3808 0.9238 -0.0400
vn 0.8965 0.3825 -0.2235
vn 0.7815 0.6085 -0.1378
vn 0.6057 0.7932 -0.0637
vn 0.9099 0.3825 -0.1604
vn 0.7892 0.6085 -0.0829
vn 0.9189 0.3825 -0.0966
vn 0.9995 -0.0000 -0.0311
vn 0.9995 -0.0000 0.0311
vn 0.9956 -0.0000 0.0932
vn 0.9879 -0.0000 0.1549
vn 0.9764 -0.0000 0.2160
vn 0.9611 -0.0000 0.2763
vn 0.9420 -0.0000 0.3355
vn 0.9194 -0.0000 0.3934
vn 0.8931 -0.0000 0.4498
vn 0.8634 -0.0000 0.5045
vn 0.8304 -0.0000 0.5572
vn 0.7941 -0.0000 0.6077
vn 0.7548 -0.0000 0.6559
vn 0.7126 -0.0000 0.7016
vn 0.6676 -0.0000 0.7445
vn 0.6200 -0.0000 0.7846
vn 0.5700 -0.0000 0.8216
vn 0.5178 -0.0000 0.8555
vn 0.4637 -0.0000 0.8860
vn 0.4077 -0.0000 0.9131
vn 0.3501 -0.0000 0.9367
vn 0.2912 -0.0000 0.9567
vn 0.2312 -0.0000 0.9729
vn 0.1702 -0.0000 0.9854
vn 0.1087 -0.0000 0.9941
vn 0.0466 -0.0000 0.9989
vn -0.0156 -0.0000 0.9999
vn -0.0777 -0.0000 0.9970
vn -0.1395 -0.0000 0.9902
vn -0.2008 -0.0000 0.9796
vn -0.2613 -0.0000 0.9653
vn -0.3208 -0.0000 0.9471
vn -0.3791 -0.0000 0.9254
vn -0.4359 -0.0000 0.9000
vn -0.4910 -0.0000 0.8712
vn -0.5442 -0.0000 0.8390
vn -0.5953 -0.0000 0.8035
vn -0.6441 -0.0000 0.7649
vn -0.6904 -0.0000 0.7234
vn -0.7341 -0.0000 0.6791
vn -0.7749 -0.0000 0.6321
vn -0.8127 -0.0000 0.5827
vn -0.8473 -0.0000 0.5311
vn -0.8787 -0.0000 0.4774
vn -0.9067 -0.0000 0.4218
vn -0.9311 -0.0000 0.3647
vn -0.9520 -0.0000 0.3061
vn -0.9692 -0.0000 0.2463
vn -0.9826 -0.0000 0.1855
vn -0.9923 -0.0000 0.1241
vn -0.9981 -0.0000 0.0622
vn -0.9981 -0.0000 -0.0622
vn -0.9923 -0.0000 -0.1241
vn -0.9826 -0.0000 -0.1855
vn -0.9692 -0.0000 -0.2463
vn -0.9520 -0.0000 -0.3061
vn -0.9311 -0.0000 -0.3647
vn -0.9067 -0.0000 -0.4218
vn -0.8787 -0.0000 -0.4774
vn -0.8473 -0.0000 -0.5311
vn -0.8127 -0.0000 -0.5827
vn -0.7749 -0.0000 -0.6321
vn -0.7341 -0.0000 -0.6791
vn -0.6904 -0.0000 -0.7234
vn -0.6441 -0.0000 -0.7649
vn -0.5953 -0.0000 -0.8035
vn -0.5442 -0.0000 -0.8390
vn -0.4910 -0.0000 -0.8712
vn -0.4359 -0.0000 -0.9000
vn -0.3791 -0.0000 -0.9254
vn -0.3208 -0.0000 -0.9471
vn -0.2613 -0.0000 -0.9653
vn -0.2008 -0.0000 -0.9796
vn -0.1395 -0.0000 -0.9902
vn -0.0777 -0.0000 -0.9970
vn -0.0156 -0.0000 -0.9999
vn 0.0466 -0.0000 -0.9989
vn 0.1087 -0.0000 -0.9941
vn 0.1702 -0.0000 -0.9854
vn 0.2312 -0.0000 -0.9729
vn 0.2912 -0.0000 -0.9567
vn 0.3501 -0.0000 -0.9367
vn 0.4077 -0.0000 -0.9131
vn 0.4637 -0.0000 -0.8860
vn 0.5178 -0.0000 -0.8555
vn 0.5700 -0.0000 -0.8216
vn 0.6200 -0.0000 -0.7846
vn 0.6676 -0.0000 -0.7445
vn 0.7126 -0.0000 -0.7016
vn 0.7548 -0.0000 -0.6559
vn 0.7941 -0.0000 -0.6077
vn 0.8304 -0.0000 -0.5572
vn 0.8634 -0.0000 -0.5045
vn 0.8931 -0.0000 -0.4498
vn 0.9194 -0.0000 -0.3934
vn 0.9420 -0.0000 -0.3355
vn 0.9611 -0.0000 -0.2763
vn 0.9764 -0.0000 -0.2160
vn 0.9879 -0.0000 -0.1549
vn 0.9956 -0.0000 -0.0932
vn 0.7067 -0.7072 -0.0222
vn 0.7069 -0.7069 -0.0220
vn 0.7069 -0.7069 0.0220
vn 0.7045 -0.7067 -0.0659
vn 0.7036 -0.7075 -0.0665
vn 0.6993 -0.7064 -0.1096
vn 0.6978 -0.7077 -0.1105
vn 0.6913 -0.7062 -0.1530
vn 0.6892 -0.7080 -0.1541
vn 0.6807 -0.7059 -0.1957
vn 0.6779 -0.7082 -0.1970
vn 0.6675 -0.7057 -0.2377
vn 0.6640 -0.7085 -0.2391
vn 0.6516 -0.7054 -0.2789
vn 0.6475 -0.7087 -0.2802
vn 0.6332 -0.7052 -0.3189
vn 0.6284 -0.7090 -0.3202
vn 0.6124 -0.7050 -0.3578
vn 0.6068 -0.7092 -0.3589
vn 0.5891 -0.7047 -0.3953
vn 0.5829 -0.7094 -0.3962
vn 0.5636 -0.7045 -0.4313
vn 0.5567 -0.7096 -0.4318
vn 0.5358 -0.7043 -0.4656
vn 0.5284 -0.7098 -0.4658
vn 0.5060 -0.7041 -0.4982
vn 0.4979 -0.7100 -0.4979
vn 0.4742 -0.7039 -0.5288
vn 0.4655 -0.7102 -0.5280
vn 0.4405 -0.7037 -0.5575
vn 0.4313 -0.7104 -0.5561
vn 0.4051 -0.7035 -0.5839
vn 0.3955 -0.7106 -0.5819
vn 0.3681 -0.7033 -0.6081
vn 0.3581 -0.7108 -0.6054
vn 0.3297 -0.7031 -0.6300
vn 0.3192 -0.7110 -0.6266
vn 0.2900 -0.7030 -0.6494
vn 0.2792 -0.7112 -0.6452
vn 0.2491 -0.7028 -0.6664
vn 0.2381 -0.7113 -0.6613
vn 0.2072 -0.7026 -0.6807
vn 0.1960 -0.7115 -0.6748
vn 0.1645 -0.7025 -0.6924
vn 0.1533 -0.7116 -0.6856
vn 0.1212 -0.7023 -0.7015
vn 0.1099 -0.7118 -0.6937
vn 0.0774 -0.7022 -0.7078
vn 0.0661 -0.7119 -0.6991
vn 0.0332 -0.7020 -0.7114
vn 0.0221 -0.7121 -0.7018
vn -0.0111 -0.7019 -0.7122
vn -0.0220 -0.7122 -0.7016
vn -0.0553 -0.7017 -0.7103
vn -0.0660 -0.7123 -0.6987
vn -0.0994 -0.7016 -0.7056
vn -0.1098 -0.7125 -0.6931
vn -0.1431 -0.7015 -0.6982
vn -0.1530 -0.7126 -0.6847
vn -0.1863 -0.7014 -0.6880
vn -0.1957 -0.7127 -0.6736
vn -0.2287 -0.7013 -0.6752
vn -0.2376 -0.7128 -0.6599
vn -0.2703 -0.7012 -0.6598
vn -0.2785 -0.7129 -0.6436
vn -0.3108 -0.7011 -0.6418
vn -0.3183 -0.7130 -0.6247
vn -0.3502 -0.7010 -0.6213
vn -0.3569 -0.7131 -0.6034
vn -0.3882 -0.7009 -0.5984
vn -0.3940 -0.7132 -0.5798
vn -0.4247 -0.7008 -0.5732
vn -0.4296 -0.7133 -0.5538
vn -0.4595 -0.7007 -0.5457
vn -0.4635 -0.7133 -0.5257
vn -0.4926 -0.7006 -0.5162
vn -0.4955 -0.7134 -0.4955
vn -0.5238 -0.7006 -0.4846
vn -0.5256 -0.7135 -0.4634
vn -0.5530 -0.7005 -0.4511
vn -0.5536 -0.7135 -0.4294
vn -0.5800 -0.7004 -0.4159
vn -0.5794 -0.7136 -0.3938
vn -0.6048 -0.7004 -0.3791
vn -0.6030 -0.7136 -0.3566
vn -0.6272 -0.7003 -0.3408
vn -0.6241 -0.7137 -0.3180
vn -0.6472 -0.7003 -0.3011
vn -0.6428 -0.7137 -0.2782
vn -0.6647 -0.7003 -0.2603
vn -0.6590 -0.7137 -0.2373
vn -0.6797 -0.7002 -0.2185
vn -0.6726 -0.7138 -0.1954
vn -0.6919 -0.7002 -0.1758
vn -0.6835 -0.7138 -0.1528
vn -0.7016 -0.7002 -0.1325
vn -0.6917 -0.7138 -0.1096
vn -0.7085 -0.7002 -0.0886
vn -0.6972 -0.7138 -0.0659
vn -0.7126 -0.7002 -0.0444
vn -0.7000 -0.7138 -0.0220
vn -0.7140 -0.7002 -0.0000
vn -0.7000 -0.7138 0.0220
vn -0.7126 -0.7002 0.0444
vn -0.6972 -0.7138 0.0659
vn -0.7085 -0.7002 0.0886
vn -0.6917 -0.7138 0.1096
vn -0.7016 -0.7002 0.1325
vn -0.6835 -0.7138 0.1528
vn -0.6919 -0.7002 0.1758
vn -0.6726 -0.7138 0.1954
vn -0.6797 -0.7002 0.2185
vn -0.6590 -0.7137 0.2373
vn -0.6647 -0.7003 0.2603
vn -0.6428 -0.7137 0.2782
vn -0.6472 -0.7003 0.3011
vn -0.6241 -0.7137 0.3180
vn -0.6272 -0.7003 0.3408
vn -0.6030 -0.7136 0.3566
vn -0.6048 -0.7004 0.3791
vn -0.5794 -0.7136 0.3938
vn -0.5800 -0.7004 0.4159
vn -0.5536 -0.7135 0.4294
vn -0.5530 -0.7005 0.4511
vn -0.5256 -0.7135 0.4634
vn -0.5238 -0.7006 0.4846
vn -0.4955 -0.7134 0.4955
vn -0.4926 -0.7006 0.5162
vn -0.4635 -0.7133 0.5257
vn -0.4595 -0.7007 0.5457
vn -0.4296 -0.7133 0.5538
vn -0.4247 -0.7008 0.5732
vn -0.3940 -0.7132 0.5798
vn -0.3882 -0.7009 0.5984
vn -0.3569 -0.7131 0.6034
vn -0.3502 -0.7010 0.6213
vn -0.3183 -0.7130 0.6247
vn -0.3108 -0.7011 0.6418
vn -0.2785 -0.7129 0.6436
vn -0.2703 -0.7012 0.6598
vn -0.2376 -0.7128 0.6599
vn -0.2287 -0.7013 0.6752
vn -0.1957 -0.7127 0.6736
vn -0.1863 -0.7014 0.6880
vn -0.1530 -0.7126 0.6847
vn -0.1431 -0.7015 0.6982
vn -0.1098 -0.7125 0.6931
vn -0.0994 -0.7016 0.7056
vn -0.0660 -0.7123 0.6987
vn -0.0553 -0.7017 0.7103
vn -0.0220 -0.7122 0.7016
vn -0.0111 -0.7019 0.7122
vn 0.0221 -0.7121 0.7018
vn 0.0332 -0.7020 0.7114
vn 0.0661 -0.7119 0.6991
vn 0.0774 -0.7022 0.7078
vn 0.1099 -0.7118 0.6937
vn 0.1212 -0.7023 0.7015
vn 0.1533 -0.7116 0.6856
vn 0.1645 -0.7025 0.6924
vn 0.1960 -0.7115 0.6748
vn 0.2072 -0.7026 0.6807
vn 0.2381 -0.7113 0.6613
vn 0.2491 -0.7028 0.6664
vn 0.2792 -0.7112 0.6452
vn 0.2900 -0.7030 0.6494
vn 0.3192 -0.7110 0.6266
vn 0.3297 -0.7031 0.6300
vn 0.3581 -0.7108 0.6054
vn 0.3681 -0.7033 0.6081
vn 0.3955 -0.7106 0.5819
vn 0.4051 -0.7035 0.5839
vn 0.4313 -0.7104 0.5561
vn 0.4405 -0.7037 0.5575
vn 0.4655 -0.7102 0.5280
vn 0.4742 -0.7039 0.5288
vn 0.4979 -0.7100 0.4979
vn 0.5060 -0.7041 0.4982
vn 0.5284 -0.7098 0.4658
vn 0.5358 -0.7043 0.4656
vn 0.5567 -0.7096 0.4318
vn 0.5636 -0.7045 0.4313
vn 0.5829 -0.7094 0.3962
vn 0.5891 -0.7047 0.3953
vn 0.6068 -0.7092 0.3589
vn 0.6124 -0.7050 0.3578
vn 0.6284 -0.7090 0.3202
vn 0.6332 -0.7052 0.3189
vn 0.6475 -0.7087 0.2802
vn 0.6516 -0.7054 0.2789
vn 0.6640 -0.7085 0.2391
vn 0.6675 -0.7057 0.2377
vn 0.6779 -0.7082 0.1970
vn 0.6807 -0.7059 0.1957
vn 0.6892 -0.7080 0.1541
vn 0.6913 -0.7062 0.1530
vn 0.6978 -0.7077 0.1105
vn 0.6993 -0.7064 0.1096
vn 0.7036 -0.7075 0.0665
vn 0.7045 -0.7067 0.0659
vn 0.7067 -0.7072 0.0222
vt 0.081586 0.048654
vt 0.091761 0.041110
vt 0.134620 0.102884
vt 0.102390 0.034220
vt 0.143101 0.097486
vt 0.113430 0.028012
vt 0.151985 0.092779
vt 0.124839 0.022508
vt 0.161214 0.088793
vt 0.136570 0.017732
vt 0.170731 0.085553
vt 0.148578 0.013702
vt 0.160815 0.010434
vt 0.180475 0.083079
vt 0.173234 0.007941
vt 0.190385 0.081386
vt 0.185784 0.006232
vt 0.200399 0.080487
vt 0.198417 0.005315
vt 0.210452 0.080386
vt 0.211083 0.005193
vt 0.223732 0.005866
vt 0.220481 0.081084
vt 0.236313 0.007332
vt 0.230423 0.082577
vt 0.248777 0.009586
vt 0.240215 0.084855
vt 0.261075 0.012617
vt 0.273159 0.016415
vt 0.249795 0.087904
vt 0.284980 0.020964
vt 0.259103 0.091704
vt 0.296492 0.026246
vt 0.268079 0.096231
vt 0.307650 0.032241
vt 0.276667 0.101458
vt 0.318410 0.038924
vt 0.328728 0.046270
vt 0.284813 0.107350
vt 0.338565 0.054250
vt 0.292465 0.113871
vt 0.347882 0.062831
vt 0.299574 0.120979
vt 0.356641 0.071980
vt 0.306097 0.128630
vt 0.364809 0.081661
vt 0.372352 0.091836
vt 0.311991 0.136774
vt 0.379242 0.102465
vt 0.317219 0.145361
vt 0.385451 0.113505
vt 0.321748 0.154337
vt 0.390954 0.124914
vt 0.325550 0.163644
vt 0.395730 0.136645
vt 0.399760 0.148653
vt 0.328601 0.173223
vt 0.403028 0.160890
vt 0.330881 0.183015
vt 0.405522 0.173309
vt 0.332375 0.192957
vt 0.407230 0.185859
vt 0.408147 0.198492
vt 0.333075 0.202986
vt 0.408270 0.211158
vt 0.332976 0.213039
vt 0.407596 0.223807
vt 0.332079 0.223052
vt 0.406130 0.236388
vt 0.330389 0.232962
vt 0.403877 0.248852
vt 0.400845 0.261150
vt 0.327917 0.242707
vt 0.397047 0.273234
vt 0.324678 0.252225
vt 0.392498 0.285055
vt 0.320694 0.261455
vt 0.387216 0.296567
vt 0.315989 0.270339
vt 0.381221 0.307725
vt 0.374538 0.318485
vt 0.310592 0.278822
vt 0.367192 0.328803
vt 0.304539 0.286849
vt 0.359213 0.338640
vt 0.297868 0.294370
vt 0.350631 0.347957
vt 0.290619 0.301337
vt 0.341482 0.356716
vt 0.331801 0.364884
vt 0.282841 0.307706
vt 0.321626 0.372427
vt 0.274580 0.313436
vt 0.310997 0.379317
vt 0.265891 0.318493
vt 0.299957 0.385526
vt 0.288549 0.391029
vt 0.256827 0.322843
vt 0.276817 0.395805
vt 0.247447 0.326459
vt 0.264809 0.399835
vt 0.237809 0.329319
vt 0.252572 0.403103
vt 0.227974 0.331403
vt 0.240153 0.405597
vt 0.227603 0.407305
vt 0.218004 0.332700
vt 0.214970 0.408222
vt 0.207963 0.333201
vt 0.202304 0.408345
vt 0.197914 0.332902
vt 0.189656 0.407671
vt 0.187921 0.331805
vt 0.177074 0.406205
vt 0.164610 0.403952
vt 0.178046 0.329919
vt 0.152312 0.400920
vt 0.168352 0.327253
vt 0.140228 0.397122
vt 0.158901 0.323826
vt 0.128407 0.392573
vt 0.149751 0.319659
vt 0.116895 0.387291
vt 0.105737 0.381296
vt 0.140962 0.314778
vt 0.094978 0.374613
vt 0.132589 0.309214
vt 0.084659 0.367267
vt 0.124684 0.303003
vt 0.074822 0.359288
vt 0.065505 0.350706
vt 0.117297 0.296183
vt 0.056746 0.341557
vt 0.110476 0.288798
vt 0.048579 0.331876
vt 0.104263 0.280894
vt 0.041035 0.321701
vt 0.098697 0.272521
vt 0.034145 0.311072
vt 0.027937 0.300032
vt 0.093815 0.263733
vt 0.022433 0.288624
vt 0.089646 0.254585
vt 0.017657 0.276892
vt 0.086217 0.245134
vt 0.013627 0.264884
vt 0.083549 0.235441
vt 0.010359 0.252647
vt 0.007866 0.240228
vt 0.081661 0.225566
vt 0.006157 0.227678
vt 0.080562 0.215573
vt 0.005240 0.215045
vt 0.080261 0.205524
vt 0.005118 0.202379
vt 0.080760 0.195483
vt 0.005791 0.189731
vt 0.007257 0.177149
vt 0.082055 0.185513
vt 0.009511 0.164685
vt 0.084138 0.175678
vt 0.012542 0.152387
vt 0.086995 0.166039
vt 0.016340 0.140303
vt 0.020889 0.128482
vt 0.090609 0.156658
vt 0.026171 0.116970
vt 0.094958 0.147593
vt 0.032166 0.105812
vt 0.100012 0.138903
vt 0.038849 0.095053
vt 0.105742 0.130642
vt 0.046195 0.084734
vt 0.054175 0.074897
vt 0.112109 0.122862
vt 0.062756 0.065580
vt 0.119074 0.115612
vt 0.071905 0.056821
vt 0.126594 0.108939
vt 0.985557 0.243956
vt 0.985339 0.246735
vt 0.978552 0.243187
vt 0.979092 0.246056
vt 0.972446 0.245438
vt 0.979997 0.248646
vt 0.973267 0.248021
vt 0.149190 0.109018
vt 0.142046 0.113589
vt 0.140949 0.112006
vt 0.148214 0.107358
vt 0.139600 0.110063
vt 0.147014 0.105319
vt 0.138054 0.107834
vt 0.145639 0.102981
vt 0.136371 0.105409
vt 0.144143 0.100437
vt 0.715635 0.910790
vt 0.717025 0.907811
vt 0.721735 0.910465
vt 0.723994 0.907450
vt 0.728247 0.910167
vt 0.731478 0.907126
vt 0.735135 0.909898
vt 0.739423 0.906838
vt 0.742359 0.909659
vt 0.747770 0.906591
vt 0.749880 0.909452
vt 0.756461 0.906384
vt 0.757656 0.909277
vt 0.765432 0.906221
vt 0.765642 0.909137
vt 0.773794 0.909030
vt 0.773522 0.911695
vt 0.781899 0.911623
vt 0.781669 0.913925
vt 0.790266 0.913888
vt 0.094044 0.182021
vt 0.092510 0.190508
vt 0.090168 0.190175
vt 0.089254 0.198929
vt 0.086547 0.198749
vt 0.086284 0.207750
vt 0.083333 0.207774
vt 0.083753 0.216990
vt 0.084860 0.226148
vt 0.086649 0.235199
vt 0.089109 0.244090
vt 0.092227 0.252773
vt 0.091922 0.243197
vt 0.094966 0.251672
vt 0.094508 0.242377
vt 0.097482 0.250661
vt 0.096763 0.241661
vt 0.099678 0.249779
vt 0.848561 0.914646
vt 0.840765 0.914432
vt 0.840008 0.912122
vt 0.847674 0.912332
vt 0.839455 0.909452
vt 0.847026 0.909659
vt 0.839333 0.906533
vt 0.847834 0.906770
vt 0.774619 0.906102
vt 0.782068 0.908959
vt 0.790352 0.911587
vt 0.798891 0.913888
vt 0.091614 0.199087
vt 0.088996 0.207728
vt 0.086694 0.216745
vt 0.783955 0.906028
vt 0.790416 0.908923
vt 0.798833 0.911587
vt 0.807496 0.913925
vt 0.091362 0.207708
vt 0.089397 0.216520
vt 0.087775 0.225685
vt 0.793374 0.905999
vt 0.798791 0.908923
vt 0.807294 0.911623
vt 0.816033 0.913998
vt 0.091755 0.216324
vt 0.090454 0.225259
vt 0.089521 0.234519
vt 0.802807 0.906016
vt 0.807147 0.908959
vt 0.815689 0.911695
vt 0.824455 0.914107
vt 0.092790 0.224887
vt 0.092160 0.233894
vt 0.812186 0.906078
vt 0.815438 0.909030
vt 0.823971 0.911803
vt 0.832714 0.914252
vt 0.094463 0.233348
vt 0.821445 0.906186
vt 0.823616 0.909137
vt 0.832092 0.911945
vt 0.830516 0.906337
vt 0.831637 0.909277
vt 0.854308 0.909898
vt 0.855957 0.907047
vt 0.861261 0.910167
vt 0.863643 0.907362
vt 0.867845 0.910465
vt 0.870837 0.907713
vt 0.874024 0.910790
vt 0.877488 0.908097
vt 0.001017 0.956420
vt 0.005787 0.953253
vt 0.007052 0.956089
vt 0.012951 0.952904
vt 0.013504 0.955786
vt 0.020610 0.952592
vt 0.020337 0.955512
vt 0.027512 0.955269
vt 0.026829 0.957940
vt 0.034401 0.957726
vt 0.033596 0.960034
vt 0.041566 0.959851
vt 0.149842 0.307119
vt 0.157500 0.311087
vt 0.156491 0.313226
vt 0.164586 0.316680
vt 0.163616 0.319213
vt 0.172140 0.322118
vt 0.171293 0.324945
vt 0.180223 0.327260
vt 0.189301 0.328902
vt 0.198477 0.329860
vt 0.207699 0.330130
vt 0.216915 0.329710
vt 0.207675 0.327178
vt 0.216670 0.326768
vt 0.207653 0.324466
vt 0.216445 0.324065
vt 0.207633 0.322100
vt 0.216249 0.321708
vt 0.101010 0.959592
vt 0.092459 0.959517
vt 0.092281 0.957218
vt 0.100689 0.957291
vt 0.092152 0.954556
vt 0.100455 0.954628
vt 0.092524 0.951639
vt 0.101867 0.951725
vt 0.028709 0.952319
vt 0.034991 0.955057
vt 0.042238 0.957546
vt 0.049760 0.959704
vt 0.165433 0.314471
vt 0.172918 0.319520
vt 0.180856 0.324378
vt 0.037189 0.952088
vt 0.042731 0.954880
vt 0.050295 0.957401
vt 0.058133 0.959592
vt 0.173597 0.317253
vt 0.181438 0.321729
vt 0.189718 0.325980
vt 0.045990 0.951900
vt 0.050688 0.954736
vt 0.058528 0.957291
vt 0.066636 0.959517
vt 0.181946 0.319418
vt 0.190100 0.323294
vt 0.198674 0.326915
vt 0.055047 0.951756
vt 0.058818 0.954628
vt 0.066890 0.957218
vt 0.075224 0.959480
vt 0.190433 0.320952
vt 0.198854 0.324209
vt 0.064296 0.951657
vt 0.067076 0.954556
vt 0.075334 0.957181
vt 0.083848 0.959480
vt 0.199012 0.321848
vt 0.073671 0.951604
vt 0.075415 0.954519
vt 0.083814 0.957181
vt 0.083103 0.951598
vt 0.083790 0.954519
vt 0.108654 0.954736
vt 0.111064 0.951858
vt 0.116701 0.954880
vt 0.120050 0.952034
vt 0.124553 0.955057
vt 0.128759 0.952255
vt 0.132164 0.955269
vt 0.137128 0.952516
vt 0.139493 0.955512
vt 0.145098 0.952818
vt 0.146498 0.955786
vt 0.152610 0.953158
vt 0.153141 0.956089
vt 0.159384 0.956420
vt 0.160359 0.959106
vt 0.714631 0.662823
vt 0.715652 0.660138
vt 0.720718 0.662486
vt 0.278124 0.294857
vt 0.284507 0.289273
vt 0.285828 0.290674
vt 0.291877 0.284525
vt 0.293624 0.286120
vt 0.299311 0.279402
vt 0.301445 0.281076
vt 0.306733 0.273787
vt 0.309185 0.275430
vt 0.314030 0.267579
vt 0.318274 0.259387
vt 0.321894 0.250902
vt 0.324870 0.242170
vt 0.319138 0.249846
vt 0.322043 0.241323
vt 0.316605 0.248876
vt 0.319445 0.240544
vt 0.314396 0.248029
vt 0.317178 0.239865
vt 0.772629 0.663299
vt 0.764265 0.663411
vt 0.764808 0.661109
vt 0.773032 0.660999
vt 0.765206 0.658445
vt 0.773328 0.658336
vt 0.765013 0.655531
vt 0.774166 0.655409
vt 0.159611 0.953533
vt 0.717041 0.657158
vt 0.721664 0.659805
vt 0.727230 0.662178
vt 0.290455 0.283227
vt 0.297449 0.277942
vt 0.304480 0.272278
vt 0.311462 0.266124
vt 0.723913 0.656790
vt 0.728095 0.659500
vt 0.734130 0.661899
vt 0.295934 0.276754
vt 0.733066 0.664214
vt 0.740438 0.663962
vt 0.302514 0.270961
vt 0.309102 0.264787
vt 0.315605 0.258129
vt 0.731309 0.656457
vt 0.734909 0.659225
vt 0.741379 0.661651
vt 0.748124 0.663744
vt 0.307044 0.263621
vt 0.313151 0.256972
vt 0.739175 0.656163
vt 0.742068 0.658980
vt 0.748937 0.661436
vt 0.756082 0.663560
vt 0.311012 0.255963
vt 0.747454 0.655909
vt 0.749532 0.658768
vt 0.756761 0.661255
vt 0.756088 0.655698
vt 0.757259 0.658589
vt 0.781581 0.658263
vt 0.783480 0.655333
vt 0.789917 0.658227
vt 0.792889 0.655304
vt 0.798291 0.658227
vt 0.802325 0.655321
vt 0.806655 0.658263
vt 0.811719 0.655385
vt 0.814963 0.658336
vt 0.821004 0.655495
vt 0.823168 0.658445
vt 0.830113 0.655650
vt 0.831224 0.658589
vt 0.838981 0.655850
vt 0.839087 0.658768
vt 0.846711 0.658980
vt 0.847338 0.661651
vt 0.854775 0.661899
vt 0.855761 0.664214
vt 0.310196 0.155881
vt 0.308468 0.156731
vt 0.306104 0.148289
vt 0.308143 0.147089
vt 0.303400 0.139675
vt 0.305628 0.138129
vt 0.300222 0.130927
vt 0.302514 0.129069
vt 0.296440 0.122125
vt 0.289864 0.115655
vt 0.282822 0.109694
vt 0.275355 0.104277
vt 0.281001 0.112017
vt 0.273712 0.106729
vt 0.279327 0.114151
vt 0.272203 0.108982
vt 0.277867 0.116013
vt 0.270886 0.110948
vt 0.276679 0.117528
vt 0.269814 0.112548
vt 0.852780 0.247460
vt 0.845517 0.248021
vt 0.846283 0.245438
vt 0.853456 0.244885
vt 0.846547 0.242590
vt 0.854642 0.241969
vt 0.847543 0.656093
vt 0.854056 0.659225
vt 0.861887 0.662178
vt 0.304444 0.149265
vt 0.301456 0.141024
vt 0.298115 0.132636
vt 0.294293 0.124150
vt 0.855738 0.656376
vt 0.861079 0.659500
vt 0.868633 0.662486
vt 0.299874 0.142121
vt 0.296278 0.134126
vt 0.292320 0.126011
vt 0.287874 0.117835
vt 0.863507 0.656699
vt 0.867742 0.659805
vt 0.874977 0.662823
vt 0.294782 0.135339
vt 0.290599 0.127634
vt 0.286045 0.119838
vt 0.870794 0.657058
vt 0.874006 0.660138
vt 0.880882 0.663186
vt 0.289198 0.128956
vt 0.284450 0.121585
vt 0.877546 0.657452
vt 0.826975 0.247470
vt 0.831732 0.244072
vt 0.833005 0.246735
vt 0.879838 0.660496
vt 0.832072 0.249333
vt 0.838602 0.248646
vt 0.283152 0.123008
vt 0.838891 0.243292
vt 0.839453 0.246056
vt 0.860932 0.244398
vt 0.863119 0.241435
vt 0.868669 0.243982
vt 0.871918 0.240991
vt 0.876624 0.243639
vt 0.880973 0.240641
vt 0.884753 0.243369
vt 0.890221 0.240387
vt 0.893010 0.243176
vt 0.899595 0.240231
vt 0.901349 0.243059
vt 0.909027 0.240175
vt 0.909723 0.243020
vt 0.918448 0.240217
vt 0.918086 0.243059
vt 0.926390 0.243176
vt 0.926632 0.245730
vt 0.934935 0.245926
vt 0.935403 0.248088
vt 0.943692 0.248366
vt 0.188575 0.092865
vt 0.180114 0.094538
vt 0.179569 0.092235
vt 0.171085 0.094583
vt 0.170265 0.091997
vt 0.161790 0.095041
vt 0.160689 0.092302
vt 0.152264 0.096060
vt 0.927792 0.240359
vt 0.934589 0.243369
vt 0.943085 0.246198
vt 0.951779 0.248720
vt 0.171801 0.096838
vt 0.162801 0.097557
vt 0.153566 0.098709
vt 0.936991 0.240599
vt 0.942638 0.243639
vt 0.951037 0.246546
vt 0.959619 0.249148
vt 0.163684 0.099753
vt 0.154763 0.101143
vt 0.945978 0.240936
vt 0.950492 0.243982
vt 0.958746 0.246968
vt 0.164402 0.101539
vt 0.155806 0.103266
vt 0.954690 0.241366
vt 0.958106 0.244398
vt 0.966170 0.247460
vt 0.156656 0.104994
vt 0.963062 0.241887
vt 0.965437 0.244885
vt 0.971035 0.242496
vt 0.169372 0.089184
vt 0.178944 0.089596
vt 0.188204 0.090529
vt 0.197138 0.091830
vt 0.926959 0.247889
vt 0.918223 0.245612
vt 0.178263 0.086724
vt 0.187777 0.087850
vt 0.196942 0.089472
vt 0.205754 0.091437
vt 0.918408 0.247769
vt 0.909755 0.245572
vt 0.187314 0.084935
vt 0.196717 0.086769
vt 0.205735 0.089071
vt 0.214375 0.091689
vt 0.909796 0.247729
vt 0.901276 0.245612
vt 0.196473 0.083828
vt 0.205713 0.086359
vt 0.214533 0.089329
vt 0.222954 0.092585
vt 0.901173 0.247769
vt 0.892832 0.245730
vt 0.205689 0.083408
vt 0.214714 0.086622
vt 0.223287 0.090243
vt 0.231441 0.094119
vt 0.892586 0.247889
vt 0.884471 0.245926
vt 0.214910 0.083677
vt 0.223670 0.087557
vt 0.231949 0.091809
vt 0.239790 0.096284
vt 0.884083 0.248088
vt 0.876240 0.246198
vt 0.224086 0.084636
vt 0.232531 0.089159
vt 0.240469 0.094017
vt 0.247954 0.099066
vt 0.875712 0.248366
vt 0.868185 0.246546
vt 0.233164 0.086277
vt 0.241248 0.091419
vt 0.248801 0.096857
vt 0.255888 0.102451
vt 0.867520 0.248720
vt 0.860350 0.246968
vt 0.242095 0.088592
vt 0.249771 0.094324
vt 0.256897 0.100311
vt 0.263546 0.106419
vt 0.859552 0.249148
vt 0.262597 0.108094
vt 0.250827 0.091568
vt 0.258054 0.097857
vt 0.264712 0.104360
vt 0.259312 0.095188
vt 0.266049 0.102000
vt 0.267504 0.099432
vt 0.308053 0.136446
vt 0.310481 0.145714
vt 0.312319 0.154838
vt 0.313710 0.163759
vt 0.848197 0.663962
vt 0.839618 0.661436
vt 0.313025 0.144218
vt 0.314753 0.153641
vt 0.315905 0.162876
vt 0.316624 0.171876
vt 0.840345 0.663744
vt 0.831656 0.661255
vt 0.317402 0.152339
vt 0.318422 0.161865
vt 0.318880 0.171160
vt 0.318925 0.180189
vt 0.832249 0.663560
vt 0.823498 0.661109
vt 0.321160 0.160764
vt 0.321465 0.170340
vt 0.321227 0.179644
vt 0.320597 0.188650
vt 0.823952 0.663411
vt 0.815190 0.660999
vt 0.324278 0.169447
vt 0.323866 0.179019
vt 0.322934 0.188279
vt 0.321633 0.197213
vt 0.815503 0.663299
vt 0.806778 0.660925
vt 0.326738 0.178338
vt 0.325612 0.187852
vt 0.323990 0.197017
vt 0.322025 0.205829
vt 0.806948 0.663224
vt 0.798309 0.660888
vt 0.328527 0.187389
vt 0.326693 0.196792
vt 0.324391 0.205810
vt 0.321773 0.214450
vt 0.798335 0.663187
vt 0.789830 0.660888
vt 0.329635 0.196548
vt 0.327103 0.205788
vt 0.324134 0.214608
vt 0.320877 0.223029
vt 0.789712 0.663187
vt 0.781388 0.660925
vt 0.330055 0.205764
vt 0.326840 0.214789
vt 0.323219 0.223362
vt 0.319343 0.231516
vt 0.781127 0.663224
vt 0.329785 0.214985
vt 0.325905 0.223745
vt 0.321654 0.232024
vt 0.328827 0.224161
vt 0.324303 0.232606
vt 0.327185 0.233239
vt 0.303768 0.282897
vt 0.295628 0.287949
vt 0.287451 0.292395
vt 0.279336 0.296353
vt 0.271341 0.299949
vt 0.154037 0.958771
vt 0.297807 0.289939
vt 0.289312 0.294368
vt 0.280827 0.298190
vt 0.272439 0.301531
vt 0.264197 0.304519
vt 0.147311 0.958464
vt 0.291337 0.296515
vt 0.282535 0.300297
vt 0.273787 0.303475
vt 0.265173 0.306179
vt 0.256731 0.308543
vt 0.140218 0.958186
vt 0.284394 0.302590
vt 0.275333 0.305703
vt 0.266373 0.308218
vt 0.257581 0.310271
vt 0.141210 0.960502
vt 0.132796 0.957940
vt 0.277016 0.308128
vt 0.267748 0.310556
vt 0.258625 0.312394
vt 0.249704 0.313785
vt 0.133662 0.960252
vt 0.125089 0.957726
vt 0.269245 0.313100
vt 0.259821 0.314828
vt 0.250586 0.315980
vt 0.241586 0.316699
vt 0.125824 0.960034
vt 0.117139 0.957546
vt 0.261123 0.317477
vt 0.251597 0.318497
vt 0.242302 0.318955
vt 0.233273 0.319000
vt 0.117739 0.959851
vt 0.108991 0.957401
vt 0.252698 0.321235
vt 0.243122 0.321540
vt 0.233819 0.321302
vt 0.224812 0.320672
vt 0.109452 0.959704
vt 0.244015 0.324353
vt 0.234444 0.323941
vt 0.225184 0.323009
vt 0.235124 0.326813
vt 0.225610 0.325687
vt 0.226073 0.328602
vt 0.162560 0.321969
vt 0.155334 0.315680
vt 0.148675 0.309177
vt 0.142501 0.302589
vt 0.025895 0.960252
vt 0.019562 0.958186
vt 0.154075 0.318349
vt 0.147338 0.311537
vt 0.141185 0.304555
vt 0.135520 0.297524
vt 0.018506 0.960502
vt 0.136708 0.296009
vt 0.130235 0.290530
vt 0.012644 0.958464
vt 0.145884 0.314105
vt 0.139675 0.306809
vt 0.134060 0.299386
vt 0.128937 0.291952
vt 0.124190 0.284582
vt 0.006111 0.958771
vt 0.138032 0.309260
vt 0.132386 0.301520
vt 0.127342 0.293699
vt 0.122789 0.285903
vt 0.118605 0.278199
vt -0.000000 0.959106
vt 0.875012 0.913477
vt 0.130565 0.303843
vt 0.125513 0.295703
vt 0.121067 0.287526
vt 0.117110 0.279411
vt 0.113514 0.271416
vt 0.868756 0.913148
vt 0.123524 0.297882
vt 0.119094 0.289387
vt 0.115272 0.280902
vt 0.111931 0.272514
vt 0.108943 0.264272
vt 0.862089 0.912847
vt 0.116947 0.291412
vt 0.113165 0.282610
vt 0.109988 0.273862
vt 0.107283 0.265248
vt 0.104919 0.256806
vt 0.855048 0.912574
vt 0.110873 0.284469
vt 0.107759 0.275408
vt 0.105244 0.266448
vt 0.103191 0.257656
vt 0.856061 0.914892
vt 0.105334 0.277091
vt 0.102906 0.267823
vt 0.101068 0.258700
vt 0.100362 0.269320
vt 0.098634 0.259896
vt 0.095985 0.261198
vt 0.083602 0.198552
vt 0.087482 0.189793
vt 0.091734 0.181513
vt 0.096209 0.173672
vt 0.773150 0.913998
vt 0.765267 0.911803
vt 0.084561 0.189376
vt 0.089084 0.180931
vt 0.093942 0.172993
vt 0.098991 0.165508
vt 0.764755 0.914107
vt 0.757180 0.911945
vt 0.086202 0.180298
vt 0.091344 0.172215
vt 0.096782 0.164661
vt 0.102376 0.157575
vt 0.756530 0.914252
vt 0.749307 0.912122
vt 0.088517 0.171368
vt 0.094249 0.163691
vt 0.100236 0.156566
vt 0.106344 0.149917
vt 0.748524 0.914432
vt 0.741691 0.912332
vt 0.091493 0.162635
vt 0.097782 0.155409
vt 0.104285 0.148750
vt 0.110873 0.142576
vt 0.740779 0.914646
vt 0.734376 0.912574
vt 0.095113 0.154150
vt 0.101925 0.147413
vt 0.108907 0.141260
vt 0.115938 0.135595
vt 0.733339 0.914892
vt 0.117453 0.136783
vt 0.122933 0.130310
vt 0.727402 0.912847
vt 0.099357 0.145959
vt 0.106654 0.139750
vt 0.114076 0.134135
vt 0.121510 0.129012
vt 0.128881 0.124265
vt 0.720808 0.913148
vt 0.104202 0.138107
vt 0.111942 0.132461
vt 0.119763 0.127417
vt 0.127559 0.122864
vt 0.135264 0.118680
vt 0.714630 0.913477
vt 0.986322 0.249333
vt 0.109619 0.130640
vt 0.117760 0.125588
vt 0.125936 0.121142
vt 0.134051 0.117185
vt 0.115580 0.123599
vt 0.124075 0.119169
vt 0.132561 0.115347
vt 0.122050 0.117022
vt 0.130852 0.113240
vt 0.128994 0.110948
vt 0.980276 0.200978
vt 0.973496 0.200231
vt 0.722780 0.864132
vt 0.729570 0.863785
vt 0.736875 0.863474
vt 0.744637 0.863201
vt 0.752797 0.862968
vt 0.761291 0.862778
vt 0.770051 0.862631
vt 0.779010 0.862529
vt 0.788097 0.862473
vt 0.797241 0.862463
vt 0.806370 0.862499
vt 0.815414 0.862581
vt 0.824301 0.862708
vt 0.832961 0.862879
vt 0.841328 0.863093
vt 0.849335 0.863349
vt 0.856921 0.863643
vt 0.864024 0.863975
vt 0.870591 0.864341
vt 0.009879 0.909678
vt 0.016734 0.909334
vt 0.024098 0.909027
vt 0.031912 0.908759
vt 0.040116 0.908533
vt 0.048645 0.908350
vt 0.057434 0.908212
vt 0.066411 0.908120
vt 0.075509 0.908074
vt 0.084655 0.908075
vt 0.093778 0.908124
vt 0.102806 0.908219
vt 0.111670 0.908359
vt 0.120298 0.908545
vt 0.128625 0.908774
vt 0.136584 0.909044
vt 0.144114 0.909353
vt 0.151155 0.909700
vt 0.157652 0.910081
vt 0.726195 0.613308
vt 0.733159 0.612971
vt 0.740621 0.612672
vt 0.748520 0.612413
vt 0.756797 0.612196
vt 0.765385 0.612023
vt 0.774218 0.611896
vt 0.783226 0.611815
vt 0.792340 0.611781
vt 0.801487 0.611794
vt 0.810596 0.611855
vt 0.819596 0.611962
vt 0.828417 0.612115
vt 0.836988 0.612312
vt 0.845244 0.612553
vt 0.853120 0.612834
vt 0.860554 0.613155
vt 0.867487 0.613512
vt 0.832463 0.201616
vt 0.839039 0.200812
vt 0.846151 0.200081
vt 0.853744 0.199430
vt 0.861758 0.198864
vt 0.870130 0.198387
vt 0.878795 0.198003
vt 0.887685 0.197716
vt 0.896731 0.197526
vt 0.905861 0.197436
vt 0.915005 0.197447
vt 0.924090 0.197558
vt 0.933046 0.197769
vt 0.941802 0.198077
vt 0.950290 0.198481
vt 0.958444 0.198978
vt 0.966200 0.199562
vt 0.979847 0.016306
vt 0.973067 0.015558
vt 0.965770 0.014890
vt 0.958015 0.014305
vt 0.949861 0.013809
vt 0.941373 0.013405
vt 0.932617 0.013096
vt 0.923661 0.012886
vt 0.914576 0.012775
vt 0.905432 0.012764
vt 0.896302 0.012854
vt 0.887256 0.013043
vt 0.878366 0.013331
vt 0.869700 0.013714
vt 0.861328 0.014191
vt 0.853314 0.014757
vt 0.845722 0.015408
vt 0.838609 0.016139
vt 0.832033 0.016944
vt 0.867729 0.427716
vt 0.860795 0.427358
vt 0.853361 0.427038
vt 0.845486 0.426756
vt 0.837230 0.426515
vt 0.828658 0.426318
vt 0.819837 0.426165
vt 0.810837 0.426058
vt 0.801728 0.425998
vt 0.792581 0.425984
vt 0.783468 0.426018
vt 0.774459 0.426099
vt 0.765626 0.426227
vt 0.757038 0.426399
vt 0.748762 0.426616
vt 0.740862 0.426875
vt 0.733401 0.427174
vt 0.726436 0.427511
vt 0.157850 0.724281
vt 0.151353 0.723900
vt 0.144312 0.723553
vt 0.136782 0.723244
vt 0.128823 0.722973
vt 0.120496 0.722745
vt 0.111867 0.722559
vt 0.103004 0.722419
vt 0.093976 0.722324
vt 0.084853 0.722275
vt 0.075707 0.722274
vt 0.066609 0.722319
vt 0.057631 0.722412
vt 0.048843 0.722550
vt 0.040314 0.722732
vt 0.032110 0.722959
vt 0.024296 0.723226
vt 0.016932 0.723534
vt 0.010077 0.723878
vt 0.870664 0.678530
vt 0.864098 0.678164
vt 0.856994 0.677832
vt 0.849409 0.677538
vt 0.841402 0.677282
vt 0.833035 0.677068
vt 0.824374 0.676897
vt 0.815487 0.676770
vt 0.806444 0.676688
vt 0.797314 0.676652
vt 0.788170 0.676662
vt 0.779083 0.676718
vt 0.770125 0.676820
vt 0.761364 0.676967
vt 0.752871 0.677157
vt 0.744711 0.677390
vt 0.736948 0.677663
vt 0.729643 0.677974
vt 0.722854 0.678321
vt 0.207998 0.664380
vt 0.210473 0.658817
vt 0.216170 0.659153
vt 0.217813 0.653689
vt 0.223888 0.653278
vt 0.224733 0.648008
vt 0.231102 0.646793
vt 0.231192 0.641807
vt 0.237763 0.639742
vt 0.237152 0.635125
vt 0.243827 0.632171
vt 0.242575 0.628000
vt 0.249254 0.624131
vt 0.247430 0.620477
vt 0.254008 0.615676
vt 0.251688 0.612601
vt 0.258056 0.606861
vt 0.255322 0.604418
vt 0.261373 0.597746
vt 0.258311 0.595978
vt 0.263935 0.588390
vt 0.260637 0.587332
vt 0.265727 0.578857
vt 0.262287 0.578531
vt 0.263249 0.569630
vt 0.259044 0.578053
vt 0.259979 0.569404
vt 0.256134 0.577624
vt 0.257045 0.569201
vt 0.885345 0.000322
vt 0.893706 0.000134
vt 0.894013 0.002873
vt 0.885840 0.003057
vt 0.894246 0.006018
vt 0.886214 0.006199
vt 0.894394 0.009412
vt 0.886450 0.009591
vt 0.202758 0.663361
vt 0.199428 0.668923
vt 0.194715 0.667293
vt 0.190516 0.672752
vt 0.186390 0.670590
vt 0.181321 0.675843
vt 0.177835 0.673233
vt 0.171905 0.678173
vt 0.169101 0.675204
vt 0.162331 0.679729
vt 0.160241 0.676493
vt 0.152661 0.680499
vt 0.151307 0.677091
vt 0.142961 0.680478
vt 0.142354 0.676995
vt 0.133295 0.679666
vt 0.133435 0.676205
vt 0.123727 0.678069
vt 0.124605 0.674727
vt 0.115915 0.672569
vt 0.116828 0.669420
vt 0.108573 0.666675
vt 0.109608 0.663923
vt 0.101801 0.660635
vt 0.806653 0.664248
vt 0.815040 0.664319
vt 0.814599 0.666909
vt 0.822682 0.667015
vt 0.822210 0.670052
vt 0.829993 0.670191
vt 0.829614 0.673525
vt 0.837106 0.673696
vt 0.844348 0.673899
vt 0.851296 0.674134
vt 0.857908 0.674398
vt 0.864145 0.674691
vt 0.858600 0.671073
vt 0.864905 0.671369
vt 0.859712 0.668054
vt 0.866129 0.668355
vt 0.059366 0.621129
vt 0.064240 0.627824
vt 0.062312 0.629345
vt 0.057326 0.622496
vt 0.060003 0.631167
vt 0.054883 0.624133
vt 0.057429 0.633197
vt 0.052160 0.625959
vt 0.052005 0.631757
vt 0.046613 0.623694
vt 0.114322 0.675698
vt 0.107419 0.669744
vt 0.100555 0.663299
vt 0.094272 0.656752
vt 0.823309 0.664428
vt 0.830602 0.667156
vt 0.837568 0.670364
vt 0.105140 0.672568
vt 0.099167 0.666269
vt 0.092824 0.659312
vt 0.087066 0.652298
vt 0.831411 0.664572
vt 0.088438 0.650260
vt 0.081753 0.645373
vt 0.838310 0.667331
vt 0.844890 0.670569
vt 0.096245 0.668700
vt 0.091209 0.662165
vt 0.085424 0.654737
vt 0.080228 0.647298
vt 0.075467 0.639983
vt 0.845761 0.667540
vt 0.851914 0.670806
vt 0.087694 0.664120
vt 0.083593 0.657457
vt 0.078401 0.649603
vt 0.073797 0.641783
vt 0.069617 0.634121
vt 0.852909 0.667782
vt 0.079546 0.658858
vt 0.076365 0.652172
vt 0.071798 0.643940
vt 0.067813 0.635787
vt 0.071853 0.652950
vt 0.069569 0.646344
vt 0.065652 0.637782
vt 0.064667 0.646434
vt 0.063244 0.640006
vt 0.058036 0.639354
vt 0.047467 0.618333
vt 0.041896 0.615218
vt 0.043380 0.610367
vt 0.037885 0.606386
vt 0.039922 0.602108
vt 0.034608 0.597256
vt 0.037114 0.593606
vt 0.032086 0.587890
vt 0.034974 0.584912
vt 0.030335 0.578349
vt 0.033514 0.576078
vt 0.029369 0.568697
vt 0.032743 0.567158
vt 0.029192 0.558999
vt 0.032665 0.558205
vt 0.029806 0.549318
vt 0.033281 0.549272
vt 0.031207 0.539720
vt 0.034597 0.540365
vt 0.036577 0.531685
vt 0.039743 0.532536
vt 0.042327 0.524229
vt 0.045099 0.525211
vt 0.048235 0.517342
vt 0.089741 0.709850
vt 0.098160 0.709913
vt 0.097792 0.712505
vt 0.105927 0.712604
vt 0.105508 0.715644
vt 0.113361 0.715776
vt 0.113013 0.719112
vt 0.121061 0.715944
vt 0.120637 0.719278
vt 0.127939 0.719476
vt 0.135008 0.719707
vt 0.141758 0.719969
vt 0.148149 0.720260
vt 0.154140 0.720578
vt 0.722094 0.424278
vt 0.727895 0.423960
vt 0.734110 0.423670
vt 0.740663 0.423410
vt 0.747634 0.423179
vt 0.740052 0.420080
vt 0.747094 0.419847
vt 0.739062 0.417052
vt 0.746221 0.416815
vt 0.124558 0.457521
vt 0.116525 0.459666
vt 0.115808 0.457317
vt 0.124017 0.455125
vt 0.114948 0.454505
vt 0.123370 0.452257
vt 0.113989 0.451370
vt 0.122648 0.449059
vt 0.119499 0.446258
vt 0.129002 0.444313
vt 0.033386 0.530268
vt 0.039237 0.523135
vt 0.045547 0.516148
vt 0.051971 0.509739
vt 0.106482 0.710014
vt 0.113918 0.712739
vt 0.121746 0.712910
vt 0.128451 0.716144
vt 0.036328 0.521025
vt 0.042551 0.514817
vt 0.049384 0.508340
vt 0.056285 0.502448
vt 0.114656 0.710152
vt 0.058349 0.503780
vt 0.061167 0.495493
vt 0.063125 0.496975
vt 0.068373 0.490612
vt 0.129274 0.713113
vt 0.135599 0.716378
vt 0.040014 0.512052
vt 0.046500 0.506782
vt 0.053814 0.500854
vt 0.058822 0.493719
vt 0.066540 0.488977
vt 0.074120 0.484650
vt 0.136547 0.713351
vt 0.142423 0.716642
vt 0.044418 0.503410
vt 0.051060 0.499076
vt 0.056209 0.491740
vt 0.064345 0.487020
vt 0.072419 0.482878
vt 0.080312 0.479151
vt 0.143492 0.713620
vt 0.148884 0.716937
vt 0.049513 0.495155
vt 0.055263 0.487343
vt 0.061899 0.484838
vt 0.070383 0.480757
vt 0.078753 0.477253
vt 0.086911 0.474149
vt 0.150067 0.713919
vt 0.154942 0.717258
vt 0.721272 0.420958
vt 0.061631 0.480026
vt 0.068113 0.478392
vt 0.076887 0.474980
vt 0.085504 0.472136
vt 0.093878 0.469673
vt 0.156231 0.714247
vt 0.719944 0.417946
vt 0.727137 0.420637
vt 0.068575 0.473253
vt 0.074807 0.472447
vt 0.083820 0.469725
vt 0.092631 0.467557
vt 0.101171 0.465750
vt 0.725912 0.417619
vt 0.733421 0.420343
vt 0.076047 0.467068
vt 0.081943 0.467038
vt 0.091139 0.465023
vt 0.100092 0.463544
vt 0.108746 0.462404
vt 0.732307 0.417320
vt 0.083998 0.461512
vt 0.089475 0.462198
vt 0.098801 0.460902
vt 0.107841 0.460121
vt 0.092376 0.456623
vt 0.097361 0.457957
vt 0.106758 0.457387
vt 0.101125 0.452433
vt 0.105551 0.454339
vt 0.110186 0.448970
vt 0.131452 0.447428
vt 0.138632 0.443150
vt 0.140356 0.446484
vt 0.148325 0.442775
vt 0.149306 0.446232
vt 0.158016 0.443191
vt 0.158248 0.446676
vt 0.167641 0.444397
vt 0.167081 0.447802
vt 0.175897 0.449630
vt 0.175106 0.452811
vt 0.183462 0.455234
vt 0.182534 0.458025
vt 0.190463 0.461007
vt 0.802196 0.413553
vt 0.810635 0.413607
vt 0.810323 0.416200
vt 0.818492 0.416290
vt 0.818114 0.419331
vt 0.826014 0.419455
vt 0.825692 0.422792
vt 0.833332 0.422950
vt 0.840753 0.423141
vt 0.847910 0.423365
vt 0.854760 0.423621
vt 0.861263 0.423906
vt 0.867378 0.424219
vt 0.861978 0.420582
vt 0.868161 0.420899
vt 0.863128 0.417563
vt 0.869420 0.417886
vt 0.239008 0.505717
vt 0.234398 0.498838
vt 0.236383 0.497393
vt 0.241099 0.504430
vt 0.238761 0.495662
vt 0.243604 0.502889
vt 0.241411 0.493733
vt 0.246396 0.501171
vt 0.246909 0.495582
vt 0.251968 0.503858
vt 0.177135 0.446382
vt 0.184496 0.452123
vt 0.191604 0.458297
vt 0.198137 0.464595
vt 0.818992 0.413699
vt 0.826531 0.416417
vt 0.833739 0.419615
vt 0.186436 0.449135
vt 0.192876 0.455276
vt 0.199485 0.461981
vt 0.205510 0.468767
vt 0.827215 0.413828
vt 0.834391 0.416579
vt 0.841242 0.419808
vt 0.195482 0.452637
vt 0.200987 0.459068
vt 0.207056 0.466266
vt 0.212537 0.473498
vt 0.835257 0.413994
vt 0.211088 0.475480
vt 0.217578 0.480623
vt 0.842026 0.416776
vt 0.848478 0.420035
vt 0.204213 0.456865
vt 0.208780 0.463477
vt 0.214273 0.471124
vt 0.219177 0.478759
vt 0.223650 0.486253
vt 0.849390 0.417007
vt 0.855404 0.420293
vt 0.212569 0.461790
vt 0.216207 0.468477
vt 0.221091 0.476526
vt 0.225389 0.484519
vt 0.229268 0.492337
vt 0.856438 0.417270
vt 0.220497 0.467379
vt 0.223225 0.474038
vt 0.227470 0.482441
vt 0.231136 0.490742
vt 0.227942 0.473597
vt 0.229791 0.480126
vt 0.233372 0.488833
vt 0.234856 0.480400
vt 0.235865 0.486704
vt 0.241192 0.487745
vt 0.250789 0.508972
vt 0.256335 0.512519
vt 0.254565 0.517091
vt 0.259982 0.521508
vt 0.257700 0.525478
vt 0.262884 0.530763
vt 0.260176 0.534082
vt 0.265022 0.540225
vt 0.261977 0.542853
vt 0.266382 0.549829
vt 0.263094 0.551736
vt 0.266954 0.559512
vt 0.263519 0.560680
vt 0.266736 0.569210
vt 0.970157 0.011792
vt 0.976356 0.012415
vt 0.982139 0.013098
vt 0.724669 0.674746
vt 0.730762 0.674448
vt 0.737245 0.674179
vt 0.744078 0.673939
vt 0.736602 0.670852
vt 0.743511 0.670609
vt 0.735567 0.667828
vt 0.742597 0.667581
vt 0.175599 0.664851
vt 0.183511 0.662408
vt 0.184326 0.664724
vt 0.176232 0.667224
vt 0.185302 0.667498
vt 0.176990 0.670065
vt 0.963579 0.011231
vt 0.956661 0.010736
vt 0.949445 0.010310
vt 0.941975 0.009955
vt 0.934295 0.009673
vt 0.934587 0.006282
vt 0.926657 0.006074
vt 0.926995 0.002930
vt 0.918805 0.002796
vt 0.919069 0.000055
vt 0.910619 0.000000
vt 0.249545 0.602116
vt 0.252373 0.594131
vt 0.255181 0.595004
vt 0.257441 0.586603
vt 0.926451 0.009467
vt 0.918609 0.005942
vt 0.910545 0.002742
vt 0.902148 0.000026
vt 0.254574 0.585950
vt 0.918491 0.009337
vt 0.910492 0.005889
vt 0.902264 0.002767
vt 0.910463 0.009285
vt 0.902355 0.005914
vt 0.902414 0.009309
vt 0.870983 0.010175
vt 0.878631 0.009846
vt 0.878309 0.006457
vt 0.877795 0.003319
vt 0.877115 0.000591
vt 0.257300 0.560734
vt 0.260241 0.560708
vt 0.863552 0.010576
vt 0.856383 0.011047
vt 0.849519 0.011584
vt 0.843002 0.012186
vt 0.836870 0.012847
vt 0.831161 0.013565
vt 0.817878 0.422669
vt 0.810087 0.419243
vt 0.802074 0.416148
vt 0.793725 0.413537
vt 0.174398 0.455665
vt 0.166549 0.451037
vt 0.157959 0.449941
vt 0.809939 0.422582
vt 0.801981 0.419191
vt 0.793793 0.416132
vt 0.785242 0.413560
vt 0.166072 0.453939
vt 0.157700 0.452870
vt 0.149271 0.449510
vt 0.801921 0.422530
vt 0.793843 0.419176
vt 0.785509 0.416154
vt 0.777338 0.416214
vt 0.776891 0.413621
vt 0.768630 0.413719
vt 0.149239 0.452451
vt 0.140575 0.449754
vt 0.793872 0.422515
vt 0.785835 0.422537
vt 0.777879 0.422595
vt 0.770029 0.422688
vt 0.762342 0.422818
vt 0.754862 0.422981
vt 0.105247 0.718981
vt 0.097340 0.718885
vt 0.089341 0.718825
vt 0.081296 0.718801
vt 0.073263 0.718813
vt 0.065267 0.718862
vt 0.057379 0.718946
vt 0.049637 0.719066
vt 0.042090 0.719220
vt 0.041654 0.715886
vt 0.034265 0.716076
vt 0.033430 0.713044
vt 0.026202 0.713271
vt 0.043471 0.583166
vt 0.045451 0.591207
vt 0.043091 0.591886
vt 0.045747 0.599931
vt 0.042992 0.600960
vt 0.046352 0.608985
vt 0.034783 0.719409
vt 0.027163 0.716299
vt 0.019310 0.713530
vt 0.048047 0.599071
vt 0.049019 0.607745
vt 0.050324 0.616725
vt 0.027758 0.719629
vt 0.020391 0.716554
vt 0.012795 0.713820
vt 0.051245 0.606709
vt 0.052886 0.615282
vt 0.021059 0.719881
vt 0.013988 0.716839
vt 0.006695 0.714139
vt 0.055026 0.614077
vt 0.014727 0.720163
vt 0.007993 0.717152
vt 0.872121 0.668683
vt 0.870793 0.671692
vt 0.008798 0.720473
vt 0.869968 0.675010
vt 0.821917 0.673388
vt 0.814267 0.669948
vt 0.806400 0.666839
vt 0.798199 0.664214
vt 0.117647 0.666596
vt 0.125271 0.671517
vt 0.814060 0.673285
vt 0.806210 0.669880
vt 0.798136 0.666806
vt 0.789728 0.664217
vt 0.125868 0.668638
vt 0.133851 0.672953
vt 0.806091 0.673218
vt 0.798089 0.669847
vt 0.789856 0.666809
vt 0.781292 0.664258
vt 0.134224 0.670036
vt 0.142516 0.673720
vt 0.798059 0.673185
vt 0.789952 0.669850
vt 0.781610 0.666849
vt 0.772941 0.664336
vt 0.142662 0.670783
vt 0.151215 0.673814
vt 0.790011 0.673188
vt 0.781996 0.673227
vt 0.774062 0.673301
vt 0.766257 0.673410
vt 0.758627 0.673553
vt 0.751219 0.673730
vt 0.208702 0.656059
vt 0.215833 0.651077
vt 0.222557 0.645556
vt 0.228832 0.639532
vt 0.234622 0.633039
vt 0.239892 0.626117
vt 0.244609 0.618808
vt 0.248746 0.611155
vt 0.252277 0.603204
vt 0.207112 0.653585
vt 0.214056 0.648733
vt 0.220604 0.643358
vt 0.226715 0.637491
vt 0.232353 0.631169
vt 0.237485 0.624428
vt 0.242078 0.617310
vt 0.246106 0.609858
vt 0.201206 0.660474
vt 0.193390 0.664295
vt 0.205785 0.651519
vt 0.212573 0.646776
vt 0.218973 0.641521
vt 0.224947 0.635787
vt 0.959243 0.001528
vt 0.958076 0.004235
vt 0.951648 0.001079
vt 0.950652 0.003797
vt 0.943786 0.000705
vt 0.942966 0.003431
vt 0.935702 0.000409
vt 0.935065 0.003142
vt 0.927447 0.000192
vt 0.199813 0.657884
vt 0.192202 0.661605
vt 0.978340 0.005963
vt 0.977114 0.009055
vt 0.971962 0.005322
vt 0.970846 0.008425
vt 0.965194 0.004745
vt 0.964195 0.007857
vt 0.957201 0.007357
vt 0.949906 0.006926
vt 0.942352 0.006567
vt 0.198649 0.655721
vt 0.191210 0.659358
vt 0.982961 0.009745
vt 0.984290 0.006665
vt 0.723887 0.671425
vt 0.722628 0.668412
vt 0.730048 0.671124
vt 0.728897 0.668105
vt 0.168504 0.671981
vt 0.159895 0.673233
vt 0.167968 0.669089
vt 0.159585 0.670308
vt 0.151133 0.670874
vt 0.167521 0.666674
vt 0.159326 0.667866
vt 0.757567 0.667185
vt 0.756696 0.664602
vt 0.765416 0.667037
vt 0.764726 0.664451
vt 0.773447 0.666925
vt 0.750732 0.670398
vt 0.749945 0.667366
vt 0.758221 0.670219
vt 0.765935 0.670075
vt 0.773827 0.669964
vt 0.781849 0.669890
vt 0.040265 0.592700
vt 0.041066 0.583661
vt 0.042121 0.574996
vt 0.040948 0.712850
vt 0.049284 0.715730
vt 0.038185 0.584252
vt 0.039684 0.575303
vt 0.041407 0.566746
vt 0.048713 0.712691
vt 0.057111 0.715609
vt 0.036766 0.575669
vt 0.038954 0.566863
vt 0.047952 0.710103
vt 0.056678 0.712568
vt 0.065087 0.715523
vt 0.036017 0.567002
vt 0.038881 0.558392
vt 0.056100 0.709977
vt 0.064794 0.712481
vt 0.073179 0.715474
vt 0.035942 0.558303
vt 0.039464 0.549941
vt 0.064403 0.709889
vt 0.073036 0.712432
vt 0.081293 0.715462
vt 0.036541 0.549624
vt 0.040706 0.541529
vt 0.072842 0.709837
vt 0.081286 0.712419
vt 0.089426 0.715486
vt 0.037818 0.540978
vt 0.042583 0.533300
vt 0.081274 0.709825
vt 0.089562 0.712444
vt 0.097514 0.715547
vt 0.131924 0.450672
vt 0.132347 0.453582
vt 0.140771 0.452689
vt 0.132700 0.456012
vt 0.140935 0.455139
vt 0.761353 0.416443
vt 0.760538 0.413855
vt 0.769262 0.416310
vt 0.754401 0.419647
vt 0.753657 0.416612
vt 0.761964 0.419481
vt 0.769737 0.419351
vt 0.777673 0.419256
vt 0.785709 0.419198
vt 0.247873 0.510469
vt 0.251541 0.518357
vt 0.254587 0.526506
vt 0.256993 0.534866
vt 0.258743 0.543387
vt 0.259828 0.552019
vt 0.245256 0.511811
vt 0.248828 0.519493
vt 0.251795 0.527428
vt 0.254137 0.535569
vt 0.255842 0.543867
vt 0.256898 0.552272
vt 0.243071 0.512932
vt 0.246563 0.520441
vt 0.249463 0.528198
vt 0.251753 0.536156
vt 0.854905 0.004555
vt 0.853699 0.001855
vt 0.862281 0.004070
vt 0.861244 0.001359
vt 0.869926 0.003658
vt 0.869065 0.000937
vt 0.830314 0.010217
vt 0.828955 0.007146
vt 0.836086 0.009492
vt 0.834829 0.006408
vt 0.842286 0.008823
vt 0.841138 0.005727
vt 0.848875 0.008215
vt 0.847843 0.005108
vt 0.855815 0.007671
vt 0.863063 0.007195
vt 0.870576 0.006789
vt 0.241668 0.676542
vt 0.232929 0.683141
vt 0.223727 0.689077
vt 0.214112 0.694316
vt 0.204137 0.698832
vt 0.193855 0.702598
vt 0.183322 0.705595
vt 0.172598 0.707805
vt 0.161739 0.709218
vt 0.150806 0.709825
vt 0.139858 0.709622
vt 0.128954 0.708612
vt 0.118155 0.706799
vt 0.107519 0.704194
vt 0.097105 0.700810
vt 0.086969 0.696666
vt 0.077167 0.691785
vt 0.067752 0.686194
vt 0.058776 0.679922
vt 0.050287 0.673005
vt 0.042333 0.665480
vt 0.034956 0.657387
vt 0.028197 0.648772
vt 0.022092 0.639682
vt 0.016675 0.630165
vt 0.011977 0.620275
vt 0.008021 0.610064
vt 0.004830 0.599589
vt 0.002422 0.588907
vt 0.000809 0.578076
vt -0.000000 0.567156
vt -0.000000 0.556206
vt 0.000809 0.545286
vt 0.002422 0.534455
vt 0.004830 0.523773
vt 0.008021 0.513298
vt 0.011976 0.503087
vt 0.016675 0.493197
vt 0.022092 0.483680
vt 0.028197 0.474589
vt 0.034956 0.465974
vt 0.042333 0.457882
vt 0.050287 0.450357
vt 0.058776 0.443440
vt 0.067752 0.437168
vt 0.077167 0.431577
vt 0.086969 0.426696
vt 0.097105 0.422552
vt 0.107519 0.419168
vt 0.118155 0.416563
vt 0.128954 0.414750
vt 0.139857 0.413740
vt 0.150806 0.413537
vt 0.161739 0.414144
vt 0.172598 0.415557
vt 0.183322 0.417767
vt 0.193854 0.420764
vt 0.204136 0.424530
vt 0.214112 0.429045
vt 0.223727 0.434285
vt 0.232929 0.440221
vt 0.241668 0.446820
vt 0.249895 0.454046
vt 0.257566 0.461860
vt 0.264639 0.470219
vt 0.271075 0.479078
vt 0.276840 0.488388
vt 0.281901 0.498099
vt 0.286231 0.508156
vt 0.289807 0.518506
vt 0.292608 0.529092
vt 0.294620 0.539855
vt 0.295832 0.550738
vt 0.296237 0.561681
vt 0.295832 0.572624
vt 0.294620 0.583506
vt 0.292608 0.594270
vt 0.289807 0.604856
vt 0.286231 0.615206
vt 0.281901 0.625263
vt 0.276840 0.634974
vt 0.271075 0.644284
vt 0.264639 0.653142
vt 0.257566 0.661502
vt 0.249895 0.669316
vt 0.477128 0.664306
vt 0.477525 0.655432
vt 0.503640 0.659853
vt 0.477958 0.647075
vt 0.504064 0.651688
vt 0.506731 0.419103
vt 0.532814 0.413961
vt 0.533256 0.421969
vt 0.507162 0.426953
vt 0.533662 0.430521
vt 0.507557 0.435345
vt 0.534029 0.439573
vt 0.507913 0.444234
vt 0.534357 0.449077
vt 0.508229 0.453571
vt 0.534644 0.458983
vt 0.508504 0.463305
vt 0.534887 0.469241
vt 0.508735 0.473383
vt 0.535085 0.479796
vt 0.508921 0.483750
vt 0.535238 0.490593
vt 0.509062 0.494348
vt 0.535345 0.501577
vt 0.509156 0.505122
vt 0.535405 0.512690
vt 0.509203 0.516010
vt 0.535418 0.523873
vt 0.509203 0.526954
vt 0.535383 0.535069
vt 0.509156 0.537895
vt 0.535302 0.546220
vt 0.509062 0.548772
vt 0.535174 0.557267
vt 0.508921 0.559526
vt 0.535000 0.568152
vt 0.508735 0.570098
vt 0.534781 0.578819
vt 0.508504 0.580431
vt 0.534518 0.589213
vt 0.508229 0.590468
vt 0.534212 0.599278
vt 0.507913 0.600155
vt 0.533866 0.608963
vt 0.507557 0.609438
vt 0.533480 0.618217
vt 0.507162 0.618266
vt 0.533057 0.626992
vt 0.506731 0.626592
vt 0.532600 0.635242
vt 0.296237 0.421628
vt 0.322956 0.420322
vt 0.297190 0.429364
vt 0.323897 0.428498
vt 0.298068 0.437651
vt 0.324760 0.437205
vt 0.298868 0.446444
vt 0.325543 0.446398
vt 0.299584 0.455695
vt 0.326241 0.456028
vt 0.300212 0.465353
vt 0.326850 0.466045
vt 0.300750 0.475366
vt 0.327367 0.476398
vt 0.301194 0.485679
vt 0.327790 0.487031
vt 0.301542 0.496236
vt 0.328116 0.497890
vt 0.301792 0.506978
vt 0.328344 0.508919
vt 0.301943 0.517848
vt 0.328472 0.520059
vt 0.301993 0.528786
vt 0.328500 0.531252
vt 0.301943 0.539732
vt 0.328427 0.542441
vt 0.301792 0.550627
vt 0.328254 0.553567
vt 0.301542 0.561411
vt 0.327983 0.564571
vt 0.301194 0.572024
vt 0.327613 0.575397
vt 0.300750 0.582410
vt 0.327148 0.585988
vt 0.300212 0.592511
vt 0.326589 0.596288
vt 0.299584 0.602272
vt 0.325940 0.606245
vt 0.298868 0.611640
vt 0.325203 0.615806
vt 0.298068 0.620564
vt 0.324384 0.624921
vt 0.323485 0.633543
vt 0.297190 0.628995
vt 0.322513 0.641627
vt 0.296237 0.636886
vt 0.714577 0.851759
vt 0.688503 0.856828
vt 0.688071 0.848429
vt 0.714156 0.843521
vt 0.687674 0.839518
vt 0.713770 0.834774
vt 0.687315 0.830140
vt 0.713422 0.825564
vt 0.686994 0.820346
vt 0.713113 0.815942
vt 0.686714 0.810185
vt 0.712845 0.805960
vt 0.686476 0.799710
vt 0.712619 0.795673
vt 0.686282 0.788978
vt 0.712437 0.785137
vt 0.686131 0.778042
vt 0.712300 0.774409
vt 0.686027 0.766961
vt 0.712208 0.763548
vt 0.685968 0.755792
vt 0.712161 0.752614
vt 0.685955 0.744593
vt 0.712161 0.741666
vt 0.685988 0.733423
vt 0.712208 0.730764
vt 0.686067 0.722341
vt 0.712300 0.719968
vt 0.686191 0.711402
vt 0.712437 0.709336
vt 0.686361 0.700666
vt 0.712619 0.698926
vt 0.686574 0.690188
vt 0.712845 0.688796
vt 0.686831 0.680021
vt 0.713113 0.679000
vt 0.687129 0.670221
vt 0.713422 0.669593
vt 0.687467 0.660836
vt 0.713770 0.660625
vt 0.687843 0.651917
vt 0.714156 0.652146
vt 0.688255 0.643511
vt 0.714577 0.644202
vt 0.504184 0.859275
vt 0.478343 0.868285
vt 0.477882 0.860389
vt 0.503751 0.851257
vt 0.477455 0.851941
vt 0.503354 0.842710
vt 0.477064 0.842984
vt 0.502994 0.833680
vt 0.476713 0.833566
vt 0.502674 0.824218
vt 0.476401 0.823735
vt 0.502395 0.814375
vt 0.476132 0.813542
vt 0.502160 0.804204
vt 0.475906 0.803042
vt 0.501969 0.793762
vt 0.475724 0.792288
vt 0.501822 0.783104
vt 0.475589 0.781336
vt 0.501723 0.772290
vt 0.475499 0.770244
vt 0.501669 0.761379
vt 0.475456 0.759070
vt 0.501663 0.750429
vt 0.475460 0.747872
vt 0.501704 0.739501
vt 0.475511 0.736708
vt 0.501791 0.728655
vt 0.475608 0.725636
vt 0.501925 0.717950
vt 0.475752 0.714714
vt 0.502104 0.707443
vt 0.475941 0.703999
vt 0.502328 0.697194
vt 0.476175 0.693547
vt 0.502595 0.687257
vt 0.476451 0.683413
vt 0.502904 0.677686
vt 0.476770 0.673649
vt 0.503253 0.668535
vt 0.302480 0.647075
vt 0.302047 0.655432
vt 0.301650 0.664306
vt 0.301292 0.673649
vt 0.300973 0.683413
vt 0.300697 0.693547
vt 0.300463 0.703999
vt 0.300274 0.714714
vt 0.300130 0.725636
vt 0.300033 0.736708
vt 0.299982 0.747872
vt 0.299978 0.759070
vt 0.300021 0.770244
vt 0.300111 0.781336
vt 0.300246 0.792288
vt 0.300428 0.803042
vt 0.300654 0.813542
vt 0.300923 0.823735
vt 0.301235 0.833566
vt 0.301586 0.842984
vt 0.301977 0.851941
vt 0.302404 0.860389
vt 0.302865 0.868285
vt 0.512767 0.643710
vt 0.512354 0.652117
vt 0.511978 0.661036
vt 0.511640 0.670420
vt 0.511342 0.680221
vt 0.511086 0.690387
vt 0.510872 0.700865
vt 0.510703 0.711602
vt 0.510578 0.722540
vt 0.510499 0.733623
vt 0.510466 0.744793
vt 0.510479 0.755991
vt 0.510538 0.767160
vt 0.510643 0.778241
vt 0.510793 0.789177
vt 0.510988 0.799910
vt 0.511226 0.810384
vt 0.511506 0.820545
vt 0.511826 0.830340
vt 0.512186 0.839717
vt 0.512583 0.848629
vt 0.513015 0.857027
vt 0.496926 0.641851
vt 0.497899 0.633767
vt 0.498797 0.625145
vt 0.499617 0.616030
vt 0.500353 0.606469
vt 0.501002 0.596512
vt 0.501561 0.586211
vt 0.502026 0.575620
vt 0.502396 0.564795
vt 0.502668 0.553790
vt 0.502841 0.542665
vt 0.502913 0.531476
vt 0.502885 0.520283
vt 0.502757 0.509143
vt 0.502530 0.498114
vt 0.502204 0.487255
vt 0.501781 0.476621
vt 0.501263 0.466269
vt 0.500654 0.456251
vt 0.499956 0.446621
vt 0.499174 0.437429
vt 0.498310 0.428722
vt 0.497370 0.420546
vt 0.708074 0.635574
vt 0.708532 0.627324
vt 0.708955 0.618549
vt 0.709340 0.609295
vt 0.709687 0.599610
vt 0.709992 0.589544
vt 0.710255 0.579151
vt 0.710474 0.568484
vt 0.710648 0.557598
vt 0.710776 0.546552
vt 0.710858 0.535401
vt 0.710892 0.524205
vt 0.710879 0.513021
vt 0.710819 0.501909
vt 0.710713 0.490925
vt 0.710560 0.480128
vt 0.710361 0.469573
vt 0.710118 0.459315
vt 0.709832 0.449409
vt 0.709504 0.439905
vt 0.709136 0.430853
vt 0.708730 0.422301
vt 0.708288 0.414292
vt 0.300319 0.663899
vt 0.300703 0.655320
vt 0.301122 0.647224
vt 0.299436 0.654990
vt 0.299855 0.646867
vt 0.298330 0.654466
vt 0.298752 0.646300
vt 0.700360 0.341356
vt 0.709553 0.335442
vt 0.710164 0.336322
vt 0.700908 0.342276
vt 0.710874 0.337347
vt 0.701545 0.343348
vt 0.711637 0.338446
vt 0.702121 0.344562
vt 0.299970 0.672920
vt 0.299659 0.682337
vt 0.299386 0.692106
vt 0.299154 0.702178
vt 0.298963 0.712505
vt 0.298814 0.723036
vt 0.298708 0.733720
vt 0.298646 0.744505
vt 0.298628 0.755338
vt 0.298654 0.766167
vt 0.298723 0.776939
vt 0.298836 0.787600
vt 0.298992 0.798101
vt 0.299190 0.808388
vt 0.299429 0.818413
vt 0.299708 0.828126
vt 0.300026 0.837480
vt 0.300381 0.846429
vt 0.300772 0.854930
vt 0.301195 0.862941
vt 0.511733 0.638027
vt 0.511310 0.645782
vt 0.510920 0.654046
vt 0.510563 0.662779
vt 0.510243 0.671938
vt 0.509961 0.681480
vt 0.509717 0.691356
vt 0.509514 0.701520
vt 0.509352 0.711921
vt 0.509233 0.722510
vt 0.509155 0.733234
vt 0.507881 0.733178
vt 0.507847 0.744021
vt 0.506731 0.743989
vt 0.506740 0.754920
vt 0.666716 0.057201
vt 0.656169 0.054327
vt 0.656415 0.053284
vt 0.645620 0.051138
vt 0.645820 0.049907
vt 0.634816 0.048508
vt 0.641808 0.047956
vt 0.630552 0.046833
vt 0.623741 0.047879
vt 0.619245 0.046507
vt 0.612649 0.048025
vt 0.607942 0.046979
vt 0.601594 0.048944
vt 0.596702 0.048248
vt 0.590630 0.050632
vt 0.585579 0.050306
vt 0.579811 0.053081
vt 0.574628 0.053143
vt 0.569189 0.056278
vt 0.563906 0.056746
vt 0.558816 0.060209
vt 0.553464 0.061097
vt 0.548742 0.064853
vt 0.543354 0.066173
vt 0.539017 0.070189
vt 0.533629 0.071949
vt 0.529687 0.076191
vt 0.524334 0.078397
vt 0.520799 0.082828
vt 0.515518 0.085485
vt 0.512396 0.090070
vt 0.507224 0.093177
vt 0.504518 0.097880
vt 0.499493 0.101435
vt 0.497205 0.106220
vt 0.492364 0.110218
vt 0.490490 0.115050
vt 0.485872 0.119481
vt 0.484409 0.124327
vt 0.480049 0.129180
vt 0.478989 0.134006
vt 0.474926 0.139265
vt 0.474257 0.144040
vt 0.470526 0.149686
vt 0.470237 0.154378
vt 0.466873 0.160392
vt 0.466948 0.164973
vt 0.463983 0.171329
vt 0.464406 0.175770
vt 0.461873 0.182442
vt 0.462624 0.186719
vt 0.460551 0.193677
vt 0.461609 0.197766
vt 0.460026 0.204976
vt 0.461368 0.208856
vt 0.460299 0.216285
vt 0.461900 0.219936
vt 0.461368 0.227546
vt 0.463205 0.230952
vt 0.463230 0.238704
vt 0.465274 0.241850
vt 0.465874 0.249703
vt 0.468099 0.252577
vt 0.469287 0.260488
vt 0.471665 0.263082
vt 0.473452 0.271005
vt 0.475955 0.273311
vt 0.478349 0.281202
vt 0.480949 0.283217
vt 0.483953 0.291028
vt 0.486621 0.292750
vt 0.490236 0.300435
vt 0.492944 0.301864
vt 0.497167 0.309375
vt 0.499888 0.310515
vt 0.504712 0.317803
vt 0.507418 0.318661
vt 0.512832 0.325679
vt 0.515498 0.326261
vt 0.521487 0.332962
vt 0.524089 0.333279
vt 0.530635 0.339616
vt 0.533148 0.339681
vt 0.540229 0.345609
vt 0.542632 0.345435
vt 0.550222 0.350910
vt 0.552494 0.350514
vt 0.560564 0.355493
vt 0.562686 0.354892
vt 0.571204 0.359335
vt 0.573159 0.358549
vt 0.582088 0.362416
vt 0.583862 0.361466
vt 0.593162 0.364723
vt 0.594741 0.363630
vt 0.604372 0.366242
vt 0.605746 0.365030
vt 0.615661 0.366967
vt 0.616821 0.365658
vt 0.626972 0.366894
vt 0.627913 0.365512
vt 0.638251 0.366023
vt 0.638968 0.364593
vt 0.649440 0.364359
vt 0.649931 0.362905
vt 0.660483 0.361909
vt 0.660751 0.360457
vt 0.671327 0.358687
vt 0.671373 0.357259
vt 0.681916 0.354708
vt 0.681746 0.353329
vt 0.692198 0.349992
vt 0.691820 0.348684
vt 0.509121 0.744041
vt 0.507856 0.754895
vt 0.506792 0.765829
vt 0.645448 0.052195
vt 0.634702 0.049749
vt 0.509130 0.754878
vt 0.507908 0.765746
vt 0.506888 0.776662
vt 0.634604 0.050816
vt 0.623714 0.049126
vt 0.509182 0.765694
vt 0.508003 0.776523
vt 0.507026 0.787367
vt 0.623690 0.050196
vt 0.612709 0.049270
vt 0.509277 0.776434
vt 0.508141 0.787171
vt 0.507207 0.797891
vt 0.612760 0.050340
vt 0.601741 0.050182
vt 0.509414 0.787047
vt 0.508320 0.797640
vt 0.507429 0.808183
vt 0.601867 0.051246
vt 0.590863 0.051857
vt 0.509593 0.797481
vt 0.508541 0.807878
vt 0.507690 0.818193
vt 0.591063 0.052909
vt 0.580129 0.054286
vt 0.509813 0.807686
vt 0.508801 0.817836
vt 0.507991 0.827873
vt 0.580401 0.055322
vt 0.569590 0.057459
vt 0.510072 0.817611
vt 0.509100 0.827465
vt 0.508329 0.837174
vt 0.569934 0.058473
vt 0.559298 0.061359
vt 0.510371 0.827207
vt 0.509437 0.836717
vt 0.508703 0.846053
vt 0.559712 0.062346
vt 0.549303 0.065967
vt 0.510706 0.836430
vt 0.509809 0.845549
vt 0.509111 0.854465
vt 0.549785 0.066923
vt 0.539654 0.071261
vt 0.511076 0.845232
vt 0.510214 0.853917
vt 0.500235 0.646300
vt 0.499105 0.645691
vt 0.501216 0.638659
vt 0.540202 0.072181
vt 0.530398 0.077215
vt 0.511481 0.853572
vt 0.510651 0.861781
vt 0.500080 0.638090
vt 0.502128 0.630491
vt 0.531008 0.078095
vt 0.521580 0.083801
vt 0.511916 0.861410
vt 0.498797 0.637732
vt 0.500988 0.629966
vt 0.502969 0.621837
vt 0.522250 0.084636
vt 0.513242 0.090985
vt 0.499702 0.629634
vt 0.501824 0.621357
vt 0.503733 0.612738
vt 0.513969 0.091771
vt 0.505427 0.098734
vt 0.500535 0.621054
vt 0.502584 0.612305
vt 0.504416 0.603238
vt 0.506206 0.099468
vt 0.498170 0.107009
vt 0.501292 0.612032
vt 0.503264 0.602855
vt 0.505017 0.593384
vt 0.498999 0.107686
vt 0.491509 0.115770
vt 0.501970 0.602614
vt 0.503861 0.593053
vt 0.505530 0.583224
vt 0.492383 0.116388
vt 0.485475 0.124974
vt 0.502565 0.592844
vt 0.504372 0.582947
vt 0.505955 0.572808
vt 0.486390 0.125530
vt 0.480097 0.134577
vt 0.503075 0.582771
vt 0.504795 0.572585
vt 0.506289 0.562186
vt 0.481049 0.135067
vt 0.475403 0.144532
vt 0.503496 0.572444
vt 0.505127 0.562018
vt 0.506530 0.551409
vt 0.476387 0.144954
vt 0.471415 0.154789
vt 0.503827 0.561913
vt 0.505367 0.551299
vt 0.506678 0.540531
vt 0.472425 0.155142
vt 0.468151 0.165300
vt 0.504066 0.551228
vt 0.505514 0.540478
vt 0.506731 0.529605
vt 0.469184 0.165582
vt 0.465629 0.176014
vt 0.504213 0.540443
vt 0.505566 0.529608
vt 0.506689 0.518683
vt 0.466679 0.176222
vt 0.463861 0.186876
vt 0.504265 0.529610
vt 0.505525 0.518744
vt 0.506553 0.507819
vt 0.464923 0.187011
vt 0.462854 0.197836
vt 0.504224 0.518781
vt 0.505389 0.507936
vt 0.506322 0.497065
vt 0.463923 0.197897
vt 0.462614 0.208840
vt 0.504088 0.508010
vt 0.505160 0.497239
vt 0.505999 0.486475
vt 0.463685 0.208825
vt 0.463143 0.219833
vt 0.503860 0.497348
vt 0.504839 0.486705
vt 0.505585 0.476099
vt 0.464210 0.219744
vt 0.464437 0.230762
vt 0.503540 0.486849
vt 0.504427 0.476384
vt 0.505082 0.465989
vt 0.465495 0.230599
vt 0.466490 0.241575
vt 0.503129 0.476562
vt 0.503926 0.466326
vt 0.504491 0.456193
vt 0.467535 0.241339
vt 0.469293 0.252218
vt 0.502630 0.466538
vt 0.502045 0.456826
vt 0.501376 0.447473
vt 0.500628 0.438525
vt 0.499804 0.430025
vt 0.498907 0.422015
vt 0.709321 0.637285
vt 0.709771 0.629416
vt 0.710189 0.621047
vt 0.710573 0.612218
vt 0.710920 0.602972
vt 0.711230 0.593354
vt 0.711500 0.583411
vt 0.711730 0.573192
vt 0.711918 0.562745
vt 0.712064 0.552123
vt 0.712166 0.541377
vt 0.712224 0.530559
vt 0.712239 0.519721
vt 0.712209 0.508918
vt 0.712135 0.498201
vt 0.712017 0.487622
vt 0.711857 0.477233
vt 0.711654 0.467085
vt 0.711409 0.457228
vt 0.711125 0.447708
vt 0.710802 0.438573
vt 0.710441 0.429867
vt 0.710045 0.421633
vt 0.709616 0.413910
vt 0.652957 0.049870
vt 0.656700 0.052071
vt 0.667033 0.056179
vt 0.677036 0.060805
vt 0.506765 0.733089
vt 0.507959 0.722419
vt 0.663943 0.052566
vt 0.667403 0.054988
vt 0.677424 0.059807
vt 0.687079 0.065120
vt 0.506843 0.722273
vt 0.508079 0.711795
vt 0.674711 0.056030
vt 0.677876 0.058645
vt 0.687536 0.064151
vt 0.696798 0.070124
vt 0.506964 0.711593
vt 0.508241 0.701359
vt 0.685209 0.060245
vt 0.688068 0.063023
vt 0.697321 0.069190
vt 0.706143 0.075795
vt 0.507128 0.701102
vt 0.508445 0.691162
vt 0.695383 0.065190
vt 0.697930 0.068102
vt 0.706730 0.074899
vt 0.715070 0.082103
vt 0.507332 0.690851
vt 0.508689 0.681252
vt 0.705182 0.070840
vt 0.707414 0.073856
vt 0.715718 0.081251
vt 0.723535 0.089019
vt 0.507578 0.680889
vt 0.508973 0.671679
vt 0.714559 0.077167
vt 0.716473 0.080258
vt 0.724241 0.088214
vt 0.731498 0.096508
vt 0.507863 0.671266
vt 0.509294 0.662489
vt 0.723466 0.084141
vt 0.725064 0.087276
vt 0.732258 0.095755
vt 0.738918 0.104535
vt 0.508186 0.662027
vt 0.509651 0.653727
vt 0.731859 0.091725
vt 0.733144 0.094877
vt 0.739729 0.103836
vt 0.745761 0.113060
vt 0.508545 0.653219
vt 0.510043 0.645436
vt 0.739697 0.099882
vt 0.740674 0.103022
vt 0.746619 0.112419
vt 0.751992 0.122041
vt 0.508939 0.644884
vt 0.751301 0.122486
vt 0.756861 0.131830
vt 0.510468 0.637655
vt 0.299929 0.863302
vt 0.746939 0.108572
vt 0.747618 0.111673
vt 0.752892 0.121462
vt 0.757581 0.131435
vt 0.298826 0.863876
vt 0.299504 0.855264
vt 0.753550 0.117750
vt 0.753941 0.120787
vt 0.758520 0.130920
vt 0.762502 0.141196
vt 0.298399 0.855796
vt 0.299112 0.846735
vt 0.759497 0.127373
vt 0.759613 0.130320
vt 0.763474 0.140748
vt 0.766729 0.151277
vt 0.298005 0.847221
vt 0.298756 0.837756
vt 0.764751 0.137391
vt 0.764606 0.140226
vt 0.767731 0.150898
vt 0.770244 0.161628
vt 0.297647 0.838195
vt 0.298437 0.828371
vt 0.769285 0.147754
vt 0.768897 0.150456
vt 0.771269 0.161319
vt 0.773027 0.172199
vt 0.297326 0.828761
vt 0.298157 0.818626
vt 0.773077 0.158412
vt 0.772463 0.160960
vt 0.774071 0.171962
vt 0.775067 0.182938
vt 0.297045 0.818964
vt 0.297917 0.808568
vt 0.776107 0.169310
vt 0.775288 0.171687
vt 0.776125 0.182775
vt 0.776352 0.193793
vt 0.296803 0.808853
vt 0.297718 0.798246
vt 0.778361 0.180396
vt 0.777357 0.182585
vt 0.777419 0.193705
vt 0.776877 0.204712
vt 0.296604 0.798477
vt 0.297562 0.787711
vt 0.779828 0.191612
vt 0.778661 0.193601
vt 0.777947 0.204698
vt 0.776639 0.215640
vt 0.296447 0.787886
vt 0.297449 0.777013
vt 0.780499 0.202904
vt 0.779194 0.204681
vt 0.777708 0.215701
vt 0.775639 0.226526
vt 0.296333 0.777133
vt 0.297379 0.766206
vt 0.780373 0.214215
vt 0.778953 0.215772
vt 0.776701 0.226661
vt 0.773882 0.237315
vt 0.296263 0.766268
vt 0.297353 0.755341
vt 0.779449 0.225490
vt 0.777938 0.226818
vt 0.774933 0.237524
vt 0.771378 0.247955
vt 0.296237 0.755346
vt 0.297372 0.744472
vt 0.777732 0.236670
vt 0.776156 0.237767
vt 0.772411 0.248237
vt 0.768136 0.258395
vt 0.296255 0.744420
vt 0.297434 0.733651
vt 0.775230 0.247702
vt 0.773613 0.248565
vt 0.769147 0.258748
vt 0.764175 0.268583
vt 0.296318 0.733542
vt 0.297540 0.722932
vt 0.771957 0.258530
vt 0.770324 0.259159
vt 0.765159 0.269006
vt 0.759512 0.278470
vt 0.296424 0.722766
vt 0.297689 0.712366
vt 0.767928 0.269101
vt 0.766304 0.269498
vt 0.760464 0.278960
vt 0.754172 0.288008
vt 0.296574 0.712144
vt 0.297881 0.702004
vt 0.763163 0.279360
vt 0.761573 0.279531
vt 0.755087 0.288563
vt 0.748179 0.297149
vt 0.296767 0.701728
vt 0.298114 0.691899
vt 0.757687 0.289258
vt 0.756153 0.289210
vt 0.749053 0.297767
vt 0.741562 0.305851
vt 0.297001 0.691569
vt 0.298387 0.682097
vt 0.751526 0.298745
vt 0.750071 0.298487
vt 0.742392 0.306528
vt 0.734355 0.314070
vt 0.297276 0.681716
vt 0.298700 0.672649
vt 0.744711 0.307774
vt 0.743357 0.307317
vt 0.735135 0.314803
vt 0.726593 0.321766
vt 0.297590 0.672217
vt 0.299050 0.663598
vt 0.737276 0.316299
vt 0.736043 0.315658
vt 0.727319 0.322552
vt 0.718312 0.328902
vt 0.297942 0.663119
vt 0.729259 0.324279
vt 0.728166 0.323468
vt 0.718982 0.329737
vt 0.720698 0.331674
vt 0.719762 0.330709
vt 0.503339 0.456582
vt 0.503817 0.446760
vt 0.470318 0.251909
vt 0.472831 0.262640
vt 0.502668 0.447198
vt 0.503063 0.437735
vt 0.473832 0.262260
vt 0.477088 0.272789
vt 0.501917 0.438220
vt 0.502231 0.429162
vt 0.478060 0.272341
vt 0.482042 0.282617
vt 0.501090 0.429692
vt 0.501327 0.421083
vt 0.482980 0.282102
vt 0.487669 0.292075
vt 0.500191 0.421656
vt 0.500354 0.413537
vt 0.488570 0.291496
vt 0.493943 0.301118
vt 0.710587 0.637655
vt 0.711038 0.629761
vt 0.499223 0.414150
vt 0.712142 0.630306
vt 0.712563 0.621865
vt 0.494801 0.300477
vt 0.500832 0.309701
vt 0.711457 0.621364
vt 0.712950 0.612960
vt 0.501644 0.309002
vt 0.508304 0.317783
vt 0.711842 0.612505
vt 0.713300 0.603634
vt 0.509064 0.317029
vt 0.516320 0.325323
vt 0.712191 0.603228
vt 0.713613 0.593933
vt 0.517026 0.324518
vt 0.524844 0.332287
vt 0.712501 0.593578
vt 0.713886 0.583905
vt 0.525492 0.331434
vt 0.533832 0.338638
vt 0.712773 0.583602
vt 0.714117 0.573597
vt 0.534419 0.337743
vt 0.543241 0.344347
vt 0.713003 0.573349
vt 0.714307 0.563061
vt 0.543764 0.343413
vt 0.553026 0.349386
vt 0.713192 0.562868
vt 0.714454 0.552347
vt 0.553482 0.348418
vt 0.563138 0.353730
vt 0.713338 0.552210
vt 0.714557 0.541508
vt 0.563526 0.352732
vt 0.573529 0.357358
vt 0.713441 0.541428
vt 0.714616 0.530597
vt 0.573846 0.356336
vt 0.584147 0.360253
vt 0.713499 0.530574
vt 0.714631 0.519666
vt 0.584393 0.359211
vt 0.594942 0.362399
vt 0.713514 0.519701
vt 0.714600 0.508769
vt 0.595114 0.361343
vt 0.605860 0.363788
vt 0.713484 0.508861
vt 0.714526 0.497960
vt 0.605958 0.362722
vt 0.616848 0.364411
vt 0.713409 0.498108
vt 0.714407 0.487290
vt 0.616871 0.363341
vt 0.627853 0.364267
vt 0.713292 0.487494
vt 0.714245 0.476812
vt 0.627802 0.363197
vt 0.638821 0.363355
vt 0.713130 0.477071
vt 0.714040 0.466577
vt 0.638695 0.362292
vt 0.649699 0.361680
vt 0.712927 0.466890
vt 0.713794 0.456634
vt 0.649499 0.360628
vt 0.660433 0.359251
vt 0.712681 0.456999
vt 0.713507 0.447032
vt 0.660161 0.358215
vt 0.670972 0.356079
vt 0.712396 0.447448
vt 0.713181 0.437819
vt 0.670628 0.355065
vt 0.681264 0.352179
vt 0.712072 0.438283
vt 0.712818 0.429038
vt 0.680850 0.351191
vt 0.691259 0.347571
vt 0.711710 0.429548
vt 0.712418 0.420732
vt 0.690777 0.346614
vt 0.711313 0.421286
vt 0.690407 0.345881
vt 0.710882 0.413537
vt 0.699940 0.340650
vt 0.748495 0.369018
vt 0.738160 0.376675
vt 0.727369 0.383675
vt 0.716164 0.389990
vt 0.704587 0.395597
vt 0.692685 0.400473
vt 0.680502 0.404599
vt 0.668087 0.407961
vt 0.655486 0.410544
vt 0.642750 0.412338
vt 0.629926 0.413337
vt 0.617065 0.413537
vt 0.604216 0.412937
vt 0.591430 0.411540
vt 0.578755 0.409350
vt 0.566241 0.406377
vt 0.553936 0.402631
vt 0.541888 0.398127
vt 0.530143 0.392884
vt 0.518746 0.386920
vt 0.507743 0.380259
vt 0.497175 0.372927
vt 0.487083 0.364952
vt 0.477506 0.356365
vt 0.468482 0.347199
vt 0.460045 0.337490
vt 0.452228 0.327276
vt 0.445062 0.316595
vt 0.438573 0.305489
vt 0.432787 0.294002
vt 0.427726 0.282176
vt 0.423411 0.270059
vt 0.419857 0.257698
vt 0.417078 0.245139
vt 0.415086 0.232432
vt 0.413887 0.219625
vt 0.413487 0.206769
vt 0.413887 0.193912
vt 0.415086 0.181106
vt 0.417078 0.168399
vt 0.419857 0.155840
vt 0.423411 0.143478
vt 0.427726 0.131361
vt 0.432787 0.119536
vt 0.438573 0.108048
vt 0.445062 0.096942
vt 0.452228 0.086262
vt 0.460045 0.076047
vt 0.468482 0.066338
vt 0.477506 0.057172
vt 0.487083 0.048586
vt 0.497175 0.040611
vt 0.507743 0.033279
vt 0.518746 0.026618
vt 0.530143 0.020654
vt 0.541888 0.015410
vt 0.553936 0.010907
vt 0.566241 0.007161
vt 0.578755 0.004187
vt 0.591430 0.001997
vt 0.604216 0.000600
vt 0.617065 0.000000
vt 0.629926 0.000200
vt 0.642749 0.001199
vt 0.655486 0.002994
vt 0.668087 0.005577
vt 0.680502 0.008938
vt 0.692685 0.013064
vt 0.704587 0.017941
vt 0.716163 0.023547
vt 0.727369 0.029862
vt 0.738160 0.036862
vt 0.748495 0.044519
vt 0.758334 0.052804
vt 0.767639 0.061685
vt 0.776373 0.071127
vt 0.784504 0.081093
vt 0.792000 0.091546
vt 0.798831 0.102445
vt 0.804971 0.113747
vt 0.810397 0.125409
vt 0.815088 0.137386
vt 0.819024 0.149631
vt 0.822192 0.162097
vt 0.824579 0.174737
vt 0.826175 0.187500
vt 0.826975 0.200337
vt 0.826975 0.213200
vt 0.826175 0.226037
vt 0.824579 0.238800
vt 0.822192 0.251440
vt 0.819024 0.263906
vt 0.815088 0.276151
vt 0.810397 0.288128
vt 0.804971 0.299790
vt 0.798831 0.311092
vt 0.792000 0.321991
vt 0.784504 0.332444
vt 0.776374 0.342410
vt 0.767639 0.351852
vt 0.758334 0.360733
vt 0.937614 0.422653
vt 0.983574 0.432273
vt 0.937124 0.432294
vt 0.983120 0.442425
vt 0.936670 0.442447
vt 0.982704 0.453049
vt 0.936254 0.453070
vt 0.982327 0.464103
vt 0.935877 0.464125
vt 0.981991 0.475545
vt 0.935541 0.475566
vt 0.981697 0.487329
vt 0.935247 0.487351
vt 0.981447 0.499412
vt 0.934996 0.499433
vt 0.981240 0.511745
vt 0.934790 0.511766
vt 0.981079 0.524281
vt 0.934629 0.524303
vt 0.980963 0.536972
vt 0.934513 0.536994
vt 0.980893 0.549769
vt 0.934443 0.549790
vt 0.980870 0.562622
vt 0.934420 0.562643
vt 0.980893 0.575481
vt 0.934443 0.575502
vt 0.980963 0.588296
vt 0.934513 0.588318
vt 0.981079 0.601019
vt 0.934629 0.601040
vt 0.981240 0.613599
vt 0.934790 0.613621
vt 0.981447 0.625989
vt 0.934996 0.626010
vt 0.981697 0.638140
vt 0.935247 0.638161
vt 0.981991 0.650005
vt 0.935541 0.650026
vt 0.982327 0.661538
vt 0.935877 0.661559
vt 0.982704 0.672695
vt 0.936254 0.672716
vt 0.983120 0.683432
vt 0.936670 0.683453
vt 0.983574 0.693708
vt 0.937124 0.693730
vt 0.984064 0.703484
vt 0.937614 0.703505
vt 0.984588 0.712721
vt 0.938138 0.712742
vt 0.163744 0.709835
vt 0.210196 0.709825
vt 0.209698 0.719233
vt 0.163245 0.719243
vt 0.209234 0.729169
vt 0.162782 0.729179
vt 0.208807 0.739593
vt 0.162354 0.739603
vt 0.208417 0.750466
vt 0.161964 0.750476
vt 0.208067 0.761745
vt 0.161614 0.761755
vt 0.207757 0.773386
vt 0.161305 0.773396
vt 0.207490 0.785345
vt 0.161037 0.785355
vt 0.207265 0.797575
vt 0.160812 0.797585
vt 0.207084 0.810030
vt 0.160632 0.810040
vt 0.206948 0.822660
vt 0.160496 0.822670
vt 0.206857 0.835416
vt 0.160404 0.835427
vt 0.206812 0.848251
vt 0.160359 0.848261
vt 0.206812 0.861113
vt 0.160359 0.861124
vt 0.206857 0.873954
vt 0.160405 0.873964
vt 0.206948 0.886723
vt 0.160496 0.886733
vt 0.207085 0.899371
vt 0.160632 0.899381
vt 0.207265 0.911849
vt 0.160812 0.911860
vt 0.207490 0.924110
vt 0.161037 0.924120
vt 0.207757 0.936104
vt 0.161305 0.936114
vt 0.208067 0.947787
vt 0.161614 0.947797
vt 0.208417 0.959112
vt 0.161964 0.959122
vt 0.208807 0.970037
vt 0.162354 0.970047
vt 0.209234 0.980518
vt 0.162782 0.980528
vt 0.209698 0.990515
vt 0.163245 0.990525
vt 0.210196 0.999990
vt 0.163744 1.000000
vt 0.888252 0.413581
vt 0.934420 0.413537
vt 0.933335 0.422913
vt 0.887167 0.422957
vt 0.932325 0.432819
vt 0.886157 0.432862
vt 0.931394 0.443215
vt 0.885226 0.443259
vt 0.930546 0.454062
vt 0.884378 0.454106
vt 0.929783 0.465318
vt 0.883615 0.465362
vt 0.929109 0.476939
vt 0.882941 0.476983
vt 0.928527 0.488881
vt 0.882358 0.488924
vt 0.928038 0.501096
vt 0.881869 0.501140
vt 0.927644 0.513538
vt 0.881476 0.513582
vt 0.927348 0.526159
vt 0.881179 0.526203
vt 0.927149 0.538910
vt 0.880981 0.538954
vt 0.927050 0.551741
vt 0.880882 0.551785
vt 0.927050 0.564603
vt 0.880882 0.564647
vt 0.927149 0.577447
vt 0.880981 0.577490
vt 0.927348 0.590221
vt 0.881179 0.590265
vt 0.927644 0.602878
vt 0.881476 0.602922
vt 0.928038 0.615368
vt 0.881869 0.615411
vt 0.928527 0.627642
vt 0.882358 0.627686
vt 0.929109 0.639654
vt 0.882941 0.639697
vt 0.929783 0.651356
vt 0.883615 0.651400
vt 0.930546 0.662704
vt 0.884378 0.662748
vt 0.931394 0.673653
vt 0.885226 0.673697
vt 0.932325 0.684162
vt 0.886157 0.684206
vt 0.933335 0.694189
vt 0.887167 0.694233
vt 0.934420 0.703696
vt 0.888252 0.703740
vt 0.884346 0.703793
vt 0.930795 0.703740
vt 0.930285 0.713009
vt 0.883836 0.713063
vt 0.929811 0.722815
vt 0.883361 0.722869
vt 0.929373 0.733120
vt 0.882924 0.733173
vt 0.928974 0.743883
vt 0.882525 0.743936
vt 0.928616 0.755063
vt 0.882166 0.755116
vt 0.928299 0.766617
vt 0.881850 0.766670
vt 0.928025 0.778500
vt 0.881576 0.778553
vt 0.927795 0.790666
vt 0.881346 0.790719
vt 0.927610 0.803068
vt 0.881161 0.803121
vt 0.927471 0.815658
vt 0.881022 0.815711
vt 0.927378 0.828388
vt 0.880928 0.828441
vt 0.927331 0.841207
vt 0.880882 0.841260
vt 0.927331 0.854067
vt 0.880882 0.854120
vt 0.927378 0.866918
vt 0.880928 0.866971
vt 0.927471 0.879710
vt 0.881022 0.879763
vt 0.927610 0.892393
vt 0.881161 0.892446
vt 0.927795 0.904919
vt 0.881346 0.904972
vt 0.928025 0.917239
vt 0.881576 0.917292
vt 0.928299 0.929305
vt 0.881850 0.929358
vt 0.928616 0.941071
vt 0.882166 0.941124
vt 0.928974 0.952491
vt 0.882525 0.952544
vt 0.929373 0.963521
vt 0.882924 0.963574
vt 0.929811 0.974118
vt 0.883361 0.974171
vt 0.930285 0.984241
vt 0.883836 0.984294
vt 0.930795 0.993852
vt 0.884346 0.993905
vt 0.938138 0.413559
vt 0.984588 0.413537
vt 0.984064 0.422631
vt 0.078480 0.044520
vt 0.088814 0.036862
vt 0.099606 0.029863
vt 0.068641 0.052804
vt 0.059336 0.061685
vt 0.050601 0.071127
vt 0.042470 0.081093
vt 0.034975 0.091546
vt 0.028143 0.102445
vt 0.022003 0.113747
vt 0.016577 0.125409
vt 0.011887 0.137386
vt 0.007950 0.149631
vt 0.004782 0.162098
vt 0.002396 0.174737
vt 0.000800 0.187500
vt 0.000000 0.200337
vt 0.000000 0.213200
vt 0.000800 0.226038
vt 0.002396 0.238801
vt 0.004783 0.251440
vt 0.007950 0.263906
vt 0.011887 0.276151
vt 0.016577 0.288128
vt 0.022003 0.299790
vt 0.028144 0.311093
vt 0.034975 0.321991
vt 0.042470 0.332444
vt 0.050601 0.342411
vt 0.059336 0.351852
vt 0.068641 0.360733
vt 0.078480 0.369018
vt 0.088815 0.376675
vt 0.099606 0.383675
vt 0.110811 0.389990
vt 0.122387 0.395597
vt 0.134290 0.400473
vt 0.146472 0.404599
vt 0.158888 0.407961
vt 0.171488 0.410544
vt 0.184225 0.412338
vt 0.197049 0.413337
vt 0.209910 0.413537
vt 0.222758 0.412937
vt 0.235545 0.411540
vt 0.248219 0.409350
vt 0.260733 0.406377
vt 0.273038 0.402631
vt 0.285087 0.398127
vt 0.296832 0.392883
vt 0.308228 0.386919
vt 0.319232 0.380259
vt 0.329800 0.372927
vt 0.339892 0.364952
vt 0.349468 0.356365
vt 0.358492 0.347199
vt 0.366929 0.337490
vt 0.374746 0.327276
vt 0.381913 0.316595
vt 0.388402 0.305489
vt 0.394188 0.294001
vt 0.399248 0.282176
vt 0.403564 0.270059
vt 0.407118 0.257697
vt 0.409896 0.245139
vt 0.411889 0.232431
vt 0.413087 0.219625
vt 0.413487 0.206769
vt 0.413087 0.193912
vt 0.411889 0.181106
vt 0.409896 0.168398
vt 0.407118 0.155840
vt 0.403564 0.143478
vt 0.399248 0.131361
vt 0.394188 0.119536
vt 0.388402 0.108048
vt 0.381913 0.096942
vt 0.374746 0.086261
vt 0.366929 0.076047
vt 0.358492 0.066338
vt 0.349468 0.057172
vt 0.339891 0.048585
vt 0.329800 0.040611
vt 0.319232 0.033278
vt 0.308228 0.026618
vt 0.296832 0.020654
vt 0.285087 0.015410
vt 0.273038 0.010906
vt 0.260733 0.007161
vt 0.248219 0.004187
vt 0.235544 0.001997
vt 0.222758 0.000600
vt 0.209910 -0.000000
vt 0.197049 0.000200
vt 0.184225 0.001199
vt 0.171488 0.002994
vt 0.158888 0.005577
vt 0.146472 0.008938
vt 0.134290 0.013065
vt 0.122387 0.017941
vt 0.110811 0.023547
s 0
usemtl Material.003
f 1/1/1 2/2/1 3/3/1
f 3/3/1 2/2/1 4/4/1
f 3/3/1 4/4/1 5/5/1
f 5/5/1 4/4/1 6/6/1
f 5/5/1 6/6/1 7/7/1
f 7/7/1 6/6/1 8/8/1
f 7/7/1 8/8/1 9/9/1
f 9/9/1 8/8/1 10/10/1
f 9/9/1 10/10/1 11/11/1
f 11/11/1 10/10/1 12/12/1
f 11/11/1 12/12/1 13/13/1
f 11/11/1 13/13/1 14/14/1
f 14/14/1 13/13/1 15/15/1
f 14/14/1 15/15/1 16/16/1
f 16/16/1 15/15/1 17/17/1
f 16/16/1 17/17/1 18/18/1
f 18/18/1 17/17/1 19/19/1
f 18/18/1 19/19/1 20/20/1
f 20/20/1 19/19/1 21/21/1
f 20/20/1 21/21/1 22/22/1
f 20/20/1 22/22/1 23/23/1
f 23/23/1 22/22/1 24/24/1
f 23/23/1 24/24/1 25/25/1
f 25/25/1 24/24/1 26/26/1
f 25/25/1 26/26/1 27/27/1
f 27/27/1 26/26/1 28/28/1
f 27/27/1 28/28/1 29/29/1
f 27/27/1 29/29/1 30/30/1
f 30/30/1 29/29/1 31/31/1
f 30/30/1 31/31/1 32/32/1
f 32/32/1 31/31/1 33/33/1
f 32/32/1 33/33/1 34/34/1
f 34/34/1 33/33/1 35/35/1
f 34/34/1 35/35/1 36/36/1
f 36/36/1 35/35/1 37/37/1
f 36/36/1 37/37/1 38/38/1
f 36/36/1 38/38/1 39/39/1
f 39/39/1 38/38/1 40/40/1
f 39/39/1 40/40/1 41/41/1
f 41/41/1 40/40/1 42/42/1
f 41/41/1 42/42/1 43/43/1
f 43/43/1 42/42/1 44/44/1
f 43/43/1 44/44/1 45/45/1
f 45/45/1 44/44/1 46/46/1
f 45/45/1 46/46/1 47/47/1
f 45/45/1 47/47/1 48/48/1
f 48/48/1 47/47/1 49/49/1
f 48/48/1 49/49/1 50/50/1
f 50/50/1 49/49/1 51/51/1
f 50/50/1 51/51/1 52/52/1
f 52/52/1 51/51/1 53/53/1
f 52/52/1 53/53/1 54/54/1
f 54/54/1 53/53/1 55/55/1
f 54/54/1 55/55/1 56/56/1
f 54/54/1 56/56/1 57/57/1
f 57/57/1 56/56/1 58/58/1
f 57/57/1 58/58/1 59/59/1
f 59/59/1 58/58/1 60/60/1
f 59/59/1 60/60/1 61/61/1
f 61/61/1 60/60/1 62/62/1
f 61/61/1 62/62/1 63/63/1
f 61/61/1 63/63/1 64/64/1
f 64/64/1 63/63/1 65/65/1
f 64/64/1 65/65/1 66/66/1
f 66/66/1 65/65/1 67/67/1
f 66/66/1 67/67/1 68/68/1
f 68/68/1 67/67/1 69/69/1
f 68/68/1 69/69/1 70/70/1
f 70/70/1 69/69/1 71/71/1
f 70/70/1 71/71/1 72/72/1
f 70/70/1 72/72/1 73/73/1
f 73/73/1 72/72/1 74/74/1
f 73/73/1 74/74/1 75/75/1
f 75/75/1 74/74/1 76/76/1
f 75/75/1 76/76/1 77/77/1
f 77/77/1 76/76/1 78/78/1
f 77/77/1 78/78/1 79/79/1
f 79/79/1 78/78/1 80/80/1
f 79/79/1 80/80/1 81/81/1
f 79/79/1 81/81/1 82/82/1
f 82/82/1 81/81/1 83/83/1
f 82/82/1 83/83/1 84/84/1
f 84/84/1 83/83/1 85/85/1
f 84/84/1 85/85/1 86/86/1
f 86/86/1 85/85/1 87/87/1
f 86/86/1 87/87/1 88/88/1
f 88/88/1 87/87/1 89/89/1
f 88/88/1 89/89/1 90/90/1
f 88/88/1 90/90/1 91/91/1
f 91/91/1 90/90/1 92/92/1
f 91/91/1 92/92/1 93/93/1
f 93/93/1 92/92/1 94/94/1
f 93/93/1 94/94/1 95/95/1
f 95/95/1 94/94/1 96/96/1
f 95/95/1 96/96/1 97/97/1
f 95/95/1 97/97/1 98/98/1
f 98/98/1 97/97/1 99/99/1
f 98/98/1 99/99/1 100/100/1
f 100/100/1 99/99/1 101/101/1
f 100/100/1 101/101/1 102/102/1
f 102/102/1 101/101/1 103/103/1
f 102/102/1 103/103/1 104/104/1
f 104/104/1 103/103/1 105/105/1
f 104/104/1 105/105/1 106/106/1
f 104/104/1 106/106/1 107/107/1
f 107/107/1 106/106/1 108/108/1
f 107/107/1 108/108/1 109/109/1
f 109/109/1 108/108/1 110/110/1
f 109/109/1 110/110/1 111/111/1
f 111/111/1 110/110/1 112/112/1
f 111/111/1 112/112/1 113/113/1
f 113/113/1 112/112/1 114/114/1
f 113/113/1 114/114/1 115/115/1
f 113/113/1 115/115/1 116/116/1
f 116/116/1 115/115/1 117/117/1
f 116/116/1 117/117/1 118/118/1
f 118/118/1 117/117/1 119/119/1
f 118/118/1 119/119/1 120/120/1
f 120/120/1 119/119/1 121/121/1
f 120/120/1 121/121/1 122/122/1
f 122/122/1 121/121/1 123/123/1
f 122/122/1 123/123/1 124/124/1
f 122/122/1 124/124/1 125/125/1
f 125/125/1 124/124/1 126/126/1
f 125/125/1 126/126/1 127/127/1
f 127/127/1 126/126/1 128/128/1
f 127/127/1 128/128/1 129/129/1
f 129/129/1 128/128/1 130/130/1
f 129/129/1 130/130/1 131/131/1
f 129/129/1 131/131/1 132/132/1
f 132/132/1 131/131/1 133/133/1
f 132/132/1 133/133/1 134/134/1
f 134/134/1 133/133/1 135/135/1
f 134/134/1 135/135/1 136/136/1
f 136/136/1 135/135/1 137/137/1
f 136/136/1 137/137/1 138/138/1
f 138/138/1 137/137/1 139/139/1
f 138/138/1 139/139/1 140/140/1
f 138/138/1 140/140/1 141/141/1
f 141/141/1 140/140/1 142/142/1
f 141/141/1 142/142/1 143/143/1
f 143/143/1 142/142/1 144/144/1
f 143/143/1 144/144/1 145/145/1
f 145/145/1 144/144/1 146/146/1
f 145/145/1 146/146/1 147/147/1
f 147/147/1 146/146/1 148/148/1
f 147/147/1 148/148/1 149/149/1
f 147/147/1 149/149/1 150/150/1
f 150/150/1 149/149/1 151/151/1
f 150/150/1 151/151/1 152/152/1
f 152/152/1 151/151/1 153/153/1
f 152/152/1 153/153/1 154/154/1
f 154/154/1 153/153/1 155/155/1
f 154/154/1 155/155/1 156/156/1
f 156/156/1 155/155/1 157/157/1
f 156/156/1 157/157/1 158/158/1
f 156/156/1 158/158/1 159/159/1
f 159/159/1 158/158/1 160/160/1
f 159/159/1 160/160/1 161/161/1
f 161/161/1 160/160/1 162/162/1
f 161/161/1 162/162/1 163/163/1
f 163/163/1 162/162/1 164/164/1
f 163/163/1 164/164/1 165/165/1
f 163/163/1 165/165/1 166/166/1
f 166/166/1 165/165/1 167/167/1
f 166/166/1 167/167/1 168/168/1
f 168/168/1 167/167/1 169/169/1
f 168/168/1 169/169/1 170/170/1
f 170/170/1 169/169/1 171/171/1
f 170/170/1 171/171/1 172/172/1
f 172/172/1 171/171/1 173/173/1
f 172/172/1 173/173/1 174/174/1
f 172/172/1 174/174/1 175/175/1
f 175/175/1 174/174/1 176/176/1
f 175/175/1 176/176/1 177/177/1
f 177/177/1 176/176/1 178/178/1
f 177/177/1 178/178/1 179/179/1
f 179/179/1 178/178/1 1/1/1
f 179/179/1 1/1/1 3/3/1
f 180/180/2 181/181/2 182/182/2
f 182/182/3 181/181/3 183/183/3
f 182/182/4 183/183/4 184/184/4
f 184/184/5 183/183/5 185/185/5
f 184/184/5 185/185/5 186/186/5
f 186/187/6 185/188/6 187/189/6
f 186/187/6 187/189/6 188/190/6
f 188/190/7 187/189/7 189/191/7
f 188/190/7 189/191/7 190/192/7
f 190/192/8 189/191/8 191/193/8
f 190/192/8 191/193/8 192/194/8
f 192/194/9 191/193/9 193/195/9
f 192/194/9 193/195/9 194/196/9
f 194/196/10 193/195/10 3/3/10
f 194/196/11 3/3/11 5/5/11
f 181/197/12 180/198/12 195/199/12
f 195/199/13 180/198/13 196/200/13
f 195/199/14 196/200/14 197/201/14
f 197/201/15 196/200/15 198/202/15
f 197/201/16 198/202/16 199/203/16
f 199/203/17 198/202/17 200/204/17
f 199/203/18 200/204/18 201/205/18
f 201/205/19 200/204/19 202/206/19
f 201/205/20 202/206/20 203/207/20
f 203/207/21 202/206/21 204/208/21
f 203/207/22 204/208/22 205/209/22
f 205/209/23 204/208/23 206/210/23
f 205/209/24 206/210/24 207/211/24
f 207/211/25 206/210/25 208/212/25
f 207/211/26 208/212/26 209/213/26
f 209/213/27 208/212/27 210/214/27
f 209/213/28 210/214/28 211/215/28
f 211/215/29 210/214/29 212/216/29
f 211/217/30 212/218/30 213/219/30
f 213/219/31 212/218/31 214/220/31
f 213/219/32 214/220/32 215/221/32
f 215/221/33 214/220/33 216/222/33
f 215/221/34 216/222/34 217/223/34
f 217/223/35 216/222/35 218/224/35
f 217/223/36 218/224/36 152/152/36
f 152/152/37 218/224/37 150/150/37
f 150/150/38 218/224/38 219/225/38
f 150/150/39 219/225/39 147/147/39
f 147/147/40 219/225/40 220/226/40
f 147/147/41 220/226/41 145/145/41
f 145/145/42 220/226/42 221/227/42
f 145/145/43 221/227/43 222/228/43
f 222/228/44 221/227/44 223/229/44
f 222/228/44 223/229/44 224/230/44
f 224/230/45 223/229/45 225/231/45
f 224/230/45 225/231/45 226/232/45
f 226/232/46 225/231/46 227/233/46
f 226/232/46 227/233/46 228/234/46
f 228/235/47 227/236/47 229/237/47
f 228/235/47 229/237/47 230/238/47
f 230/238/48 229/237/48 231/239/48
f 230/238/48 231/239/48 232/240/48
f 232/240/49 231/239/49 233/241/49
f 232/240/50 233/241/50 234/242/50
f 206/210/51 235/243/51 208/212/51
f 208/212/52 235/243/52 236/244/52
f 208/212/27 236/244/27 210/214/27
f 210/214/53 236/244/53 237/245/53
f 210/214/29 237/245/29 212/216/29
f 212/216/54 237/245/54 238/246/54
f 212/218/31 238/247/31 214/220/31
f 214/220/55 238/247/55 239/248/55
f 214/220/33 239/248/33 216/222/33
f 216/222/56 239/248/56 240/249/56
f 216/222/35 240/249/35 218/224/35
f 218/224/57 240/249/57 219/225/57
f 235/243/58 241/250/58 236/244/58
f 236/244/59 241/250/59 242/251/59
f 236/244/53 242/251/53 237/245/53
f 237/245/60 242/251/60 243/252/60
f 237/245/54 243/252/54 238/246/54
f 238/246/61 243/252/61 244/253/61
f 238/247/55 244/254/55 239/248/55
f 239/248/62 244/254/62 245/255/62
f 239/248/56 245/255/56 240/249/56
f 240/249/63 245/255/63 246/256/63
f 240/249/57 246/256/57 219/225/57
f 219/225/64 246/256/64 220/226/64
f 241/250/65 247/257/65 242/251/65
f 242/251/66 247/257/66 248/258/66
f 242/251/60 248/258/60 243/252/60
f 243/252/67 248/258/67 249/259/67
f 243/252/61 249/259/61 244/253/61
f 244/253/68 249/259/68 250/260/68
f 244/254/62 250/261/62 245/255/62
f 245/255/69 250/261/69 251/262/69
f 245/255/63 251/262/63 246/256/63
f 246/256/70 251/262/70 252/263/70
f 246/256/64 252/263/64 220/226/64
f 220/226/71 252/263/71 221/227/71
f 247/257/72 253/264/72 248/258/72
f 248/258/73 253/264/73 254/265/73
f 248/258/67 254/265/67 249/259/67
f 249/259/74 254/265/74 255/266/74
f 249/259/68 255/266/68 250/260/68
f 250/260/75 255/266/75 256/267/75
f 250/261/69 256/268/69 251/262/69
f 251/262/76 256/268/76 257/269/76
f 251/262/70 257/269/70 252/263/70
f 252/263/77 257/269/77 223/229/77
f 252/263/71 223/229/71 221/227/71
f 253/264/78 258/270/78 254/265/78
f 254/265/79 258/270/79 259/271/79
f 254/265/74 259/271/74 255/266/74
f 255/266/80 259/271/80 260/272/80
f 255/266/75 260/272/75 256/267/75
f 256/267/81 260/272/81 261/273/81
f 256/268/82 261/274/82 257/269/82
f 257/269/83 261/274/83 225/231/83
f 257/269/77 225/231/77 223/229/77
f 258/270/84 262/275/84 259/271/84
f 259/271/85 262/275/85 263/276/85
f 259/271/80 263/276/80 260/272/80
f 260/272/86 263/276/86 264/277/86
f 260/272/81 264/277/81 261/273/81
f 261/273/87 264/277/87 227/236/87
f 261/274/83 227/233/83 225/231/83
f 262/275/88 265/278/88 263/276/88
f 263/276/89 265/278/89 266/279/89
f 263/276/86 266/279/86 264/277/86
f 264/277/90 266/279/90 229/237/90
f 264/277/87 229/237/87 227/236/87
f 265/278/91 233/241/91 266/279/91
f 266/279/92 233/241/92 231/239/92
f 266/279/90 231/239/90 229/237/90
f 232/240/93 234/242/93 267/280/93
f 267/280/94 234/242/94 268/281/94
f 267/280/95 268/281/95 269/282/95
f 269/282/96 268/281/96 270/283/96
f 269/282/97 270/283/97 271/284/97
f 271/284/98 270/283/98 272/285/98
f 271/284/99 272/285/99 273/286/99
f 273/286/100 272/285/100 274/287/100
f 273/288/101 274/289/101 275/290/101
f 275/290/102 274/289/102 276/291/102
f 275/290/103 276/291/103 277/292/103
f 277/292/104 276/291/104 278/293/104
f 277/292/105 278/293/105 279/294/105
f 279/294/106 278/293/106 280/295/106
f 279/294/107 280/295/107 281/296/107
f 281/296/108 280/295/108 282/297/108
f 281/296/109 282/297/109 283/298/109
f 283/298/110 282/297/110 284/299/110
f 283/300/111 284/301/111 285/302/111
f 285/302/112 284/301/112 286/303/112
f 285/302/113 286/303/113 287/304/113
f 287/304/114 286/303/114 288/305/114
f 287/304/115 288/305/115 289/306/115
f 289/306/116 288/305/116 290/307/116
f 289/306/117 290/307/117 116/116/117
f 116/116/118 290/307/118 113/113/118
f 113/113/119 290/307/119 291/308/119
f 113/113/120 291/308/120 111/111/120
f 111/111/121 291/308/121 292/309/121
f 111/111/122 292/309/122 109/109/122
f 109/109/123 292/309/123 293/310/123
f 109/109/124 293/310/124 294/311/124
f 294/311/125 293/310/125 295/312/125
f 294/311/125 295/312/125 296/313/125
f 296/313/126 295/312/126 297/314/126
f 296/313/126 297/314/126 298/315/126
f 298/315/127 297/314/127 299/316/127
f 298/315/127 299/316/127 300/317/127
f 300/318/128 299/319/128 301/320/128
f 300/318/128 301/320/128 302/321/128
f 302/321/129 301/320/129 303/322/129
f 302/321/129 303/322/129 304/323/129
f 304/323/130 303/322/130 305/324/130
f 304/323/131 305/324/131 306/325/131
f 278/293/132 307/326/132 280/295/132
f 280/295/133 307/326/133 308/327/133
f 280/295/108 308/327/108 282/297/108
f 282/297/134 308/327/134 309/328/134
f 282/297/110 309/328/110 284/299/110
f 284/299/135 309/328/135 310/329/135
f 284/301/112 310/330/112 286/303/112
f 286/303/136 310/330/136 311/331/136
f 286/303/137 311/331/137 288/305/137
f 288/305/138 311/331/138 312/332/138
f 288/305/116 312/332/116 290/307/116
f 290/307/139 312/332/139 291/308/139
f 307/326/140 313/333/140 308/327/140
f 308/327/141 313/333/141 314/334/141
f 308/327/134 314/334/134 309/328/134
f 309/328/142 314/334/142 315/335/142
f 309/328/135 315/335/135 310/329/135
f 310/329/143 315/335/143 316/336/143
f 310/330/136 316/337/136 311/331/136
f 311/331/144 316/337/144 317/338/144
f 311/331/138 317/338/138 312/332/138
f 312/332/145 317/338/145 318/339/145
f 312/332/139 318/339/139 291/308/139
f 291/308/146 318/339/146 292/309/146
f 313/333/147 319/340/147 314/334/147
f 314/334/148 319/340/148 320/341/148
f 314/334/142 320/341/142 315/335/142
f 315/335/149 320/341/149 321/342/149
f 315/335/143 321/342/143 316/336/143
f 316/336/150 321/342/150 322/343/150
f 316/337/144 322/344/144 317/338/144
f 317/338/151 322/344/151 323/345/151
f 317/338/145 323/345/145 318/339/145
f 318/339/152 323/345/152 324/346/152
f 318/339/146 324/346/146 292/309/146
f 292/309/153 324/346/153 293/310/153
f 319/340/154 325/347/154 320/341/154
f 320/341/155 325/347/155 326/348/155
f 320/341/149 326/348/149 321/342/149
f 321/342/156 326/348/156 327/349/156
f 321/342/150 327/349/150 322/343/150
f 322/343/157 327/349/157 328/350/157
f 322/344/151 328/351/151 323/345/151
f 323/345/158 328/351/158 329/352/158
f 323/345/152 329/352/152 324/346/152
f 324/346/159 329/352/159 295/312/159
f 324/346/153 295/312/153 293/310/153
f 325/347/160 330/353/160 326/348/160
f 326/348/161 330/353/161 331/354/161
f 326/348/156 331/354/156 327/349/156
f 327/349/162 331/354/162 332/355/162
f 327/349/157 332/355/157 328/350/157
f 328/350/163 332/355/163 333/356/163
f 328/351/158 333/357/158 329/352/158
f 329/352/164 333/357/164 297/314/164
f 329/352/159 297/314/159 295/312/159
f 330/353/165 334/358/165 331/354/165
f 331/354/166 334/358/166 335/359/166
f 331/354/162 335/359/162 332/355/162
f 332/355/167 335/359/167 336/360/167
f 332/355/163 336/360/163 333/356/163
f 333/356/168 336/360/168 299/319/168
f 333/357/164 299/316/164 297/314/164
f 334/358/169 337/361/169 335/359/169
f 335/359/170 337/361/170 338/362/170
f 335/359/167 338/362/167 336/360/167
f 336/360/171 338/362/171 301/320/171
f 336/360/168 301/320/168 299/319/168
f 337/361/172 305/324/172 338/362/172
f 338/362/173 305/324/173 303/322/173
f 338/362/171 303/322/171 301/320/171
f 304/323/174 306/325/174 339/363/174
f 339/363/175 306/325/175 340/364/175
f 339/363/176 340/364/176 341/365/176
f 341/365/177 340/364/177 342/366/177
f 341/365/178 342/366/178 343/367/178
f 343/367/179 342/366/179 344/368/179
f 343/367/180 344/368/180 345/369/180
f 345/369/181 344/368/181 346/370/181
f 345/369/182 346/370/182 347/371/182
f 347/371/183 346/370/183 348/372/183
f 347/371/184 348/372/184 349/373/184
f 349/373/185 348/372/185 350/374/185
f 349/373/186 350/374/186 351/375/186
f 351/375/187 350/374/187 352/376/187
f 351/375/188 352/376/188 353/377/188
f 353/378/189 352/379/189 354/380/189
f 353/381/190 354/382/190 355/383/190
f 355/383/191 354/382/191 356/384/191
f 355/383/192 356/384/192 357/385/192
f 357/385/193 356/384/193 358/386/193
f 357/385/194 358/386/194 359/387/194
f 359/387/195 358/386/195 360/388/195
f 359/387/196 360/388/196 361/389/196
f 361/389/197 360/388/197 362/390/197
f 361/389/198 362/390/198 79/79/198
f 79/79/199 362/390/199 77/77/199
f 77/77/200 362/390/200 363/391/200
f 77/77/201 363/391/201 75/75/201
f 75/75/202 363/391/202 364/392/202
f 75/75/203 364/392/203 365/393/203
f 365/393/204 364/392/204 366/394/204
f 365/393/204 366/394/204 367/395/204
f 367/395/205 366/394/205 368/396/205
f 367/395/206 368/396/206 369/397/206
f 369/397/207 368/396/207 370/398/207
f 369/397/207 370/398/207 371/399/207
f 371/400/208 370/401/208 372/402/208
f 371/400/208 372/402/208 373/403/208
f 373/403/209 372/402/209 374/404/209
f 373/403/209 374/404/209 375/405/209
f 375/405/210 374/404/210 376/406/210
f 375/405/211 376/406/211 377/407/211
f 350/374/212 378/408/212 352/376/212
f 352/379/213 378/409/213 379/410/213
f 352/379/189 379/410/189 354/380/189
f 354/380/214 379/410/214 380/411/214
f 354/382/191 380/412/191 356/384/191
f 356/384/215 380/412/215 381/413/215
f 356/384/193 381/413/193 358/386/193
f 358/386/216 381/413/216 382/414/216
f 358/386/195 382/414/195 360/388/195
f 360/388/217 382/414/217 383/415/217
f 360/388/197 383/415/197 362/390/197
f 362/390/218 383/415/218 363/391/218
f 378/409/219 384/416/219 379/410/219
f 379/410/220 384/416/220 385/417/220
f 379/410/214 385/417/214 380/411/214
f 380/411/221 385/417/221 386/418/221
f 380/412/215 386/419/215 381/413/215
f 381/420/222 386/418/222 387/421/222
f 381/413/216 387/422/216 382/414/216
f 382/414/223 387/422/223 388/423/223
f 382/414/217 388/423/217 383/415/217
f 383/415/224 388/423/224 389/424/224
f 383/415/218 389/424/218 363/391/218
f 363/391/225 389/424/225 364/392/225
f 384/416/226 390/425/226 385/417/226
f 385/417/227 390/425/227 391/426/227
f 385/417/228 391/426/228 386/418/228
f 386/418/229 391/426/229 392/427/229
f 386/418/222 392/427/222 387/421/222
f 387/421/230 392/427/230 393/428/230
f 387/422/223 393/429/223 388/423/223
f 388/423/231 393/429/231 394/430/231
f 388/423/224 394/430/224 389/424/224
f 389/424/232 394/430/232 366/394/232
f 389/424/225 366/394/225 364/392/225
f 390/425/233 395/431/233 391/426/233
f 391/426/234 395/431/234 396/432/234
f 391/426/229 396/432/229 392/427/229
f 392/427/235 396/432/235 397/433/235
f 392/427/230 397/433/230 393/428/230
f 393/428/236 397/433/236 398/434/236
f 393/429/231 398/435/231 394/430/231
f 394/430/237 398/435/237 368/396/237
f 394/430/232 368/396/232 366/394/232
f 395/431/238 399/436/238 396/432/238
f 396/432/239 399/436/239 400/437/239
f 396/432/235 400/437/235 397/433/235
f 397/433/240 400/437/240 401/438/240
f 397/433/236 401/438/236 398/434/236
f 398/434/241 401/438/241 370/401/241
f 398/435/237 370/398/237 368/396/237
f 399/436/242 402/439/242 400/437/242
f 400/437/243 402/439/243 403/440/243
f 400/437/240 403/440/240 401/438/240
f 401/438/244 403/440/244 372/402/244
f 401/438/241 372/402/241 370/401/241
f 402/439/245 376/406/245 403/440/245
f 403/440/246 376/406/246 374/404/246
f 403/440/244 374/404/244 372/402/244
f 375/405/247 377/407/247 404/441/247
f 404/441/248 377/407/248 405/442/248
f 404/441/249 405/442/249 406/443/249
f 406/443/250 405/442/250 407/444/250
f 406/443/251 407/444/251 408/445/251
f 408/445/252 407/444/252 409/446/252
f 408/445/253 409/446/253 410/447/253
f 410/447/254 409/446/254 411/448/254
f 410/447/255 411/448/255 412/449/255
f 412/449/256 411/448/256 413/450/256
f 412/449/257 413/450/257 414/451/257
f 414/451/258 413/450/258 415/452/258
f 414/451/259 415/452/259 416/453/259
f 416/453/260 415/452/260 417/454/260
f 416/453/261 417/454/261 418/455/261
f 418/455/262 417/454/262 419/456/262
f 418/455/263 419/456/263 420/457/263
f 420/457/264 419/456/264 421/458/264
f 420/457/265 421/458/265 422/459/265
f 422/460/266 421/461/266 423/462/266
f 422/460/267 423/462/267 424/463/267
f 424/463/268 423/462/268 425/464/268
f 424/463/269 425/464/269 426/465/269
f 426/465/270 425/464/270 427/466/270
f 426/465/271 427/466/271 428/467/271
f 428/467/272 427/466/272 429/468/272
f 428/467/273 429/468/273 43/43/273
f 43/43/274 429/468/274 41/41/274
f 41/41/275 429/468/275 430/469/275
f 41/41/276 430/469/276 39/39/276
f 39/39/277 430/469/277 431/470/277
f 39/39/278 431/470/278 432/471/278
f 432/471/279 431/470/279 433/472/279
f 432/471/279 433/472/279 434/473/279
f 434/473/280 433/472/280 435/474/280
f 434/473/280 435/474/280 436/475/280
f 436/475/281 435/474/281 437/476/281
f 436/475/281 437/476/281 438/477/281
f 438/477/282 437/476/282 439/478/282
f 438/477/282 439/478/282 440/479/282
f 440/480/283 439/481/283 441/482/283
f 440/480/283 441/482/283 442/483/283
f 442/483/284 441/482/284 443/484/284
f 442/483/285 443/484/285 444/485/285
f 417/454/286 445/486/286 419/456/286
f 419/456/287 445/486/287 446/487/287
f 419/456/264 446/487/264 421/458/264
f 421/458/288 446/487/288 447/488/288
f 421/461/266 447/489/266 423/462/266
f 423/462/289 447/489/289 448/490/289
f 423/462/268 448/490/268 425/464/268
f 425/464/290 448/490/290 449/491/290
f 425/464/270 449/491/270 427/466/270
f 427/466/291 449/491/291 450/492/291
f 427/466/272 450/492/272 429/468/272
f 429/468/292 450/492/292 430/469/292
f 445/486/293 451/493/293 446/487/293
f 446/487/294 451/493/294 452/494/294
f 446/487/288 452/494/288 447/488/288
f 447/488/295 452/494/295 453/495/295
f 447/489/289 453/496/289 448/490/289
f 448/490/296 453/496/296 454/497/296
f 448/490/290 454/497/290 449/491/290
f 449/491/297 454/497/297 455/498/297
f 449/491/291 455/498/291 450/492/291
f 450/492/298 455/498/298 456/499/298
f 450/492/292 456/499/292 430/469/292
f 430/469/299 456/499/299 431/470/299
f 451/493/300 457/500/300 452/494/300
f 452/494/301 457/500/301 458/501/301
f 452/494/302 458/501/302 453/495/302
f 453/495/303 458/501/303 459/502/303
f 453/496/296 459/503/296 454/497/296
f 454/497/304 459/503/304 460/504/304
f 454/497/297 460/504/297 455/498/297
f 455/498/305 460/504/305 461/505/305
f 455/498/298 461/505/298 456/499/298
f 456/499/306 461/505/306 433/472/306
f 456/499/299 433/472/299 431/470/299
f 457/500/307 462/506/307 458/501/307
f 458/501/308 462/506/308 463/507/308
f 458/501/303 463/507/303 459/502/303
f 459/502/309 463/507/309 464/508/309
f 459/503/304 464/509/304 460/504/304
f 460/504/310 464/509/310 465/510/310
f 460/504/305 465/510/305 461/505/305
f 461/505/311 465/510/311 435/474/311
f 461/505/306 435/474/306 433/472/306
f 462/506/312 466/511/312 463/507/312
f 463/512/313 466/513/313 467/514/313
f 463/507/309 467/515/309 464/508/309
f 464/516/314 467/514/314 468/517/314
f 464/509/310 468/518/310 465/510/310
f 465/510/315 468/518/315 437/476/315
f 465/510/311 437/476/311 435/474/311
f 466/513/316 469/519/316 467/514/316
f 467/514/317 469/519/317 470/520/317
f 467/514/314 470/520/314 468/517/314
f 468/517/318 470/520/318 439/481/318
f 468/518/315 439/478/315 437/476/315
f 469/519/319 443/484/319 470/520/319
f 470/520/320 443/484/320 441/482/320
f 470/520/318 441/482/318 439/481/318
f 442/483/321 444/485/321 471/521/321
f 471/521/322 444/485/322 472/522/322
f 471/521/323 472/522/323 473/523/323
f 473/523/324 472/522/324 474/524/324
f 473/523/325 474/524/325 475/525/325
f 475/525/326 474/524/326 476/526/326
f 475/525/327 476/526/327 477/527/327
f 477/527/328 476/526/328 478/528/328
f 477/527/329 478/528/329 479/529/329
f 479/529/330 478/528/330 480/530/330
f 479/529/331 480/530/331 481/531/331
f 481/531/332 480/530/332 482/532/332
f 481/531/333 482/532/333 483/533/333
f 483/533/334 482/532/334 484/534/334
f 483/533/335 484/534/335 485/535/335
f 485/535/336 484/534/336 486/536/336
f 485/535/337 486/536/337 487/537/337
f 487/537/338 486/536/338 488/538/338
f 487/537/339 488/538/339 489/539/339
f 489/539/340 488/538/340 490/540/340
f 489/541/341 490/542/341 491/543/341
f 491/543/342 490/542/342 492/544/342
f 491/543/343 492/544/343 493/545/343
f 493/545/344 492/544/344 494/546/344
f 493/545/345 494/546/345 495/547/345
f 495/547/346 494/546/346 496/548/346
f 495/547/347 496/548/347 7/7/347
f 7/7/348 496/548/348 5/5/348
f 5/5/349 496/548/349 194/196/349
f 484/534/350 497/549/350 486/536/350
f 486/536/351 497/549/351 498/550/351
f 486/536/338 498/550/338 488/538/338
f 488/538/352 498/550/352 499/551/352
f 488/538/340 499/551/340 490/540/340
f 490/540/353 499/551/353 500/552/353
f 490/542/342 500/553/342 492/544/342
f 492/544/354 500/553/354 501/554/354
f 492/544/344 501/554/344 494/546/344
f 494/546/355 501/554/355 502/555/355
f 494/546/346 502/555/346 496/548/346
f 496/548/356 502/555/356 194/196/356
f 497/549/357 503/556/357 498/550/357
f 498/550/358 503/556/358 504/557/358
f 498/550/352 504/557/352 499/551/352
f 499/551/359 504/557/359 505/558/359
f 499/551/353 505/558/353 500/552/353
f 500/552/360 505/558/360 506/559/360
f 500/553/354 506/560/354 501/554/354
f 501/554/361 506/560/361 507/561/361
f 501/554/355 507/561/355 502/555/355
f 502/555/362 507/561/362 192/194/362
f 502/555/356 192/194/356 194/196/356
f 503/556/363 508/562/363 504/557/363
f 504/557/364 508/562/364 509/563/364
f 504/557/359 509/563/359 505/558/359
f 505/558/365 509/563/365 510/564/365
f 505/558/360 510/564/360 506/559/360
f 506/560/366 510/565/366 511/566/366
f 506/560/361 511/566/361 507/561/361
f 507/561/367 511/566/367 190/192/367
f 507/561/362 190/192/362 192/194/362
f 508/562/368 512/567/368 509/563/368
f 509/563/369 512/567/369 513/568/369
f 509/563/370 513/568/370 510/564/370
f 510/564/371 513/568/371 514/569/371
f 510/565/366 514/570/366 511/566/366
f 511/566/372 514/570/372 188/190/372
f 511/566/367 188/190/367 190/192/367
f 512/567/373 515/571/373 513/568/373
f 513/568/374 515/571/374 516/572/374
f 513/568/371 516/572/371 514/569/371
f 514/569/375 516/572/375 186/186/375
f 514/570/372 186/187/372 188/190/372
f 515/571/376 517/573/376 516/572/376
f 516/572/377 517/573/377 184/184/377
f 516/572/375 184/184/375 186/186/375
f 517/573/378 182/182/378 184/184/378
f 7/7/379 9/9/379 495/547/379
f 495/547/380 9/9/380 518/574/380
f 495/547/345 518/574/345 493/545/345
f 493/545/381 518/574/381 519/575/381
f 493/545/343 519/575/343 491/543/343
f 491/543/382 519/575/382 520/576/382
f 491/543/341 520/576/341 489/541/341
f 489/541/383 520/576/383 521/577/383
f 489/539/339 521/578/339 487/537/339
f 487/537/384 521/578/384 522/579/384
f 487/537/337 522/579/337 485/535/337
f 485/535/385 522/579/385 483/533/385
f 9/9/386 11/11/386 518/574/386
f 518/574/387 11/11/387 523/580/387
f 518/574/381 523/580/381 519/575/381
f 519/575/388 523/580/388 524/581/388
f 519/575/382 524/581/382 520/576/382
f 520/576/389 524/581/389 525/582/389
f 520/576/383 525/582/383 521/577/383
f 521/577/390 525/582/390 526/583/390
f 521/578/384 526/584/384 522/579/384
f 522/579/391 526/584/391 527/585/391
f 522/579/385 527/585/385 483/533/385
f 483/533/392 527/585/392 481/531/392
f 11/11/393 14/14/393 523/580/393
f 523/580/394 14/14/394 528/586/394
f 523/580/388 528/586/388 524/581/388
f 524/581/395 528/586/395 529/587/395
f 524/581/389 529/587/389 525/582/389
f 525/582/396 529/587/396 530/588/396
f 525/582/390 530/588/390 526/583/390
f 526/583/397 530/588/397 531/589/397
f 526/584/391 531/590/391 527/585/391
f 527/585/398 531/590/398 532/591/398
f 527/585/392 532/591/392 481/531/392
f 481/531/399 532/591/399 479/529/399
f 14/14/400 16/16/400 528/586/400
f 528/586/401 16/16/401 533/592/401
f 528/586/395 533/592/395 529/587/395
f 529/587/402 533/592/402 534/593/402
f 529/587/396 534/593/396 530/588/396
f 530/588/403 534/593/403 535/594/403
f 530/588/397 535/594/397 531/589/397
f 531/589/404 535/594/404 536/595/404
f 531/590/398 536/596/398 532/591/398
f 532/591/405 536/596/405 537/597/405
f 532/591/399 537/597/399 479/529/399
f 479/529/406 537/597/406 477/527/406
f 16/16/407 18/18/407 533/592/407
f 533/592/408 18/18/408 538/598/408
f 533/592/402 538/598/402 534/593/402
f 534/593/409 538/598/409 539/599/409
f 534/593/410 539/599/410 535/594/410
f 535/594/411 539/599/411 540/600/411
f 535/594/404 540/600/404 536/595/404
f 536/595/412 540/600/412 541/601/412
f 536/596/405 541/602/405 537/597/405
f 537/597/413 541/602/413 542/603/413
f 537/597/406 542/603/406 477/527/406
f 477/527/414 542/603/414 475/525/414
f 18/18/415 20/20/415 538/598/415
f 538/598/416 20/20/416 543/604/416
f 538/598/409 543/604/409 539/599/409
f 539/599/417 543/604/417 544/605/417
f 539/599/411 544/605/411 540/600/411
f 540/600/418 544/605/418 545/606/418
f 540/600/412 545/606/412 541/601/412
f 541/601/419 545/606/419 546/607/419
f 541/602/413 546/608/413 542/603/413
f 542/603/420 546/608/420 547/609/420
f 542/603/414 547/609/414 475/525/414
f 475/525/421 547/609/421 473/523/421
f 20/20/422 23/23/422 543/604/422
f 543/604/423 23/23/423 548/610/423
f 543/604/417 548/610/417 544/605/417
f 544/605/424 548/610/424 549/611/424
f 544/605/418 549/611/418 545/606/418
f 545/606/425 549/611/425 550/612/425
f 545/606/419 550/612/419 546/607/419
f 546/607/426 550/612/426 551/613/426
f 546/608/420 551/614/420 547/609/420
f 547/609/427 551/614/427 552/615/427
f 547/609/421 552/615/421 473/523/421
f 473/523/428 552/615/428 471/521/428
f 23/23/429 25/25/429 548/610/429
f 548/610/430 25/25/430 553/616/430
f 548/610/424 553/616/424 549/611/424
f 549/611/431 553/616/431 554/617/431
f 549/611/425 554/617/425 550/612/425
f 550/612/432 554/617/432 555/618/432
f 550/612/426 555/618/426 551/613/426
f 551/613/433 555/618/433 556/619/433
f 551/614/427 556/620/427 552/615/427
f 552/615/434 556/620/434 557/621/434
f 552/615/428 557/621/428 471/521/428
f 471/521/435 557/621/435 442/483/435
f 25/25/436 27/27/436 553/616/436
f 553/616/437 27/27/437 558/622/437
f 553/616/431 558/622/431 554/617/431
f 554/617/438 558/622/438 559/623/438
f 554/617/439 559/623/439 555/618/439
f 555/618/440 559/623/440 560/624/440
f 555/618/433 560/624/433 556/619/433
f 556/619/441 560/624/441 561/625/441
f 556/620/434 561/626/434 557/621/434
f 557/627/442 561/625/442 440/479/442
f 557/621/435 440/480/435 442/483/435
f 27/27/443 30/30/443 558/622/443
f 558/622/444 30/30/444 562/628/444
f 558/622/438 562/628/438 559/623/438
f 559/623/445 562/628/445 563/629/445
f 559/623/440 563/629/440 560/624/440
f 560/624/446 563/629/446 564/630/446
f 560/624/441 564/630/441 561/625/441
f 561/625/447 564/630/447 438/477/447
f 561/625/442 438/477/442 440/479/442
f 30/30/448 32/32/448 562/628/448
f 562/628/449 32/32/449 565/631/449
f 562/628/445 565/631/445 563/629/445
f 563/629/450 565/631/450 566/632/450
f 563/629/446 566/632/446 564/630/446
f 564/630/451 566/632/451 436/475/451
f 564/630/452 436/475/452 438/477/452
f 32/32/453 34/34/453 565/631/453
f 565/631/454 34/34/454 567/633/454
f 565/631/450 567/633/450 566/632/450
f 566/632/455 567/633/455 434/473/455
f 566/632/451 434/473/451 436/475/451
f 34/34/456 36/36/456 567/633/456
f 567/633/457 36/36/457 432/471/457
f 567/633/455 432/471/455 434/473/455
f 36/36/458 39/39/458 432/471/458
f 43/43/459 45/45/459 428/467/459
f 428/467/460 45/45/460 568/634/460
f 428/467/271 568/634/271 426/465/271
f 426/465/461 568/634/461 569/635/461
f 426/465/269 569/635/269 424/463/269
f 424/463/462 569/635/462 570/636/462
f 424/463/267 570/636/267 422/460/267
f 422/460/463 570/636/463 571/637/463
f 422/459/265 571/638/265 420/457/265
f 420/457/464 571/638/464 572/639/464
f 420/457/263 572/639/263 418/455/263
f 418/455/465 572/639/465 416/453/465
f 45/45/466 48/48/466 568/634/466
f 568/634/467 48/48/467 573/640/467
f 568/634/461 573/640/461 569/635/461
f 569/635/468 573/640/468 574/641/468
f 569/635/462 574/641/462 570/636/462
f 570/636/469 574/641/469 575/642/469
f 570/636/463 575/642/463 571/637/463
f 571/637/470 575/642/470 576/643/470
f 571/638/464 576/644/464 572/639/464
f 572/639/471 576/644/471 577/645/471
f 572/639/465 577/645/465 416/453/465
f 416/453/472 577/645/472 414/451/472
f 48/48/473 50/50/473 573/640/473
f 573/640/474 50/50/474 578/646/474
f 573/640/468 578/646/468 574/641/468
f 574/641/475 578/646/475 579/647/475
f 574/641/469 579/647/469 575/642/469
f 575/642/476 579/647/476 580/648/476
f 575/642/470 580/648/470 576/643/470
f 576/643/477 580/648/477 581/649/477
f 576/644/471 581/650/471 577/645/471
f 577/645/478 581/650/478 582/651/478
f 577/645/472 582/651/472 414/451/472
f 414/451/479 582/651/479 412/449/479
f 50/50/480 52/52/480 578/646/480
f 578/646/481 52/52/481 583/652/481
f 578/646/475 583/652/475 579/647/475
f 579/647/482 583/652/482 584/653/482
f 579/647/476 584/653/476 580/648/476
f 580/648/483 584/653/483 585/654/483
f 580/648/477 585/654/477 581/649/477
f 581/649/484 585/654/484 586/655/484
f 581/650/478 586/656/478 582/651/478
f 582/651/485 586/656/485 587/657/485
f 582/651/479 587/657/479 412/449/479
f 412/449/486 587/657/486 410/447/486
f 52/52/487 54/54/487 583/652/487
f 583/652/488 54/54/488 588/658/488
f 583/652/482 588/658/482 584/653/482
f 584/653/489 588/658/489 589/659/489
f 584/653/483 589/659/483 585/654/483
f 585/654/490 589/659/490 590/660/490
f 585/654/491 590/660/491 586/655/491
f 586/655/492 590/660/492 591/661/492
f 586/656/485 591/662/485 587/657/485
f 587/657/493 591/662/493 592/663/493
f 587/657/486 592/663/486 410/447/486
f 410/447/494 592/663/494 408/445/494
f 54/54/495 57/57/495 588/658/495
f 588/658/496 57/57/496 593/664/496
f 588/658/489 593/664/489 589/659/489
f 589/659/497 593/664/497 594/665/497
f 589/659/490 594/665/490 590/660/490
f 590/660/498 594/665/498 595/666/498
f 590/660/492 595/666/492 591/661/492
f 591/661/499 595/666/499 596/667/499
f 591/662/493 596/668/493 592/663/493
f 592/663/500 596/668/500 597/669/500
f 592/663/494 597/669/494 408/445/494
f 408/445/501 597/669/501 406/443/501
f 57/57/502 59/59/502 593/664/502
f 593/664/503 59/59/503 598/670/503
f 593/664/497 598/670/497 594/665/497
f 594/665/504 598/670/504 599/671/504
f 594/665/498 599/671/498 595/666/498
f 595/666/505 599/671/505 600/672/505
f 595/666/499 600/672/499 596/667/499
f 596/667/506 600/672/506 601/673/506
f 596/668/500 601/674/500 597/669/500
f 597/669/507 601/674/507 602/675/507
f 597/669/501 602/675/501 406/443/501
f 406/443/508 602/675/508 404/441/508
f 59/59/509 61/61/509 598/670/509
f 598/670/510 61/61/510 603/676/510
f 598/670/504 603/676/504 599/671/504
f 599/671/511 603/676/511 604/677/511
f 599/671/505 604/677/505 600/672/505
f 600/672/512 604/677/512 605/678/512
f 600/672/506 605/678/506 601/673/506
f 601/673/513 605/678/513 606/679/513
f 601/674/507 606/680/507 602/675/507
f 602/675/514 606/680/514 607/681/514
f 602/675/508 607/681/508 404/441/508
f 404/441/515 607/681/515 375/405/515
f 61/61/516 64/64/516 603/676/516
f 603/676/517 64/64/517 608/682/517
f 603/676/511 608/682/511 604/677/511
f 604/677/518 608/682/518 609/683/518
f 604/677/512 609/683/512 605/678/512
f 605/678/519 609/683/519 610/684/519
f 605/678/513 610/684/513 606/679/513
f 606/679/520 610/684/520 611/685/520
f 606/680/514 611/686/514 607/681/514
f 607/681/521 611/686/521 373/403/521
f 607/681/515 373/403/515 375/405/515
f 64/64/522 66/66/522 608/682/522
f 608/682/523 66/66/523 612/687/523
f 608/682/518 612/687/518 609/683/518
f 609/683/524 612/687/524 613/688/524
f 609/683/519 613/688/519 610/684/519
f 610/684/525 613/688/525 614/689/525
f 610/684/520 614/689/520 611/685/520
f 611/685/526 614/689/526 371/399/526
f 611/686/521 371/400/521 373/403/521
f 66/66/527 68/68/527 612/687/527
f 612/687/528 68/68/528 615/690/528
f 612/687/524 615/690/524 613/688/524
f 613/688/529 615/690/529 616/691/529
f 613/688/525 616/691/525 614/689/525
f 614/689/530 616/691/530 369/397/530
f 614/689/526 369/397/526 371/399/526
f 68/68/531 70/70/531 615/690/531
f 615/690/532 70/70/532 617/692/532
f 615/690/529 617/692/529 616/691/529
f 616/691/533 617/692/533 367/395/533
f 616/691/530 367/395/530 369/397/530
f 70/70/534 73/73/534 617/692/534
f 617/692/535 73/73/535 365/393/535
f 617/692/533 365/393/533 367/395/533
f 73/73/536 75/75/536 365/393/536
f 79/79/537 82/82/537 361/389/537
f 361/389/538 82/82/538 618/693/538
f 361/389/196 618/693/196 359/387/196
f 359/387/539 618/693/539 619/694/539
f 359/387/194 619/694/194 357/385/194
f 357/385/540 619/694/540 620/695/540
f 357/385/192 620/695/192 355/383/192
f 355/383/541 620/695/541 621/696/541
f 355/383/190 621/696/190 353/381/190
f 353/381/542 621/696/542 622/697/542
f 353/377/188 622/698/188 351/375/188
f 351/375/543 622/698/543 349/373/543
f 82/82/544 84/84/544 618/693/544
f 618/693/545 84/84/545 623/699/545
f 618/693/539 623/699/539 619/694/539
f 619/694/546 623/699/546 624/700/546
f 619/694/540 624/700/540 620/695/540
f 620/695/547 624/700/547 625/701/547
f 620/695/541 625/701/541 621/696/541
f 621/696/548 625/701/548 626/702/548
f 621/696/542 626/702/542 622/697/542
f 622/697/549 626/702/549 627/703/549
f 622/698/543 627/704/543 349/373/543
f 349/373/550 627/704/550 347/371/550
f 84/84/551 86/86/551 623/699/551
f 623/699/552 86/86/552 628/705/552
f 623/699/546 628/705/546 624/700/546
f 624/700/553 628/705/553 629/706/553
f 624/700/547 629/706/547 625/701/547
f 625/701/554 629/706/554 630/707/554
f 625/701/548 630/707/548 626/702/548
f 626/702/555 630/707/555 631/708/555
f 626/702/549 631/708/549 627/703/549
f 627/703/556 631/708/556 632/709/556
f 627/704/550 632/710/550 347/371/550
f 347/371/557 632/710/557 345/369/557
f 86/86/558 88/88/558 628/705/558
f 628/705/559 88/88/559 633/711/559
f 628/705/553 633/711/553 629/706/553
f 629/706/560 633/711/560 634/712/560
f 629/706/554 634/712/554 630/707/554
f 630/707/561 634/712/561 635/713/561
f 630/707/555 635/713/555 631/708/555
f 631/708/562 635/713/562 636/714/562
f 631/708/556 636/714/556 632/709/556
f 632/710/563 636/715/563 637/716/563
f 632/710/557 637/716/557 345/369/557
f 345/369/564 637/716/564 343/367/564
f 88/88/565 91/91/565 633/711/565
f 633/711/566 91/91/566 638/717/566
f 633/711/560 638/717/560 634/712/560
f 634/712/567 638/717/567 639/718/567
f 634/712/561 639/718/561 635/713/561
f 635/713/568 639/718/568 640/719/568
f 635/713/562 640/719/562 636/714/562
f 636/714/569 640/719/569 641/720/569
f 636/715/563 641/721/563 637/716/563
f 637/716/570 641/721/570 642/722/570
f 637/716/571 642/722/571 343/367/571
f 343/367/572 642/722/572 341/365/572
f 91/91/573 93/93/573 638/717/573
f 638/717/574 93/93/574 643/723/574
f 638/717/567 643/723/567 639/718/567
f 639/718/575 643/723/575 644/724/575
f 639/718/568 644/724/568 640/719/568
f 640/719/576 644/724/576 645/725/576
f 640/719/569 645/725/569 641/720/569
f 641/720/577 645/725/577 646/726/577
f 641/721/570 646/727/570 642/722/570
f 642/722/578 646/727/578 647/728/578
f 642/722/572 647/728/572 341/365/572
f 341/365/579 647/728/579 339/363/579
f 93/93/580 95/95/580 643/723/580
f 643/723/581 95/95/581 648/729/581
f 643/723/575 648/729/575 644/724/575
f 644/724/582 648/729/582 649/730/582
f 644/724/576 649/730/576 645/725/576
f 645/725/583 649/730/583 650/731/583
f 645/725/577 650/731/577 646/726/577
f 646/726/584 650/731/584 651/732/584
f 646/727/578 651/733/578 647/728/578
f 647/728/585 651/733/585 652/734/585
f 647/728/579 652/734/579 339/363/579
f 339/363/586 652/734/586 304/323/586
f 95/95/587 98/98/587 648/729/587
f 648/729/588 98/98/588 653/735/588
f 648/729/582 653/735/582 649/730/582
f 649/730/589 653/735/589 654/736/589
f 649/730/583 654/736/583 650/731/583
f 650/731/590 654/736/590 655/737/590
f 650/731/584 655/737/584 651/732/584
f 651/732/591 655/737/591 656/738/591
f 651/733/585 656/739/585 652/734/585
f 652/734/592 656/739/592 302/321/592
f 652/734/586 302/321/586 304/323/586
f 98/98/593 100/100/593 653/735/593
f 653/735/594 100/100/594 657/740/594
f 653/735/589 657/740/589 654/736/589
f 654/736/595 657/740/595 658/741/595
f 654/736/590 658/741/590 655/737/590
f 655/737/596 658/741/596 659/742/596
f 655/737/591 659/742/591 656/738/591
f 656/738/597 659/742/597 300/317/597
f 656/739/592 300/318/592 302/321/592
f 100/100/598 102/102/598 657/740/598
f 657/740/599 102/102/599 660/743/599
f 657/740/595 660/743/595 658/741/595
f 658/741/600 660/743/600 661/744/600
f 658/741/596 661/744/596 659/742/596
f 659/742/601 661/744/601 298/315/601
f 659/742/597 298/315/597 300/317/597
f 102/102/602 104/104/602 660/743/602
f 660/743/603 104/104/603 662/745/603
f 660/743/600 662/745/600 661/744/600
f 661/744/604 662/745/604 296/313/604
f 661/744/601 296/313/601 298/315/601
f 104/104/605 107/107/605 662/745/605
f 662/745/606 107/107/606 294/311/606
f 662/745/604 294/311/604 296/313/604
f 107/107/607 109/109/607 294/311/607
f 116/116/608 118/118/608 289/306/608
f 289/306/609 118/118/609 663/746/609
f 289/306/115 663/746/115 287/304/115
f 287/304/610 663/746/610 664/747/610
f 287/304/113 664/747/113 285/302/113
f 285/302/611 664/747/611 665/748/611
f 285/302/111 665/748/111 283/300/111
f 283/300/612 665/748/612 666/749/612
f 283/298/109 666/750/109 281/296/109
f 281/296/613 666/750/613 667/751/613
f 281/296/107 667/751/107 279/294/107
f 279/294/614 667/751/614 277/292/614
f 118/118/615 120/120/615 663/746/615
f 663/746/616 120/120/616 668/752/616
f 663/746/610 668/752/610 664/747/610
f 664/747/617 668/752/617 669/753/617
f 664/747/611 669/753/611 665/748/611
f 665/748/618 669/753/618 670/754/618
f 665/748/619 670/754/619 666/749/619
f 666/749/620 670/754/620 671/755/620
f 666/750/613 671/756/613 667/751/613
f 667/757/621 671/755/621 672/758/621
f 667/751/614 672/759/614 277/292/614
f 277/292/622 672/759/622 275/290/622
f 120/120/623 122/122/623 668/752/623
f 668/752/624 122/122/624 673/760/624
f 668/752/617 673/760/617 669/753/617
f 669/753/625 673/760/625 674/761/625
f 669/753/618 674/761/618 670/754/618
f 670/754/626 674/761/626 675/762/626
f 670/754/620 675/762/620 671/755/620
f 671/755/627 675/762/627 676/763/627
f 671/755/621 676/763/621 672/758/621
f 672/758/628 676/763/628 677/764/628
f 672/759/622 677/765/622 275/290/622
f 275/290/629 677/765/629 273/288/629
f 122/122/630 125/125/630 673/760/630
f 673/760/631 125/125/631 678/766/631
f 673/760/625 678/766/625 674/761/625
f 674/761/632 678/766/632 679/767/632
f 674/761/626 679/767/626 675/762/626
f 675/762/633 679/767/633 680/768/633
f 675/762/627 680/768/627 676/763/627
f 676/763/634 680/768/634 681/769/634
f 676/763/628 681/769/628 677/764/628
f 677/764/635 681/769/635 682/770/635
f 677/765/629 682/771/629 273/288/629
f 273/286/636 682/772/636 271/284/636
f 125/125/637 127/127/637 678/766/637
f 678/766/638 127/127/638 683/773/638
f 678/766/632 683/773/632 679/767/632
f 679/767/639 683/773/639 684/774/639
f 679/767/633 684/774/633 680/768/633
f 680/768/640 684/774/640 685/775/640
f 680/768/634 685/775/634 681/769/634
f 681/769/641 685/775/641 686/776/641
f 681/769/635 686/776/635 682/770/635
f 682/770/642 686/776/642 687/777/642
f 682/772/636 687/778/636 271/284/636
f 271/284/643 687/778/643 269/282/643
f 127/127/644 129/129/644 683/773/644
f 683/773/645 129/129/645 688/779/645
f 683/773/639 688/779/639 684/774/639
f 684/774/646 688/779/646 689/780/646
f 684/774/640 689/780/640 685/775/640
f 685/775/647 689/780/647 690/781/647
f 685/775/641 690/781/641 686/776/641
f 686/776/648 690/781/648 691/782/648
f 686/776/642 691/782/642 687/777/642
f 687/777/649 691/782/649 692/783/649
f 687/778/650 692/784/650 269/282/650
f 269/282/651 692/784/651 267/280/651
f 129/129/652 132/132/652 688/779/652
f 688/779/653 132/132/653 693/785/653
f 688/779/646 693/785/646 689/780/646
f 689/780/654 693/785/654 694/786/654
f 689/780/647 694/786/647 690/781/647
f 690/781/655 694/786/655 695/787/655
f 690/781/648 695/787/648 691/782/648
f 691/782/656 695/787/656 696/788/656
f 691/782/649 696/788/649 692/783/649
f 692/783/657 696/788/657 697/789/657
f 692/784/651 697/790/651 267/280/651
f 267/280/658 697/790/658 232/240/658
f 132/132/659 134/134/659 693/785/659
f 693/785/660 134/134/660 698/791/660
f 693/785/654 698/791/654 694/786/654
f 694/786/661 698/791/661 699/792/661
f 694/786/655 699/792/655 695/787/655
f 695/787/662 699/792/662 700/793/662
f 695/787/656 700/793/656 696/788/656
f 696/788/663 700/793/663 701/794/663
f 696/788/657 701/794/657 697/789/657
f 697/790/664 701/795/664 230/238/664
f 697/790/658 230/238/658 232/240/658
f 134/134/665 136/136/665 698/791/665
f 698/791/666 136/136/666 702/796/666
f 698/791/661 702/796/661 699/792/661
f 699/792/667 702/796/667 703/797/667
f 699/792/662 703/797/662 700/793/662
f 700/793/668 703/797/668 704/798/668
f 700/793/663 704/798/663 701/794/663
f 701/794/669 704/798/669 228/234/669
f 701/795/664 228/235/664 230/238/664
f 136/136/670 138/138/670 702/796/670
f 702/796/671 138/138/671 705/799/671
f 702/796/667 705/799/667 703/797/667
f 703/797/672 705/799/672 706/800/672
f 703/797/668 706/800/668 704/798/668
f 704/798/673 706/800/673 226/232/673
f 704/798/669 226/232/669 228/234/669
f 138/138/674 141/141/674 705/799/674
f 705/799/675 141/141/675 707/801/675
f 705/799/672 707/801/672 706/800/672
f 706/800/676 707/801/676 224/230/676
f 706/800/673 224/230/673 226/232/673
f 141/141/677 143/143/677 707/801/677
f 707/801/678 143/143/678 222/228/678
f 707/801/676 222/228/676 224/230/676
f 143/143/679 145/145/679 222/228/679
f 152/152/680 154/154/680 217/223/680
f 217/223/681 154/154/681 708/802/681
f 217/223/34 708/802/34 215/221/34
f 215/221/682 708/802/682 709/803/682
f 215/221/32 709/803/32 213/219/32
f 213/219/683 709/803/683 710/804/683
f 213/219/30 710/804/30 211/217/30
f 211/217/684 710/804/684 711/805/684
f 211/215/28 711/806/28 209/213/28
f 209/213/685 711/806/685 712/807/685
f 209/213/26 712/807/26 207/211/26
f 207/211/686 712/807/686 205/209/686
f 154/154/687 156/156/687 708/802/687
f 708/802/688 156/156/688 713/808/688
f 708/802/682 713/808/682 709/803/682
f 709/803/689 713/808/689 714/809/689
f 709/803/683 714/809/683 710/804/683
f 710/804/690 714/809/690 715/810/690
f 710/804/684 715/810/684 711/805/684
f 711/805/691 715/810/691 716/811/691
f 711/806/685 716/812/685 712/807/685
f 712/807/692 716/812/692 717/813/692
f 712/807/686 717/813/686 205/209/686
f 205/209/693 717/813/693 203/207/693
f 156/156/694 159/159/694 713/808/694
f 713/808/695 159/159/695 718/814/695
f 713/808/689 718/814/689 714/809/689
f 714/809/696 718/814/696 719/815/696
f 714/809/690 719/815/690 715/810/690
f 715/810/697 719/815/697 720/816/697
f 715/810/691 720/816/691 716/811/691
f 716/811/698 720/816/698 721/817/698
f 716/812/692 721/818/692 717/813/692
f 717/813/699 721/818/699 722/819/699
f 717/813/693 722/819/693 203/207/693
f 203/207/700 722/819/700 201/205/700
f 159/159/701 161/161/701 718/814/701
f 718/814/702 161/161/702 723/820/702
f 718/814/696 723/820/696 719/815/696
f 719/815/703 723/820/703 724/821/703
f 719/815/704 724/821/704 720/816/704
f 720/816/705 724/821/705 725/822/705
f 720/816/698 725/822/698 721/817/698
f 721/817/706 725/822/706 726/823/706
f 721/818/699 726/824/699 722/819/699
f 722/819/707 726/824/707 727/825/707
f 722/819/700 727/825/700 201/205/700
f 201/205/708 727/825/708 199/203/708
f 161/161/709 163/163/709 723/820/709
f 723/820/710 163/163/710 728/826/710
f 723/820/703 728/826/703 724/821/703
f 724/821/711 728/826/711 729/827/711
f 724/821/705 729/827/705 725/822/705
f 725/822/712 729/827/712 730/828/712
f 725/822/706 730/828/706 726/823/706
f 726/823/713 730/828/713 731/829/713
f 726/824/707 731/830/707 727/825/707
f 727/825/714 731/830/714 732/831/714
f 727/825/708 732/831/708 199/203/708
f 199/203/715 732/831/715 197/201/715
f 163/163/716 166/166/716 728/826/716
f 728/826/717 166/166/717 733/832/717
f 728/826/711 733/832/711 729/827/711
f 729/827/718 733/832/718 734/833/718
f 729/827/712 734/833/712 730/828/712
f 730/828/719 734/833/719 735/834/719
f 730/828/713 735/834/713 731/829/713
f 731/829/720 735/834/720 736/835/720
f 731/830/714 736/836/714 732/831/714
f 732/837/721 736/835/721 737/838/721
f 732/831/722 737/839/722 197/201/722
f 197/201/723 737/839/723 195/199/723
f 166/166/724 168/168/724 733/832/724
f 733/832/725 168/168/725 738/840/725
f 733/832/718 738/840/718 734/833/718
f 734/833/726 738/840/726 739/841/726
f 734/833/719 739/841/719 735/834/719
f 735/834/727 739/841/727 740/842/727
f 735/834/720 740/842/720 736/835/720
f 736/835/728 740/842/728 741/843/728
f 736/835/721 741/843/721 737/838/721
f 737/838/729 741/843/729 742/844/729
f 737/839/723 742/845/723 195/199/723
f 195/199/730 742/845/730 181/197/730
f 168/168/731 170/170/731 738/840/731
f 738/840/732 170/170/732 743/846/732
f 738/840/726 743/846/726 739/841/726
f 739/841/733 743/846/733 744/847/733
f 739/841/727 744/847/727 740/842/727
f 740/842/734 744/847/734 745/848/734
f 740/842/728 745/848/728 741/843/728
f 741/843/735 745/848/735 746/849/735
f 741/843/729 746/849/729 742/844/729
f 742/844/736 746/849/736 747/850/736
f 742/845/730 747/851/730 181/197/730
f 181/181/737 747/852/737 183/183/737
f 170/170/738 172/172/738 743/846/738
f 743/846/739 172/172/739 748/853/739
f 743/846/733 748/853/733 744/847/733
f 744/847/740 748/853/740 749/854/740
f 744/847/734 749/854/734 745/848/734
f 745/848/741 749/854/741 750/855/741
f 745/848/735 750/855/735 746/849/735
f 746/849/742 750/855/742 751/856/742
f 746/849/736 751/856/736 747/850/736
f 747/850/743 751/856/743 185/188/743
f 747/852/737 185/185/737 183/183/737
f 172/172/744 175/175/744 748/853/744
f 748/853/745 175/175/745 752/857/745
f 748/853/740 752/857/740 749/854/740
f 749/854/746 752/857/746 753/858/746
f 749/854/741 753/858/741 750/855/741
f 750/855/747 753/858/747 754/859/747
f 750/855/742 754/859/742 751/856/742
f 751/856/748 754/859/748 187/189/748
f 751/856/743 187/189/743 185/188/743
f 175/175/749 177/177/749 752/857/749
f 752/857/750 177/177/750 755/860/750
f 752/857/746 755/860/746 753/858/746
f 753/858/751 755/860/751 756/861/751
f 753/858/747 756/861/747 754/859/747
f 754/859/752 756/861/752 189/191/752
f 754/859/748 189/191/748 187/189/748
f 177/177/753 179/179/753 755/860/753
f 755/860/754 179/179/754 757/862/754
f 755/860/751 757/862/751 756/861/751
f 756/861/755 757/862/755 191/193/755
f 756/861/752 191/193/752 189/191/752
f 179/179/756 3/3/756 757/862/756
f 757/862/757 3/3/757 193/195/757
f 757/862/755 193/195/755 191/193/755
f 758/863/758 180/180/758 759/864/758
f 759/864/759 180/180/759 182/182/759
f 759/864/760 182/182/760 517/573/760
f 180/198/761 758/865/761 196/200/761
f 196/200/762 758/865/762 760/866/762
f 196/200/763 760/866/763 198/202/763
f 198/202/764 760/866/764 761/867/764
f 198/202/765 761/867/765 200/204/765
f 200/204/766 761/867/766 762/868/766
f 200/204/767 762/868/767 202/206/767
f 202/206/768 762/868/768 763/869/768
f 202/206/769 763/869/769 204/208/769
f 204/208/770 763/869/770 764/870/770
f 204/208/771 764/870/771 206/210/771
f 206/210/772 764/870/772 765/871/772
f 206/210/773 765/871/773 235/243/773
f 235/243/774 765/871/774 766/872/774
f 235/243/775 766/872/775 241/250/775
f 241/250/776 766/872/776 767/873/776
f 241/250/777 767/873/777 247/257/777
f 247/257/778 767/873/778 768/874/778
f 247/257/779 768/874/779 253/264/779
f 253/264/780 768/874/780 769/875/780
f 253/264/781 769/875/781 258/270/781
f 258/270/782 769/875/782 770/876/782
f 258/270/783 770/876/783 262/275/783
f 262/275/784 770/876/784 771/877/784
f 262/275/785 771/877/785 265/278/785
f 265/278/786 771/877/786 772/878/786
f 265/278/787 772/878/787 233/241/787
f 233/241/788 772/878/788 773/879/788
f 233/241/789 773/879/789 234/242/789
f 234/242/790 773/879/790 774/880/790
f 234/242/791 774/880/791 268/281/791
f 268/281/792 774/880/792 775/881/792
f 268/281/793 775/881/793 270/283/793
f 270/283/794 775/881/794 776/882/794
f 270/283/795 776/882/795 272/285/795
f 272/285/796 776/882/796 777/883/796
f 272/285/797 777/883/797 274/287/797
f 274/289/798 777/884/798 778/885/798
f 274/289/799 778/885/799 276/291/799
f 276/291/800 778/885/800 779/886/800
f 276/291/801 779/886/801 278/293/801
f 278/293/802 779/886/802 780/887/802
f 278/293/803 780/887/803 307/326/803
f 307/326/804 780/887/804 781/888/804
f 307/326/805 781/888/805 313/333/805
f 313/333/806 781/888/806 782/889/806
f 313/333/807 782/889/807 319/340/807
f 319/340/808 782/889/808 325/347/808
f 325/347/809 782/889/809 783/890/809
f 325/347/810 783/890/810 330/353/810
f 330/353/811 783/890/811 784/891/811
f 330/353/812 784/891/812 334/358/812
f 334/358/813 784/891/813 785/892/813
f 334/358/814 785/892/814 337/361/814
f 337/361/815 785/892/815 786/893/815
f 337/361/816 786/893/816 305/324/816
f 305/324/817 786/893/817 787/894/817
f 305/324/818 787/894/818 306/325/818
f 306/325/819 787/894/819 788/895/819
f 306/325/820 788/895/820 340/364/820
f 340/364/821 788/895/821 789/896/821
f 340/364/822 789/896/822 342/366/822
f 342/366/823 789/896/823 790/897/823
f 342/366/824 790/897/824 344/368/824
f 344/368/825 790/897/825 791/898/825
f 344/368/826 791/898/826 346/370/826
f 346/370/827 791/898/827 792/899/827
f 346/370/828 792/899/828 348/372/828
f 348/372/829 792/899/829 793/900/829
f 348/372/830 793/900/830 350/374/830
f 350/374/831 793/900/831 794/901/831
f 350/374/832 794/901/832 378/408/832
f 378/408/833 794/901/833 795/902/833
f 378/409/834 795/903/834 384/416/834
f 384/416/835 795/903/835 796/904/835
f 384/416/836 796/904/836 390/425/836
f 390/425/837 796/904/837 797/905/837
f 390/425/838 797/905/838 395/431/838
f 395/431/839 797/905/839 798/906/839
f 395/431/840 798/906/840 399/436/840
f 399/436/841 798/906/841 799/907/841
f 399/436/842 799/907/842 402/439/842
f 402/439/843 799/907/843 800/908/843
f 402/439/844 800/908/844 376/406/844
f 376/406/845 800/908/845 801/909/845
f 376/406/846 801/909/846 377/407/846
f 377/407/847 801/909/847 802/910/847
f 377/407/848 802/910/848 405/442/848
f 405/442/849 802/910/849 803/911/849
f 405/442/850 803/911/850 407/444/850
f 407/444/851 803/911/851 804/912/851
f 407/444/852 804/912/852 409/446/852
f 409/446/853 804/912/853 805/913/853
f 409/446/854 805/913/854 411/448/854
f 411/448/855 805/913/855 413/450/855
f 413/450/856 805/913/856 806/914/856
f 413/450/857 806/914/857 415/452/857
f 415/452/858 806/914/858 807/915/858
f 415/452/859 807/915/859 417/454/859
f 417/454/860 807/915/860 808/916/860
f 417/454/861 808/916/861 445/486/861
f 445/486/862 808/916/862 809/917/862
f 445/486/863 809/917/863 451/493/863
f 451/493/864 809/917/864 810/918/864
f 451/493/865 810/918/865 457/500/865
f 457/500/866 810/918/866 811/919/866
f 457/500/867 811/919/867 462/506/867
f 462/506/868 811/919/868 812/920/868
f 462/506/869 812/920/869 466/511/869
f 466/513/870 812/921/870 813/922/870
f 466/513/871 813/922/871 469/519/871
f 469/519/872 813/922/872 814/923/872
f 469/519/873 814/923/873 443/484/873
f 443/484/874 814/923/874 815/924/874
f 443/484/875 815/924/875 444/485/875
f 444/485/876 815/924/876 816/925/876
f 444/485/877 816/925/877 472/522/877
f 472/522/878 816/925/878 817/926/878
f 472/522/879 817/926/879 474/524/879
f 474/524/880 817/926/880 818/927/880
f 474/524/881 818/927/881 476/526/881
f 476/526/882 818/927/882 819/928/882
f 476/526/883 819/928/883 478/528/883
f 478/528/884 819/928/884 820/929/884
f 478/528/885 820/929/885 480/530/885
f 480/530/886 820/929/886 821/930/886
f 480/530/887 821/930/887 482/532/887
f 482/532/888 821/930/888 822/931/888
f 482/532/889 822/931/889 484/534/889
f 484/534/890 822/931/890 823/932/890
f 484/534/891 823/932/891 497/549/891
f 497/549/892 823/932/892 824/933/892
f 497/549/893 824/933/893 503/556/893
f 503/556/894 824/933/894 825/934/894
f 503/556/895 825/934/895 508/562/895
f 508/562/896 825/934/896 826/935/896
f 508/562/897 826/935/897 512/567/897
f 512/567/898 826/935/898 827/936/898
f 512/567/899 827/936/899 515/571/899
f 515/571/900 827/936/900 828/937/900
f 515/571/901 828/937/901 517/573/901
f 517/573/902 828/937/902 759/864/902
f 829/938/903 759/864/903 830/939/903
f 830/939/904 759/864/904 828/937/904
f 830/939/904 828/937/904 831/940/904
f 831/940/905 828/937/905 827/936/905
f 831/940/905 827/936/905 832/941/905
f 832/941/906 827/936/906 826/935/906
f 832/941/906 826/935/906 833/942/906
f 833/942/907 826/935/907 825/934/907
f 833/942/907 825/934/907 834/943/907
f 834/943/908 825/934/908 824/933/908
f 834/943/908 824/933/908 835/944/908
f 835/944/909 824/933/909 823/932/909
f 835/944/909 823/932/909 836/945/909
f 836/945/910 823/932/910 822/931/910
f 836/945/910 822/931/910 837/946/910
f 837/946/911 822/931/911 821/930/911
f 837/946/911 821/930/911 838/947/911
f 838/947/912 821/930/912 820/929/912
f 838/947/912 820/929/912 839/948/912
f 839/948/913 820/929/913 819/928/913
f 839/948/913 819/928/913 840/949/913
f 840/949/914 819/928/914 818/927/914
f 840/949/914 818/927/914 841/950/914
f 841/950/915 818/927/915 817/926/915
f 841/950/915 817/926/915 842/951/915
f 842/951/916 817/926/916 816/925/916
f 842/951/916 816/925/916 843/952/916
f 843/952/917 816/925/917 815/924/917
f 843/952/917 815/924/917 844/953/917
f 844/953/918 815/924/918 814/923/918
f 844/953/918 814/923/918 845/954/918
f 845/954/919 814/923/919 813/922/919
f 845/954/919 813/922/919 846/955/919
f 846/955/920 813/922/920 812/921/920
f 846/955/920 812/921/920 847/956/920
f 847/957/921 812/920/921 811/919/921
f 847/957/921 811/919/921 848/958/921
f 848/958/922 811/919/922 810/918/922
f 848/958/922 810/918/922 849/959/922
f 849/959/923 810/918/923 809/917/923
f 849/959/923 809/917/923 850/960/923
f 850/960/924 809/917/924 808/916/924
f 850/960/924 808/916/924 851/961/924
f 851/961/925 808/916/925 807/915/925
f 851/961/925 807/915/925 852/962/925
f 852/962/926 807/915/926 806/914/926
f 852/962/926 806/914/926 853/963/926
f 853/963/927 806/914/927 805/913/927
f 853/963/927 805/913/927 854/964/927
f 854/964/928 805/913/928 804/912/928
f 854/964/928 804/912/928 855/965/928
f 855/965/929 804/912/929 803/911/929
f 855/965/929 803/911/929 856/966/929
f 856/966/930 803/911/930 802/910/930
f 856/966/930 802/910/930 857/967/930
f 857/967/931 802/910/931 801/909/931
f 857/967/931 801/909/931 858/968/931
f 858/968/932 801/909/932 800/908/932
f 858/968/932 800/908/932 859/969/932
f 859/969/933 800/908/933 799/907/933
f 859/969/933 799/907/933 860/970/933
f 860/970/934 799/907/934 798/906/934
f 860/970/934 798/906/934 861/971/934
f 861/971/935 798/906/935 797/905/935
f 861/971/935 797/905/935 862/972/935
f 862/972/936 797/905/936 796/904/936
f 862/972/936 796/904/936 863/973/936
f 863/973/937 796/904/937 795/903/937
f 863/973/937 795/903/937 864/974/937
f 864/975/938 795/902/938 794/901/938
f 864/975/938 794/901/938 865/976/938
f 865/976/939 794/901/939 793/900/939
f 865/976/939 793/900/939 866/977/939
f 866/977/940 793/900/940 792/899/940
f 866/977/940 792/899/940 867/978/940
f 867/978/941 792/899/941 791/898/941
f 867/978/941 791/898/941 868/979/941
f 868/979/942 791/898/942 790/897/942
f 868/979/942 790/897/942 869/980/942
f 869/980/943 790/897/943 789/896/943
f 869/980/943 789/896/943 870/981/943
f 870/981/944 789/896/944 788/895/944
f 870/981/944 788/895/944 871/982/944
f 871/982/945 788/895/945 787/894/945
f 871/982/945 787/894/945 872/983/945
f 872/983/946 787/894/946 786/893/946
f 872/983/946 786/893/946 873/984/946
f 873/984/947 786/893/947 785/892/947
f 873/984/947 785/892/947 874/985/947
f 874/985/948 785/892/948 784/891/948
f 874/985/948 784/891/948 875/986/948
f 875/986/949 784/891/949 783/890/949
f 875/986/949 783/890/949 876/987/949
f 876/987/950 783/890/950 782/889/950
f 876/987/950 782/889/950 877/988/950
f 877/988/951 782/889/951 781/888/951
f 877/988/951 781/888/951 878/989/951
f 878/989/952 781/888/952 780/887/952
f 878/989/952 780/887/952 879/990/952
f 879/990/953 780/887/953 779/886/953
f 879/990/953 779/886/953 880/991/953
f 880/991/954 779/886/954 778/885/954
f 880/991/954 778/885/954 881/992/954
f 881/992/955 778/885/955 777/884/955
f 881/992/955 777/884/955 882/993/955
f 882/994/956 777/883/956 776/882/956
f 882/994/956 776/882/956 883/995/956
f 883/995/957 776/882/957 775/881/957
f 883/995/957 775/881/957 884/996/957
f 884/996/958 775/881/958 774/880/958
f 884/996/958 774/880/958 885/997/958
f 885/997/959 774/880/959 773/879/959
f 885/997/959 773/879/959 886/998/959
f 886/998/960 773/879/960 772/878/960
f 886/998/960 772/878/960 887/999/960
f 887/999/961 772/878/961 771/877/961
f 887/999/961 771/877/961 888/1000/961
f 888/1000/962 771/877/962 770/876/962
f 888/1000/962 770/876/962 889/1001/962
f 889/1001/963 770/876/963 769/875/963
f 889/1001/963 769/875/963 890/1002/963
f 890/1002/964 769/875/964 768/874/964
f 890/1002/964 768/874/964 891/1003/964
f 891/1003/965 768/874/965 767/873/965
f 891/1003/965 767/873/965 892/1004/965
f 892/1004/966 767/873/966 766/872/966
f 892/1004/966 766/872/966 893/1005/966
f 893/1005/967 766/872/967 765/871/967
f 893/1005/967 765/871/967 894/1006/967
f 894/1006/968 765/871/968 764/870/968
f 894/1006/968 764/870/968 895/1007/968
f 895/1007/969 764/870/969 763/869/969
f 895/1007/969 763/869/969 896/1008/969
f 896/1008/970 763/869/970 762/868/970
f 896/1008/970 762/868/970 897/1009/970
f 897/1009/971 762/868/971 761/867/971
f 897/1009/971 761/867/971 898/1010/971
f 898/1010/972 761/867/972 760/866/972
f 898/1010/972 760/866/972 899/1011/972
f 899/1011/973 760/866/973 758/865/973
f 899/1011/973 758/865/973 829/1012/973
f 829/938/903 758/863/903 759/864/903
f 900/1013/974 901/1014/974 902/1015/974
f 902/1015/975 901/1014/975 903/1016/975
f 902/1015/976 903/1016/976 904/1017/976
f 904/1017/977 903/1016/977 905/1018/977
f 904/1017/978 905/1018/978 906/1019/978
f 906/1019/979 905/1018/979 907/1020/979
f 906/1019/980 907/1020/980 908/1021/980
f 908/1021/981 907/1020/981 909/1022/981
f 908/1021/982 909/1022/982 910/1023/982
f 910/1023/983 909/1022/983 911/1024/983
f 910/1023/984 911/1024/984 912/1025/984
f 912/1025/985 911/1024/985 913/1026/985
f 912/1025/986 913/1026/986 914/1027/986
f 914/1027/987 913/1026/987 915/1028/987
f 914/1027/988 915/1028/988 916/1029/988
f 916/1029/989 915/1028/989 917/1030/989
f 916/1029/990 917/1030/990 918/1031/990
f 918/1031/991 917/1030/991 919/1032/991
f 918/1031/992 919/1032/992 920/1033/992
f 920/1033/993 919/1032/993 921/1034/993
f 920/1033/994 921/1034/994 922/1035/994
f 922/1035/995 921/1034/995 923/1036/995
f 922/1035/996 923/1036/996 924/1037/996
f 924/1037/997 923/1036/997 925/1038/997
f 924/1037/997 925/1038/997 926/1039/997
f 926/1039/998 925/1038/998 927/1040/998
f 926/1039/998 927/1040/998 928/1041/998
f 928/1042/999 927/1043/999 929/1044/999
f 928/1042/999 929/1044/999 930/1045/999
f 930/1045/1000 929/1044/1000 931/1046/1000
f 930/1045/1000 931/1046/1000 932/1047/1000
f 932/1047/1001 931/1046/1001 933/1048/1001
f 932/1047/1001 933/1048/1001 934/1049/1001
f 934/1049/1002 933/1048/1002 840/949/1002
f 934/1049/1003 840/949/1003 841/950/1003
f 901/1014/1004 900/1013/1004 935/1050/1004
f 935/1050/1005 900/1013/1005 936/1051/1005
f 935/1050/1006 936/1051/1006 937/1052/1006
f 937/1052/1007 936/1051/1007 938/1053/1007
f 937/1052/1008 938/1053/1008 939/1054/1008
f 939/1054/1009 938/1053/1009 940/1055/1009
f 939/1054/1010 940/1055/1010 941/1056/1010
f 941/1056/1011 940/1055/1011 942/1057/1011
f 941/1056/1012 942/1057/1012 943/1058/1012
f 943/1058/1013 942/1057/1013 944/1059/1013
f 943/1058/1014 944/1059/1014 945/1060/1014
f 945/1060/1015 944/1059/1015 946/1061/1015
f 945/1060/1016 946/1061/1016 947/1062/1016
f 947/1062/1017 946/1061/1017 948/1063/1017
f 947/1062/1018 948/1063/1018 949/1064/1018
f 949/1064/1019 948/1063/1019 950/1065/1019
f 949/1064/1020 950/1065/1020 951/1066/1020
f 951/1066/1021 950/1065/1021 952/1067/1021
f 951/1066/1022 952/1067/1022 953/1068/1022
f 953/1068/1023 952/1067/1023 954/1069/1023
f 953/1068/1024 954/1069/1024 955/1070/1024
f 955/1070/1025 954/1069/1025 956/1071/1025
f 955/1070/1026 956/1071/1026 957/1072/1026
f 957/1072/1027 956/1071/1027 958/1073/1027
f 957/1074/1028 958/1075/1028 959/1076/1028
f 959/1076/1029 958/1075/1029 960/1077/1029
f 959/1076/1030 960/1077/1030 961/1078/1030
f 961/1078/1031 960/1077/1031 962/1079/1031
f 961/1078/1032 962/1079/1032 963/1080/1032
f 963/1080/1033 962/1079/1033 964/1081/1033
f 963/1080/1034 964/1081/1034 887/999/1034
f 887/999/1035 964/1081/1035 886/998/1035
f 886/998/1036 964/1081/1036 965/1082/1036
f 886/998/1037 965/1082/1037 885/997/1037
f 885/997/1038 965/1082/1038 966/1083/1038
f 885/997/1039 966/1083/1039 884/996/1039
f 884/996/1040 966/1083/1040 967/1084/1040
f 884/996/1041 967/1084/1041 968/1085/1041
f 968/1085/1042 967/1084/1042 969/1086/1042
f 968/1085/1042 969/1086/1042 970/1087/1042
f 970/1087/1043 969/1086/1043 971/1088/1043
f 970/1087/1043 971/1088/1043 972/1089/1043
f 972/1090/1044 971/1091/1044 973/1092/1044
f 972/1090/1044 973/1092/1044 974/1093/1044
f 974/1093/1045 973/1092/1045 975/1094/1045
f 974/1093/1045 975/1094/1045 976/1095/1045
f 976/1095/1046 975/1094/1046 977/1096/1046
f 976/1095/1046 977/1096/1046 978/1097/1046
f 978/1097/1047 977/1096/1047 979/1098/1047
f 978/1097/1048 979/1098/1048 980/1099/1048
f 952/1067/1049 981/1100/1049 954/1069/1049
f 954/1069/1050 981/1100/1050 982/1101/1050
f 954/1069/1025 982/1101/1025 956/1071/1025
f 956/1071/1051 982/1101/1051 983/1102/1051
f 956/1071/1027 983/1102/1027 958/1073/1027
f 958/1073/1052 983/1102/1052 984/1103/1052
f 958/1075/1029 984/1104/1029 960/1077/1029
f 960/1077/1053 984/1104/1053 985/1105/1053
f 960/1077/1031 985/1105/1031 962/1079/1031
f 962/1079/1054 985/1105/1054 986/1106/1054
f 962/1079/1033 986/1106/1033 964/1081/1033
f 964/1081/1055 986/1106/1055 965/1082/1055
f 981/1100/1056 987/1107/1056 982/1101/1056
f 982/1101/1057 987/1107/1057 988/1108/1057
f 982/1101/1051 988/1108/1051 983/1102/1051
f 983/1102/1058 988/1108/1058 989/1109/1058
f 983/1102/1052 989/1109/1052 984/1103/1052
f 984/1103/1059 989/1109/1059 990/1110/1059
f 984/1104/1053 990/1111/1053 985/1105/1053
f 985/1112/1060 990/1110/1060 991/1113/1060
f 985/1105/1054 991/1114/1054 986/1106/1054
f 986/1106/1061 991/1114/1061 992/1115/1061
f 986/1106/1055 992/1115/1055 965/1082/1055
f 965/1082/1062 992/1115/1062 966/1083/1062
f 987/1107/1063 993/1116/1063 988/1108/1063
f 988/1108/1064 993/1116/1064 994/1117/1064
f 988/1108/1058 994/1117/1058 989/1109/1058
f 989/1109/1065 994/1117/1065 995/1118/1065
f 989/1109/1059 995/1118/1059 990/1110/1059
f 990/1110/1066 995/1118/1066 996/1119/1066
f 990/1110/1060 996/1119/1060 991/1113/1060
f 991/1113/1067 996/1119/1067 997/1120/1067
f 991/1114/1068 997/1121/1068 992/1115/1068
f 992/1115/1069 997/1121/1069 998/1122/1069
f 992/1115/1062 998/1122/1062 966/1083/1062
f 966/1083/1070 998/1122/1070 967/1084/1070
f 993/1116/1071 999/1123/1071 994/1117/1071
f 994/1117/1072 999/1123/1072 1000/1124/1072
f 994/1117/1065 1000/1124/1065 995/1118/1065
f 995/1118/1073 1000/1124/1073 1001/1125/1073
f 995/1118/1066 1001/1125/1066 996/1119/1066
f 996/1119/1074 1001/1125/1074 1002/1126/1074
f 996/1119/1067 1002/1126/1067 997/1120/1067
f 997/1120/1075 1002/1126/1075 1003/1127/1075
f 997/1121/1069 1003/1128/1069 998/1122/1069
f 998/1122/1076 1003/1128/1076 969/1086/1076
f 998/1122/1070 969/1086/1070 967/1084/1070
f 999/1123/1077 1004/1129/1077 1000/1124/1077
f 1000/1124/1078 1004/1129/1078 1005/1130/1078
f 1000/1124/1073 1005/1130/1073 1001/1125/1073
f 1001/1125/1079 1005/1130/1079 1006/1131/1079
f 1001/1125/1074 1006/1131/1074 1002/1126/1074
f 1002/1126/1080 1006/1131/1080 1007/1132/1080
f 1002/1126/1075 1007/1132/1075 1003/1127/1075
f 1003/1127/1081 1007/1132/1081 971/1091/1081
f 1003/1128/1082 971/1088/1082 969/1086/1082
f 1004/1129/1083 1008/1133/1083 1005/1130/1083
f 1005/1130/1084 1008/1133/1084 1009/1134/1084
f 1005/1130/1079 1009/1134/1079 1006/1131/1079
f 1006/1131/1085 1009/1134/1085 1010/1135/1085
f 1006/1131/1080 1010/1135/1080 1007/1132/1080
f 1007/1132/1086 1010/1135/1086 973/1092/1086
f 1007/1132/1087 973/1092/1087 971/1091/1087
f 1008/1133/1088 1011/1136/1088 1009/1134/1088
f 1009/1134/1089 1011/1136/1089 1012/1137/1089
f 1009/1134/1085 1012/1137/1085 1010/1135/1085
f 1010/1135/1090 1012/1137/1090 975/1094/1090
f 1010/1135/1086 975/1094/1086 973/1092/1086
f 1011/1136/1091 1013/1138/1091 1012/1137/1091
f 1012/1137/1092 1013/1138/1092 977/1096/1092
f 1012/1137/1090 977/1096/1090 975/1094/1090
f 1013/1138/1093 979/1098/1093 977/1096/1093
f 978/1097/1094 980/1099/1094 1014/1139/1094
f 1014/1139/1095 980/1099/1095 1015/1140/1095
f 1014/1139/1096 1015/1140/1096 1016/1141/1096
f 1016/1141/1097 1015/1140/1097 1017/1142/1097
f 1016/1141/1098 1017/1142/1098 1018/1143/1098
f 1018/1143/1099 1017/1142/1099 1019/1144/1099
f 1018/1143/1100 1019/1144/1100 1020/1145/1100
f 1020/1145/1101 1019/1144/1101 1021/1146/1101
f 1020/1145/1102 1021/1146/1102 1022/1147/1102
f 1022/1147/1103 1021/1146/1103 1023/1148/1103
f 1022/1147/1104 1023/1148/1104 1024/1149/1104
f 1024/1149/1105 1023/1148/1105 1025/1150/1105
f 1024/1149/1106 1025/1150/1106 1026/1151/1106
f 1026/1151/1107 1025/1150/1107 1027/1152/1107
f 1026/1151/1108 1027/1152/1108 1028/1153/1108
f 1028/1153/1109 1027/1152/1109 1029/1154/1109
f 1028/1153/1110 1029/1154/1110 1030/1155/1110
f 1030/1155/1111 1029/1154/1111 1031/1156/1111
f 1030/1155/1112 1031/1156/1112 1032/1157/1112
f 1032/1157/1113 1031/1156/1113 1033/1158/1113
f 1032/1157/1114 1033/1158/1114 1034/1159/1114
f 1034/1159/1115 1033/1158/1115 1035/1160/1115
f 1034/1159/1116 1035/1160/1116 1036/1161/1116
f 1036/1161/1117 1035/1160/1117 1037/1162/1117
f 1036/1163/1118 1037/1164/1118 1038/1165/1118
f 1038/1165/1119 1037/1164/1119 1039/1166/1119
f 1038/1165/1120 1039/1166/1120 1040/1167/1120
f 1040/1167/1121 1039/1166/1121 1041/1168/1121
f 1040/1167/1122 1041/1168/1122 1042/1169/1122
f 1042/1169/1123 1041/1168/1123 1043/1170/1123
f 1042/1169/1124 1043/1170/1124 1044/1171/1124
f 1044/1171/1125 1043/1170/1125 1045/1172/1125
f 1044/1171/1126 1045/1172/1126 869/980/1126
f 869/980/1127 1045/1172/1127 868/979/1127
f 868/979/1128 1045/1172/1128 1046/1173/1128
f 868/979/1129 1046/1173/1129 867/978/1129
f 867/978/1130 1046/1173/1130 1047/1174/1130
f 867/978/1131 1047/1174/1131 866/977/1131
f 866/977/1132 1047/1174/1132 1048/1175/1132
f 866/977/1133 1048/1175/1133 865/976/1133
f 865/976/1134 1048/1175/1134 1049/1176/1134
f 865/976/1135 1049/1176/1135 864/975/1135
f 864/974/1136 1049/1177/1136 1050/1178/1136
f 864/974/1137 1050/1178/1137 863/973/1137
f 863/973/1138 1050/1178/1138 1051/1179/1138
f 863/973/1139 1051/1179/1139 862/972/1139
f 862/972/1140 1051/1179/1140 1052/1180/1140
f 862/972/1141 1052/1180/1141 1053/1181/1141
f 1053/1181/1142 1052/1180/1142 1054/1182/1142
f 1053/1181/1143 1054/1182/1143 1055/1183/1143
f 1055/1183/1144 1054/1182/1144 1056/1184/1144
f 1055/1183/1145 1056/1184/1145 1057/1185/1145
f 1057/1186/1146 1056/1187/1146 1058/1188/1146
f 1057/1186/1147 1058/1188/1147 1059/1189/1147
f 1059/1189/1148 1058/1188/1148 1060/1190/1148
f 1059/1189/1149 1060/1190/1149 1061/1191/1149
f 1061/1191/1150 1060/1190/1150 1062/1192/1150
f 1061/1191/1151 1062/1192/1151 1063/1193/1151
f 1063/1193/1152 1062/1192/1152 1064/1194/1152
f 1063/1193/1153 1064/1194/1153 1065/1195/1153
f 1031/1156/1154 1066/1196/1154 1033/1158/1154
f 1033/1158/1155 1066/1196/1155 1067/1197/1155
f 1033/1158/1115 1067/1197/1115 1035/1160/1115
f 1035/1160/1156 1067/1197/1156 1068/1198/1156
f 1035/1160/1157 1068/1198/1157 1037/1162/1157
f 1037/1162/1158 1068/1198/1158 1069/1199/1158
f 1037/1164/1159 1069/1200/1159 1039/1166/1159
f 1039/1166/1160 1069/1200/1160 1070/1201/1160
f 1039/1166/1121 1070/1201/1121 1041/1168/1121
f 1041/1168/1161 1070/1201/1161 1071/1202/1161
f 1041/1168/1162 1071/1202/1162 1043/1170/1162
f 1043/1170/1163 1071/1202/1163 1072/1203/1163
f 1043/1170/1164 1072/1203/1164 1045/1172/1164
f 1045/1172/1165 1072/1203/1165 1046/1173/1165
f 1066/1196/1166 1073/1204/1166 1067/1197/1166
f 1067/1197/1167 1073/1204/1167 1074/1205/1167
f 1067/1197/1156 1074/1205/1156 1068/1198/1156
f 1068/1198/1168 1074/1205/1168 1075/1206/1168
f 1068/1198/1158 1075/1206/1158 1069/1199/1158
f 1069/1199/1169 1075/1206/1169 1076/1207/1169
f 1069/1200/1160 1076/1208/1160 1070/1201/1160
f 1070/1209/1170 1076/1207/1170 1077/1210/1170
f 1070/1209/1171 1077/1210/1171 1071/1211/1171
f 1071/1211/1172 1077/1210/1172 1078/1212/1172
f 1071/1202/1173 1078/1213/1173 1072/1203/1173
f 1072/1203/1174 1078/1213/1174 1079/1214/1174
f 1072/1203/1165 1079/1214/1165 1046/1173/1165
f 1046/1173/1175 1079/1214/1175 1047/1174/1175
f 1073/1204/1176 1080/1215/1176 1074/1205/1176
f 1074/1205/1177 1080/1215/1177 1081/1216/1177
f 1074/1205/1168 1081/1216/1168 1075/1206/1168
f 1075/1206/1178 1081/1216/1178 1082/1217/1178
f 1075/1206/1169 1082/1217/1169 1076/1207/1169
f 1076/1207/1179 1082/1217/1179 1083/1218/1179
f 1076/1207/1180 1083/1218/1180 1077/1210/1180
f 1077/1210/1181 1083/1218/1181 1084/1219/1181
f 1077/1210/1172 1084/1219/1172 1078/1212/1172
f 1078/1212/1182 1084/1219/1182 1085/1220/1182
f 1078/1213/1174 1085/1221/1174 1079/1214/1174
f 1079/1214/1183 1085/1221/1183 1086/1222/1183
f 1079/1214/1175 1086/1222/1175 1047/1174/1175
f 1047/1174/1184 1086/1222/1184 1048/1175/1184
f 1080/1215/1185 1087/1223/1185 1081/1216/1185
f 1081/1216/1186 1087/1223/1186 1088/1224/1186
f 1081/1216/1178 1088/1224/1178 1082/1217/1178
f 1082/1217/1187 1088/1224/1187 1089/1225/1187
f 1082/1217/1188 1089/1225/1188 1083/1218/1188
f 1083/1218/1189 1089/1225/1189 1090/1226/1189
f 1083/1218/1190 1090/1226/1190 1084/1219/1190
f 1084/1219/1191 1090/1226/1191 1091/1227/1191
f 1084/1219/1182 1091/1227/1182 1085/1220/1182
f 1085/1220/1192 1091/1227/1192 1092/1228/1192
f 1085/1221/1193 1092/1229/1193 1086/1222/1193
f 1086/1222/1194 1092/1229/1194 1093/1230/1194
f 1086/1222/1184 1093/1230/1184 1048/1175/1184
f 1048/1175/1195 1093/1230/1195 1049/1176/1195
f 1087/1223/1196 1094/1231/1196 1088/1224/1196
f 1088/1224/1197 1094/1231/1197 1089/1225/1197
f 1094/1231/1198 1095/1232/1198 1089/1225/1198
f 1089/1225/1199 1095/1232/1199 1096/1233/1199
f 1089/1225/1189 1096/1233/1189 1090/1226/1189
f 1090/1226/1200 1096/1233/1200 1097/1234/1200
f 1090/1226/1191 1097/1234/1191 1091/1227/1191
f 1091/1227/1201 1097/1234/1201 1098/1235/1201
f 1091/1227/1192 1098/1235/1192 1092/1228/1192
f 1092/1228/1202 1098/1235/1202 1099/1236/1202
f 1092/1229/1194 1099/1237/1194 1093/1230/1194
f 1093/1230/1203 1099/1237/1203 1100/1238/1203
f 1093/1230/1195 1100/1238/1195 1049/1176/1195
f 1049/1177/1204 1100/1239/1204 1050/1178/1204
f 1095/1232/1205 1101/1240/1205 1096/1233/1205
f 1096/1233/1206 1101/1240/1206 1102/1241/1206
f 1096/1233/1200 1102/1241/1200 1097/1234/1200
f 1097/1234/1207 1102/1241/1207 1103/1242/1207
f 1097/1234/1201 1103/1242/1201 1098/1235/1201
f 1098/1235/1208 1103/1242/1208 1104/1243/1208
f 1098/1235/1202 1104/1243/1202 1099/1236/1202
f 1099/1236/1209 1104/1243/1209 1105/1244/1209
f 1099/1237/1203 1105/1245/1203 1100/1238/1203
f 1100/1239/1210 1105/1246/1210 1106/1247/1210
f 1100/1239/1204 1106/1247/1204 1050/1178/1204
f 1050/1178/1211 1106/1247/1211 1051/1179/1211
f 1101/1240/1212 1107/1248/1212 1102/1241/1212
f 1102/1241/1213 1107/1248/1213 1108/1249/1213
f 1102/1241/1207 1108/1249/1207 1103/1242/1207
f 1103/1242/1214 1108/1249/1214 1109/1250/1214
f 1103/1242/1208 1109/1250/1208 1104/1243/1208
f 1104/1243/1215 1109/1250/1215 1110/1251/1215
f 1104/1243/1209 1110/1251/1209 1105/1244/1209
f 1105/1244/1216 1110/1251/1216 1111/1252/1216
f 1105/1246/1210 1111/1253/1210 1106/1247/1210
f 1106/1247/1217 1111/1253/1217 1112/1254/1217
f 1106/1247/1211 1112/1254/1211 1051/1179/1211
f 1051/1179/1218 1112/1254/1218 1052/1180/1218
f 1107/1248/1219 1113/1255/1219 1108/1249/1219
f 1108/1249/1220 1113/1255/1220 1114/1256/1220
f 1108/1249/1214 1114/1256/1214 1109/1250/1214
f 1109/1250/1221 1114/1256/1221 1115/1257/1221
f 1109/1250/1215 1115/1257/1215 1110/1251/1215
f 1110/1251/1222 1115/1257/1222 1116/1258/1222
f 1110/1251/1216 1116/1258/1216 1111/1252/1216
f 1111/1252/1223 1116/1258/1223 1117/1259/1223
f 1111/1253/1217 1117/1260/1217 1112/1254/1217
f 1112/1254/1224 1117/1260/1224 1054/1182/1224
f 1112/1254/1225 1054/1182/1225 1052/1180/1225
f 1113/1255/1226 1118/1261/1226 1114/1256/1226
f 1114/1256/1227 1118/1261/1227 1119/1262/1227
f 1114/1256/1221 1119/1262/1221 1115/1257/1221
f 1115/1257/1228 1119/1262/1228 1120/1263/1228
f 1115/1257/1222 1120/1263/1222 1116/1258/1222
f 1116/1258/1229 1120/1263/1229 1121/1264/1229
f 1116/1258/1223 1121/1264/1223 1117/1259/1223
f 1117/1259/1230 1121/1264/1230 1056/1187/1230
f 1117/1260/1231 1056/1184/1231 1054/1182/1231
f 1118/1261/1232 1122/1265/1232 1119/1262/1232
f 1119/1262/1233 1122/1265/1233 1123/1266/1233
f 1119/1262/1228 1123/1266/1228 1120/1263/1228
f 1120/1263/1234 1123/1266/1234 1124/1267/1234
f 1120/1263/1229 1124/1267/1229 1121/1264/1229
f 1121/1264/1235 1124/1267/1235 1058/1188/1235
f 1121/1264/1230 1058/1188/1230 1056/1187/1230
f 1122/1265/1236 1125/1268/1236 1123/1266/1236
f 1123/1266/1237 1125/1268/1237 1126/1269/1237
f 1123/1266/1234 1126/1269/1234 1124/1267/1234
f 1124/1267/1238 1126/1269/1238 1060/1190/1238
f 1124/1267/1239 1060/1190/1239 1058/1188/1239
f 1125/1268/1240 1127/1270/1240 1126/1269/1240
f 1126/1269/1241 1127/1270/1241 1062/1192/1241
f 1126/1269/1238 1062/1192/1238 1060/1190/1238
f 1127/1270/1242 1064/1194/1242 1062/1192/1242
f 1063/1193/1243 1065/1195/1243 1128/1271/1243
f 1128/1271/1244 1065/1195/1244 1129/1272/1244
f 1128/1271/1245 1129/1272/1245 1130/1273/1245
f 1130/1273/1246 1129/1272/1246 1131/1274/1246
f 1130/1273/1247 1131/1274/1247 1132/1275/1247
f 1132/1275/1248 1131/1274/1248 1133/1276/1248
f 1132/1275/1249 1133/1276/1249 1134/1277/1249
f 1134/1277/1250 1133/1276/1250 1135/1278/1250
f 1134/1277/1251 1135/1278/1251 1136/1279/1251
f 1136/1279/1252 1135/1278/1252 1137/1280/1252
f 1136/1279/1253 1137/1280/1253 1138/1281/1253
f 1138/1281/1254 1137/1280/1254 1139/1282/1254
f 1138/1281/1255 1139/1282/1255 1140/1283/1255
f 1140/1283/1256 1139/1282/1256 1141/1284/1256
f 1140/1285/1257 1141/1286/1257 1142/1287/1257
f 1142/1287/1258 1141/1286/1258 1143/1288/1258
f 1142/1287/1259 1143/1288/1259 1144/1289/1259
f 1144/1289/1260 1143/1288/1260 1145/1290/1260
f 1144/1289/1261 1145/1290/1261 1146/1291/1261
f 1146/1291/1262 1145/1290/1262 1147/1292/1262
f 1146/1291/1263 1147/1292/1263 852/962/1263
f 852/962/1264 1147/1292/1264 851/961/1264
f 851/961/1265 1147/1292/1265 1148/1293/1265
f 851/961/1266 1148/1293/1266 850/960/1266
f 850/960/1267 1148/1293/1267 1149/1294/1267
f 850/960/1268 1149/1294/1268 849/959/1268
f 849/959/1269 1149/1294/1269 1150/1295/1269
f 849/959/1270 1150/1295/1270 848/958/1270
f 848/958/1271 1150/1295/1271 1151/1296/1271
f 848/958/1272 1151/1296/1272 1152/1297/1272
f 1152/1297/1273 1151/1296/1273 1153/1298/1273
f 1152/1297/1273 1153/1298/1273 1154/1299/1273
f 1154/1299/1274 1153/1298/1274 1155/1300/1274
f 1154/1299/1274 1155/1300/1274 1156/1301/1274
f 1156/1302/1275 1155/1303/1275 1157/1304/1275
f 1156/1302/1275 1157/1304/1275 1158/1305/1275
f 1158/1305/1276 1157/1304/1276 1159/1306/1276
f 1158/1305/1276 1159/1306/1276 1160/1307/1276
f 1160/1307/1277 1159/1306/1277 1161/1308/1277
f 1160/1307/1277 1161/1308/1277 1162/1309/1277
f 1162/1309/1278 1161/1308/1278 1163/1310/1278
f 1162/1309/1279 1163/1310/1279 1164/1311/1279
f 1135/1278/1280 1165/1312/1280 1137/1280/1280
f 1137/1280/1281 1165/1312/1281 1166/1313/1281
f 1137/1280/1254 1166/1313/1254 1139/1282/1254
f 1139/1282/1282 1166/1313/1282 1167/1314/1282
f 1139/1282/1256 1167/1314/1256 1141/1284/1256
f 1141/1284/1283 1167/1314/1283 1168/1315/1283
f 1141/1286/1258 1168/1316/1258 1143/1288/1258
f 1143/1288/1284 1168/1316/1284 1169/1317/1284
f 1143/1288/1260 1169/1317/1260 1145/1290/1260
f 1145/1290/1285 1169/1317/1285 1170/1318/1285
f 1145/1290/1262 1170/1318/1262 1147/1292/1262
f 1147/1292/1286 1170/1318/1286 1148/1293/1286
f 1165/1312/1287 1171/1319/1287 1166/1313/1287
f 1166/1313/1288 1171/1319/1288 1172/1320/1288
f 1166/1313/1282 1172/1320/1282 1167/1314/1282
f 1167/1314/1289 1172/1320/1289 1173/1321/1289
f 1167/1314/1283 1173/1321/1283 1168/1315/1283
f 1168/1315/1290 1173/1321/1290 1174/1322/1290
f 1168/1316/1291 1174/1323/1291 1169/1317/1291
f 1169/1317/1292 1174/1323/1292 1175/1324/1292
f 1169/1317/1285 1175/1324/1285 1170/1318/1285
f 1170/1318/1293 1175/1324/1293 1176/1325/1293
f 1170/1318/1286 1176/1325/1286 1148/1293/1286
f 1148/1293/1294 1176/1325/1294 1149/1294/1294
f 1171/1319/1295 1177/1326/1295 1172/1320/1295
f 1172/1320/1296 1177/1326/1296 1178/1327/1296
f 1172/1320/1289 1178/1327/1289 1173/1321/1289
f 1173/1321/1297 1178/1327/1297 1179/1328/1297
f 1173/1321/1290 1179/1328/1290 1174/1322/1290
f 1174/1322/1298 1179/1328/1298 1180/1329/1298
f 1174/1323/1292 1180/1330/1292 1175/1324/1292
f 1175/1331/1299 1180/1329/1299 1181/1332/1299
f 1175/1324/1293 1181/1333/1293 1176/1325/1293
f 1176/1325/1300 1181/1333/1300 1182/1334/1300
f 1176/1325/1294 1182/1334/1294 1149/1294/1294
f 1149/1294/1301 1182/1334/1301 1150/1295/1301
f 1177/1326/1302 1183/1335/1302 1178/1327/1302
f 1178/1327/1303 1183/1335/1303 1184/1336/1303
f 1178/1327/1297 1184/1336/1297 1179/1328/1297
f 1179/1328/1304 1184/1336/1304 1185/1337/1304
f 1179/1328/1298 1185/1337/1298 1180/1329/1298
f 1180/1329/1305 1185/1337/1305 1186/1338/1305
f 1180/1329/1299 1186/1338/1299 1181/1332/1299
f 1181/1332/1306 1186/1338/1306 1187/1339/1306
f 1181/1333/1300 1187/1340/1300 1182/1334/1300
f 1182/1334/1307 1187/1340/1307 1188/1341/1307
f 1182/1334/1301 1188/1341/1301 1150/1295/1301
f 1150/1295/1308 1188/1341/1308 1151/1296/1308
f 1183/1335/1309 1189/1342/1309 1184/1336/1309
f 1184/1336/1310 1189/1342/1310 1190/1343/1310
f 1184/1336/1304 1190/1343/1304 1185/1337/1304
f 1185/1337/1311 1190/1343/1311 1191/1344/1311
f 1185/1337/1305 1191/1344/1305 1186/1338/1305
f 1186/1338/1312 1191/1344/1312 1192/1345/1312
f 1186/1338/1306 1192/1345/1306 1187/1339/1306
f 1187/1339/1313 1192/1345/1313 1193/1346/1313
f 1187/1340/1307 1193/1347/1307 1188/1341/1307
f 1188/1341/1314 1193/1347/1314 1153/1298/1314
f 1188/1341/1308 1153/1298/1308 1151/1296/1308
f 1189/1342/1315 1194/1348/1315 1190/1343/1315
f 1190/1343/1316 1194/1348/1316 1195/1349/1316
f 1190/1343/1311 1195/1349/1311 1191/1344/1311
f 1191/1344/1317 1195/1349/1317 1196/1350/1317
f 1191/1344/1312 1196/1350/1312 1192/1345/1312
f 1192/1345/1318 1196/1350/1318 1197/1351/1318
f 1192/1345/1313 1197/1351/1313 1193/1346/1313
f 1193/1346/1319 1197/1351/1319 1155/1303/1319
f 1193/1347/1314 1155/1300/1314 1153/1298/1314
f 1194/1348/1320 1198/1352/1320 1195/1349/1320
f 1195/1349/1321 1198/1352/1321 1199/1353/1321
f 1195/1349/1317 1199/1353/1317 1196/1350/1317
f 1196/1350/1322 1199/1353/1322 1200/1354/1322
f 1196/1350/1318 1200/1354/1318 1197/1351/1318
f 1197/1351/1323 1200/1354/1323 1157/1304/1323
f 1197/1351/1319 1157/1304/1319 1155/1303/1319
f 1198/1352/1324 1201/1355/1324 1199/1353/1324
f 1199/1353/1325 1201/1355/1325 1202/1356/1325
f 1199/1353/1322 1202/1356/1322 1200/1354/1322
f 1200/1354/1326 1202/1356/1326 1159/1306/1326
f 1200/1354/1323 1159/1306/1323 1157/1304/1323
f 1201/1355/1327 1203/1357/1327 1202/1356/1327
f 1202/1356/1328 1203/1357/1328 1161/1308/1328
f 1202/1356/1326 1161/1308/1326 1159/1306/1326
f 1203/1357/1329 1163/1310/1329 1161/1308/1329
f 1162/1309/1330 1164/1311/1330 1204/1358/1330
f 1204/1358/1331 1164/1311/1331 1205/1359/1331
f 1204/1358/1332 1205/1359/1332 1206/1360/1332
f 1206/1360/1333 1205/1359/1333 1207/1361/1333
f 1206/1360/1334 1207/1361/1334 1208/1362/1334
f 1208/1362/1335 1207/1361/1335 1209/1363/1335
f 1208/1362/1336 1209/1363/1336 1210/1364/1336
f 1210/1364/1337 1209/1363/1337 1211/1365/1337
f 1210/1364/1338 1211/1365/1338 1212/1366/1338
f 1212/1366/1339 1211/1365/1339 1213/1367/1339
f 1212/1366/1340 1213/1367/1340 1214/1368/1340
f 1214/1368/1341 1213/1367/1341 1215/1369/1341
f 1214/1368/1342 1215/1369/1342 1216/1370/1342
f 1216/1370/1343 1215/1369/1343 1217/1371/1343
f 1216/1370/1344 1217/1371/1344 924/1037/1344
f 924/1037/1345 1217/1371/1345 922/1035/1345
f 831/940/1346 1218/1372/1346 830/939/1346
f 830/939/1347 1218/1372/1347 1219/1373/1347
f 830/939/1348 1219/1373/1348 829/938/1348
f 829/938/1349 1219/1373/1349 1220/1374/1349
f 829/1012/1350 1220/1375/1350 899/1011/1350
f 899/1011/1351 1220/1375/1351 1221/1376/1351
f 899/1011/1352 1221/1376/1352 898/1010/1352
f 898/1010/1353 1221/1376/1353 1222/1377/1353
f 898/1010/1354 1222/1377/1354 1223/1378/1354
f 1223/1378/1355 1222/1377/1355 1224/1379/1355
f 1223/1378/1355 1224/1379/1355 1225/1380/1355
f 1225/1380/1356 1224/1379/1356 1226/1381/1356
f 1225/1380/1356 1226/1381/1356 1227/1382/1356
f 1227/1383/1357 1226/1384/1357 1228/1385/1357
f 1227/1383/1357 1228/1385/1357 1229/1386/1357
f 1229/1386/1358 1228/1385/1358 1230/1387/1358
f 1229/1386/1358 1230/1387/1358 1231/1388/1358
f 1231/1388/1359 1230/1387/1359 939/1054/1359
f 1231/1388/1359 939/1054/1359 941/1056/1359
f 1218/1372/1360 831/940/1360 1232/1389/1360
f 1232/1389/1361 831/940/1361 832/941/1361
f 1232/1389/1362 832/941/1362 1233/1390/1362
f 1233/1390/1363 832/941/1363 833/942/1363
f 1233/1390/1364 833/942/1364 1234/1391/1364
f 1234/1391/1365 833/942/1365 834/943/1365
f 1234/1391/1366 834/943/1366 1235/1392/1366
f 1235/1392/1367 834/943/1367 1236/1393/1367
f 1235/1392/1368 1236/1393/1368 1237/1394/1368
f 1237/1394/1369 1236/1393/1369 1238/1395/1369
f 1237/1394/1370 1238/1395/1370 1239/1396/1370
f 1239/1396/1371 1238/1395/1371 1240/1397/1371
f 1239/1396/1372 1240/1397/1372 1241/1398/1372
f 1241/1398/1373 1240/1397/1373 1242/1399/1373
f 1241/1400/1374 1242/1401/1374 1243/1402/1374
f 1243/1402/1375 1242/1401/1375 1244/1403/1375
f 1243/1402/1376 1244/1403/1376 921/1034/1376
f 921/1034/1377 1244/1403/1377 923/1036/1377
f 834/943/1378 835/944/1378 1236/1393/1378
f 1236/1393/1379 835/944/1379 1245/1404/1379
f 1236/1393/1369 1245/1404/1369 1238/1395/1369
f 1238/1395/1380 1245/1404/1380 1246/1405/1380
f 1238/1395/1371 1246/1405/1371 1240/1397/1371
f 1240/1397/1381 1246/1405/1381 1247/1406/1381
f 1240/1397/1373 1247/1406/1373 1242/1399/1373
f 1242/1399/1382 1247/1406/1382 1248/1407/1382
f 1242/1401/1375 1248/1408/1375 1244/1403/1375
f 1244/1403/1383 1248/1408/1383 925/1038/1383
f 1244/1403/1377 925/1038/1377 923/1036/1377
f 835/944/1384 836/945/1384 1245/1404/1384
f 1245/1404/1385 836/945/1385 1249/1409/1385
f 1245/1404/1380 1249/1409/1380 1246/1405/1380
f 1246/1405/1386 1249/1409/1386 1250/1410/1386
f 1246/1405/1381 1250/1410/1381 1247/1406/1381
f 1247/1406/1387 1250/1410/1387 1251/1411/1387
f 1247/1406/1382 1251/1411/1382 1248/1407/1382
f 1248/1407/1388 1251/1411/1388 927/1043/1388
f 1248/1408/1383 927/1040/1383 925/1038/1383
f 836/945/1389 837/946/1389 1249/1409/1389
f 1249/1409/1390 837/946/1390 1252/1412/1390
f 1249/1409/1386 1252/1412/1386 1250/1410/1386
f 1250/1410/1391 1252/1412/1391 1253/1413/1391
f 1250/1410/1387 1253/1413/1387 1251/1411/1387
f 1251/1411/1392 1253/1413/1392 929/1044/1392
f 1251/1411/1388 929/1044/1388 927/1043/1388
f 837/946/1393 838/947/1393 1252/1412/1393
f 1252/1412/1394 838/947/1394 1254/1414/1394
f 1252/1412/1391 1254/1414/1391 1253/1413/1391
f 1253/1413/1395 1254/1414/1395 931/1046/1395
f 1253/1413/1392 931/1046/1392 929/1044/1392
f 838/947/1396 839/948/1396 1254/1414/1396
f 1254/1414/1397 839/948/1397 933/1048/1397
f 1254/1414/1395 933/1048/1395 931/1046/1395
f 839/948/1398 840/949/1398 933/1048/1398
f 842/951/1399 1255/1415/1399 841/950/1399
f 841/950/1400 1255/1415/1400 1256/1416/1400
f 841/950/1401 1256/1416/1401 934/1049/1401
f 934/1049/1402 1256/1416/1402 1257/1417/1402
f 934/1049/1402 1257/1417/1402 932/1047/1402
f 932/1047/1403 1257/1417/1403 1258/1418/1403
f 932/1047/1403 1258/1418/1403 930/1045/1403
f 930/1045/1404 1258/1418/1404 1259/1419/1404
f 930/1045/1404 1259/1419/1404 928/1042/1404
f 928/1041/1405 1259/1420/1405 1260/1421/1405
f 928/1041/1405 1260/1421/1405 926/1039/1405
f 926/1039/1406 1260/1421/1406 1216/1370/1406
f 926/1039/1406 1216/1370/1406 924/1037/1406
f 1255/1415/1407 842/951/1407 1261/1422/1407
f 1261/1422/1408 842/951/1408 843/952/1408
f 1261/1422/1409 843/952/1409 1262/1423/1409
f 1262/1423/1410 843/952/1410 844/953/1410
f 1262/1423/1411 844/953/1411 1263/1424/1411
f 1263/1424/1412 844/953/1412 845/954/1412
f 1263/1424/1413 845/954/1413 1264/1425/1413
f 1264/1425/1414 845/954/1414 846/955/1414
f 1264/1425/1415 846/955/1415 1265/1426/1415
f 1265/1426/1416 846/955/1416 847/956/1416
f 1265/1426/1417 847/956/1417 1152/1427/1417
f 1152/1297/1418 847/957/1418 848/958/1418
f 852/962/1419 853/963/1419 1146/1291/1419
f 1146/1291/1420 853/963/1420 1266/1428/1420
f 1146/1291/1261 1266/1428/1261 1144/1289/1261
f 1144/1289/1421 1266/1428/1421 1267/1429/1421
f 1144/1289/1422 1267/1429/1422 1142/1287/1422
f 1142/1287/1423 1267/1429/1423 1268/1430/1423
f 1142/1287/1257 1268/1430/1257 1140/1285/1257
f 1140/1285/1424 1268/1430/1424 1269/1431/1424
f 1140/1283/1255 1269/1432/1255 1138/1281/1255
f 1138/1281/1425 1269/1432/1425 1270/1433/1425
f 1138/1281/1253 1270/1433/1253 1136/1279/1253
f 1136/1279/1426 1270/1433/1426 1271/1434/1426
f 1136/1279/1426 1271/1434/1426 1134/1277/1426
f 1134/1277/1427 1271/1434/1427 1132/1275/1427
f 853/963/1428 854/964/1428 1266/1428/1428
f 1266/1428/1429 854/964/1429 1272/1435/1429
f 1266/1428/1421 1272/1435/1421 1267/1429/1421
f 1267/1429/1430 1272/1435/1430 1273/1436/1430
f 1267/1429/1423 1273/1436/1423 1268/1430/1423
f 1268/1430/1431 1273/1436/1431 1274/1437/1431
f 1268/1430/1424 1274/1437/1424 1269/1431/1424
f 1269/1431/1432 1274/1437/1432 1275/1438/1432
f 1269/1432/1433 1275/1439/1433 1270/1433/1433
f 1270/1433/1434 1275/1439/1434 1276/1440/1434
f 1270/1433/1435 1276/1440/1435 1271/1434/1435
f 1271/1434/1436 1276/1440/1436 1277/1441/1436
f 1271/1434/1427 1277/1441/1427 1132/1275/1427
f 1132/1275/1437 1277/1441/1437 1130/1273/1437
f 854/964/1438 855/965/1438 1272/1435/1438
f 1272/1435/1439 855/965/1439 1278/1442/1439
f 1272/1435/1430 1278/1442/1430 1273/1436/1430
f 1273/1436/1440 1278/1442/1440 1279/1443/1440
f 1273/1436/1431 1279/1443/1431 1274/1437/1431
f 1274/1437/1441 1279/1443/1441 1280/1444/1441
f 1274/1437/1432 1280/1444/1432 1275/1438/1432
f 1275/1438/1442 1280/1444/1442 1281/1445/1442
f 1275/1438/1443 1281/1445/1443 1276/1446/1443
f 1276/1446/1444 1281/1445/1444 1282/1447/1444
f 1276/1440/1436 1282/1448/1436 1277/1441/1436
f 1277/1441/1445 1282/1448/1445 1283/1449/1445
f 1277/1441/1437 1283/1449/1437 1130/1273/1437
f 1130/1273/1446 1283/1449/1446 1128/1271/1446
f 1278/1442/1447 855/965/1447 1284/1450/1447
f 1284/1450/1448 855/965/1448 856/966/1448
f 1284/1450/1449 856/966/1449 1285/1451/1449
f 1285/1451/1450 856/966/1450 857/967/1450
f 1285/1451/1451 857/967/1451 1286/1452/1451
f 1286/1452/1452 857/967/1452 858/968/1452
f 1286/1452/1453 858/968/1453 1287/1453/1453
f 1287/1453/1454 858/968/1454 859/969/1454
f 1287/1453/1455 859/969/1455 1288/1454/1455
f 1288/1454/1456 859/969/1456 860/970/1456
f 1288/1454/1457 860/970/1457 1289/1455/1457
f 1289/1455/1458 860/970/1458 861/971/1458
f 1289/1455/1459 861/971/1459 1053/1181/1459
f 1053/1181/1460 861/971/1460 862/972/1460
f 869/980/1461 870/981/1461 1044/1171/1461
f 1044/1171/1462 870/981/1462 1042/1169/1462
f 1042/1169/1463 870/981/1463 1290/1456/1463
f 1290/1456/1464 870/981/1464 871/982/1464
f 1290/1456/1465 871/982/1465 1291/1457/1465
f 1291/1457/1466 871/982/1466 872/983/1466
f 1291/1457/1467 872/983/1467 1292/1458/1467
f 1292/1458/1468 872/983/1468 873/984/1468
f 1292/1458/1469 873/984/1469 1293/1459/1469
f 1293/1459/1470 873/984/1470 874/985/1470
f 1293/1459/1471 874/985/1471 1294/1460/1471
f 1294/1460/1472 874/985/1472 875/986/1472
f 1294/1460/1473 875/986/1473 1295/1461/1473
f 1295/1461/1474 875/986/1474 876/987/1474
f 1295/1461/1475 876/987/1475 1296/1462/1475
f 1296/1462/1476 876/987/1476 877/988/1476
f 1296/1462/1477 877/988/1477 1297/1463/1477
f 1297/1463/1478 877/988/1478 1298/1464/1478
f 1297/1463/1479 1298/1464/1479 1299/1465/1479
f 1299/1465/1480 1298/1464/1480 1300/1466/1480
f 1299/1465/1481 1300/1466/1481 1301/1467/1481
f 1301/1467/1482 1300/1466/1482 1302/1468/1482
f 1301/1469/1483 1302/1470/1483 1303/1471/1483
f 1303/1471/1484 1302/1470/1484 1304/1472/1484
f 1303/1471/1485 1304/1472/1485 1305/1473/1485
f 1305/1473/1486 1304/1472/1486 1306/1474/1486
f 1305/1473/1487 1306/1474/1487 1016/1141/1487
f 1016/1141/1488 1306/1474/1488 1014/1139/1488
f 877/988/1489 878/989/1489 1298/1464/1489
f 1298/1464/1490 878/989/1490 1307/1475/1490
f 1298/1464/1480 1307/1475/1480 1300/1466/1480
f 1300/1466/1491 1307/1475/1491 1308/1476/1491
f 1300/1466/1482 1308/1476/1482 1302/1468/1482
f 1302/1468/1492 1308/1476/1492 1309/1477/1492
f 1302/1470/1484 1309/1478/1484 1304/1472/1484
f 1304/1472/1493 1309/1478/1493 1310/1479/1493
f 1304/1472/1486 1310/1479/1486 1306/1474/1486
f 1306/1474/1494 1310/1479/1494 1311/1480/1494
f 1306/1474/1488 1311/1480/1488 1014/1139/1488
f 1014/1139/1495 1311/1480/1495 978/1097/1495
f 878/989/1496 879/990/1496 1307/1475/1496
f 1307/1475/1497 879/990/1497 1312/1481/1497
f 1307/1475/1491 1312/1481/1491 1308/1476/1491
f 1308/1476/1498 1312/1481/1498 1313/1482/1498
f 1308/1476/1492 1313/1482/1492 1309/1477/1492
f 1309/1477/1499 1313/1482/1499 1314/1483/1499
f 1309/1478/1493 1314/1484/1493 1310/1479/1493
f 1310/1479/1500 1314/1484/1500 1315/1485/1500
f 1310/1479/1494 1315/1485/1494 1311/1480/1494
f 1311/1480/1501 1315/1485/1501 976/1095/1501
f 1311/1480/1495 976/1095/1495 978/1097/1495
f 879/990/1502 880/991/1502 1312/1481/1502
f 1312/1481/1503 880/991/1503 1316/1486/1503
f 1312/1481/1498 1316/1486/1498 1313/1482/1498
f 1313/1482/1504 1316/1486/1504 1317/1487/1504
f 1313/1482/1499 1317/1487/1499 1314/1483/1499
f 1314/1483/1505 1317/1487/1505 1318/1488/1505
f 1314/1484/1500 1318/1489/1500 1315/1485/1500
f 1315/1485/1506 1318/1489/1506 974/1093/1506
f 1315/1485/1507 974/1093/1507 976/1095/1507
f 880/991/1508 881/992/1508 1316/1486/1508
f 1316/1486/1509 881/992/1509 1319/1490/1509
f 1316/1486/1504 1319/1490/1504 1317/1487/1504
f 1317/1487/1510 1319/1490/1510 1320/1491/1510
f 1317/1487/1505 1320/1491/1505 1318/1488/1505
f 1318/1492/1511 1320/1493/1511 972/1089/1511
f 1318/1489/1506 972/1090/1506 974/1093/1506
f 881/992/1512 882/993/1512 1319/1490/1512
f 1319/1490/1513 882/993/1513 1321/1494/1513
f 1319/1490/1510 1321/1494/1510 1320/1491/1510
f 1320/1493/1514 1321/1495/1514 970/1087/1514
f 1320/1493/1511 970/1087/1511 972/1089/1511
f 882/994/1515 883/995/1515 1321/1495/1515
f 1321/1495/1516 883/995/1516 968/1085/1516
f 1321/1495/1514 968/1085/1514 970/1087/1514
f 883/995/1517 884/996/1517 968/1085/1517
f 887/999/1518 888/1000/1518 963/1080/1518
f 963/1080/1519 888/1000/1519 1322/1496/1519
f 963/1080/1032 1322/1496/1032 961/1078/1032
f 961/1078/1520 1322/1496/1520 1323/1497/1520
f 961/1078/1030 1323/1497/1030 959/1076/1030
f 959/1076/1521 1323/1497/1521 1324/1498/1521
f 959/1076/1028 1324/1498/1028 957/1074/1028
f 957/1074/1522 1324/1498/1522 1325/1499/1522
f 957/1072/1026 1325/1500/1026 955/1070/1026
f 955/1070/1523 1325/1500/1523 1326/1501/1523
f 955/1070/1024 1326/1501/1024 953/1068/1024
f 953/1068/1524 1326/1501/1524 951/1066/1524
f 888/1000/1525 889/1001/1525 1322/1496/1525
f 1322/1496/1526 889/1001/1526 1327/1502/1526
f 1322/1496/1520 1327/1502/1520 1323/1497/1520
f 1323/1497/1527 1327/1502/1527 1328/1503/1527
f 1323/1497/1521 1328/1503/1521 1324/1498/1521
f 1324/1498/1528 1328/1503/1528 1329/1504/1528
f 1324/1498/1522 1329/1504/1522 1325/1499/1522
f 1325/1499/1529 1329/1504/1529 1330/1505/1529
f 1325/1500/1523 1330/1506/1523 1326/1501/1523
f 1326/1501/1530 1330/1506/1530 1331/1507/1530
f 1326/1501/1524 1331/1507/1524 951/1066/1524
f 951/1066/1531 1331/1507/1531 949/1064/1531
f 889/1001/1532 890/1002/1532 1327/1502/1532
f 1327/1502/1533 890/1002/1533 1332/1508/1533
f 1327/1502/1527 1332/1508/1527 1328/1503/1527
f 1328/1503/1534 1332/1508/1534 1333/1509/1534
f 1328/1503/1528 1333/1509/1528 1329/1504/1528
f 1329/1504/1535 1333/1509/1535 1334/1510/1535
f 1329/1504/1529 1334/1510/1529 1330/1505/1529
f 1330/1505/1536 1334/1510/1536 1335/1511/1536
f 1330/1506/1530 1335/1512/1530 1331/1507/1530
f 1331/1507/1537 1335/1512/1537 1336/1513/1537
f 1331/1507/1531 1336/1513/1531 949/1064/1531
f 949/1064/1538 1336/1513/1538 947/1062/1538
f 890/1002/1539 891/1003/1539 1332/1508/1539
f 1332/1508/1540 891/1003/1540 1337/1514/1540
f 1332/1508/1534 1337/1514/1534 1333/1509/1534
f 1333/1509/1541 1337/1514/1541 1338/1515/1541
f 1333/1509/1535 1338/1515/1535 1334/1510/1535
f 1334/1510/1542 1338/1515/1542 1339/1516/1542
f 1334/1510/1536 1339/1516/1536 1335/1511/1536
f 1335/1511/1543 1339/1516/1543 1340/1517/1543
f 1335/1512/1537 1340/1518/1537 1336/1513/1537
f 1336/1513/1544 1340/1518/1544 1341/1519/1544
f 1336/1513/1538 1341/1519/1538 947/1062/1538
f 947/1062/1545 1341/1519/1545 945/1060/1545
f 1337/1514/1546 891/1003/1546 1342/1520/1546
f 1342/1520/1547 891/1003/1547 892/1004/1547
f 1342/1520/1548 892/1004/1548 1343/1521/1548
f 1343/1521/1549 892/1004/1549 893/1005/1549
f 1343/1521/1550 893/1005/1550 1344/1522/1550
f 1344/1522/1551 893/1005/1551 894/1006/1551
f 1344/1522/1552 894/1006/1552 1345/1523/1552
f 1345/1523/1553 894/1006/1553 895/1007/1553
f 1345/1523/1554 895/1007/1554 1346/1524/1554
f 1346/1524/1555 895/1007/1555 896/1008/1555
f 1346/1524/1556 896/1008/1556 1347/1525/1556
f 1347/1525/1557 896/1008/1557 897/1009/1557
f 1347/1525/1558 897/1009/1558 1223/1378/1558
f 1223/1378/1559 897/1009/1559 898/1010/1559
f 901/1014/1560 1348/1526/1560 903/1016/1560
f 903/1016/1560 1348/1526/1560 1349/1527/1560
f 903/1016/1561 1349/1527/1561 905/1018/1561
f 905/1018/1561 1349/1527/1561 1350/1528/1561
f 905/1018/1562 1350/1528/1562 907/1020/1562
f 907/1020/1562 1350/1528/1562 1351/1529/1562
f 907/1020/1563 1351/1529/1563 909/1022/1563
f 909/1022/1563 1351/1529/1563 1352/1530/1563
f 909/1022/1564 1352/1530/1564 911/1024/1564
f 911/1024/1564 1352/1530/1564 1353/1531/1564
f 911/1024/1565 1353/1531/1565 913/1026/1565
f 913/1026/1565 1353/1531/1565 1354/1532/1565
f 913/1026/1566 1354/1532/1566 915/1028/1566
f 915/1028/1566 1354/1532/1566 1355/1533/1566
f 915/1028/1567 1355/1533/1567 917/1030/1567
f 917/1030/1567 1355/1533/1567 1356/1534/1567
f 917/1030/1568 1356/1534/1568 919/1032/1568
f 919/1032/1568 1356/1534/1568 1243/1402/1568
f 919/1032/1376 1243/1402/1376 921/1034/1376
f 1348/1526/1569 1357/1535/1569 1349/1527/1569
f 1349/1527/1569 1357/1535/1569 1358/1536/1569
f 1349/1527/1570 1358/1536/1570 1350/1528/1570
f 1350/1528/1570 1358/1536/1570 1359/1537/1570
f 1350/1528/1571 1359/1537/1571 1351/1529/1571
f 1351/1529/1571 1359/1537/1571 1360/1538/1571
f 1351/1529/1572 1360/1538/1572 1352/1530/1572
f 1352/1530/1572 1360/1538/1572 1361/1539/1572
f 1352/1530/1573 1361/1539/1573 1353/1531/1573
f 1353/1531/1573 1361/1539/1573 1362/1540/1573
f 1353/1531/1574 1362/1540/1574 1354/1532/1574
f 1354/1532/1574 1362/1540/1574 1363/1541/1574
f 1354/1532/1575 1363/1541/1575 1355/1533/1575
f 1355/1533/1575 1363/1541/1575 1364/1542/1575
f 1355/1533/1576 1364/1542/1576 1356/1534/1576
f 1356/1534/1577 1364/1542/1577 1241/1400/1577
f 1356/1534/1374 1241/1400/1374 1243/1402/1374
f 1348/1526/1578 901/1014/1578 1365/1543/1578
f 1365/1543/1578 901/1014/1578 935/1050/1578
f 1365/1543/1579 935/1050/1579 1366/1544/1579
f 1366/1544/1579 935/1050/1579 937/1052/1579
f 1366/1544/1580 937/1052/1580 1230/1387/1580
f 1230/1387/1580 937/1052/1580 939/1054/1580
f 1357/1535/1581 1367/1545/1581 1358/1536/1581
f 1358/1536/1581 1367/1545/1581 1368/1546/1581
f 1358/1536/1582 1368/1546/1582 1359/1537/1582
f 1359/1537/1582 1368/1546/1582 1369/1547/1582
f 1359/1537/1583 1369/1547/1583 1360/1538/1583
f 1360/1538/1583 1369/1547/1583 1370/1548/1583
f 1360/1549/1584 1370/1550/1584 1361/1551/1584
f 1361/1551/1584 1370/1550/1584 1371/1552/1584
f 1361/1551/1585 1371/1552/1585 1362/1553/1585
f 1362/1553/1585 1371/1552/1585 1372/1554/1585
f 1362/1553/1586 1372/1554/1586 1363/1555/1586
f 1363/1555/1586 1372/1554/1586 1373/1556/1586
f 1363/1555/1587 1373/1556/1587 1364/1557/1587
f 1364/1557/1587 1373/1556/1587 1239/1396/1587
f 1364/1557/1372 1239/1396/1372 1241/1398/1372
f 1357/1535/1588 1348/1526/1588 1374/1558/1588
f 1374/1558/1588 1348/1526/1588 1365/1543/1588
f 1374/1558/1589 1365/1543/1589 1375/1559/1589
f 1375/1559/1589 1365/1543/1589 1366/1544/1589
f 1375/1559/1590 1366/1544/1590 1228/1385/1590
f 1228/1385/1590 1366/1544/1590 1230/1387/1590
f 1367/1560/1591 1376/1561/1591 1368/1562/1591
f 1368/1562/1591 1376/1561/1591 1377/1563/1591
f 1368/1562/1592 1377/1563/1592 1369/1564/1592
f 1369/1564/1592 1377/1563/1592 1378/1565/1592
f 1369/1564/1593 1378/1565/1593 1370/1550/1593
f 1370/1550/1594 1378/1565/1594 1379/1566/1594
f 1370/1550/1595 1379/1566/1595 1371/1552/1595
f 1371/1552/1595 1379/1566/1595 1380/1567/1595
f 1371/1552/1596 1380/1567/1596 1372/1554/1596
f 1372/1554/1596 1380/1567/1596 1381/1568/1596
f 1372/1554/1597 1381/1568/1597 1373/1556/1597
f 1373/1556/1598 1381/1568/1598 1237/1394/1598
f 1373/1556/1370 1237/1394/1370 1239/1396/1370
f 1367/1545/1599 1357/1535/1599 1382/1569/1599
f 1382/1569/1599 1357/1535/1599 1374/1558/1599
f 1382/1569/1600 1374/1558/1600 1383/1570/1600
f 1383/1570/1600 1374/1558/1600 1375/1559/1600
f 1383/1570/1601 1375/1559/1601 1226/1384/1601
f 1226/1384/1601 1375/1559/1601 1228/1385/1601
f 1376/1561/1602 1219/1373/1602 1377/1563/1602
f 1377/1563/1602 1219/1373/1602 1218/1372/1602
f 1377/1563/1603 1218/1372/1603 1378/1565/1603
f 1378/1565/1604 1218/1372/1604 1232/1389/1604
f 1378/1565/1605 1232/1389/1605 1379/1566/1605
f 1379/1566/1605 1232/1389/1605 1233/1390/1605
f 1379/1566/1606 1233/1390/1606 1380/1567/1606
f 1380/1567/1606 1233/1390/1606 1234/1391/1606
f 1380/1567/1607 1234/1391/1607 1381/1568/1607
f 1381/1568/1607 1234/1391/1607 1235/1392/1607
f 1381/1568/1368 1235/1392/1368 1237/1394/1368
f 1376/1561/1608 1367/1560/1608 1384/1571/1608
f 1384/1571/1608 1367/1560/1608 1382/1572/1608
f 1384/1573/1609 1382/1574/1609 1385/1575/1609
f 1385/1575/1610 1382/1574/1610 1383/1576/1610
f 1385/1575/1611 1383/1576/1611 1224/1379/1611
f 1224/1379/1611 1383/1576/1611 1226/1381/1611
f 1219/1373/1612 1376/1561/1612 1220/1374/1612
f 1220/1374/1613 1376/1561/1613 1384/1571/1613
f 1220/1375/1614 1384/1573/1614 1221/1376/1614
f 1221/1376/1614 1384/1573/1614 1385/1575/1614
f 1221/1376/1615 1385/1575/1615 1222/1377/1615
f 1222/1377/1615 1385/1575/1615 1224/1379/1615
f 1231/1388/1616 941/1056/1616 1386/1577/1616
f 1386/1577/1616 941/1056/1616 943/1058/1616
f 1386/1577/1617 943/1058/1617 1387/1578/1617
f 1387/1578/1617 943/1058/1617 945/1060/1617
f 1387/1578/1545 945/1060/1545 1341/1519/1545
f 1229/1386/1618 1231/1388/1618 1388/1579/1618
f 1388/1579/1618 1231/1388/1618 1386/1577/1618
f 1388/1579/1619 1386/1577/1619 1389/1580/1619
f 1389/1580/1619 1386/1577/1619 1387/1578/1619
f 1389/1580/1620 1387/1578/1620 1390/1581/1620
f 1390/1581/1620 1387/1578/1620 1341/1519/1620
f 1390/1581/1544 1341/1519/1544 1340/1518/1544
f 1227/1383/1621 1229/1386/1621 1391/1582/1621
f 1391/1582/1621 1229/1386/1621 1388/1579/1621
f 1391/1582/1622 1388/1579/1622 1392/1583/1622
f 1392/1583/1622 1388/1579/1622 1389/1580/1622
f 1392/1584/1623 1389/1585/1623 1393/1586/1623
f 1393/1586/1623 1389/1585/1623 1390/1587/1623
f 1393/1586/1624 1390/1587/1624 1394/1588/1624
f 1394/1588/1624 1390/1587/1624 1340/1517/1624
f 1394/1588/1543 1340/1517/1543 1339/1516/1543
f 1347/1525/1625 1223/1378/1625 1225/1380/1625
f 1225/1380/1626 1227/1382/1626 1395/1589/1626
f 1395/1589/1626 1227/1382/1626 1391/1590/1626
f 1395/1589/1627 1391/1590/1627 1396/1591/1627
f 1396/1591/1627 1391/1590/1627 1392/1584/1627
f 1396/1591/1628 1392/1584/1628 1397/1592/1628
f 1397/1592/1628 1392/1584/1628 1393/1586/1628
f 1397/1592/1629 1393/1586/1629 1398/1593/1629
f 1398/1593/1630 1393/1586/1630 1394/1588/1630
f 1398/1593/1631 1394/1588/1631 1399/1594/1631
f 1399/1594/1631 1394/1588/1631 1339/1516/1631
f 1399/1594/1542 1339/1516/1542 1338/1515/1542
f 1346/1524/1632 1347/1525/1632 1395/1589/1632
f 1395/1589/1625 1347/1525/1625 1225/1380/1625
f 1346/1524/1632 1395/1589/1632 1396/1591/1632
f 1345/1523/1633 1346/1524/1633 1396/1591/1633
f 1345/1523/1633 1396/1591/1633 1397/1592/1633
f 1344/1522/1634 1345/1523/1634 1397/1592/1634
f 1344/1522/1634 1397/1592/1634 1398/1593/1634
f 1343/1521/1635 1344/1522/1635 1398/1593/1635
f 1343/1521/1635 1398/1593/1635 1399/1594/1635
f 1342/1520/1636 1343/1521/1636 1399/1594/1636
f 1342/1520/1636 1399/1594/1636 1338/1515/1636
f 1342/1520/1541 1338/1515/1541 1337/1514/1541
f 1016/1141/1487 1018/1143/1487 1305/1473/1487
f 1305/1473/1637 1018/1143/1637 1400/1595/1637
f 1305/1473/1485 1400/1595/1485 1303/1471/1485
f 1303/1471/1638 1400/1595/1638 1401/1596/1638
f 1303/1471/1483 1401/1596/1483 1301/1469/1483
f 1301/1469/1639 1401/1596/1639 1402/1597/1639
f 1301/1467/1481 1402/1598/1481 1299/1465/1481
f 1299/1465/1640 1402/1598/1640 1403/1599/1640
f 1299/1465/1479 1403/1599/1479 1297/1463/1479
f 1297/1463/1641 1403/1599/1641 1296/1462/1641
f 1018/1143/1637 1020/1145/1637 1400/1595/1637
f 1400/1595/1642 1020/1145/1642 1404/1600/1642
f 1400/1595/1638 1404/1600/1638 1401/1596/1638
f 1401/1596/1643 1404/1600/1643 1405/1601/1643
f 1401/1596/1644 1405/1601/1644 1402/1597/1644
f 1402/1597/1645 1405/1601/1645 1406/1602/1645
f 1402/1598/1640 1406/1603/1640 1403/1599/1640
f 1403/1599/1646 1406/1603/1646 1407/1604/1646
f 1403/1599/1641 1407/1604/1641 1296/1462/1641
f 1296/1462/1647 1407/1604/1647 1295/1461/1647
f 1020/1145/1642 1022/1147/1642 1404/1600/1642
f 1404/1600/1648 1022/1147/1648 1408/1605/1648
f 1404/1600/1643 1408/1605/1643 1405/1601/1643
f 1405/1601/1649 1408/1605/1649 1409/1606/1649
f 1405/1601/1645 1409/1606/1645 1406/1602/1645
f 1406/1603/1650 1409/1607/1650 1410/1608/1650
f 1406/1603/1646 1410/1608/1646 1407/1604/1646
f 1407/1604/1651 1410/1608/1651 1411/1609/1651
f 1407/1604/1647 1411/1609/1647 1295/1461/1647
f 1295/1461/1652 1411/1609/1652 1294/1460/1652
f 1022/1147/1648 1024/1149/1648 1408/1605/1648
f 1408/1605/1653 1024/1149/1653 1412/1610/1653
f 1408/1605/1649 1412/1610/1649 1409/1606/1649
f 1409/1606/1654 1412/1610/1654 1413/1611/1654
f 1409/1607/1650 1413/1612/1650 1410/1608/1650
f 1410/1608/1655 1413/1612/1655 1414/1613/1655
f 1410/1608/1651 1414/1613/1651 1411/1609/1651
f 1411/1609/1656 1414/1613/1656 1415/1614/1656
f 1411/1609/1657 1415/1614/1657 1294/1460/1657
f 1294/1460/1658 1415/1614/1658 1293/1459/1658
f 1024/1149/1653 1026/1151/1653 1412/1610/1653
f 1412/1610/1659 1026/1151/1659 1416/1615/1659
f 1412/1610/1654 1416/1615/1654 1413/1611/1654
f 1413/1611/1660 1416/1615/1660 1417/1616/1660
f 1413/1612/1655 1417/1617/1655 1414/1613/1655
f 1414/1613/1661 1417/1617/1661 1418/1618/1661
f 1414/1613/1662 1418/1618/1662 1415/1614/1662
f 1415/1614/1663 1418/1618/1663 1419/1619/1663
f 1415/1614/1658 1419/1619/1658 1293/1459/1658
f 1293/1459/1664 1419/1619/1664 1292/1458/1664
f 1026/1151/1659 1028/1153/1659 1416/1615/1659
f 1416/1615/1665 1028/1153/1665 1420/1620/1665
f 1416/1615/1660 1420/1620/1660 1417/1616/1660
f 1417/1616/1666 1420/1620/1666 1421/1621/1666
f 1417/1617/1661 1421/1622/1661 1418/1618/1661
f 1418/1618/1667 1421/1622/1667 1422/1623/1667
f 1418/1618/1668 1422/1623/1668 1419/1619/1668
f 1419/1619/1669 1422/1623/1669 1423/1624/1669
f 1419/1619/1664 1423/1624/1664 1292/1458/1664
f 1292/1458/1670 1423/1624/1670 1291/1457/1670
f 1028/1153/1665 1030/1155/1665 1420/1620/1665
f 1420/1620/1671 1030/1155/1671 1424/1625/1671
f 1420/1620/1672 1424/1625/1672 1421/1621/1672
f 1421/1621/1673 1424/1625/1673 1425/1626/1673
f 1421/1622/1674 1425/1627/1674 1422/1623/1674
f 1422/1623/1675 1425/1627/1675 1426/1628/1675
f 1422/1623/1669 1426/1628/1669 1423/1624/1669
f 1423/1624/1676 1426/1628/1676 1427/1629/1676
f 1423/1624/1670 1427/1629/1670 1291/1457/1670
f 1291/1457/1677 1427/1629/1677 1290/1456/1677
f 1032/1157/1114 1034/1159/1114 1424/1625/1114
f 1424/1625/1678 1034/1159/1678 1425/1626/1678
f 1426/1628/1675 1425/1627/1675 1036/1163/1675
f 1036/1161/1116 1425/1626/1116 1034/1159/1116
f 1030/1155/1679 1032/1157/1679 1424/1625/1679
f 1427/1629/1676 1426/1628/1676 1038/1165/1676
f 1038/1165/1118 1426/1628/1118 1036/1163/1118
f 1290/1456/1677 1427/1629/1677 1040/1167/1677
f 1040/1167/1120 1427/1629/1120 1038/1165/1120
f 1042/1169/1122 1290/1456/1122 1040/1167/1122
f 1061/1191/1680 1063/1193/1680 1428/1630/1680
f 1428/1630/1680 1063/1193/1680 1128/1271/1680
f 1428/1630/1446 1128/1271/1446 1283/1449/1446
f 1059/1189/1681 1061/1191/1681 1429/1631/1681
f 1429/1631/1681 1061/1191/1681 1428/1630/1681
f 1429/1631/1682 1428/1630/1682 1430/1632/1682
f 1430/1632/1682 1428/1630/1682 1283/1449/1682
f 1430/1632/1683 1283/1449/1683 1282/1448/1683
f 1057/1186/1684 1059/1189/1684 1431/1633/1684
f 1431/1633/1684 1059/1189/1684 1429/1631/1684
f 1431/1633/1685 1429/1631/1685 1432/1634/1685
f 1432/1634/1686 1429/1631/1686 1430/1632/1686
f 1432/1635/1687 1430/1636/1687 1433/1637/1687
f 1433/1637/1687 1430/1636/1687 1282/1447/1687
f 1433/1637/1444 1282/1447/1444 1281/1445/1444
f 1289/1455/1688 1053/1181/1688 1055/1183/1688
f 1055/1183/1689 1057/1185/1689 1434/1638/1689
f 1434/1638/1690 1057/1185/1690 1431/1639/1690
f 1434/1638/1691 1431/1639/1691 1435/1640/1691
f 1435/1640/1691 1431/1639/1691 1432/1635/1691
f 1435/1640/1692 1432/1635/1692 1436/1641/1692
f 1436/1641/1692 1432/1635/1692 1433/1637/1692
f 1436/1641/1693 1433/1637/1693 1437/1642/1693
f 1437/1642/1693 1433/1637/1693 1281/1445/1693
f 1437/1642/1694 1281/1445/1694 1280/1444/1694
f 1288/1454/1695 1289/1455/1695 1434/1638/1695
f 1434/1638/1688 1289/1455/1688 1055/1183/1688
f 1288/1454/1695 1434/1638/1695 1435/1640/1695
f 1287/1453/1696 1288/1454/1696 1435/1640/1696
f 1287/1453/1696 1435/1640/1696 1436/1641/1696
f 1286/1452/1697 1287/1453/1697 1436/1641/1697
f 1286/1452/1697 1436/1641/1697 1437/1642/1697
f 1286/1452/1698 1437/1642/1698 1438/1643/1698
f 1438/1643/1699 1437/1642/1699 1280/1444/1699
f 1438/1643/1700 1280/1444/1700 1279/1443/1700
f 1279/1443/1701 1284/1450/1701 1438/1643/1701
f 1438/1643/1702 1284/1450/1702 1285/1451/1702
f 1438/1643/1698 1285/1451/1698 1286/1452/1698
f 1284/1450/1440 1279/1443/1440 1278/1442/1440
f 1160/1307/1703 1162/1309/1703 1439/1644/1703
f 1439/1644/1703 1162/1309/1703 1204/1358/1703
f 1439/1644/1704 1204/1358/1704 1440/1645/1704
f 1440/1645/1704 1204/1358/1704 1206/1360/1704
f 1440/1645/1705 1206/1360/1705 1441/1646/1705
f 1441/1646/1705 1206/1360/1705 1208/1362/1705
f 1441/1646/1706 1208/1362/1706 1442/1647/1706
f 1442/1647/1706 1208/1362/1706 1210/1364/1706
f 1442/1647/1707 1210/1364/1707 1443/1648/1707
f 1443/1648/1707 1210/1364/1707 1212/1366/1707
f 1443/1648/1708 1212/1366/1708 1444/1649/1708
f 1444/1649/1708 1212/1366/1708 1214/1368/1708
f 1444/1649/1709 1214/1368/1709 1260/1421/1709
f 1260/1421/1709 1214/1368/1709 1216/1370/1709
f 1158/1305/1710 1160/1307/1710 1445/1650/1710
f 1445/1650/1710 1160/1307/1710 1439/1644/1710
f 1445/1650/1711 1439/1644/1711 1446/1651/1711
f 1446/1651/1711 1439/1644/1711 1440/1645/1711
f 1446/1651/1712 1440/1645/1712 1447/1652/1712
f 1447/1652/1712 1440/1645/1712 1441/1646/1712
f 1447/1652/1713 1441/1646/1713 1448/1653/1713
f 1448/1653/1713 1441/1646/1713 1442/1647/1713
f 1448/1653/1714 1442/1647/1714 1449/1654/1714
f 1449/1654/1714 1442/1647/1714 1443/1648/1714
f 1449/1654/1715 1443/1648/1715 1450/1655/1715
f 1450/1655/1715 1443/1648/1715 1444/1649/1715
f 1450/1655/1716 1444/1649/1716 1259/1420/1716
f 1259/1420/1716 1444/1649/1716 1260/1421/1716
f 1156/1302/1717 1158/1305/1717 1451/1656/1717
f 1451/1656/1718 1158/1305/1718 1445/1650/1718
f 1451/1656/1719 1445/1650/1719 1452/1657/1719
f 1452/1657/1719 1445/1650/1719 1446/1651/1719
f 1452/1657/1720 1446/1651/1720 1453/1658/1720
f 1453/1658/1721 1446/1651/1721 1447/1652/1721
f 1453/1658/1722 1447/1652/1722 1454/1659/1722
f 1454/1659/1722 1447/1652/1722 1448/1653/1722
f 1454/1660/1723 1448/1661/1723 1455/1662/1723
f 1455/1662/1723 1448/1661/1723 1449/1663/1723
f 1455/1662/1724 1449/1663/1724 1456/1664/1724
f 1456/1664/1724 1449/1663/1724 1450/1665/1724
f 1456/1664/1725 1450/1665/1725 1258/1418/1725
f 1258/1418/1725 1450/1665/1725 1259/1419/1725
f 1265/1426/1726 1152/1427/1726 1154/1666/1726
f 1154/1666/1727 1156/1667/1727 1457/1668/1727
f 1457/1668/1727 1156/1667/1727 1451/1669/1727
f 1457/1668/1728 1451/1669/1728 1458/1670/1728
f 1458/1670/1728 1451/1669/1728 1452/1671/1728
f 1458/1670/1729 1452/1671/1729 1459/1672/1729
f 1459/1672/1730 1452/1671/1730 1453/1673/1730
f 1459/1672/1731 1453/1673/1731 1460/1674/1731
f 1460/1674/1731 1453/1673/1731 1454/1660/1731
f 1460/1674/1732 1454/1660/1732 1461/1675/1732
f 1461/1675/1732 1454/1660/1732 1455/1662/1732
f 1461/1675/1733 1455/1662/1733 1462/1676/1733
f 1462/1676/1733 1455/1662/1733 1456/1664/1733
f 1462/1676/1734 1456/1664/1734 1257/1417/1734
f 1257/1417/1734 1456/1664/1734 1258/1418/1734
f 1264/1425/1735 1265/1426/1735 1457/1668/1735
f 1457/1668/1726 1265/1426/1726 1154/1666/1726
f 1264/1425/1735 1457/1668/1735 1458/1670/1735
f 1263/1424/1736 1264/1425/1736 1458/1670/1736
f 1263/1424/1736 1458/1670/1736 1459/1672/1736
f 1262/1423/1737 1263/1424/1737 1459/1672/1737
f 1262/1423/1737 1459/1672/1737 1460/1674/1737
f 1261/1422/1738 1262/1423/1738 1460/1674/1738
f 1261/1422/1738 1460/1674/1738 1461/1675/1738
f 1255/1415/1739 1261/1422/1739 1461/1675/1739
f 1255/1415/1739 1461/1675/1739 1462/1676/1739
f 1256/1416/1740 1255/1415/1740 1462/1676/1740
f 1256/1416/1740 1462/1676/1740 1257/1417/1740
f 1463/1677/1741 1464/1678/1741 902/1015/1741
f 902/1015/1741 1464/1678/1741 1465/1679/1741
f 902/1015/1741 1465/1679/1741 900/1013/1741
f 900/1013/1741 1465/1679/1741 1466/1680/1741
f 900/1013/1741 1466/1680/1741 936/1051/1741
f 936/1051/1741 1466/1680/1741 1467/1681/1741
f 936/1051/1741 1467/1681/1741 938/1053/1741
f 938/1053/1741 1467/1681/1741 1468/1682/1741
f 938/1053/1741 1468/1682/1741 940/1055/1741
f 940/1055/1741 1468/1682/1741 1469/1683/1741
f 940/1055/1741 1469/1683/1741 942/1057/1741
f 942/1057/1741 1469/1683/1741 1470/1684/1741
f 942/1057/1741 1470/1684/1741 944/1059/1741
f 944/1059/1741 1470/1684/1741 1471/1685/1741
f 944/1059/1741 1471/1685/1741 946/1061/1741
f 946/1061/1741 1471/1685/1741 1472/1686/1741
f 946/1061/1741 1472/1686/1741 948/1063/1741
f 948/1063/1741 1472/1686/1741 1473/1687/1741
f 948/1063/1741 1473/1687/1741 950/1065/1741
f 950/1065/1741 1473/1687/1741 1474/1688/1741
f 950/1065/1741 1474/1688/1741 952/1067/1741
f 952/1067/1741 1474/1688/1741 1475/1689/1741
f 952/1067/1741 1475/1689/1741 1476/1690/1741
f 952/1067/1741 1476/1690/1741 981/1100/1741
f 981/1100/1741 1476/1690/1741 1477/1691/1741
f 981/1100/1741 1477/1691/1741 987/1107/1741
f 987/1107/1741 1477/1691/1741 1478/1692/1741
f 987/1107/1741 1478/1692/1741 993/1116/1741
f 993/1116/1741 1478/1692/1741 1479/1693/1741
f 993/1116/1741 1479/1693/1741 999/1123/1741
f 999/1123/1741 1479/1693/1741 1480/1694/1741
f 999/1123/1741 1480/1694/1741 1004/1129/1741
f 1004/1129/1741 1480/1694/1741 1481/1695/1741
f 1004/1129/1741 1481/1695/1741 1008/1133/1741
f 1008/1133/1741 1481/1695/1741 1482/1696/1741
f 1008/1133/1741 1482/1696/1741 1011/1136/1741
f 1011/1136/1741 1482/1696/1741 1483/1697/1741
f 1011/1136/1741 1483/1697/1741 1013/1138/1741
f 1013/1138/1741 1483/1697/1741 1484/1698/1741
f 1013/1138/1741 1484/1698/1741 979/1098/1741
f 979/1098/1741 1484/1698/1741 1485/1699/1741
f 979/1098/1741 1485/1699/1741 1486/1700/1741
f 979/1098/1741 1486/1700/1741 980/1099/1741
f 980/1099/1741 1486/1700/1741 1487/1701/1741
f 980/1099/1741 1487/1701/1741 1015/1140/1741
f 1015/1140/1741 1487/1701/1741 1488/1702/1741
f 1015/1140/1741 1488/1702/1741 1017/1142/1741
f 1017/1142/1741 1488/1702/1741 1489/1703/1741
f 1017/1142/1741 1489/1703/1741 1019/1144/1741
f 1019/1144/1741 1489/1703/1741 1490/1704/1741
f 1019/1144/1741 1490/1704/1741 1021/1146/1741
f 1021/1146/1741 1490/1704/1741 1491/1705/1741
f 1021/1146/1741 1491/1705/1741 1023/1148/1741
f 1023/1148/1741 1491/1705/1741 1492/1706/1741
f 1023/1148/1741 1492/1706/1741 1025/1150/1741
f 1025/1150/1741 1492/1706/1741 1493/1707/1741
f 1025/1150/1741 1493/1707/1741 1027/1152/1741
f 1027/1152/1741 1493/1707/1741 1494/1708/1741
f 1027/1152/1741 1494/1708/1741 1029/1154/1741
f 1029/1154/1741 1494/1708/1741 1495/1709/1741
f 1029/1154/1741 1495/1709/1741 1031/1156/1741
f 1031/1156/1741 1495/1709/1741 1496/1710/1741
f 1031/1156/1741 1496/1710/1741 1497/1711/1741
f 1031/1156/1741 1497/1711/1741 1066/1196/1741
f 1066/1196/1741 1497/1711/1741 1498/1712/1741
f 1066/1196/1741 1498/1712/1741 1073/1204/1741
f 1073/1204/1741 1498/1712/1741 1499/1713/1741
f 1073/1204/1741 1499/1713/1741 1080/1215/1741
f 1080/1215/1741 1499/1713/1741 1500/1714/1741
f 1080/1215/1741 1500/1714/1741 1087/1223/1741
f 1087/1223/1741 1500/1714/1741 1501/1715/1741
f 1087/1223/1741 1501/1715/1741 1094/1231/1741
f 1094/1231/1741 1501/1715/1741 1502/1716/1741
f 1094/1231/1741 1502/1716/1741 1095/1232/1741
f 1095/1232/1741 1502/1716/1741 1503/1717/1741
f 1095/1232/1741 1503/1717/1741 1101/1240/1741
f 1101/1240/1741 1503/1717/1741 1504/1718/1741
f 1101/1240/1741 1504/1718/1741 1107/1248/1741
f 1107/1248/1741 1504/1718/1741 1505/1719/1741
f 1107/1248/1741 1505/1719/1741 1113/1255/1741
f 1113/1255/1741 1505/1719/1741 1506/1720/1741
f 1113/1255/1741 1506/1720/1741 1507/1721/1741
f 1113/1255/1741 1507/1721/1741 1118/1261/1741
f 1118/1261/1741 1507/1721/1741 1508/1722/1741
f 1118/1261/1741 1508/1722/1741 1122/1265/1741
f 1122/1265/1741 1508/1722/1741 1509/1723/1741
f 1122/1265/1741 1509/1723/1741 1125/1268/1741
f 1125/1268/1741 1509/1723/1741 1510/1724/1741
f 1125/1268/1741 1510/1724/1741 1127/1270/1741
f 1127/1270/1741 1510/1724/1741 1511/1725/1741
f 1127/1270/1741 1511/1725/1741 1064/1194/1741
f 1064/1194/1741 1511/1725/1741 1512/1726/1741
f 1064/1194/1741 1512/1726/1741 1065/1195/1741
f 1065/1195/1741 1512/1726/1741 1513/1727/1741
f 1065/1195/1741 1513/1727/1741 1129/1272/1741
f 1129/1272/1741 1513/1727/1741 1514/1728/1741
f 1129/1272/1741 1514/1728/1741 1131/1274/1741
f 1131/1274/1741 1514/1728/1741 1515/1729/1741
f 1131/1274/1741 1515/1729/1741 1133/1276/1741
f 1133/1276/1741 1515/1729/1741 1516/1730/1741
f 1133/1276/1741 1516/1730/1741 1135/1278/1741
f 1135/1278/1741 1516/1730/1741 1517/1731/1741
f 1135/1278/1741 1517/1731/1741 1518/1732/1741
f 1135/1278/1741 1518/1732/1741 1165/1312/1741
f 1165/1312/1741 1518/1732/1741 1519/1733/1741
f 1165/1312/1741 1519/1733/1741 1171/1319/1741
f 1171/1319/1741 1519/1733/1741 1520/1734/1741
f 1171/1319/1741 1520/1734/1741 1177/1326/1741
f 1177/1326/1741 1520/1734/1741 1521/1735/1741
f 1177/1326/1741 1521/1735/1741 1183/1335/1741
f 1183/1335/1741 1521/1735/1741 1522/1736/1741
f 1183/1335/1741 1522/1736/1741 1189/1342/1741
f 1189/1342/1741 1522/1736/1741 1523/1737/1741
f 1189/1342/1741 1523/1737/1741 1194/1348/1741
f 1194/1348/1741 1523/1737/1741 1524/1738/1741
f 1194/1348/1741 1524/1738/1741 1198/1352/1741
f 1198/1352/1741 1524/1738/1741 1525/1739/1741
f 1198/1352/1741 1525/1739/1741 1201/1355/1741
f 1201/1355/1741 1525/1739/1741 1526/1740/1741
f 1201/1355/1741 1526/1740/1741 1203/1357/1741
f 1203/1357/1741 1526/1740/1741 1527/1741/1741
f 1203/1357/1741 1527/1741/1741 1163/1310/1741
f 1163/1310/1741 1527/1741/1741 1528/1742/1741
f 1163/1310/1741 1528/1742/1741 1529/1743/1741
f 1163/1310/1741 1529/1743/1741 1164/1311/1741
f 1164/1311/1741 1529/1743/1741 1530/1744/1741
f 1164/1311/1741 1530/1744/1741 1205/1359/1741
f 1205/1359/1741 1530/1744/1741 1531/1745/1741
f 1205/1359/1741 1531/1745/1741 1207/1361/1741
f 1207/1361/1741 1531/1745/1741 1532/1746/1741
f 1207/1361/1741 1532/1746/1741 1209/1363/1741
f 1209/1363/1741 1532/1746/1741 1533/1747/1741
f 1209/1363/1741 1533/1747/1741 1211/1365/1741
f 1211/1365/1741 1533/1747/1741 1534/1748/1741
f 1211/1365/1741 1534/1748/1741 1213/1367/1741
f 1213/1367/1741 1534/1748/1741 1535/1749/1741
f 1213/1367/1741 1535/1749/1741 1215/1369/1741
f 1215/1369/1741 1535/1749/1741 1536/1750/1741
f 1215/1369/1741 1536/1750/1741 1217/1371/1741
f 1217/1371/1741 1536/1750/1741 1537/1751/1741
f 1217/1371/1741 1537/1751/1741 922/1035/1741
f 922/1035/1741 1537/1751/1741 1538/1752/1741
f 922/1035/1741 1538/1752/1741 1539/1753/1741
f 922/1035/1741 1539/1753/1741 920/1033/1741
f 920/1033/1741 1539/1753/1741 1540/1754/1741
f 920/1033/1741 1540/1754/1741 918/1031/1741
f 918/1031/1741 1540/1754/1741 1541/1755/1741
f 918/1031/1741 1541/1755/1741 916/1029/1741
f 916/1029/1741 1541/1755/1741 1542/1756/1741
f 916/1029/1741 1542/1756/1741 914/1027/1741
f 914/1027/1741 1542/1756/1741 1543/1757/1741
f 914/1027/1741 1543/1757/1741 912/1025/1741
f 912/1025/1741 1543/1757/1741 1544/1758/1741
f 912/1025/1741 1544/1758/1741 910/1023/1741
f 910/1023/1741 1544/1758/1741 1545/1759/1741
f 910/1023/1741 1545/1759/1741 908/1021/1741
f 908/1021/1741 1545/1759/1741 1546/1760/1741
f 908/1021/1741 1546/1760/1741 906/1019/1741
f 906/1019/1741 1546/1760/1741 1547/1761/1741
f 906/1019/1741 1547/1761/1741 904/1017/1741
f 904/1017/1741 1547/1761/1741 1463/1677/1741
f 904/1017/1741 1463/1677/1741 902/1015/1741
f 1548/1762/1742 1549/1763/1742 1464/1764/1742
f 1464/1764/1743 1549/1763/1743 1550/1765/1743
f 1464/1764/1744 1550/1765/1744 1465/1766/1744
f 1465/1767/1745 1550/1768/1745 1551/1769/1745
f 1465/1767/1746 1551/1769/1746 1466/1770/1746
f 1466/1770/1747 1551/1769/1747 1552/1771/1747
f 1466/1770/1748 1552/1771/1748 1467/1772/1748
f 1467/1772/1749 1552/1771/1749 1553/1773/1749
f 1467/1772/1750 1553/1773/1750 1468/1774/1750
f 1468/1774/1751 1553/1773/1751 1554/1775/1751
f 1468/1774/1752 1554/1775/1752 1469/1776/1752
f 1469/1776/1753 1554/1775/1753 1555/1777/1753
f 1469/1776/1754 1555/1777/1754 1470/1778/1754
f 1470/1778/1755 1555/1777/1755 1556/1779/1755
f 1470/1778/1756 1556/1779/1756 1471/1780/1756
f 1471/1780/1757 1556/1779/1757 1557/1781/1757
f 1471/1780/1758 1557/1781/1758 1472/1782/1758
f 1472/1782/1759 1557/1781/1759 1558/1783/1759
f 1472/1782/1760 1558/1783/1760 1473/1784/1760
f 1473/1784/1761 1558/1783/1761 1559/1785/1761
f 1473/1784/1762 1559/1785/1762 1474/1786/1762
f 1474/1786/1763 1559/1785/1763 1560/1787/1763
f 1474/1786/1764 1560/1787/1764 1475/1788/1764
f 1475/1788/1765 1560/1787/1765 1561/1789/1765
f 1475/1788/1766 1561/1789/1766 1476/1790/1766
f 1476/1790/1767 1561/1789/1767 1562/1791/1767
f 1476/1790/1768 1562/1791/1768 1477/1792/1768
f 1477/1792/1769 1562/1791/1769 1563/1793/1769
f 1477/1792/1770 1563/1793/1770 1478/1794/1770
f 1478/1794/1771 1563/1793/1771 1564/1795/1771
f 1478/1794/1772 1564/1795/1772 1479/1796/1772
f 1479/1796/1773 1564/1795/1773 1565/1797/1773
f 1479/1796/1774 1565/1797/1774 1480/1798/1774
f 1480/1798/1775 1565/1797/1775 1566/1799/1775
f 1480/1798/1776 1566/1799/1776 1481/1800/1776
f 1481/1800/1777 1566/1799/1777 1567/1801/1777
f 1481/1800/1778 1567/1801/1778 1482/1802/1778
f 1482/1802/1779 1567/1801/1779 1568/1803/1779
f 1482/1802/1780 1568/1803/1780 1483/1804/1780
f 1483/1804/1781 1568/1803/1781 1569/1805/1781
f 1483/1804/1782 1569/1805/1782 1484/1806/1782
f 1484/1806/1783 1569/1805/1783 1570/1807/1783
f 1484/1806/1784 1570/1807/1784 1485/1808/1784
f 1485/1808/1785 1570/1807/1785 1571/1809/1785
f 1485/1808/1786 1571/1809/1786 1486/1810/1786
f 1486/1810/1787 1571/1809/1787 1572/1811/1787
f 1486/1812/1788 1572/1813/1788 1487/1814/1788
f 1487/1814/1789 1572/1813/1789 1573/1815/1789
f 1487/1814/1790 1573/1815/1790 1488/1816/1790
f 1488/1816/1791 1573/1815/1791 1574/1817/1791
f 1488/1816/1792 1574/1817/1792 1489/1818/1792
f 1489/1818/1793 1574/1817/1793 1575/1819/1793
f 1489/1818/1794 1575/1819/1794 1490/1820/1794
f 1490/1820/1795 1575/1819/1795 1576/1821/1795
f 1490/1820/1796 1576/1821/1796 1491/1822/1796
f 1491/1822/1797 1576/1821/1797 1577/1823/1797
f 1491/1822/1798 1577/1823/1798 1492/1824/1798
f 1492/1824/1799 1577/1823/1799 1578/1825/1799
f 1492/1824/1800 1578/1825/1800 1493/1826/1800
f 1493/1826/1801 1578/1825/1801 1579/1827/1801
f 1493/1826/1802 1579/1827/1802 1494/1828/1802
f 1494/1828/1803 1579/1827/1803 1580/1829/1803
f 1494/1828/1804 1580/1829/1804 1495/1830/1804
f 1495/1830/1805 1580/1829/1805 1581/1831/1805
f 1495/1830/1806 1581/1831/1806 1496/1832/1806
f 1496/1832/1807 1581/1831/1807 1582/1833/1807
f 1496/1832/1808 1582/1833/1808 1497/1834/1808
f 1497/1834/1809 1582/1833/1809 1583/1835/1809
f 1497/1834/1810 1583/1835/1810 1498/1836/1810
f 1498/1836/1811 1583/1835/1811 1584/1837/1811
f 1498/1836/1812 1584/1837/1812 1499/1838/1812
f 1499/1838/1813 1584/1837/1813 1585/1839/1813
f 1499/1838/1814 1585/1839/1814 1500/1840/1814
f 1500/1840/1815 1585/1839/1815 1586/1841/1815
f 1500/1840/1816 1586/1841/1816 1501/1842/1816
f 1501/1842/1817 1586/1841/1817 1587/1843/1817
f 1501/1842/1818 1587/1843/1818 1502/1844/1818
f 1502/1844/1819 1587/1843/1819 1588/1845/1819
f 1502/1844/1820 1588/1845/1820 1503/1846/1820
f 1503/1846/1821 1588/1845/1821 1589/1847/1821
f 1503/1846/1822 1589/1847/1822 1504/1848/1822
f 1504/1848/1823 1589/1847/1823 1590/1849/1823
f 1504/1848/1824 1590/1849/1824 1505/1850/1824
f 1505/1850/1825 1590/1849/1825 1591/1851/1825
f 1505/1850/1826 1591/1851/1826 1506/1852/1826
f 1506/1852/1827 1591/1851/1827 1592/1853/1827
f 1506/1852/1828 1592/1853/1828 1593/1854/1828
f 1506/1852/1828 1593/1854/1828 1507/1855/1828
f 1507/1855/1829 1593/1854/1829 1594/1856/1829
f 1507/1855/1830 1594/1856/1830 1508/1857/1830
f 1508/1858/1831 1594/1859/1831 1595/1860/1831
f 1508/1858/1832 1595/1860/1832 1509/1861/1832
f 1509/1861/1833 1595/1860/1833 1596/1862/1833
f 1509/1861/1834 1596/1862/1834 1510/1863/1834
f 1510/1863/1835 1596/1862/1835 1597/1864/1835
f 1510/1863/1836 1597/1864/1836 1511/1865/1836
f 1511/1865/1837 1597/1864/1837 1598/1866/1837
f 1511/1865/1838 1598/1866/1838 1512/1867/1838
f 1512/1867/1839 1598/1866/1839 1599/1868/1839
f 1512/1867/1840 1599/1868/1840 1513/1869/1840
f 1513/1869/1841 1599/1868/1841 1600/1870/1841
f 1513/1869/1842 1600/1870/1842 1514/1871/1842
f 1514/1871/1843 1600/1870/1843 1601/1872/1843
f 1514/1871/1844 1601/1872/1844 1515/1873/1844
f 1515/1873/1845 1601/1872/1845 1602/1874/1845
f 1515/1873/1846 1602/1874/1846 1516/1875/1846
f 1516/1875/1847 1602/1874/1847 1603/1876/1847
f 1516/1875/1848 1603/1876/1848 1517/1877/1848
f 1517/1877/1849 1603/1876/1849 1604/1878/1849
f 1517/1877/1850 1604/1878/1850 1518/1879/1850
f 1518/1879/1851 1604/1878/1851 1605/1880/1851
f 1518/1879/1852 1605/1880/1852 1519/1881/1852
f 1519/1881/1853 1605/1880/1853 1606/1882/1853
f 1519/1881/1854 1606/1882/1854 1520/1883/1854
f 1520/1883/1855 1606/1882/1855 1607/1884/1855
f 1520/1883/1856 1607/1884/1856 1521/1885/1856
f 1521/1885/1857 1607/1884/1857 1608/1886/1857
f 1521/1885/1858 1608/1886/1858 1522/1887/1858
f 1522/1887/1859 1608/1886/1859 1609/1888/1859
f 1522/1887/1860 1609/1888/1860 1523/1889/1860
f 1523/1889/1861 1609/1888/1861 1610/1890/1861
f 1523/1889/1862 1610/1890/1862 1524/1891/1862
f 1524/1891/1863 1610/1890/1863 1611/1892/1863
f 1524/1891/1864 1611/1892/1864 1525/1893/1864
f 1525/1893/1865 1611/1892/1865 1612/1894/1865
f 1525/1893/1866 1612/1894/1866 1526/1895/1866
f 1526/1895/1867 1612/1894/1867 1613/1896/1867
f 1526/1895/1868 1613/1896/1868 1527/1897/1868
f 1527/1897/1869 1613/1896/1869 1614/1898/1869
f 1527/1897/1870 1614/1898/1870 1528/1899/1870
f 1528/1899/1871 1614/1898/1871 1615/1900/1871
f 1528/1899/1872 1615/1900/1872 1529/1901/1872
f 1529/1902/1873 1615/1903/1873 1616/1904/1873
f 1529/1902/1874 1616/1904/1874 1530/1905/1874
f 1530/1905/1875 1616/1904/1875 1617/1906/1875
f 1530/1905/1876 1617/1906/1876 1531/1907/1876
f 1531/1907/1877 1617/1906/1877 1618/1908/1877
f 1531/1907/1878 1618/1908/1878 1532/1909/1878
f 1532/1909/1879 1618/1908/1879 1619/1910/1879
f 1532/1909/1880 1619/1910/1880 1533/1911/1880
f 1533/1911/1881 1619/1910/1881 1620/1912/1881
f 1533/1911/1882 1620/1912/1882 1534/1913/1882
f 1534/1913/1883 1620/1912/1883 1621/1914/1883
f 1534/1913/1884 1621/1914/1884 1535/1915/1884
f 1535/1915/1885 1621/1914/1885 1622/1916/1885
f 1535/1915/1886 1622/1916/1886 1536/1917/1886
f 1536/1917/1887 1622/1916/1887 1623/1918/1887
f 1536/1917/1888 1623/1918/1888 1537/1919/1888
f 1537/1919/1889 1623/1918/1889 1624/1920/1889
f 1537/1919/1890 1624/1920/1890 1538/1921/1890
f 1538/1921/1891 1624/1920/1891 1625/1922/1891
f 1538/1921/1892 1625/1922/1892 1539/1923/1892
f 1539/1923/1893 1625/1922/1893 1626/1924/1893
f 1539/1923/1894 1626/1924/1894 1540/1925/1894
f 1540/1925/1895 1626/1924/1895 1627/1926/1895
f 1540/1925/1896 1627/1926/1896 1541/1927/1896
f 1541/1927/1897 1627/1926/1897 1628/1928/1897
f 1541/1927/1898 1628/1928/1898 1542/1929/1898
f 1542/1929/1899 1628/1928/1899 1629/1930/1899
f 1542/1929/1900 1629/1930/1900 1543/1931/1900
f 1543/1931/1901 1629/1930/1901 1630/1932/1901
f 1543/1931/1902 1630/1932/1902 1544/1933/1902
f 1544/1933/1903 1630/1932/1903 1631/1934/1903
f 1544/1933/1904 1631/1934/1904 1545/1935/1904
f 1545/1935/1905 1631/1934/1905 1632/1936/1905
f 1545/1935/1906 1632/1936/1906 1546/1937/1906
f 1546/1937/1907 1632/1936/1907 1633/1938/1907
f 1546/1937/1908 1633/1938/1908 1547/1939/1908
f 1547/1939/1909 1633/1938/1909 1634/1940/1909
f 1547/1939/1910 1634/1940/1910 1463/1941/1910
f 1463/1941/1911 1634/1940/1911 1548/1762/1911
f 1463/1941/1912 1548/1762/1912 1464/1764/1912
f 1635/1942/1913 1549/1763/1913 1636/1943/1913
f 1636/1943/1914 1549/1763/1914 1548/1762/1914
f 1636/1943/1914 1548/1762/1914 1637/1944/1914
f 1637/1944/1915 1548/1762/1915 1634/1940/1915
f 1637/1944/1915 1634/1940/1915 1638/1945/1915
f 1638/1945/1916 1634/1940/1916 1633/1938/1916
f 1638/1945/1916 1633/1938/1916 1639/1946/1916
f 1639/1946/1917 1633/1938/1917 1632/1936/1917
f 1639/1946/1917 1632/1936/1917 1640/1947/1917
f 1640/1947/1918 1632/1936/1918 1631/1934/1918
f 1640/1947/1918 1631/1934/1918 1641/1948/1918
f 1641/1948/1919 1631/1934/1919 1630/1932/1919
f 1641/1948/1920 1630/1932/1920 1642/1949/1920
f 1642/1949/1921 1630/1932/1921 1629/1930/1921
f 1642/1949/1921 1629/1930/1921 1643/1950/1921
f 1643/1950/1922 1629/1930/1922 1628/1928/1922
f 1643/1950/1922 1628/1928/1922 1644/1951/1922
f 1644/1951/1923 1628/1928/1923 1627/1926/1923
f 1644/1951/1923 1627/1926/1923 1645/1952/1923
f 1645/1952/1924 1627/1926/1924 1626/1924/1924
f 1645/1952/1924 1626/1924/1924 1646/1953/1924
f 1646/1953/1925 1626/1924/1925 1625/1922/1925
f 1646/1953/1925 1625/1922/1925 1647/1954/1925
f 1647/1954/1926 1625/1922/1926 1624/1920/1926
f 1647/1954/1926 1624/1920/1926 1648/1955/1926
f 1648/1955/1927 1624/1920/1927 1623/1918/1927
f 1648/1955/1927 1623/1918/1927 1649/1956/1927
f 1649/1956/1928 1623/1918/1928 1622/1916/1928
f 1649/1956/1928 1622/1916/1928 1650/1957/1928
f 1650/1957/1929 1622/1916/1929 1621/1914/1929
f 1650/1957/1929 1621/1914/1929 1651/1958/1929
f 1651/1958/1930 1621/1914/1930 1620/1912/1930
f 1651/1958/1930 1620/1912/1930 1652/1959/1930
f 1652/1959/1931 1620/1912/1931 1619/1910/1931
f 1652/1959/1931 1619/1910/1931 1653/1960/1931
f 1653/1960/1932 1619/1910/1932 1618/1908/1932
f 1653/1960/1932 1618/1908/1932 1654/1961/1932
f 1654/1961/1933 1618/1908/1933 1617/1906/1933
f 1654/1961/1933 1617/1906/1933 1655/1962/1933
f 1655/1962/1934 1617/1906/1934 1616/1904/1934
f 1655/1962/1934 1616/1904/1934 1656/1963/1934
f 1656/1963/1935 1616/1904/1935 1615/1903/1935
f 1656/1963/1935 1615/1903/1935 1657/1964/1935
f 1657/1965/1936 1615/1900/1936 1614/1898/1936
f 1657/1965/1936 1614/1898/1936 1658/1966/1936
f 1658/1966/1937 1614/1898/1937 1613/1896/1937
f 1658/1966/1937 1613/1896/1937 1659/1967/1937
f 1659/1967/1938 1613/1896/1938 1612/1894/1938
f 1659/1967/1938 1612/1894/1938 1660/1968/1938
f 1660/1968/1939 1612/1894/1939 1611/1892/1939
f 1660/1968/1939 1611/1892/1939 1661/1969/1939
f 1661/1969/1940 1611/1892/1940 1610/1890/1940
f 1661/1969/1940 1610/1890/1940 1662/1970/1940
f 1662/1970/1941 1610/1890/1941 1609/1888/1941
f 1662/1970/1941 1609/1888/1941 1663/1971/1941
f 1663/1971/1942 1609/1888/1942 1608/1886/1942
f 1663/1971/1942 1608/1886/1942 1664/1972/1942
f 1664/1972/1943 1608/1886/1943 1607/1884/1943
f 1664/1972/1943 1607/1884/1943 1665/1973/1943
f 1665/1973/1944 1607/1884/1944 1606/1882/1944
f 1665/1973/1944 1606/1882/1944 1666/1974/1944
f 1666/1974/1945 1606/1882/1945 1605/1880/1945
f 1666/1974/1945 1605/1880/1945 1667/1975/1945
f 1667/1975/1946 1605/1880/1946 1604/1878/1946
f 1667/1975/1946 1604/1878/1946 1668/1976/1946
f 1668/1976/1947 1604/1878/1947 1603/1876/1947
f 1668/1976/1947 1603/1876/1947 1669/1977/1947
f 1669/1977/1948 1603/1876/1948 1602/1874/1948
f 1669/1977/1949 1602/1874/1949 1670/1978/1949
f 1670/1978/1950 1602/1874/1950 1601/1872/1950
f 1670/1978/1950 1601/1872/1950 1671/1979/1950
f 1671/1979/1951 1601/1872/1951 1600/1870/1951
f 1671/1979/1951 1600/1870/1951 1672/1980/1951
f 1672/1980/1952 1600/1870/1952 1599/1868/1952
f 1672/1980/1952 1599/1868/1952 1673/1981/1952
f 1673/1981/1953 1599/1868/1953 1598/1866/1953
f 1673/1981/1953 1598/1866/1953 1674/1982/1953
f 1674/1982/1954 1598/1866/1954 1597/1864/1954
f 1674/1982/1954 1597/1864/1954 1675/1983/1954
f 1675/1983/1955 1597/1864/1955 1596/1862/1955
f 1675/1983/1955 1596/1862/1955 1676/1984/1955
f 1676/1984/1956 1596/1862/1956 1595/1860/1956
f 1676/1984/1956 1595/1860/1956 1677/1985/1956
f 1677/1985/1957 1595/1860/1957 1594/1859/1957
f 1677/1985/1957 1594/1859/1957 1678/1986/1957
f 1678/1987/1958 1594/1856/1958 1593/1854/1958
f 1678/1987/1958 1593/1854/1958 1679/1988/1958
f 1679/1988/1959 1593/1854/1959 1592/1853/1959
f 1679/1988/1959 1592/1853/1959 1680/1989/1959
f 1680/1989/1960 1592/1853/1960 1591/1851/1960
f 1680/1989/1960 1591/1851/1960 1681/1990/1960
f 1681/1990/1961 1591/1851/1961 1590/1849/1961
f 1681/1990/1961 1590/1849/1961 1682/1991/1961
f 1682/1991/1962 1590/1849/1962 1589/1847/1962
f 1682/1991/1962 1589/1847/1962 1683/1992/1962
f 1683/1992/1963 1589/1847/1963 1588/1845/1963
f 1683/1992/1963 1588/1845/1963 1684/1993/1963
f 1684/1993/1964 1588/1845/1964 1587/1843/1964
f 1684/1993/1964 1587/1843/1964 1685/1994/1964
f 1685/1994/1965 1587/1843/1965 1586/1841/1965
f 1685/1994/1965 1586/1841/1965 1686/1995/1965
f 1686/1995/1966 1586/1841/1966 1585/1839/1966
f 1686/1995/1966 1585/1839/1966 1687/1996/1966
f 1687/1996/1967 1585/1839/1967 1584/1837/1967
f 1687/1996/1967 1584/1837/1967 1688/1997/1967
f 1688/1997/1968 1584/1837/1968 1583/1835/1968
f 1688/1997/1968 1583/1835/1968 1689/1998/1968
f 1689/1998/1969 1583/1835/1969 1582/1833/1969
f 1689/1998/1970 1582/1833/1970 1690/1999/1970
f 1690/1999/1971 1582/1833/1971 1581/1831/1971
f 1690/1999/1971 1581/1831/1971 1691/2000/1971
f 1691/2000/1972 1581/1831/1972 1580/1829/1972
f 1691/2000/1972 1580/1829/1972 1692/2001/1972
f 1692/2001/1973 1580/1829/1973 1579/1827/1973
f 1692/2001/1973 1579/1827/1973 1693/2002/1973
f 1693/2002/1974 1579/1827/1974 1578/1825/1974
f 1693/2002/1974 1578/1825/1974 1694/2003/1974
f 1694/2003/1975 1578/1825/1975 1577/1823/1975
f 1694/2003/1975 1577/1823/1975 1695/2004/1975
f 1695/2004/1976 1577/1823/1976 1576/1821/1976
f 1695/2004/1976 1576/1821/1976 1696/2005/1976
f 1696/2005/1977 1576/1821/1977 1575/1819/1977
f 1696/2005/1977 1575/1819/1977 1697/2006/1977
f 1697/2006/1978 1575/1819/1978 1574/1817/1978
f 1697/2006/1979 1574/1817/1979 1698/2007/1979
f 1698/2007/1980 1574/1817/1980 1573/1815/1980
f 1698/2007/1980 1573/1815/1980 1699/2008/1980
f 1699/2008/1981 1573/1815/1981 1572/1813/1981
f 1699/2008/1981 1572/1813/1981 1700/2009/1981
f 1700/2010/1982 1572/1811/1982 1571/1809/1982
f 1700/2010/1982 1571/1809/1982 1701/2011/1982
f 1701/2011/1983 1571/1809/1983 1570/1807/1983
f 1701/2011/1983 1570/1807/1983 1702/2012/1983
f 1702/2012/1984 1570/1807/1984 1569/1805/1984
f 1702/2012/1984 1569/1805/1984 1703/2013/1984
f 1703/2013/1985 1569/1805/1985 1568/1803/1985
f 1703/2013/1985 1568/1803/1985 1704/2014/1985
f 1704/2014/1986 1568/1803/1986 1567/1801/1986
f 1704/2014/1986 1567/1801/1986 1705/2015/1986
f 1705/2015/1987 1567/1801/1987 1566/1799/1987
f 1705/2015/1987 1566/1799/1987 1706/2016/1987
f 1706/2016/1988 1566/1799/1988 1565/1797/1988
f 1706/2016/1988 1565/1797/1988 1707/2017/1988
f 1707/2017/1989 1565/1797/1989 1564/1795/1989
f 1707/2017/1989 1564/1795/1989 1708/2018/1989
f 1708/2018/1990 1564/1795/1990 1563/1793/1990
f 1708/2018/1990 1563/1793/1990 1709/2019/1990
f 1709/2019/1991 1563/1793/1991 1562/1791/1991
f 1709/2019/1991 1562/1791/1991 1710/2020/1991
f 1710/2020/1992 1562/1791/1992 1561/1789/1992
f 1710/2020/1992 1561/1789/1992 1711/2021/1992
f 1711/2021/1993 1561/1789/1993 1560/1787/1993
f 1711/2021/1993 1560/1787/1993 1712/2022/1993
f 1712/2022/1994 1560/1787/1994 1559/1785/1994
f 1712/2022/1994 1559/1785/1994 1713/2023/1994
f 1713/2023/1995 1559/1785/1995 1558/1783/1995
f 1713/2023/1995 1558/1783/1995 1714/2024/1995
f 1714/2024/1996 1558/1783/1996 1557/1781/1996
f 1714/2024/1996 1557/1781/1996 1715/2025/1996
f 1715/2025/1997 1557/1781/1997 1556/1779/1997
f 1715/2025/1997 1556/1779/1997 1716/2026/1997
f 1716/2026/1998 1556/1779/1998 1555/1777/1998
f 1716/2026/1998 1555/1777/1998 1717/2027/1998
f 1717/2027/1999 1555/1777/1999 1554/1775/1999
f 1717/2027/2000 1554/1775/2000 1718/2028/2000
f 1718/2028/2001 1554/1775/2001 1553/1773/2001
f 1718/2028/2001 1553/1773/2001 1719/2029/2001
f 1719/2029/2002 1553/1773/2002 1552/1771/2002
f 1719/2029/2002 1552/1771/2002 1720/2030/2002
f 1720/2030/2003 1552/1771/2003 1551/1769/2003
f 1720/2030/2003 1551/1769/2003 1721/2031/2003
f 1721/2031/2004 1551/1769/2004 1550/1768/2004
f 1721/2031/2004 1550/1768/2004 1635/2032/2004
f 1635/1942/1913 1550/1765/1913 1549/1763/1913
f 1637/1944/2005 1722/2033/2005 1636/1943/2005
f 1636/1943/2006 1722/2033/2006 1723/2034/2006
f 1636/1943/2007 1723/2034/2007 1724/2035/2007
f 1724/2035/2008 1723/2034/2008 1725/2036/2008
f 1724/2035/2008 1725/2036/2008 1726/2037/2008
f 1726/2037/2009 1725/2036/2009 1727/2038/2009
f 1726/2037/2010 1727/2038/2010 1728/2039/2010
f 1728/2040/2011 1727/2041/2011 1729/2042/2011
f 1728/2040/2011 1729/2042/2011 1730/2043/2011
f 1730/2043/2012 1729/2042/2012 1731/2044/2012
f 1730/2043/2013 1731/2044/2013 1732/2045/2013
f 1732/2045/2014 1731/2044/2014 1733/2046/2014
f 1732/2045/2015 1733/2046/2015 1734/2047/2015
f 1722/2033/2016 1637/1944/2016 1735/2048/2016
f 1735/2048/2017 1637/1944/2017 1638/1945/2017
f 1735/2048/2018 1638/1945/2018 1736/2049/2018
f 1736/2049/2019 1638/1945/2019 1639/1946/2019
f 1736/2049/2020 1639/1946/2020 1737/2050/2020
f 1737/2050/2021 1639/1946/2021 1640/1947/2021
f 1737/2050/2022 1640/1947/2022 1738/2051/2022
f 1738/2051/2023 1640/1947/2023 1641/1948/2023
f 1738/2051/2024 1641/1948/2024 1739/2052/2024
f 1739/2052/2025 1641/1948/2025 1642/1949/2025
f 1739/2052/2026 1642/1949/2026 1740/2053/2026
f 1740/2053/2027 1642/1949/2027 1643/1950/2027
f 1740/2053/2028 1643/1950/2028 1741/2054/2028
f 1741/2054/2029 1643/1950/2029 1644/1951/2029
f 1741/2054/2030 1644/1951/2030 1742/2055/2030
f 1742/2055/2031 1644/1951/2031 1645/1952/2031
f 1742/2055/2032 1645/1952/2032 1743/2056/2032
f 1743/2056/2033 1645/1952/2033 1646/1953/2033
f 1743/2056/2034 1646/1953/2034 1744/2057/2034
f 1744/2057/2035 1646/1953/2035 1647/1954/2035
f 1744/2057/2036 1647/1954/2036 1745/2058/2036
f 1745/2058/2037 1647/1954/2037 1648/1955/2037
f 1745/2058/2038 1648/1955/2038 1746/2059/2038
f 1746/2059/2039 1648/1955/2039 1649/1956/2039
f 1746/2059/2040 1649/1956/2040 1747/2060/2040
f 1747/2060/2041 1649/1956/2041 1650/1957/2041
f 1747/2060/2042 1650/1957/2042 1748/2061/2042
f 1748/2061/2043 1650/1957/2043 1651/1958/2043
f 1748/2061/2044 1651/1958/2044 1749/2062/2044
f 1749/2062/2045 1651/1958/2045 1652/1959/2045
f 1749/2062/2046 1652/1959/2046 1750/2063/2046
f 1750/2063/2047 1652/1959/2047 1653/1960/2047
f 1750/2063/2048 1653/1960/2048 1751/2064/2048
f 1751/2064/2049 1653/1960/2049 1654/1961/2049
f 1751/2064/2050 1654/1961/2050 1752/2065/2050
f 1752/2065/2051 1654/1961/2051 1655/1962/2051
f 1752/2065/2052 1655/1962/2052 1753/2066/2052
f 1753/2066/2053 1655/1962/2053 1656/1963/2053
f 1753/2066/2054 1656/1963/2054 1754/2067/2054
f 1754/2067/2055 1656/1963/2055 1657/1964/2055
f 1754/2068/2056 1657/1965/2056 1755/2069/2056
f 1755/2069/2057 1657/1965/2057 1658/1966/2057
f 1755/2069/2058 1658/1966/2058 1756/2070/2058
f 1756/2070/2059 1658/1966/2059 1659/1967/2059
f 1756/2070/2060 1659/1967/2060 1757/2071/2060
f 1757/2071/2061 1659/1967/2061 1660/1968/2061
f 1757/2071/2062 1660/1968/2062 1758/2072/2062
f 1758/2072/2063 1660/1968/2063 1661/1969/2063
f 1758/2072/2064 1661/1969/2064 1759/2073/2064
f 1759/2073/2065 1661/1969/2065 1662/1970/2065
f 1759/2073/2066 1662/1970/2066 1760/2074/2066
f 1760/2074/2067 1662/1970/2067 1663/1971/2067
f 1760/2074/2068 1663/1971/2068 1761/2075/2068
f 1761/2075/2069 1663/1971/2069 1664/1972/2069
f 1761/2075/2070 1664/1972/2070 1762/2076/2070
f 1762/2076/2071 1664/1972/2071 1665/1973/2071
f 1762/2076/2072 1665/1973/2072 1763/2077/2072
f 1763/2077/2073 1665/1973/2073 1764/2078/2073
f 1763/2077/2074 1764/2078/2074 1765/2079/2074
f 1765/2079/2075 1764/2078/2075 1766/2080/2075
f 1765/2079/2076 1766/2080/2076 1767/2081/2076
f 1767/2081/2077 1766/2080/2077 1768/2082/2077
f 1767/2083/2078 1768/2084/2078 1769/2085/2078
f 1769/2085/2079 1768/2084/2079 1770/2086/2079
f 1769/2085/2080 1770/2086/2080 1771/2087/2080
f 1771/2087/2081 1770/2086/2081 1772/2088/2081
f 1771/2087/2082 1772/2088/2082 1773/2089/2082
f 1773/2089/2083 1772/2088/2083 1774/2090/2083
f 1774/2090/2084 1772/2088/2084 1775/2091/2084
f 1774/2090/2085 1775/2091/2085 1776/2092/2085
f 1776/2092/2086 1775/2091/2086 1777/2093/2086
f 1776/2092/2087 1777/2093/2087 1778/2094/2087
f 1778/2094/2088 1777/2093/2088 1779/2095/2088
f 1778/2094/2089 1779/2095/2089 1780/2096/2089
f 1780/2096/2090 1779/2095/2090 1781/2097/2090
f 1780/2096/2091 1781/2097/2091 1782/2098/2091
f 1782/2098/2092 1781/2097/2092 1783/2099/2092
f 1782/2098/2093 1783/2099/2093 1784/2100/2093
f 1784/2100/2094 1783/2099/2094 1785/2101/2094
f 1784/2100/2095 1785/2101/2095 1786/2102/2095
f 1786/2102/2096 1785/2101/2096 1787/2103/2096
f 1786/2102/2097 1787/2103/2097 1788/2104/2097
f 1788/2104/2098 1787/2103/2098 1789/2105/2098
f 1788/2104/2099 1789/2105/2099 1790/2106/2099
f 1790/2106/2100 1789/2105/2100 1791/2107/2100
f 1790/2106/2101 1791/2107/2101 1792/2108/2101
f 1792/2108/2102 1791/2107/2102 1793/2109/2102
f 1792/2108/2103 1793/2109/2103 1794/2110/2103
f 1794/2110/2104 1793/2109/2104 1795/2111/2104
f 1794/2110/2105 1795/2111/2105 1796/2112/2105
f 1796/2112/2106 1795/2111/2106 1797/2113/2106
f 1796/2112/2107 1797/2113/2107 1798/2114/2107
f 1798/2114/2108 1797/2113/2108 1799/2115/2108
f 1798/2114/2109 1799/2115/2109 1800/2116/2109
f 1800/2116/2110 1799/2115/2110 1801/2117/2110
f 1800/2116/2111 1801/2117/2111 1802/2118/2111
f 1802/2118/2112 1801/2117/2112 1803/2119/2112
f 1802/2118/2113 1803/2119/2113 1804/2120/2113
f 1804/2120/2114 1803/2119/2114 1805/2121/2114
f 1804/2120/2115 1805/2121/2115 1806/2122/2115
f 1806/2122/2116 1805/2121/2116 1807/2123/2116
f 1806/2122/2117 1807/2123/2117 1808/2124/2117
f 1808/2124/2118 1807/2123/2118 1809/2125/2118
f 1808/2124/2119 1809/2125/2119 1810/2126/2119
f 1810/2126/2120 1809/2125/2120 1811/2127/2120
f 1810/2126/2121 1811/2127/2121 1812/2128/2121
f 1812/2128/2122 1811/2127/2122 1813/2129/2122
f 1812/2128/2123 1813/2129/2123 1814/2130/2123
f 1814/2130/2124 1813/2129/2124 1815/2131/2124
f 1814/2130/2125 1815/2131/2125 1816/2132/2125
f 1816/2132/2126 1815/2131/2126 1817/2133/2126
f 1816/2132/2127 1817/2133/2127 1818/2134/2127
f 1818/2134/2128 1817/2133/2128 1819/2135/2128
f 1818/2134/2129 1819/2135/2129 1820/2136/2129
f 1820/2136/2130 1819/2135/2130 1821/2137/2130
f 1820/2136/2131 1821/2137/2131 1822/2138/2131
f 1822/2138/2132 1821/2137/2132 1823/2139/2132
f 1822/2138/2133 1823/2139/2133 1824/2140/2133
f 1824/2140/2134 1823/2139/2134 1825/2141/2134
f 1824/2140/2135 1825/2141/2135 1826/2142/2135
f 1826/2142/2136 1825/2141/2136 1827/2143/2136
f 1826/2142/2137 1827/2143/2137 1828/2144/2137
f 1828/2144/2138 1827/2143/2138 1829/2145/2138
f 1828/2144/2139 1829/2145/2139 1830/2146/2139
f 1830/2146/2140 1829/2145/2140 1831/2147/2140
f 1830/2146/2141 1831/2147/2141 1832/2148/2141
f 1832/2148/2142 1831/2147/2142 1833/2149/2142
f 1832/2148/2143 1833/2149/2143 1834/2150/2143
f 1834/2150/2144 1833/2149/2144 1835/2151/2144
f 1834/2150/2145 1835/2151/2145 1836/2152/2145
f 1836/2152/2146 1835/2151/2146 1837/2153/2146
f 1836/2152/2147 1837/2153/2147 1838/2154/2147
f 1838/2154/2148 1837/2153/2148 1839/2155/2148
f 1838/2154/2149 1839/2155/2149 1840/2156/2149
f 1840/2156/2150 1839/2155/2150 1841/2157/2150
f 1840/2156/2151 1841/2157/2151 1842/2158/2151
f 1842/2158/2152 1841/2157/2152 1843/2159/2152
f 1842/2158/2153 1843/2159/2153 1844/2160/2153
f 1844/2160/2154 1843/2159/2154 1845/2161/2154
f 1844/2160/2155 1845/2161/2155 1846/2162/2155
f 1846/2162/2156 1845/2161/2156 1847/2163/2156
f 1846/2162/2157 1847/2163/2157 1848/2164/2157
f 1848/2164/2158 1847/2163/2158 1849/2165/2158
f 1848/2164/2159 1849/2165/2159 1850/2166/2159
f 1850/2166/2160 1849/2165/2160 1851/2167/2160
f 1850/2166/2161 1851/2167/2161 1852/2168/2161
f 1852/2168/2162 1851/2167/2162 1853/2169/2162
f 1852/2168/2163 1853/2169/2163 1854/2170/2163
f 1854/2170/2164 1853/2169/2164 1855/2171/2164
f 1854/2170/2165 1855/2171/2165 1856/2172/2165
f 1856/2172/2166 1855/2171/2166 1857/2173/2166
f 1856/2172/2167 1857/2173/2167 1858/2174/2167
f 1858/2174/2168 1857/2173/2168 1859/2175/2168
f 1858/2174/2169 1859/2175/2169 1860/2176/2169
f 1860/2176/2170 1859/2175/2170 1861/2177/2170
f 1860/2176/2171 1861/2177/2171 1862/2178/2171
f 1862/2178/2172 1861/2177/2172 1863/2179/2172
f 1862/2178/2173 1863/2179/2173 1864/2180/2173
f 1864/2180/2174 1863/2179/2174 1865/2181/2174
f 1864/2180/2175 1865/2181/2175 1866/2182/2175
f 1866/2182/2176 1865/2181/2176 1867/2183/2176
f 1866/2182/2177 1867/2183/2177 1868/2184/2177
f 1868/2184/2178 1867/2183/2178 1869/2185/2178
f 1868/2184/2179 1869/2185/2179 1870/2186/2179
f 1870/2186/2180 1869/2185/2180 1871/2187/2180
f 1870/2186/2181 1871/2187/2181 1872/2188/2181
f 1872/2188/2182 1871/2187/2182 1873/2189/2182
f 1872/2188/2183 1873/2189/2183 1874/2190/2183
f 1874/2190/2184 1873/2189/2184 1875/2191/2184
f 1874/2190/2185 1875/2191/2185 1876/2192/2185
f 1876/2192/2186 1875/2191/2186 1877/2193/2186
f 1876/2192/2187 1877/2193/2187 1878/2194/2187
f 1878/2194/2188 1877/2193/2188 1879/2195/2188
f 1878/2194/2189 1879/2195/2189 1734/2047/2189
f 1734/2047/2190 1879/2195/2190 1732/2045/2190
f 1665/1973/2191 1666/1974/2191 1764/2078/2191
f 1764/2078/2192 1666/1974/2192 1880/2196/2192
f 1764/2078/2075 1880/2196/2075 1766/2080/2075
f 1766/2080/2193 1880/2196/2193 1881/2197/2193
f 1766/2080/2077 1881/2197/2077 1768/2082/2077
f 1768/2082/2194 1881/2197/2194 1882/2198/2194
f 1768/2084/2079 1882/2199/2079 1770/2086/2079
f 1770/2086/2195 1882/2199/2195 1883/2200/2195
f 1770/2086/2081 1883/2200/2081 1772/2088/2081
f 1772/2088/2196 1883/2200/2196 1775/2091/2196
f 1666/1974/2197 1667/1975/2197 1880/2196/2197
f 1880/2196/2198 1667/1975/2198 1884/2201/2198
f 1880/2196/2193 1884/2201/2193 1881/2197/2193
f 1881/2197/2199 1884/2201/2199 1885/2202/2199
f 1881/2197/2194 1885/2202/2194 1882/2198/2194
f 1882/2198/2200 1885/2202/2200 1886/2203/2200
f 1882/2199/2195 1886/2204/2195 1883/2200/2195
f 1883/2200/2201 1886/2204/2201 1887/2205/2201
f 1883/2200/2196 1887/2205/2196 1775/2091/2196
f 1775/2091/2202 1887/2205/2202 1777/2093/2202
f 1667/1975/2203 1668/1976/2203 1884/2201/2203
f 1884/2201/2204 1668/1976/2204 1888/2206/2204
f 1884/2201/2199 1888/2206/2199 1885/2202/2199
f 1885/2202/2205 1888/2206/2205 1889/2207/2205
f 1885/2202/2200 1889/2207/2200 1886/2203/2200
f 1886/2203/2206 1889/2207/2206 1890/2208/2206
f 1886/2204/2201 1890/2209/2201 1887/2205/2201
f 1887/2205/2207 1890/2209/2207 1891/2210/2207
f 1887/2205/2202 1891/2210/2202 1777/2093/2202
f 1777/2093/2208 1891/2210/2208 1779/2095/2208
f 1668/1976/2209 1669/1977/2209 1888/2206/2209
f 1888/2206/2210 1669/1977/2210 1892/2211/2210
f 1888/2206/2205 1892/2211/2205 1889/2207/2205
f 1889/2207/2211 1892/2211/2211 1893/2212/2211
f 1889/2207/2212 1893/2212/2212 1890/2208/2212
f 1890/2208/2213 1893/2212/2213 1894/2213/2213
f 1890/2209/2207 1894/2214/2207 1891/2210/2207
f 1891/2210/2214 1894/2214/2214 1895/2215/2214
f 1891/2210/2208 1895/2215/2208 1779/2095/2208
f 1779/2095/2215 1895/2215/2215 1781/2097/2215
f 1669/1977/2216 1670/1978/2216 1892/2211/2216
f 1892/2211/2217 1670/1978/2217 1896/2216/2217
f 1892/2211/2211 1896/2216/2211 1893/2212/2211
f 1893/2212/2218 1896/2216/2218 1897/2217/2218
f 1893/2212/2213 1897/2217/2213 1894/2213/2213
f 1894/2213/2219 1897/2217/2219 1898/2218/2219
f 1894/2214/2214 1898/2219/2214 1895/2215/2214
f 1895/2215/2220 1898/2219/2220 1899/2220/2220
f 1895/2215/2215 1899/2220/2215 1781/2097/2215
f 1781/2097/2221 1899/2220/2221 1783/2099/2221
f 1670/1978/2222 1671/1979/2222 1896/2216/2222
f 1896/2216/2223 1671/1979/2223 1900/2221/2223
f 1896/2216/2218 1900/2221/2218 1897/2217/2218
f 1897/2217/2224 1900/2221/2224 1901/2222/2224
f 1897/2217/2219 1901/2222/2219 1898/2218/2219
f 1898/2218/2225 1901/2222/2225 1902/2223/2225
f 1898/2219/2220 1902/2224/2220 1899/2220/2220
f 1899/2220/2226 1902/2224/2226 1903/2225/2226
f 1899/2220/2221 1903/2225/2221 1783/2099/2221
f 1783/2099/2227 1903/2225/2227 1785/2101/2227
f 1671/1979/2228 1672/1980/2228 1900/2221/2228
f 1900/2221/2229 1672/1980/2229 1904/2226/2229
f 1900/2221/2224 1904/2226/2224 1901/2222/2224
f 1901/2222/2230 1904/2226/2230 1905/2227/2230
f 1901/2222/2225 1905/2227/2225 1902/2223/2225
f 1902/2223/2231 1905/2227/2231 1906/2228/2231
f 1902/2224/2226 1906/2229/2226 1903/2225/2226
f 1903/2225/2232 1906/2229/2232 1907/2230/2232
f 1903/2225/2227 1907/2230/2227 1785/2101/2227
f 1785/2101/2233 1907/2230/2233 1787/2103/2233
f 1672/1980/2234 1673/1981/2234 1904/2226/2234
f 1904/2226/2235 1673/1981/2235 1908/2231/2235
f 1904/2226/2230 1908/2231/2230 1905/2227/2230
f 1905/2227/2236 1908/2231/2236 1909/2232/2236
f 1905/2227/2237 1909/2232/2237 1906/2228/2237
f 1906/2228/2238 1909/2232/2238 1910/2233/2238
f 1906/2229/2232 1910/2234/2232 1907/2230/2232
f 1907/2230/2239 1910/2234/2239 1911/2235/2239
f 1907/2230/2233 1911/2235/2233 1787/2103/2233
f 1787/2103/2240 1911/2235/2240 1789/2105/2240
f 1673/1981/2241 1674/1982/2241 1908/2231/2241
f 1908/2231/2242 1674/1982/2242 1912/2236/2242
f 1908/2231/2236 1912/2236/2236 1909/2232/2236
f 1909/2232/2243 1912/2236/2243 1913/2237/2243
f 1909/2232/2238 1913/2237/2238 1910/2233/2238
f 1910/2233/2244 1913/2237/2244 1914/2238/2244
f 1910/2234/2239 1914/2239/2239 1911/2235/2239
f 1911/2235/2245 1914/2239/2245 1915/2240/2245
f 1911/2235/2240 1915/2240/2240 1789/2105/2240
f 1789/2105/2246 1915/2240/2246 1791/2107/2246
f 1674/1982/2247 1675/1983/2247 1912/2236/2247
f 1912/2236/2248 1675/1983/2248 1916/2241/2248
f 1912/2236/2243 1916/2241/2243 1913/2237/2243
f 1913/2237/2249 1916/2241/2249 1917/2242/2249
f 1913/2237/2244 1917/2242/2244 1914/2238/2244
f 1914/2238/2250 1917/2242/2250 1918/2243/2250
f 1914/2239/2245 1918/2244/2245 1915/2240/2245
f 1915/2240/2251 1918/2244/2251 1919/2245/2251
f 1915/2240/2246 1919/2245/2246 1791/2107/2246
f 1791/2107/2252 1919/2245/2252 1793/2109/2252
f 1675/1983/2253 1676/1984/2253 1916/2241/2253
f 1916/2241/2254 1676/1984/2254 1920/2246/2254
f 1916/2241/2249 1920/2246/2249 1917/2242/2249
f 1917/2242/2255 1920/2246/2255 1921/2247/2255
f 1917/2242/2250 1921/2247/2250 1918/2243/2250
f 1918/2248/2256 1921/2249/2256 1922/2250/2256
f 1918/2244/2251 1922/2251/2251 1919/2245/2251
f 1919/2245/2257 1922/2251/2257 1923/2252/2257
f 1919/2245/2258 1923/2252/2258 1793/2109/2258
f 1793/2109/2259 1923/2252/2259 1795/2111/2259
f 1676/1984/2260 1677/1985/2260 1920/2246/2260
f 1920/2246/2261 1677/1985/2261 1924/2253/2261
f 1920/2246/2255 1924/2253/2255 1921/2247/2255
f 1921/2247/2262 1924/2253/2262 1925/2254/2262
f 1921/2249/2256 1925/2255/2256 1922/2250/2256
f 1922/2250/2263 1925/2255/2263 1926/2256/2263
f 1922/2251/2257 1926/2257/2257 1923/2252/2257
f 1923/2252/2264 1926/2257/2264 1927/2258/2264
f 1923/2252/2265 1927/2258/2265 1795/2111/2265
f 1795/2111/2266 1927/2258/2266 1797/2113/2266
f 1677/1985/2267 1678/1986/2267 1924/2253/2267
f 1924/2253/2268 1678/1986/2268 1928/2259/2268
f 1924/2253/2262 1928/2259/2262 1925/2254/2262
f 1925/2255/2269 1928/2260/2269 1929/2261/2269
f 1925/2255/2270 1929/2261/2270 1926/2256/2270
f 1926/2256/2271 1929/2261/2271 1930/2262/2271
f 1926/2257/2264 1930/2263/2264 1927/2258/2264
f 1927/2258/2272 1930/2263/2272 1931/2264/2272
f 1927/2258/2266 1931/2264/2266 1797/2113/2266
f 1797/2113/2273 1931/2264/2273 1799/2115/2273
f 1678/1987/2274 1679/1988/2274 1928/2260/2274
f 1928/2260/2275 1679/1988/2275 1932/2265/2275
f 1928/2260/2269 1932/2265/2269 1929/2261/2269
f 1929/2261/2276 1932/2265/2276 1933/2266/2276
f 1929/2261/2277 1933/2266/2277 1930/2262/2277
f 1930/2262/2278 1933/2266/2278 1934/2267/2278
f 1930/2263/2272 1934/2268/2272 1931/2264/2272
f 1931/2264/2279 1934/2268/2279 1935/2269/2279
f 1931/2264/2273 1935/2269/2273 1799/2115/2273
f 1799/2115/2280 1935/2269/2280 1801/2117/2280
f 1679/1988/2281 1680/1989/2281 1932/2265/2281
f 1932/2265/2282 1680/1989/2282 1936/2270/2282
f 1932/2265/2276 1936/2270/2276 1933/2266/2276
f 1933/2266/2283 1936/2270/2283 1937/2271/2283
f 1933/2266/2278 1937/2271/2278 1934/2267/2278
f 1934/2267/2284 1937/2271/2284 1938/2272/2284
f 1934/2268/2285 1938/2273/2285 1935/2269/2285
f 1935/2269/2286 1938/2273/2286 1939/2274/2286
f 1935/2269/2280 1939/2274/2280 1801/2117/2280
f 1801/2117/2287 1939/2274/2287 1803/2119/2287
f 1680/1989/2288 1681/1990/2288 1936/2270/2288
f 1936/2270/2289 1681/1990/2289 1940/2275/2289
f 1936/2270/2283 1940/2275/2283 1937/2271/2283
f 1937/2271/2290 1940/2275/2290 1941/2276/2290
f 1937/2271/2284 1941/2276/2284 1938/2272/2284
f 1938/2272/2291 1941/2276/2291 1942/2277/2291
f 1938/2273/2286 1942/2278/2286 1939/2274/2286
f 1939/2274/2292 1942/2278/2292 1943/2279/2292
f 1939/2274/2287 1943/2279/2287 1803/2119/2287
f 1803/2119/2293 1943/2279/2293 1805/2121/2293
f 1681/1990/2294 1682/1991/2294 1940/2275/2294
f 1940/2275/2295 1682/1991/2295 1944/2280/2295
f 1940/2275/2290 1944/2280/2290 1941/2276/2290
f 1941/2276/2296 1944/2280/2296 1945/2281/2296
f 1941/2276/2291 1945/2281/2291 1942/2277/2291
f 1942/2277/2297 1945/2281/2297 1946/2282/2297
f 1942/2278/2292 1946/2283/2292 1943/2279/2292
f 1943/2279/2298 1946/2283/2298 1947/2284/2298
f 1943/2279/2293 1947/2284/2293 1805/2121/2293
f 1805/2121/2299 1947/2284/2299 1807/2123/2299
f 1682/1991/2300 1683/1992/2300 1944/2280/2300
f 1944/2280/2301 1683/1992/2301 1948/2285/2301
f 1944/2280/2296 1948/2285/2296 1945/2281/2296
f 1945/2281/2302 1948/2285/2302 1949/2286/2302
f 1945/2281/2297 1949/2286/2297 1946/2282/2297
f 1946/2282/2303 1949/2286/2303 1950/2287/2303
f 1946/2283/2298 1950/2288/2298 1947/2284/2298
f 1947/2284/2304 1950/2288/2304 1951/2289/2304
f 1947/2284/2299 1951/2289/2299 1807/2123/2299
f 1807/2123/2305 1951/2289/2305 1809/2125/2305
f 1683/1992/2306 1684/1993/2306 1948/2285/2306
f 1948/2285/2307 1684/1993/2307 1952/2290/2307
f 1948/2285/2302 1952/2290/2302 1949/2286/2302
f 1949/2286/2308 1952/2290/2308 1953/2291/2308
f 1949/2286/2309 1953/2291/2309 1950/2287/2309
f 1950/2287/2310 1953/2291/2310 1954/2292/2310
f 1950/2288/2304 1954/2293/2304 1951/2289/2304
f 1951/2289/2311 1954/2293/2311 1955/2294/2311
f 1951/2289/2305 1955/2294/2305 1809/2125/2305
f 1809/2125/2312 1955/2294/2312 1811/2127/2312
f 1684/1993/2313 1685/1994/2313 1952/2290/2313
f 1952/2290/2314 1685/1994/2314 1956/2295/2314
f 1952/2290/2308 1956/2295/2308 1953/2291/2308
f 1953/2291/2315 1956/2295/2315 1957/2296/2315
f 1953/2291/2310 1957/2296/2310 1954/2292/2310
f 1954/2292/2316 1957/2296/2316 1958/2297/2316
f 1954/2293/2311 1958/2298/2311 1955/2294/2311
f 1955/2294/2317 1958/2298/2317 1959/2299/2317
f 1955/2294/2312 1959/2299/2312 1811/2127/2312
f 1811/2127/2318 1959/2299/2318 1813/2129/2318
f 1685/1994/2319 1686/1995/2319 1956/2295/2319
f 1956/2295/2320 1686/1995/2320 1960/2300/2320
f 1956/2295/2321 1960/2300/2321 1957/2296/2321
f 1957/2296/2322 1960/2300/2322 1961/2301/2322
f 1957/2296/2316 1961/2301/2316 1958/2297/2316
f 1958/2297/2323 1961/2301/2323 1962/2302/2323
f 1958/2298/2317 1962/2303/2317 1959/2299/2317
f 1959/2299/2324 1962/2303/2324 1963/2304/2324
f 1959/2299/2318 1963/2304/2318 1813/2129/2318
f 1813/2129/2325 1963/2304/2325 1815/2131/2325
f 1686/1995/2326 1687/1996/2326 1960/2300/2326
f 1960/2300/2327 1687/1996/2327 1964/2305/2327
f 1960/2300/2322 1964/2305/2322 1961/2301/2322
f 1961/2301/2328 1964/2305/2328 1965/2306/2328
f 1961/2301/2323 1965/2306/2323 1962/2302/2323
f 1962/2302/2329 1965/2306/2329 1966/2307/2329
f 1962/2303/2324 1966/2308/2324 1963/2304/2324
f 1963/2304/2330 1966/2308/2330 1967/2309/2330
f 1963/2304/2325 1967/2309/2325 1815/2131/2325
f 1815/2131/2331 1967/2309/2331 1817/2133/2331
f 1687/1996/2332 1688/1997/2332 1964/2305/2332
f 1964/2305/2333 1688/1997/2333 1968/2310/2333
f 1964/2305/2328 1968/2310/2328 1965/2306/2328
f 1965/2306/2334 1968/2310/2334 1969/2311/2334
f 1965/2306/2329 1969/2311/2329 1966/2307/2329
f 1966/2307/2335 1969/2311/2335 1970/2312/2335
f 1966/2308/2330 1970/2313/2330 1967/2309/2330
f 1967/2309/2336 1970/2313/2336 1971/2314/2336
f 1967/2309/2331 1971/2314/2331 1817/2133/2331
f 1817/2133/2337 1971/2314/2337 1819/2135/2337
f 1688/1997/2338 1689/1998/2338 1968/2310/2338
f 1968/2310/2339 1689/1998/2339 1972/2315/2339
f 1968/2310/2340 1972/2315/2340 1969/2311/2340
f 1969/2311/2341 1972/2315/2341 1973/2316/2341
f 1969/2311/2335 1973/2316/2335 1970/2312/2335
f 1970/2312/2342 1973/2316/2342 1974/2317/2342
f 1970/2313/2336 1974/2318/2336 1971/2314/2336
f 1971/2314/2343 1974/2318/2343 1975/2319/2343
f 1971/2314/2337 1975/2319/2337 1819/2135/2337
f 1819/2135/2344 1975/2319/2344 1821/2137/2344
f 1689/1998/2345 1690/1999/2345 1972/2315/2345
f 1972/2315/2346 1690/1999/2346 1976/2320/2346
f 1972/2315/2341 1976/2320/2341 1973/2316/2341
f 1973/2316/2347 1976/2320/2347 1977/2321/2347
f 1973/2316/2342 1977/2321/2342 1974/2317/2342
f 1974/2317/2348 1977/2321/2348 1978/2322/2348
f 1974/2318/2343 1978/2323/2343 1975/2319/2343
f 1975/2319/2349 1978/2323/2349 1979/2324/2349
f 1975/2319/2350 1979/2324/2350 1821/2137/2350
f 1821/2137/2351 1979/2324/2351 1823/2139/2351
f 1690/1999/2352 1691/2000/2352 1976/2320/2352
f 1976/2320/2353 1691/2000/2353 1980/2325/2353
f 1976/2320/2347 1980/2325/2347 1977/2321/2347
f 1977/2321/2354 1980/2325/2354 1981/2326/2354
f 1977/2321/2348 1981/2326/2348 1978/2322/2348
f 1978/2322/2355 1981/2326/2355 1982/2327/2355
f 1978/2323/2349 1982/2328/2349 1979/2324/2349
f 1979/2324/2356 1982/2328/2356 1983/2329/2356
f 1979/2324/2351 1983/2329/2351 1823/2139/2351
f 1823/2139/2357 1983/2329/2357 1825/2141/2357
f 1691/2000/2358 1692/2001/2358 1980/2325/2358
f 1980/2325/2359 1692/2001/2359 1984/2330/2359
f 1980/2325/2354 1984/2330/2354 1981/2326/2354
f 1981/2326/2360 1984/2330/2360 1985/2331/2360
f 1981/2326/2355 1985/2331/2355 1982/2327/2355
f 1982/2327/2361 1985/2331/2361 1986/2332/2361
f 1982/2328/2356 1986/2333/2356 1983/2329/2356
f 1983/2329/2362 1986/2333/2362 1987/2334/2362
f 1983/2329/2357 1987/2334/2357 1825/2141/2357
f 1825/2141/2363 1987/2334/2363 1827/2143/2363
f 1692/2001/2364 1693/2002/2364 1984/2330/2364
f 1984/2330/2365 1693/2002/2365 1988/2335/2365
f 1984/2330/2360 1988/2335/2360 1985/2331/2360
f 1985/2331/2366 1988/2335/2366 1989/2336/2366
f 1985/2331/2361 1989/2336/2361 1986/2332/2361
f 1986/2332/2367 1989/2336/2367 1990/2337/2367
f 1986/2333/2362 1990/2338/2362 1987/2334/2362
f 1987/2334/2368 1990/2338/2368 1991/2339/2368
f 1987/2334/2363 1991/2339/2363 1827/2143/2363
f 1827/2143/2369 1991/2339/2369 1829/2145/2369
f 1693/2002/2370 1694/2003/2370 1988/2335/2370
f 1988/2335/2371 1694/2003/2371 1992/2340/2371
f 1988/2335/2366 1992/2340/2366 1989/2336/2366
f 1989/2336/2372 1992/2340/2372 1993/2341/2372
f 1989/2336/2367 1993/2341/2367 1990/2337/2367
f 1990/2337/2373 1993/2341/2373 1994/2342/2373
f 1990/2338/2374 1994/2343/2374 1991/2339/2374
f 1991/2339/2375 1994/2343/2375 1995/2344/2375
f 1991/2339/2369 1995/2344/2369 1829/2145/2369
f 1829/2145/2376 1995/2344/2376 1831/2147/2376
f 1992/2340/2377 1694/2003/2377 1996/2345/2377
f 1996/2345/2378 1694/2003/2378 1695/2004/2378
f 1996/2345/2379 1695/2004/2379 1997/2346/2379
f 1997/2346/2380 1695/2004/2380 1696/2005/2380
f 1997/2346/2381 1696/2005/2381 1998/2347/2381
f 1998/2347/2382 1696/2005/2382 1697/2006/2382
f 1998/2347/2383 1697/2006/2383 1999/2348/2383
f 1999/2348/2384 1697/2006/2384 1698/2007/2384
f 1999/2348/2385 1698/2007/2385 2000/2349/2385
f 2000/2349/2386 1698/2007/2386 1699/2008/2386
f 2000/2349/2387 1699/2008/2387 2001/2350/2387
f 2001/2350/2388 1699/2008/2388 1700/2009/2388
f 2001/2351/2389 1700/2010/2389 2002/2352/2389
f 2002/2352/2390 1700/2010/2390 1701/2011/2390
f 2002/2352/2391 1701/2011/2391 2003/2353/2391
f 2003/2353/2392 1701/2011/2392 1702/2012/2392
f 2003/2353/2393 1702/2012/2393 2004/2354/2393
f 2004/2354/2394 1702/2012/2394 1703/2013/2394
f 2004/2354/2395 1703/2013/2395 2005/2355/2395
f 2005/2355/2396 1703/2013/2396 1704/2014/2396
f 2005/2355/2397 1704/2014/2397 2006/2356/2397
f 2006/2356/2398 1704/2014/2398 1705/2015/2398
f 2006/2356/2399 1705/2015/2399 2007/2357/2399
f 2007/2357/2400 1705/2015/2400 1706/2016/2400
f 2007/2357/2401 1706/2016/2401 2008/2358/2401
f 2008/2358/2402 1706/2016/2402 1707/2017/2402
f 2008/2358/2403 1707/2017/2403 2009/2359/2403
f 2009/2359/2404 1707/2017/2404 1708/2018/2404
f 2009/2359/2405 1708/2018/2405 2010/2360/2405
f 2010/2360/2406 1708/2018/2406 1709/2019/2406
f 2010/2360/2407 1709/2019/2407 2011/2361/2407
f 2011/2361/2408 1709/2019/2408 1710/2020/2408
f 2011/2361/2409 1710/2020/2409 2012/2362/2409
f 2012/2362/2410 1710/2020/2410 1711/2021/2410
f 2012/2362/2411 1711/2021/2411 2013/2363/2411
f 2013/2363/2412 1711/2021/2412 1712/2022/2412
f 2013/2363/2413 1712/2022/2413 2014/2364/2413
f 2014/2364/2414 1712/2022/2414 1713/2023/2414
f 2014/2364/2415 1713/2023/2415 2015/2365/2415
f 2015/2365/2416 1713/2023/2416 1714/2024/2416
f 2015/2365/2417 1714/2024/2417 2016/2366/2417
f 2016/2366/2418 1714/2024/2418 1715/2025/2418
f 2016/2366/2419 1715/2025/2419 2017/2367/2419
f 2017/2367/2420 1715/2025/2420 1716/2026/2420
f 2017/2367/2421 1716/2026/2421 2018/2368/2421
f 2018/2368/2422 1716/2026/2422 1717/2027/2422
f 2018/2368/2423 1717/2027/2423 2019/2369/2423
f 2019/2369/2424 1717/2027/2424 1718/2028/2424
f 2019/2369/2425 1718/2028/2425 2020/2370/2425
f 2020/2370/2426 1718/2028/2426 1719/2029/2426
f 2020/2370/2427 1719/2029/2427 2021/2371/2427
f 2021/2371/2428 1719/2029/2428 1720/2030/2428
f 2021/2371/2429 1720/2030/2429 2022/2372/2429
f 2022/2372/2430 1720/2030/2430 1721/2031/2430
f 2022/2372/2431 1721/2031/2431 2023/2373/2431
f 2023/2373/2432 1721/2031/2432 1635/2032/2432
f 2023/2373/2433 1635/2032/2433 1724/2374/2433
f 1724/2035/2434 1635/1942/2434 1636/1943/2434
f 1773/2089/2435 2024/2375/2435 1771/2087/2435
f 1771/2087/2436 2024/2375/2436 2025/2376/2436
f 1771/2087/2080 2025/2376/2080 1769/2085/2080
f 1769/2085/2437 2025/2376/2437 2026/2377/2437
f 1769/2085/2078 2026/2377/2078 1767/2083/2078
f 1767/2083/2438 2026/2377/2438 2027/2378/2438
f 1767/2081/2076 2027/2379/2076 1765/2079/2076
f 1765/2079/2439 2027/2379/2439 2028/2380/2439
f 1765/2079/2074 2028/2380/2074 1763/2077/2074
f 1763/2077/2440 2028/2380/2440 1762/2076/2440
f 2024/2375/2441 2029/2381/2441 2025/2376/2441
f 2025/2376/2442 2029/2381/2442 2030/2382/2442
f 2025/2376/2437 2030/2382/2437 2026/2377/2437
f 2026/2377/2443 2030/2382/2443 2031/2383/2443
f 2026/2377/2438 2031/2383/2438 2027/2378/2438
f 2027/2378/2444 2031/2383/2444 2032/2384/2444
f 2027/2379/2439 2032/2385/2439 2028/2380/2439
f 2028/2380/2445 2032/2385/2445 2033/2386/2445
f 2028/2380/2440 2033/2386/2440 1762/2076/2440
f 1762/2076/2446 2033/2386/2446 1761/2075/2446
f 2029/2381/2447 2034/2387/2447 2030/2382/2447
f 2030/2382/2448 2034/2387/2448 2035/2388/2448
f 2030/2382/2443 2035/2388/2443 2031/2383/2443
f 2031/2383/2449 2035/2388/2449 2036/2389/2449
f 2031/2383/2444 2036/2389/2444 2032/2384/2444
f 2032/2384/2450 2036/2389/2450 2037/2390/2450
f 2032/2385/2451 2037/2391/2451 2033/2386/2451
f 2033/2386/2452 2037/2391/2452 2038/2392/2452
f 2033/2386/2446 2038/2392/2446 1761/2075/2446
f 1761/2075/2453 2038/2392/2453 1760/2074/2453
f 2034/2387/2454 2039/2393/2454 2035/2388/2454
f 2035/2388/2455 2039/2393/2455 2040/2394/2455
f 2035/2388/2449 2040/2394/2449 2036/2389/2449
f 2036/2389/2456 2040/2394/2456 2041/2395/2456
f 2036/2389/2450 2041/2395/2450 2037/2390/2450
f 2037/2390/2457 2041/2395/2457 2042/2396/2457
f 2037/2391/2452 2042/2397/2452 2038/2392/2452
f 2038/2392/2458 2042/2397/2458 2043/2398/2458
f 2038/2392/2453 2043/2398/2453 1760/2074/2453
f 1760/2074/2459 2043/2398/2459 1759/2073/2459
f 2039/2393/2460 2044/2399/2460 2040/2394/2460
f 2040/2394/2461 2044/2399/2461 2045/2400/2461
f 2040/2394/2456 2045/2400/2456 2041/2395/2456
f 2041/2395/2462 2045/2400/2462 2046/2401/2462
f 2041/2395/2457 2046/2401/2457 2042/2396/2457
f 2042/2396/2463 2046/2401/2463 2047/2402/2463
f 2042/2397/2458 2047/2403/2458 2043/2398/2458
f 2043/2398/2464 2047/2403/2464 2048/2404/2464
f 2043/2398/2459 2048/2404/2459 1759/2073/2459
f 1759/2073/2465 2048/2404/2465 1758/2072/2465
f 2044/2399/2466 2049/2405/2466 2045/2400/2466
f 2045/2400/2467 2049/2405/2467 2050/2406/2467
f 2045/2400/2462 2050/2406/2462 2046/2401/2462
f 2046/2401/2468 2050/2406/2468 2051/2407/2468
f 2046/2401/2463 2051/2407/2463 2047/2402/2463
f 2047/2402/2469 2051/2407/2469 2052/2408/2469
f 2047/2403/2464 2052/2409/2464 2048/2404/2464
f 2048/2404/2470 2052/2409/2470 2053/2410/2470
f 2048/2404/2465 2053/2410/2465 1758/2072/2465
f 1758/2072/2471 2053/2410/2471 1757/2071/2471
f 2049/2405/2472 2054/2411/2472 2050/2406/2472
f 2050/2406/2473 2054/2411/2473 2055/2412/2473
f 2050/2406/2468 2055/2412/2468 2051/2407/2468
f 2051/2407/2474 2055/2412/2474 2056/2413/2474
f 2051/2407/2469 2056/2413/2469 2052/2408/2469
f 2052/2408/2475 2056/2413/2475 2057/2414/2475
f 2052/2409/2470 2057/2415/2470 2053/2410/2470
f 2053/2410/2476 2057/2415/2476 2058/2416/2476
f 2053/2410/2471 2058/2416/2471 1757/2071/2471
f 1757/2071/2477 2058/2416/2477 1756/2070/2477
f 2054/2411/2478 2059/2417/2478 2055/2412/2478
f 2055/2412/2479 2059/2417/2479 2060/2418/2479
f 2055/2412/2474 2060/2418/2474 2056/2413/2474
f 2056/2413/2480 2060/2418/2480 2061/2419/2480
f 2056/2413/2475 2061/2419/2475 2057/2414/2475
f 2057/2414/2481 2061/2419/2481 2062/2420/2481
f 2057/2415/2476 2062/2421/2476 2058/2416/2476
f 2058/2416/2482 2062/2421/2482 2063/2422/2482
f 2058/2416/2477 2063/2422/2477 1756/2070/2477
f 1756/2070/2483 2063/2422/2483 1755/2069/2483
f 2059/2417/2484 2064/2423/2484 2060/2418/2484
f 2060/2418/2485 2064/2423/2485 2065/2424/2485
f 2060/2418/2480 2065/2424/2480 2061/2419/2480
f 2061/2419/2486 2065/2424/2486 2066/2425/2486
f 2061/2419/2481 2066/2425/2481 2062/2420/2481
f 2062/2420/2487 2066/2425/2487 2067/2426/2487
f 2062/2421/2482 2067/2427/2482 2063/2422/2482
f 2063/2422/2488 2067/2427/2488 2068/2428/2488
f 2063/2422/2489 2068/2428/2489 1755/2069/2489
f 1755/2069/2490 2068/2428/2490 1754/2068/2490
f 2064/2423/2491 2069/2429/2491 2065/2424/2491
f 2065/2424/2492 2069/2429/2492 2070/2430/2492
f 2065/2424/2486 2070/2430/2486 2066/2425/2486
f 2066/2425/2493 2070/2430/2493 2071/2431/2493
f 2066/2425/2487 2071/2431/2487 2067/2426/2487
f 2067/2426/2494 2071/2431/2494 2072/2432/2494
f 2067/2427/2488 2072/2433/2488 2068/2428/2488
f 2068/2434/2495 2072/2432/2495 2073/2435/2495
f 2068/2428/2490 2073/2436/2490 1754/2068/2490
f 1754/2067/2496 2073/2437/2496 1753/2066/2496
f 2069/2429/2497 2074/2438/2497 2070/2430/2497
f 2070/2430/2498 2074/2438/2498 2075/2439/2498
f 2070/2430/2499 2075/2439/2499 2071/2431/2499
f 2071/2431/2500 2075/2439/2500 2076/2440/2500
f 2071/2431/2494 2076/2440/2494 2072/2432/2494
f 2072/2432/2501 2076/2440/2501 2077/2441/2501
f 2072/2432/2495 2077/2441/2495 2073/2435/2495
f 2073/2437/2502 2077/2442/2502 2078/2443/2502
f 2073/2437/2496 2078/2443/2496 1753/2066/2496
f 1753/2066/2503 2078/2443/2503 1752/2065/2503
f 2074/2438/2504 2079/2444/2504 2075/2439/2504
f 2075/2439/2505 2079/2444/2505 2080/2445/2505
f 2075/2439/2500 2080/2445/2500 2076/2440/2500
f 2076/2440/2506 2080/2445/2506 2081/2446/2506
f 2076/2440/2501 2081/2446/2501 2077/2441/2501
f 2077/2441/2507 2081/2446/2507 2082/2447/2507
f 2077/2442/2502 2082/2448/2502 2078/2443/2502
f 2078/2443/2508 2082/2448/2508 2083/2449/2508
f 2078/2443/2503 2083/2449/2503 1752/2065/2503
f 1752/2065/2509 2083/2449/2509 1751/2064/2509
f 2079/2444/2510 2084/2450/2510 2080/2445/2510
f 2080/2445/2511 2084/2450/2511 2085/2451/2511
f 2080/2445/2506 2085/2451/2506 2081/2446/2506
f 2081/2446/2512 2085/2451/2512 2086/2452/2512
f 2081/2446/2507 2086/2452/2507 2082/2447/2507
f 2082/2447/2513 2086/2452/2513 2087/2453/2513
f 2082/2448/2508 2087/2454/2508 2083/2449/2508
f 2083/2449/2514 2087/2454/2514 2088/2455/2514
f 2083/2449/2509 2088/2455/2509 1751/2064/2509
f 1751/2064/2515 2088/2455/2515 1750/2063/2515
f 2084/2450/2516 2089/2456/2516 2085/2451/2516
f 2085/2451/2517 2089/2456/2517 2090/2457/2517
f 2085/2451/2512 2090/2457/2512 2086/2452/2512
f 2086/2452/2518 2090/2457/2518 2091/2458/2518
f 2086/2452/2513 2091/2458/2513 2087/2453/2513
f 2087/2453/2519 2091/2458/2519 2092/2459/2519
f 2087/2454/2514 2092/2460/2514 2088/2455/2514
f 2088/2455/2520 2092/2460/2520 2093/2461/2520
f 2088/2455/2515 2093/2461/2515 1750/2063/2515
f 1750/2063/2521 2093/2461/2521 1749/2062/2521
f 2089/2456/2522 2094/2462/2522 2090/2457/2522
f 2090/2457/2523 2094/2462/2523 2095/2463/2523
f 2090/2457/2518 2095/2463/2518 2091/2458/2518
f 2091/2458/2524 2095/2463/2524 2096/2464/2524
f 2091/2458/2519 2096/2464/2519 2092/2459/2519
f 2092/2459/2525 2096/2464/2525 2097/2465/2525
f 2092/2460/2520 2097/2466/2520 2093/2461/2520
f 2093/2461/2526 2097/2466/2526 2098/2467/2526
f 2093/2461/2521 2098/2467/2521 1749/2062/2521
f 1749/2062/2527 2098/2467/2527 1748/2061/2527
f 2094/2462/2528 2099/2468/2528 2095/2463/2528
f 2095/2463/2529 2099/2468/2529 2100/2469/2529
f 2095/2463/2524 2100/2469/2524 2096/2464/2524
f 2096/2464/2530 2100/2469/2530 2101/2470/2530
f 2096/2464/2525 2101/2470/2525 2097/2465/2525
f 2097/2465/2531 2101/2470/2531 2102/2471/2531
f 2097/2466/2526 2102/2472/2526 2098/2467/2526
f 2098/2467/2532 2102/2472/2532 2103/2473/2532
f 2098/2467/2527 2103/2473/2527 1748/2061/2527
f 1748/2061/2533 2103/2473/2533 1747/2060/2533
f 2099/2468/2534 2104/2474/2534 2100/2469/2534
f 2100/2469/2535 2104/2474/2535 2105/2475/2535
f 2100/2469/2530 2105/2475/2530 2101/2470/2530
f 2101/2470/2536 2105/2475/2536 2106/2476/2536
f 2101/2470/2531 2106/2476/2531 2102/2471/2531
f 2102/2471/2537 2106/2476/2537 2107/2477/2537
f 2102/2472/2532 2107/2478/2532 2103/2473/2532
f 2103/2473/2538 2107/2478/2538 2108/2479/2538
f 2103/2473/2533 2108/2479/2533 1747/2060/2533
f 1747/2060/2539 2108/2479/2539 1746/2059/2539
f 2104/2474/2540 2109/2480/2540 2105/2475/2540
f 2105/2475/2541 2109/2480/2541 2110/2481/2541
f 2105/2475/2536 2110/2481/2536 2106/2476/2536
f 2106/2476/2542 2110/2481/2542 2111/2482/2542
f 2106/2476/2537 2111/2482/2537 2107/2477/2537
f 2107/2477/2543 2111/2482/2543 2112/2483/2543
f 2107/2478/2538 2112/2484/2538 2108/2479/2538
f 2108/2479/2544 2112/2484/2544 2113/2485/2544
f 2108/2479/2539 2113/2485/2539 1746/2059/2539
f 1746/2059/2545 2113/2485/2545 1745/2058/2545
f 2109/2480/2546 2114/2486/2546 2110/2481/2546
f 2110/2481/2547 2114/2486/2547 2115/2487/2547
f 2110/2481/2542 2115/2487/2542 2111/2482/2542
f 2111/2482/2548 2115/2487/2548 2116/2488/2548
f 2111/2482/2543 2116/2488/2543 2112/2483/2543
f 2112/2483/2549 2116/2488/2549 2117/2489/2549
f 2112/2484/2544 2117/2490/2544 2113/2485/2544
f 2113/2485/2550 2117/2490/2550 2118/2491/2550
f 2113/2485/2545 2118/2491/2545 1745/2058/2545
f 1745/2058/2551 2118/2491/2551 1744/2057/2551
f 2114/2486/2552 2119/2492/2552 2115/2487/2552
f 2115/2487/2553 2119/2492/2553 2120/2493/2553
f 2115/2487/2548 2120/2493/2548 2116/2488/2548
f 2116/2488/2554 2120/2493/2554 2121/2494/2554
f 2116/2488/2549 2121/2494/2549 2117/2489/2549
f 2117/2489/2555 2121/2494/2555 2122/2495/2555
f 2117/2490/2550 2122/2496/2550 2118/2491/2550
f 2118/2491/2556 2122/2496/2556 2123/2497/2556
f 2118/2491/2551 2123/2497/2551 1744/2057/2551
f 1744/2057/2557 2123/2497/2557 1743/2056/2557
f 2119/2492/2558 2124/2498/2558 2120/2493/2558
f 2120/2493/2559 2124/2498/2559 2125/2499/2559
f 2120/2493/2554 2125/2499/2554 2121/2494/2554
f 2121/2494/2560 2125/2499/2560 2126/2500/2560
f 2121/2494/2555 2126/2500/2555 2122/2495/2555
f 2122/2495/2561 2126/2500/2561 2127/2501/2561
f 2122/2496/2556 2127/2502/2556 2123/2497/2556
f 2123/2497/2562 2127/2502/2562 2128/2503/2562
f 2123/2497/2557 2128/2503/2557 1743/2056/2557
f 1743/2056/2563 2128/2503/2563 1742/2055/2563
f 2124/2498/2564 2129/2504/2564 2125/2499/2564
f 2125/2499/2565 2129/2504/2565 2130/2505/2565
f 2125/2499/2560 2130/2505/2560 2126/2500/2560
f 2126/2500/2566 2130/2505/2566 2131/2506/2566
f 2126/2500/2561 2131/2506/2561 2127/2501/2561
f 2127/2501/2567 2131/2506/2567 2132/2507/2567
f 2127/2502/2562 2132/2508/2562 2128/2503/2562
f 2128/2503/2568 2132/2508/2568 2133/2509/2568
f 2128/2503/2563 2133/2509/2563 1742/2055/2563
f 1742/2055/2569 2133/2509/2569 1741/2054/2569
f 2129/2504/2570 2134/2510/2570 2130/2505/2570
f 2130/2505/2571 2134/2510/2571 2135/2511/2571
f 2130/2505/2566 2135/2511/2566 2131/2506/2566
f 2131/2506/2572 2135/2511/2572 2136/2512/2572
f 2131/2506/2567 2136/2512/2567 2132/2507/2567
f 2132/2507/2573 2136/2512/2573 2137/2513/2573
f 2132/2508/2568 2137/2514/2568 2133/2509/2568
f 2133/2509/2574 2137/2514/2574 2138/2515/2574
f 2133/2509/2569 2138/2515/2569 1741/2054/2569
f 1741/2054/2575 2138/2515/2575 1740/2053/2575
f 2134/2510/2576 2139/2516/2576 2135/2511/2576
f 2135/2511/2577 2139/2516/2577 2140/2517/2577
f 2135/2511/2572 2140/2517/2572 2136/2512/2572
f 2136/2512/2578 2140/2517/2578 2141/2518/2578
f 2136/2512/2573 2141/2518/2573 2137/2513/2573
f 2137/2513/2579 2141/2518/2579 2142/2519/2579
f 2137/2514/2574 2142/2520/2574 2138/2515/2574
f 2138/2515/2580 2142/2520/2580 2143/2521/2580
f 2138/2515/2575 2143/2521/2575 1740/2053/2575
f 1740/2053/2581 2143/2521/2581 1739/2052/2581
f 2139/2516/2582 2144/2522/2582 2140/2517/2582
f 2140/2517/2583 2144/2522/2583 2145/2523/2583
f 2140/2517/2578 2145/2523/2578 2141/2518/2578
f 2141/2518/2584 2145/2523/2584 2146/2524/2584
f 2141/2518/2579 2146/2524/2579 2142/2519/2579
f 2142/2519/2585 2146/2524/2585 2147/2525/2585
f 2142/2520/2580 2147/2526/2580 2143/2521/2580
f 2143/2521/2586 2147/2526/2586 2148/2527/2586
f 2143/2521/2587 2148/2527/2587 1739/2052/2587
f 1739/2052/2588 2148/2527/2588 1738/2051/2588
f 2144/2522/2589 2149/2528/2589 2145/2523/2589
f 2145/2523/2590 2149/2528/2590 2150/2529/2590
f 2145/2523/2584 2150/2529/2584 2146/2524/2584
f 2146/2524/2591 2150/2529/2591 2151/2530/2591
f 2146/2524/2585 2151/2530/2585 2147/2525/2585
f 2147/2525/2592 2151/2530/2592 2152/2531/2592
f 2147/2526/2586 2152/2532/2586 2148/2527/2586
f 2148/2527/2593 2152/2532/2593 2153/2533/2593
f 2148/2527/2588 2153/2533/2588 1738/2051/2588
f 1738/2051/2594 2153/2533/2594 1737/2050/2594
f 2149/2528/2595 2154/2534/2595 2150/2529/2595
f 2150/2529/2596 2154/2534/2596 2155/2535/2596
f 2150/2529/2591 2155/2535/2591 2151/2530/2591
f 2151/2530/2597 2155/2535/2597 2156/2536/2597
f 2151/2530/2592 2156/2536/2592 2152/2531/2592
f 2152/2531/2598 2156/2536/2598 2157/2537/2598
f 2152/2532/2599 2157/2538/2599 2153/2533/2599
f 2153/2533/2600 2157/2538/2600 2158/2539/2600
f 2153/2533/2594 2158/2539/2594 1737/2050/2594
f 1737/2050/2601 2158/2539/2601 1736/2049/2601
f 2154/2534/2602 2159/2540/2602 2155/2535/2602
f 2155/2535/2603 2159/2540/2603 2160/2541/2603
f 2155/2535/2597 2160/2541/2597 2156/2536/2597
f 2156/2536/2604 2160/2541/2604 2161/2542/2604
f 2156/2536/2605 2161/2542/2605 2157/2537/2605
f 2157/2537/2606 2161/2542/2606 2162/2543/2606
f 2157/2538/2600 2162/2544/2600 2158/2539/2600
f 2158/2539/2607 2162/2544/2607 2163/2545/2607
f 2158/2539/2601 2163/2545/2601 1736/2049/2601
f 1736/2049/2608 2163/2545/2608 1735/2048/2608
f 2159/2540/2609 2164/2546/2609 2160/2541/2609
f 2160/2541/2610 2164/2546/2610 2165/2547/2610
f 2160/2541/2604 2165/2547/2604 2161/2542/2604
f 2161/2542/2611 2165/2547/2611 2166/2548/2611
f 2161/2542/2606 2166/2548/2606 2162/2543/2606
f 2162/2543/2612 2166/2548/2612 2167/2549/2612
f 2162/2544/2607 2167/2550/2607 2163/2545/2607
f 2163/2545/2613 2167/2550/2613 2168/2551/2613
f 2163/2545/2608 2168/2551/2608 1735/2048/2608
f 1735/2048/2614 2168/2551/2614 1722/2033/2614
f 2164/2546/2615 2169/2552/2615 2165/2547/2615
f 2165/2547/2616 2169/2552/2616 2170/2553/2616
f 2165/2547/2611 2170/2553/2611 2166/2548/2611
f 2166/2548/2617 2170/2553/2617 2171/2554/2617
f 2166/2548/2612 2171/2554/2612 2167/2549/2612
f 2167/2549/2618 2171/2554/2618 2172/2555/2618
f 2167/2550/2613 2172/2556/2613 2168/2551/2613
f 2168/2551/2619 2172/2556/2619 2173/2557/2619
f 2168/2551/2614 2173/2557/2614 1722/2033/2614
f 1722/2033/2620 2173/2557/2620 1723/2034/2620
f 2169/2552/2621 2174/2558/2621 2170/2553/2621
f 2170/2553/2622 2174/2558/2622 2175/2559/2622
f 2170/2553/2617 2175/2559/2617 2171/2554/2617
f 2171/2554/2623 2175/2559/2623 2176/2560/2623
f 2171/2554/2624 2176/2560/2624 2172/2555/2624
f 2172/2555/2625 2176/2560/2625 2177/2561/2625
f 2172/2556/2619 2177/2562/2619 2173/2557/2619
f 2173/2557/2626 2177/2562/2626 1725/2036/2626
f 2173/2557/2620 1725/2036/2620 1723/2034/2620
f 2174/2558/2627 2178/2563/2627 2175/2559/2627
f 2175/2559/2628 2178/2563/2628 2179/2564/2628
f 2175/2559/2623 2179/2564/2623 2176/2560/2623
f 2176/2560/2629 2179/2564/2629 2180/2565/2629
f 2176/2560/2625 2180/2565/2625 2177/2561/2625
f 2177/2561/2630 2180/2565/2630 1727/2041/2630
f 2177/2562/2631 1727/2038/2631 1725/2036/2631
f 2178/2563/2632 2181/2566/2632 2179/2564/2632
f 2179/2564/2633 2181/2566/2633 2182/2567/2633
f 2179/2564/2629 2182/2567/2629 2180/2565/2629
f 2180/2565/2634 2182/2567/2634 1729/2042/2634
f 2180/2565/2630 1729/2042/2630 1727/2041/2630
f 2181/2566/2635 1733/2046/2635 2182/2567/2635
f 2182/2567/2636 1733/2046/2636 1731/2044/2636
f 2182/2567/2637 1731/2044/2637 1729/2042/2637
f 1992/2340/2372 1996/2345/2372 1993/2341/2372
f 1993/2341/2638 1996/2345/2638 2183/2568/2638
f 1993/2341/2373 2183/2568/2373 1994/2342/2373
f 1994/2342/2639 2183/2568/2639 2184/2569/2639
f 1994/2343/2375 2184/2570/2375 1995/2344/2375
f 1995/2344/2640 2184/2570/2640 2185/2571/2640
f 1995/2344/2376 2185/2571/2376 1831/2147/2376
f 1831/2147/2641 2185/2571/2641 1833/2149/2641
f 1996/2345/2638 1997/2346/2638 2183/2568/2638
f 2183/2568/2642 1997/2346/2642 2186/2572/2642
f 2183/2568/2639 2186/2572/2639 2184/2569/2639
f 2184/2569/2643 2186/2572/2643 2187/2573/2643
f 2184/2570/2640 2187/2574/2640 2185/2571/2640
f 2185/2571/2644 2187/2574/2644 2188/2575/2644
f 2185/2571/2641 2188/2575/2641 1833/2149/2641
f 1833/2149/2645 2188/2575/2645 1835/2151/2645
f 1997/2346/2642 1998/2347/2642 2186/2572/2642
f 2186/2572/2646 1998/2347/2646 2189/2576/2646
f 2186/2572/2643 2189/2576/2643 2187/2573/2643
f 2187/2573/2647 2189/2576/2647 2190/2577/2647
f 2187/2574/2644 2190/2578/2644 2188/2575/2644
f 2188/2575/2648 2190/2578/2648 2191/2579/2648
f 2188/2575/2645 2191/2579/2645 1835/2151/2645
f 1835/2151/2649 2191/2579/2649 1837/2153/2649
f 1998/2347/2646 1999/2348/2646 2189/2576/2646
f 2189/2576/2650 1999/2348/2650 2192/2580/2650
f 2189/2576/2647 2192/2580/2647 2190/2577/2647
f 2190/2577/2651 2192/2580/2651 2193/2581/2651
f 2190/2578/2648 2193/2582/2648 2191/2579/2648
f 2191/2579/2652 2193/2582/2652 2194/2583/2652
f 2191/2579/2653 2194/2583/2653 1837/2153/2653
f 1837/2153/2654 2194/2583/2654 1839/2155/2654
f 1999/2348/2650 2000/2349/2650 2192/2580/2650
f 2192/2580/2655 2000/2349/2655 2195/2584/2655
f 2192/2580/2651 2195/2584/2651 2193/2581/2651
f 2193/2581/2656 2195/2584/2656 2196/2585/2656
f 2193/2582/2652 2196/2586/2652 2194/2583/2652
f 2194/2583/2657 2196/2586/2657 2197/2587/2657
f 2194/2583/2654 2197/2587/2654 1839/2155/2654
f 1839/2155/2658 2197/2587/2658 1841/2157/2658
f 2000/2349/2655 2001/2350/2655 2195/2584/2655
f 2195/2588/2659 2001/2351/2659 2198/2589/2659
f 2195/2584/2656 2198/2590/2656 2196/2585/2656
f 2196/2591/2660 2198/2589/2660 2199/2592/2660
f 2196/2586/2657 2199/2593/2657 2197/2587/2657
f 2197/2587/2661 2199/2593/2661 2200/2594/2661
f 2197/2587/2658 2200/2594/2658 1841/2157/2658
f 1841/2157/2662 2200/2594/2662 1843/2159/2662
f 2001/2351/2659 2002/2352/2659 2198/2589/2659
f 2198/2589/2663 2002/2352/2663 2201/2595/2663
f 2198/2589/2660 2201/2595/2660 2199/2592/2660
f 2199/2592/2664 2201/2595/2664 2202/2596/2664
f 2199/2593/2661 2202/2597/2661 2200/2594/2661
f 2200/2594/2665 2202/2597/2665 2203/2598/2665
f 2200/2594/2662 2203/2598/2662 1843/2159/2662
f 1843/2159/2666 2203/2598/2666 1845/2161/2666
f 2002/2352/2667 2003/2353/2667 2201/2595/2667
f 2201/2595/2668 2003/2353/2668 2204/2599/2668
f 2201/2595/2664 2204/2599/2664 2202/2596/2664
f 2202/2596/2669 2204/2599/2669 2205/2600/2669
f 2202/2597/2665 2205/2601/2665 2203/2598/2665
f 2203/2598/2670 2205/2601/2670 2206/2602/2670
f 2203/2598/2666 2206/2602/2666 1845/2161/2666
f 1845/2161/2671 2206/2602/2671 1847/2163/2671
f 2003/2353/2668 2004/2354/2668 2204/2599/2668
f 2204/2599/2672 2004/2354/2672 2207/2603/2672
f 2204/2599/2669 2207/2603/2669 2205/2600/2669
f 2205/2600/2673 2207/2603/2673 2208/2604/2673
f 2205/2601/2670 2208/2605/2670 2206/2602/2670
f 2206/2602/2674 2208/2605/2674 2209/2606/2674
f 2206/2602/2671 2209/2606/2671 1847/2163/2671
f 1847/2163/2675 2209/2606/2675 1849/2165/2675
f 2004/2354/2672 2005/2355/2672 2207/2603/2672
f 2207/2603/2676 2005/2355/2676 2210/2607/2676
f 2207/2603/2673 2210/2607/2673 2208/2604/2673
f 2208/2604/2677 2210/2607/2677 2211/2608/2677
f 2208/2605/2674 2211/2609/2674 2209/2606/2674
f 2209/2606/2678 2211/2609/2678 2212/2610/2678
f 2209/2606/2675 2212/2610/2675 1849/2165/2675
f 1849/2165/2679 2212/2610/2679 1851/2167/2679
f 2005/2355/2676 2006/2356/2676 2210/2607/2676
f 2210/2607/2680 2006/2356/2680 2213/2611/2680
f 2210/2607/2677 2213/2611/2677 2211/2608/2677
f 2211/2608/2681 2213/2611/2681 2214/2612/2681
f 2211/2609/2678 2214/2613/2678 2212/2610/2678
f 2212/2610/2682 2214/2613/2682 2215/2614/2682
f 2212/2610/2679 2215/2614/2679 1851/2167/2679
f 1851/2167/2683 2215/2614/2683 1853/2169/2683
f 2006/2356/2680 2007/2357/2680 2213/2611/2680
f 2213/2611/2684 2007/2357/2684 2216/2615/2684
f 2213/2611/2681 2216/2615/2681 2214/2612/2681
f 2214/2612/2685 2216/2615/2685 2217/2616/2685
f 2214/2613/2686 2217/2617/2686 2215/2614/2686
f 2215/2614/2687 2217/2617/2687 2218/2618/2687
f 2215/2614/2683 2218/2618/2683 1853/2169/2683
f 1853/2169/2688 2218/2618/2688 1855/2171/2688
f 2007/2357/2684 2008/2358/2684 2216/2615/2684
f 2216/2615/2689 2008/2358/2689 2219/2619/2689
f 2216/2615/2685 2219/2619/2685 2217/2616/2685
f 2217/2616/2690 2219/2619/2690 2220/2620/2690
f 2217/2617/2687 2220/2621/2687 2218/2618/2687
f 2218/2618/2691 2220/2621/2691 2221/2622/2691
f 2218/2618/2688 2221/2622/2688 1855/2171/2688
f 1855/2171/2692 2221/2622/2692 1857/2173/2692
f 2008/2358/2689 2009/2359/2689 2219/2619/2689
f 2219/2619/2693 2009/2359/2693 2222/2623/2693
f 2219/2619/2694 2222/2623/2694 2220/2620/2694
f 2220/2620/2695 2222/2623/2695 2223/2624/2695
f 2220/2621/2691 2223/2625/2691 2221/2622/2691
f 2221/2622/2696 2223/2625/2696 2224/2626/2696
f 2221/2622/2697 2224/2626/2697 1857/2173/2697
f 1857/2173/2698 2224/2626/2698 1859/2175/2698
f 2009/2359/2693 2010/2360/2693 2222/2623/2693
f 2222/2623/2699 2010/2360/2699 2225/2627/2699
f 2222/2623/2695 2225/2627/2695 2223/2624/2695
f 2223/2624/2700 2225/2627/2700 2226/2628/2700
f 2223/2625/2696 2226/2629/2696 2224/2626/2696
f 2224/2626/2701 2226/2629/2701 2227/2630/2701
f 2224/2626/2698 2227/2630/2698 1859/2175/2698
f 1859/2175/2702 2227/2630/2702 1861/2177/2702
f 2010/2360/2699 2011/2361/2699 2225/2627/2699
f 2225/2627/2703 2011/2361/2703 2228/2631/2703
f 2225/2627/2700 2228/2631/2700 2226/2628/2700
f 2226/2628/2704 2228/2631/2704 2229/2632/2704
f 2226/2629/2701 2229/2633/2701 2227/2630/2701
f 2227/2630/2705 2229/2633/2705 2230/2634/2705
f 2227/2630/2702 2230/2634/2702 1861/2177/2702
f 1861/2177/2706 2230/2634/2706 1863/2179/2706
f 2011/2361/2703 2012/2362/2703 2228/2631/2703
f 2228/2631/2707 2012/2362/2707 2231/2635/2707
f 2228/2631/2704 2231/2635/2704 2229/2632/2704
f 2229/2632/2708 2231/2635/2708 2232/2636/2708
f 2229/2633/2705 2232/2637/2705 2230/2634/2705
f 2230/2634/2709 2232/2637/2709 2233/2638/2709
f 2230/2634/2706 2233/2638/2706 1863/2179/2706
f 1863/2179/2710 2233/2638/2710 1865/2181/2710
f 2012/2362/2707 2013/2363/2707 2231/2635/2707
f 2231/2635/2711 2013/2363/2711 2234/2639/2711
f 2231/2635/2708 2234/2639/2708 2232/2636/2708
f 2232/2636/2712 2234/2639/2712 2235/2640/2712
f 2232/2637/2709 2235/2641/2709 2233/2638/2709
f 2233/2638/2713 2235/2641/2713 2236/2642/2713
f 2233/2638/2710 2236/2642/2710 1865/2181/2710
f 1865/2181/2714 2236/2642/2714 1867/2183/2714
f 2013/2363/2711 2014/2364/2711 2234/2639/2711
f 2234/2639/2715 2014/2364/2715 2237/2643/2715
f 2234/2639/2712 2237/2643/2712 2235/2640/2712
f 2235/2640/2716 2237/2643/2716 2238/2644/2716
f 2235/2641/2713 2238/2645/2713 2236/2642/2713
f 2236/2642/2717 2238/2645/2717 2239/2646/2717
f 2236/2642/2714 2239/2646/2714 1867/2183/2714
f 1867/2183/2718 2239/2646/2718 1869/2185/2718
f 2014/2364/2715 2015/2365/2715 2237/2643/2715
f 2237/2643/2719 2015/2365/2719 2240/2647/2719
f 2237/2643/2720 2240/2647/2720 2238/2644/2720
f 2238/2644/2721 2240/2647/2721 2241/2648/2721
f 2238/2645/2717 2241/2649/2717 2239/2646/2717
f 2239/2646/2722 2241/2649/2722 2242/2650/2722
f 2239/2646/2718 2242/2650/2718 1869/2185/2718
f 1869/2185/2723 2242/2650/2723 1871/2187/2723
f 2015/2365/2719 2016/2366/2719 2240/2647/2719
f 2240/2647/2724 2016/2366/2724 2243/2651/2724
f 2240/2647/2721 2243/2651/2721 2241/2648/2721
f 2241/2648/2725 2243/2651/2725 2244/2652/2725
f 2241/2649/2722 2244/2653/2722 2242/2650/2722
f 2242/2650/2726 2244/2653/2726 2245/2654/2726
f 2242/2650/2723 2245/2654/2723 1871/2187/2723
f 1871/2187/2727 2245/2654/2727 1873/2189/2727
f 2016/2366/2724 2017/2367/2724 2243/2651/2724
f 2243/2651/2728 2017/2367/2728 2246/2655/2728
f 2243/2651/2725 2246/2655/2725 2244/2652/2725
f 2244/2652/2729 2246/2655/2729 2247/2656/2729
f 2244/2653/2726 2247/2657/2726 2245/2654/2726
f 2245/2654/2730 2247/2657/2730 2248/2658/2730
f 2245/2654/2727 2248/2658/2727 1873/2189/2727
f 1873/2189/2731 2248/2658/2731 1875/2191/2731
f 2017/2367/2728 2018/2368/2728 2246/2655/2728
f 2246/2655/2732 2018/2368/2732 2249/2659/2732
f 2246/2655/2729 2249/2659/2729 2247/2656/2729
f 2247/2656/2733 2249/2659/2733 2250/2660/2733
f 2247/2657/2730 2250/2661/2730 2248/2658/2730
f 2248/2658/2734 2250/2661/2734 2251/2662/2734
f 2248/2658/2731 2251/2662/2731 1875/2191/2731
f 1875/2191/2735 2251/2662/2735 1877/2193/2735
f 2018/2368/2732 2019/2369/2732 2249/2659/2732
f 2249/2659/2736 2019/2369/2736 2252/2663/2736
f 2249/2659/2737 2252/2663/2737 2250/2660/2737
f 2250/2660/2738 2252/2663/2738 2253/2664/2738
f 2250/2661/2734 2253/2665/2734 2251/2662/2734
f 2251/2662/2739 2253/2665/2739 2254/2666/2739
f 2251/2662/2735 2254/2666/2735 1877/2193/2735
f 1877/2193/2740 2254/2666/2740 1879/2195/2740
f 2019/2369/2736 2020/2370/2736 2252/2663/2736
f 2252/2663/2741 2020/2370/2741 2255/2667/2741
f 2252/2663/2738 2255/2667/2738 2253/2664/2738
f 2253/2664/2742 2255/2667/2742 2256/2668/2742
f 2253/2665/2739 2256/2669/2739 2254/2666/2739
f 2254/2666/2743 2256/2669/2743 2257/2670/2743
f 2254/2666/2740 2257/2670/2740 1879/2195/2740
f 1879/2195/2744 2257/2670/2744 1732/2045/2744
f 2020/2370/2741 2021/2371/2741 2255/2667/2741
f 2255/2667/2745 2021/2371/2745 2258/2671/2745
f 2255/2667/2742 2258/2671/2742 2256/2668/2742
f 2256/2668/2746 2258/2671/2746 2259/2672/2746
f 2256/2669/2743 2259/2673/2743 2257/2670/2743
f 2257/2670/2747 2259/2673/2747 1730/2043/2747
f 2257/2670/2744 1730/2043/2744 1732/2045/2744
f 2021/2371/2745 2022/2372/2745 2258/2671/2745
f 2258/2671/2748 2022/2372/2748 2260/2674/2748
f 2258/2671/2746 2260/2674/2746 2259/2672/2746
f 2259/2673/2749 2260/2675/2749 1728/2040/2749
f 2259/2673/2747 1728/2040/2747 1730/2043/2747
f 2022/2372/2748 2023/2373/2748 2260/2674/2748
f 2260/2674/2750 2023/2373/2750 1726/2676/2750
f 2260/2675/2749 1726/2677/2749 1728/2040/2749
f 1724/2374/2750 1726/2676/2750 2023/2373/2750
f 2261/2678/1741 2262/2679/1741 1733/2046/1741
f 1733/2046/1741 2262/2679/1741 2263/2680/1741
f 1733/2046/1741 2263/2680/1741 1734/2047/1741
f 1734/2047/1741 2263/2680/1741 2264/2681/1741
f 1734/2047/1741 2264/2681/1741 1878/2194/1741
f 1878/2194/1741 2264/2681/1741 2265/2682/1741
f 1878/2194/1741 2265/2682/1741 1876/2192/1741
f 1876/2192/1741 2265/2682/1741 2266/2683/1741
f 1876/2192/1741 2266/2683/1741 1874/2190/1741
f 1874/2190/1741 2266/2683/1741 2267/2684/1741
f 1874/2190/1741 2267/2684/1741 1872/2188/1741
f 1872/2188/1741 2267/2684/1741 2268/2685/1741
f 1872/2188/1741 2268/2685/1741 1870/2186/1741
f 1870/2186/1741 2268/2685/1741 2269/2686/1741
f 1870/2186/1741 2269/2686/1741 1868/2184/1741
f 1868/2184/1741 2269/2686/1741 2270/2687/1741
f 1868/2184/1741 2270/2687/1741 2271/2688/1741
f 1868/2184/1741 2271/2688/1741 1866/2182/1741
f 1866/2182/1741 2271/2688/1741 2272/2689/1741
f 1866/2182/1741 2272/2689/1741 1864/2180/1741
f 1864/2180/1741 2272/2689/1741 2273/2690/1741
f 1864/2180/1741 2273/2690/1741 1862/2178/1741
f 1862/2178/1741 2273/2690/1741 2274/2691/1741
f 1862/2178/1741 2274/2691/1741 1860/2176/1741
f 1860/2176/1741 2274/2691/1741 2275/2692/1741
f 1860/2176/1741 2275/2692/1741 1858/2174/1741
f 1858/2174/1741 2275/2692/1741 2276/2693/1741
f 1858/2174/1741 2276/2693/1741 1856/2172/1741
f 1856/2172/1741 2276/2693/1741 2277/2694/1741
f 1856/2172/1741 2277/2694/1741 1854/2170/1741
f 1854/2170/1741 2277/2694/1741 2278/2695/1741
f 1854/2170/1741 2278/2695/1741 1852/2168/1741
f 1852/2168/1741 2278/2695/1741 2279/2696/1741
f 1852/2168/1741 2279/2696/1741 2280/2697/1741
f 1852/2168/1741 2280/2697/1741 1850/2166/1741
f 1850/2166/1741 2280/2697/1741 2281/2698/1741
f 1850/2166/1741 2281/2698/1741 1848/2164/1741
f 1848/2164/1741 2281/2698/1741 2282/2699/1741
f 1848/2164/1741 2282/2699/1741 1846/2162/1741
f 1846/2162/1741 2282/2699/1741 2283/2700/1741
f 1846/2162/1741 2283/2700/1741 1844/2160/1741
f 1844/2160/1741 2283/2700/1741 2284/2701/1741
f 1844/2160/1741 2284/2701/1741 1842/2158/1741
f 1842/2158/1741 2284/2701/1741 2285/2702/1741
f 1842/2158/1741 2285/2702/1741 1840/2156/1741
f 1840/2156/1741 2285/2702/1741 2286/2703/1741
f 1840/2156/1741 2286/2703/1741 1838/2154/1741
f 1838/2154/1741 2286/2703/1741 2287/2704/1741
f 1838/2154/1741 2287/2704/1741 2288/2705/1741
f 1838/2154/1741 2288/2705/1741 1836/2152/1741
f 1836/2152/1741 2288/2705/1741 2289/2706/1741
f 1836/2152/1741 2289/2706/1741 1834/2150/1741
f 1834/2150/1741 2289/2706/1741 2290/2707/1741
f 1834/2150/1741 2290/2707/1741 1832/2148/1741
f 1832/2148/1741 2290/2707/1741 2291/2708/1741
f 1832/2148/1741 2291/2708/1741 1830/2146/1741
f 1830/2146/1741 2291/2708/1741 2292/2709/1741
f 1830/2146/1741 2292/2709/1741 1828/2144/1741
f 1828/2144/1741 2292/2709/1741 2293/2710/1741
f 1828/2144/1741 2293/2710/1741 1826/2142/1741
f 1826/2142/1741 2293/2710/1741 2294/2711/1741
f 1826/2142/1741 2294/2711/1741 1824/2140/1741
f 1824/2140/1741 2294/2711/1741 2295/2712/1741
f 1824/2140/1741 2295/2712/1741 1822/2138/1741
f 1822/2138/1741 2295/2712/1741 2296/2713/1741
f 1822/2138/1741 2296/2713/1741 2297/2714/1741
f 1822/2138/1741 2297/2714/1741 1820/2136/1741
f 1820/2136/1741 2297/2714/1741 2298/2715/1741
f 1820/2136/1741 2298/2715/1741 1818/2134/1741
f 1818/2134/1741 2298/2715/1741 2299/2716/1741
f 1818/2134/1741 2299/2716/1741 1816/2132/1741
f 1816/2132/1741 2299/2716/1741 2300/2717/1741
f 1816/2132/1741 2300/2717/1741 1814/2130/1741
f 1814/2130/1741 2300/2717/1741 2301/2718/1741
f 1814/2130/1741 2301/2718/1741 1812/2128/1741
f 1812/2128/1741 2301/2718/1741 2302/2719/1741
f 1812/2128/1741 2302/2719/1741 1810/2126/1741
f 1810/2126/1741 2302/2719/1741 2303/2720/1741
f 1810/2126/1741 2303/2720/1741 1808/2124/1741
f 1808/2124/1741 2303/2720/1741 2304/2721/1741
f 1808/2124/1741 2304/2721/1741 2305/2722/1741
f 1808/2124/1741 2305/2722/1741 1806/2122/1741
f 1806/2122/1741 2305/2722/1741 2306/2723/1741
f 1806/2122/1741 2306/2723/1741 1804/2120/1741
f 1804/2120/1741 2306/2723/1741 2307/2724/1741
f 1804/2120/1741 2307/2724/1741 1802/2118/1741
f 1802/2118/1741 2307/2724/1741 2308/2725/1741
f 1802/2118/1741 2308/2725/1741 1800/2116/1741
f 1800/2116/1741 2308/2725/1741 2309/2726/1741
f 1800/2116/1741 2309/2726/1741 1798/2114/1741
f 1798/2114/1741 2309/2726/1741 2310/2727/1741
f 1798/2114/1741 2310/2727/1741 1796/2112/1741
f 1796/2112/1741 2310/2727/1741 2311/2728/1741
f 1796/2112/1741 2311/2728/1741 1794/2110/1741
f 1794/2110/1741 2311/2728/1741 2312/2729/1741
f 1794/2110/1741 2312/2729/1741 2313/2730/1741
f 1794/2110/1741 2313/2730/1741 1792/2108/1741
f 1792/2108/1741 2313/2730/1741 2314/2731/1741
f 1792/2108/1741 2314/2731/1741 1790/2106/1741
f 1790/2106/1741 2314/2731/1741 2315/2732/1741
f 1790/2106/1741 2315/2732/1741 1788/2104/1741
f 1788/2104/1741 2315/2732/1741 2316/2733/1741
f 1788/2104/1741 2316/2733/1741 1786/2102/1741
f 1786/2102/1741 2316/2733/1741 2317/2734/1741
f 1786/2102/1741 2317/2734/1741 1784/2100/1741
f 1784/2100/1741 2317/2734/1741 2318/2735/1741
f 1784/2100/1741 2318/2735/1741 1782/2098/1741
f 1782/2098/1741 2318/2735/1741 2319/2736/1741
f 1782/2098/1741 2319/2736/1741 1780/2096/1741
f 1780/2096/1741 2319/2736/1741 2320/2737/1741
f 1780/2096/1741 2320/2737/1741 1778/2094/1741
f 1778/2094/1741 2320/2737/1741 2321/2738/1741
f 1778/2094/1741 2321/2738/1741 2322/2739/1741
f 1778/2094/1741 2322/2739/1741 1776/2092/1741
f 1776/2092/1741 2322/2739/1741 2323/2740/1741
f 1776/2092/1741 2323/2740/1741 1774/2090/1741
f 1774/2090/1741 2323/2740/1741 2324/2741/1741
f 1774/2090/1741 2324/2741/1741 1773/2089/1741
f 1773/2089/1741 2324/2741/1741 2325/2742/1741
f 1773/2089/1741 2325/2742/1741 2024/2375/1741
f 2024/2375/1741 2325/2742/1741 2326/2743/1741
f 2024/2375/1741 2326/2743/1741 2029/2381/1741
f 2029/2381/1741 2326/2743/1741 2327/2744/1741
f 2029/2381/1741 2327/2744/1741 2034/2387/1741
f 2034/2387/1741 2327/2744/1741 2328/2745/1741
f 2034/2387/1741 2328/2745/1741 2039/2393/1741
f 2039/2393/1741 2328/2745/1741 2329/2746/1741
f 2039/2393/1741 2329/2746/1741 2330/2747/1741
f 2039/2393/1741 2330/2747/1741 2044/2399/1741
f 2044/2399/1741 2330/2747/1741 2331/2748/1741
f 2044/2399/1741 2331/2748/1741 2049/2405/1741
f 2049/2405/1741 2331/2748/1741 2332/2749/1741
f 2049/2405/1741 2332/2749/1741 2054/2411/1741
f 2054/2411/1741 2332/2749/1741 2333/2750/1741
f 2054/2411/1741 2333/2750/1741 2059/2417/1741
f 2059/2417/1741 2333/2750/1741 2334/2751/1741
f 2059/2417/1741 2334/2751/1741 2064/2423/1741
f 2064/2423/1741 2334/2751/1741 2335/2752/1741
f 2064/2423/1741 2335/2752/1741 2069/2429/1741
f 2069/2429/1741 2335/2752/1741 2336/2753/1741
f 2069/2429/1741 2336/2753/1741 2074/2438/1741
f 2074/2438/1741 2336/2753/1741 2337/2754/1741
f 2074/2438/1741 2337/2754/1741 2079/2444/1741
f 2079/2444/1741 2337/2754/1741 2338/2755/1741
f 2079/2444/1741 2338/2755/1741 2339/2756/1741
f 2079/2444/1741 2339/2756/1741 2084/2450/1741
f 2084/2450/1741 2339/2756/1741 2340/2757/1741
f 2084/2450/1741 2340/2757/1741 2089/2456/1741
f 2089/2456/1741 2340/2757/1741 2341/2758/1741
f 2089/2456/1741 2341/2758/1741 2094/2462/1741
f 2094/2462/1741 2341/2758/1741 2342/2759/1741
f 2094/2462/1741 2342/2759/1741 2099/2468/1741
f 2099/2468/1741 2342/2759/1741 2343/2760/1741
f 2099/2468/1741 2343/2760/1741 2104/2474/1741
f 2104/2474/1741 2343/2760/1741 2344/2761/1741
f 2104/2474/1741 2344/2761/1741 2109/2480/1741
f 2109/2480/1741 2344/2761/1741 2345/2762/1741
f 2109/2480/1741 2345/2762/1741 2114/2486/1741
f 2114/2486/1741 2345/2762/1741 2346/2763/1741
f 2114/2486/1741 2346/2763/1741 2347/2764/1741
f 2114/2486/1741 2347/2764/1741 2119/2492/1741
f 2119/2492/1741 2347/2764/1741 2348/2765/1741
f 2119/2492/1741 2348/2765/1741 2124/2498/1741
f 2124/2498/1741 2348/2765/1741 2349/2766/1741
f 2124/2498/1741 2349/2766/1741 2129/2504/1741
f 2129/2504/1741 2349/2766/1741 2350/2767/1741
f 2129/2504/1741 2350/2767/1741 2134/2510/1741
f 2134/2510/1741 2350/2767/1741 2351/2768/1741
f 2134/2510/1741 2351/2768/1741 2139/2516/1741
f 2139/2516/1741 2351/2768/1741 2352/2769/1741
f 2139/2516/1741 2352/2769/1741 2144/2522/1741
f 2144/2522/1741 2352/2769/1741 2353/2770/1741
f 2144/2522/1741 2353/2770/1741 2149/2528/1741
f 2149/2528/1741 2353/2770/1741 2354/2771/1741
f 2149/2528/1741 2354/2771/1741 2154/2534/1741
f 2154/2534/1741 2354/2771/1741 2355/2772/1741
f 2154/2534/1741 2355/2772/1741 2356/2773/1741
f 2154/2534/1741 2356/2773/1741 2159/2540/1741
f 2159/2540/1741 2356/2773/1741 2357/2774/1741
f 2159/2540/1741 2357/2774/1741 2164/2546/1741
f 2164/2546/1741 2357/2774/1741 2358/2775/1741
f 2164/2546/1741 2358/2775/1741 2169/2552/1741
f 2169/2552/1741 2358/2775/1741 2359/2776/1741
f 2169/2552/1741 2359/2776/1741 2174/2558/1741
f 2174/2558/1741 2359/2776/1741 2360/2777/1741
f 2174/2558/1741 2360/2777/1741 2178/2563/1741
f 2178/2563/1741 2360/2777/1741 2361/2778/1741
f 2178/2563/1741 2361/2778/1741 2181/2566/1741
f 2181/2566/1741 2361/2778/1741 2261/2678/1741
f 2181/2566/1741 2261/2678/1741 1733/2046/1741
f 2362/2779/2751 2262/2780/2751 2363/2781/2751
f 2363/2781/2752 2262/2780/2752 2261/2782/2752
f 2363/2781/2752 2261/2782/2752 2364/2783/2752
f 2364/2783/2753 2261/2782/2753 2361/2784/2753
f 2364/2783/2753 2361/2784/2753 2365/2785/2753
f 2365/2785/2754 2361/2784/2754 2360/2786/2754
f 2365/2785/2754 2360/2786/2754 2366/2787/2754
f 2366/2787/2755 2360/2786/2755 2359/2788/2755
f 2366/2787/2755 2359/2788/2755 2367/2789/2755
f 2367/2789/2756 2359/2788/2756 2358/2790/2756
f 2367/2789/2756 2358/2790/2756 2368/2791/2756
f 2368/2791/2757 2358/2790/2757 2357/2792/2757
f 2368/2791/2757 2357/2792/2757 2369/2793/2757
f 2369/2793/2758 2357/2792/2758 2356/2794/2758
f 2369/2793/2758 2356/2794/2758 2370/2795/2758
f 2370/2795/2759 2356/2794/2759 2355/2796/2759
f 2370/2795/2759 2355/2796/2759 2371/2797/2759
f 2371/2797/2760 2355/2796/2760 2354/2798/2760
f 2371/2797/2760 2354/2798/2760 2372/2799/2760
f 2372/2799/2761 2354/2798/2761 2353/2800/2761
f 2372/2799/2761 2353/2800/2761 2373/2801/2761
f 2373/2801/2762 2353/2800/2762 2352/2802/2762
f 2373/2801/2762 2352/2802/2762 2374/2803/2762
f 2374/2803/2763 2352/2802/2763 2351/2804/2763
f 2374/2803/2763 2351/2804/2763 2375/2805/2763
f 2375/2805/2764 2351/2804/2764 2350/2806/2764
f 2375/2805/2764 2350/2806/2764 2376/2807/2764
f 2376/2807/2765 2350/2806/2765 2349/2808/2765
f 2376/2807/2765 2349/2808/2765 2377/2809/2765
f 2377/2809/2766 2349/2808/2766 2348/2810/2766
f 2377/2809/2766 2348/2810/2766 2378/2811/2766
f 2378/2811/2767 2348/2810/2767 2347/2812/2767
f 2378/2811/2767 2347/2812/2767 2379/2813/2767
f 2379/2813/2768 2347/2812/2768 2346/2814/2768
f 2379/2813/2768 2346/2814/2768 2380/2815/2768
f 2380/2815/2769 2346/2814/2769 2345/2816/2769
f 2380/2815/2769 2345/2816/2769 2381/2817/2769
f 2381/2817/2770 2345/2816/2770 2344/2818/2770
f 2381/2817/2770 2344/2818/2770 2382/2819/2770
f 2382/2819/2771 2344/2818/2771 2343/2820/2771
f 2382/2819/2771 2343/2820/2771 2383/2821/2771
f 2383/2821/2772 2343/2820/2772 2342/2822/2772
f 2383/2821/2772 2342/2822/2772 2384/2823/2772
f 2384/2823/2773 2342/2822/2773 2341/2824/2773
f 2384/2823/2773 2341/2824/2773 2385/2825/2773
f 2385/2825/2774 2341/2824/2774 2340/2826/2774
f 2385/2825/2774 2340/2826/2774 2386/2827/2774
f 2386/2827/2775 2340/2826/2775 2339/2828/2775
f 2386/2827/2775 2339/2828/2775 2387/2829/2775
f 2387/2830/2776 2339/2831/2776 2338/2832/2776
f 2387/2830/2776 2338/2832/2776 2388/2833/2776
f 2388/2833/2777 2338/2832/2777 2337/2834/2777
f 2388/2833/2777 2337/2834/2777 2389/2835/2777
f 2389/2835/2778 2337/2834/2778 2336/2836/2778
f 2389/2835/2778 2336/2836/2778 2390/2837/2778
f 2390/2837/2779 2336/2836/2779 2335/2838/2779
f 2390/2837/2779 2335/2838/2779 2391/2839/2779
f 2391/2839/2780 2335/2838/2780 2334/2840/2780
f 2391/2839/2780 2334/2840/2780 2392/2841/2780
f 2392/2841/2781 2334/2840/2781 2333/2842/2781
f 2392/2841/2781 2333/2842/2781 2393/2843/2781
f 2393/2843/2782 2333/2842/2782 2332/2844/2782
f 2393/2843/2782 2332/2844/2782 2394/2845/2782
f 2394/2845/2783 2332/2844/2783 2331/2846/2783
f 2394/2845/2783 2331/2846/2783 2395/2847/2783
f 2395/2847/2784 2331/2846/2784 2330/2848/2784
f 2395/2847/2784 2330/2848/2784 2396/2849/2784
f 2396/2849/2785 2330/2848/2785 2329/2850/2785
f 2396/2849/2785 2329/2850/2785 2397/2851/2785
f 2397/2851/2786 2329/2850/2786 2328/2852/2786
f 2397/2851/2786 2328/2852/2786 2398/2853/2786
f 2398/2853/2787 2328/2852/2787 2327/2854/2787
f 2398/2853/2787 2327/2854/2787 2399/2855/2787
f 2399/2855/2788 2327/2854/2788 2326/2856/2788
f 2399/2855/2788 2326/2856/2788 2400/2857/2788
f 2400/2857/2789 2326/2856/2789 2325/2858/2789
f 2400/2857/2789 2325/2858/2789 2401/2859/2789
f 2401/2859/2790 2325/2858/2790 2324/2860/2790
f 2401/2859/2790 2324/2860/2790 2402/2861/2790
f 2402/2861/2791 2324/2860/2791 2323/2862/2791
f 2402/2861/2791 2323/2862/2791 2403/2863/2791
f 2403/2863/2792 2323/2862/2792 2322/2864/2792
f 2403/2863/2792 2322/2864/2792 2404/2865/2792
f 2404/2865/2793 2322/2864/2793 2321/2866/2793
f 2404/2865/2793 2321/2866/2793 2405/2867/2793
f 2405/2867/2794 2321/2866/2794 2320/2868/2794
f 2405/2867/2794 2320/2868/2794 2406/2869/2794
f 2406/2869/2795 2320/2868/2795 2319/2870/2795
f 2406/2869/2795 2319/2870/2795 2407/2871/2795
f 2407/2871/2796 2319/2870/2796 2318/2872/2796
f 2407/2871/2796 2318/2872/2796 2408/2873/2796
f 2408/2873/2797 2318/2872/2797 2317/2874/2797
f 2408/2873/2797 2317/2874/2797 2409/2875/2797
f 2409/2875/2798 2317/2874/2798 2316/2876/2798
f 2409/2875/2798 2316/2876/2798 2410/2877/2798
f 2410/2877/2799 2316/2876/2799 2315/2878/2799
f 2410/2877/2799 2315/2878/2799 2411/2879/2799
f 2411/2879/2800 2315/2878/2800 2314/2880/2800
f 2411/2879/2800 2314/2880/2800 2412/2881/2800
f 2412/2882/2801 2314/2883/2801 2313/2884/2801
f 2412/2882/2801 2313/2884/2801 2413/2885/2801
f 2413/2885/1959 2313/2884/1959 2312/2886/1959
f 2413/2885/1959 2312/2886/1959 2414/2887/1959
f 2414/2887/2802 2312/2886/2802 2311/2888/2802
f 2414/2887/2802 2311/2888/2802 2415/2889/2802
f 2415/2889/2803 2311/2888/2803 2310/2890/2803
f 2415/2889/2803 2310/2890/2803 2416/2891/2803
f 2416/2891/2804 2310/2890/2804 2309/2892/2804
f 2416/2891/2804 2309/2892/2804 2417/2893/2804
f 2417/2893/2805 2309/2892/2805 2308/2894/2805
f 2417/2893/2805 2308/2894/2805 2418/2895/2805
f 2418/2895/2806 2308/2894/2806 2307/2896/2806
f 2418/2895/2806 2307/2896/2806 2419/2897/2806
f 2419/2897/2807 2307/2896/2807 2306/2898/2807
f 2419/2897/2807 2306/2898/2807 2420/2899/2807
f 2420/2899/2808 2306/2898/2808 2305/2900/2808
f 2420/2899/2808 2305/2900/2808 2421/2901/2808
f 2421/2901/2809 2305/2900/2809 2304/2902/2809
f 2421/2901/2809 2304/2902/2809 2422/2903/2809
f 2422/2903/2810 2304/2902/2810 2303/2904/2810
f 2422/2903/2810 2303/2904/2810 2423/2905/2810
f 2423/2905/2811 2303/2904/2811 2302/2906/2811
f 2423/2905/2811 2302/2906/2811 2424/2907/2811
f 2424/2907/2812 2302/2906/2812 2301/2908/2812
f 2424/2907/2812 2301/2908/2812 2425/2909/2812
f 2425/2909/2813 2301/2908/2813 2300/2910/2813
f 2425/2909/2813 2300/2910/2813 2426/2911/2813
f 2426/2911/2814 2300/2910/2814 2299/2912/2814
f 2426/2911/2814 2299/2912/2814 2427/2913/2814
f 2427/2913/2815 2299/2912/2815 2298/2914/2815
f 2427/2913/2815 2298/2914/2815 2428/2915/2815
f 2428/2915/2816 2298/2914/2816 2297/2916/2816
f 2428/2915/2816 2297/2916/2816 2429/2917/2816
f 2429/2917/2817 2297/2916/2817 2296/2918/2817
f 2429/2917/2817 2296/2918/2817 2430/2919/2817
f 2430/2919/2818 2296/2918/2818 2295/2920/2818
f 2430/2919/2818 2295/2920/2818 2431/2921/2818
f 2431/2921/2819 2295/2920/2819 2294/2922/2819
f 2431/2921/2819 2294/2922/2819 2432/2923/2819
f 2432/2923/2820 2294/2922/2820 2293/2924/2820
f 2432/2923/2820 2293/2924/2820 2433/2925/2820
f 2433/2925/2821 2293/2924/2821 2292/2926/2821
f 2433/2925/2821 2292/2926/2821 2434/2927/2821
f 2434/2927/2822 2292/2926/2822 2291/2928/2822
f 2434/2927/2822 2291/2928/2822 2435/2929/2822
f 2435/2929/2823 2291/2928/2823 2290/2930/2823
f 2435/2929/2823 2290/2930/2823 2436/2931/2823
f 2436/2931/2824 2290/2930/2824 2289/2932/2824
f 2436/2931/2824 2289/2932/2824 2437/2933/2824
f 2437/2934/2825 2289/2935/2825 2288/2936/2825
f 2437/2934/2825 2288/2936/2825 2438/2937/2825
f 2438/2937/2826 2288/2936/2826 2287/2938/2826
f 2438/2937/2826 2287/2938/2826 2439/2939/2826
f 2439/2939/2827 2287/2938/2827 2286/2940/2827
f 2439/2939/2827 2286/2940/2827 2440/2941/2827
f 2440/2941/2828 2286/2940/2828 2285/2942/2828
f 2440/2941/2828 2285/2942/2828 2441/2943/2828
f 2441/2943/2829 2285/2942/2829 2284/2944/2829
f 2441/2943/2829 2284/2944/2829 2442/2945/2829
f 2442/2945/2830 2284/2944/2830 2283/2946/2830
f 2442/2945/2830 2283/2946/2830 2443/2947/2830
f 2443/2947/2831 2283/2946/2831 2282/2948/2831
f 2443/2947/2831 2282/2948/2831 2444/2949/2831
f 2444/2949/2832 2282/2948/2832 2281/2950/2832
f 2444/2949/2832 2281/2950/2832 2445/2951/2832
f 2445/2951/2833 2281/2950/2833 2280/2952/2833
f 2445/2951/2833 2280/2952/2833 2446/2953/2833
f 2446/2953/2834 2280/2952/2834 2279/2954/2834
f 2446/2953/2834 2279/2954/2834 2447/2955/2834
f 2447/2955/2835 2279/2954/2835 2278/2956/2835
f 2447/2955/2835 2278/2956/2835 2448/2957/2835
f 2448/2957/2836 2278/2956/2836 2277/2958/2836
f 2448/2957/2836 2277/2958/2836 2449/2959/2836
f 2449/2959/2837 2277/2958/2837 2276/2960/2837
f 2449/2959/2837 2276/2960/2837 2450/2961/2837
f 2450/2961/2838 2276/2960/2838 2275/2962/2838
f 2450/2961/2838 2275/2962/2838 2451/2963/2838
f 2451/2963/2839 2275/2962/2839 2274/2964/2839
f 2451/2963/2839 2274/2964/2839 2452/2965/2839
f 2452/2965/2840 2274/2964/2840 2273/2966/2840
f 2452/2965/2840 2273/2966/2840 2453/2967/2840
f 2453/2967/2841 2273/2966/2841 2272/2968/2841
f 2453/2967/2841 2272/2968/2841 2454/2969/2841
f 2454/2969/2842 2272/2968/2842 2271/2970/2842
f 2454/2969/2842 2271/2970/2842 2455/2971/2842
f 2455/2971/2843 2271/2970/2843 2270/2972/2843
f 2455/2971/2843 2270/2972/2843 2456/2973/2843
f 2456/2973/2844 2270/2972/2844 2269/2974/2844
f 2456/2973/2844 2269/2974/2844 2457/2975/2844
f 2457/2975/2845 2269/2974/2845 2268/2976/2845
f 2457/2975/2845 2268/2976/2845 2458/2977/2845
f 2458/2977/2846 2268/2976/2846 2267/2978/2846
f 2458/2977/2846 2267/2978/2846 2459/2979/2846
f 2459/2979/2847 2267/2978/2847 2266/2980/2847
f 2459/2979/2847 2266/2980/2847 2460/2981/2847
f 2460/2981/2848 2266/2980/2848 2265/2982/2848
f 2460/2981/2848 2265/2982/2848 2461/2983/2848
f 2461/2983/2849 2265/2982/2849 2264/2984/2849
f 2461/2983/2849 2264/2984/2849 2462/2985/2849
f 2462/2986/2850 2264/2987/2850 2263/2988/2850
f 2462/2986/2850 2263/2988/2850 2362/2779/2850
f 2362/2779/2751 2263/2988/2751 2262/2780/2751
f 1/1/2851 2362/2989/2851 2/2/2851
f 2/2/2852 2362/2989/2852 2363/2990/2852
f 2/2/2853 2363/2990/2853 2364/2991/2853
f 2362/2989/2854 1/1/2854 2462/2992/2854
f 2462/2992/2855 1/1/2855 178/178/2855
f 2462/2992/2856 178/178/2856 2461/2993/2856
f 2461/2993/2857 178/178/2857 176/176/2857
f 2461/2993/2858 176/176/2858 2460/2994/2858
f 2460/2994/2859 176/176/2859 174/174/2859
f 2460/2994/2860 174/174/2860 2459/2995/2860
f 2459/2995/2861 174/174/2861 173/173/2861
f 2459/2995/2862 173/173/2862 2458/2996/2862
f 2458/2996/2863 173/173/2863 171/171/2863
f 2458/2996/2864 171/171/2864 2457/2997/2864
f 2457/2997/2865 171/171/2865 169/169/2865
f 2457/2997/2866 169/169/2866 2456/2998/2866
f 2456/2998/2867 169/169/2867 167/167/2867
f 2456/2998/2868 167/167/2868 2455/2999/2868
f 2455/2999/2869 167/167/2869 165/165/2869
f 2455/2999/2870 165/165/2870 2454/3000/2870
f 2454/3000/2871 165/165/2871 164/164/2871
f 2454/3000/2872 164/164/2872 2453/3001/2872
f 2453/3001/2873 164/164/2873 162/162/2873
f 2453/3001/2874 162/162/2874 2452/3002/2874
f 2452/3002/2875 162/162/2875 160/160/2875
f 2452/3002/2876 160/160/2876 2451/3003/2876
f 2451/3003/2877 160/160/2877 158/158/2877
f 2451/3003/2878 158/158/2878 2450/3004/2878
f 2450/3004/2879 158/158/2879 157/157/2879
f 2450/3004/2880 157/157/2880 2449/3005/2880
f 2449/3005/2881 157/157/2881 155/155/2881
f 2449/3005/2882 155/155/2882 2448/3006/2882
f 2448/3006/2883 155/155/2883 153/153/2883
f 2448/3006/2884 153/153/2884 2447/3007/2884
f 2447/3007/2885 153/153/2885 151/151/2885
f 2447/3007/2886 151/151/2886 2446/3008/2886
f 2446/3008/2887 151/151/2887 149/149/2887
f 2446/3008/2888 149/149/2888 2445/3009/2888
f 2445/3009/2889 149/149/2889 148/148/2889
f 2445/3009/2890 148/148/2890 2444/3010/2890
f 2444/3010/2891 148/148/2891 146/146/2891
f 2444/3010/2892 146/146/2892 2443/3011/2892
f 2443/3011/2893 146/146/2893 144/144/2893
f 2443/3011/2894 144/144/2894 2442/3012/2894
f 2442/3012/2895 144/144/2895 142/142/2895
f 2442/3012/2896 142/142/2896 2441/3013/2896
f 2441/3013/2897 142/142/2897 140/140/2897
f 2441/3013/2898 140/140/2898 2440/3014/2898
f 2440/3014/2899 140/140/2899 139/139/2899
f 2440/3014/2900 139/139/2900 2439/3015/2900
f 2439/3015/2901 139/139/2901 137/137/2901
f 2439/3015/2902 137/137/2902 2438/3016/2902
f 2438/3016/2903 137/137/2903 135/135/2903
f 2438/3016/2904 135/135/2904 2437/3017/2904
f 2437/3017/2905 135/135/2905 133/133/2905
f 2437/3017/2906 133/133/2906 2436/3018/2906
f 2436/3018/2907 133/133/2907 131/131/2907
f 2436/3018/2908 131/131/2908 2435/3019/2908
f 2435/3019/2909 131/131/2909 130/130/2909
f 2435/3019/2910 130/130/2910 2434/3020/2910
f 2434/3020/2911 130/130/2911 128/128/2911
f 2434/3020/2912 128/128/2912 2433/3021/2912
f 2433/3021/2913 128/128/2913 126/126/2913
f 2433/3021/2914 126/126/2914 2432/3022/2914
f 2432/3022/2915 126/126/2915 124/124/2915
f 2432/3022/2916 124/124/2916 2431/3023/2916
f 2431/3023/2917 124/124/2917 123/123/2917
f 2431/3023/2918 123/123/2918 2430/3024/2918
f 2430/3024/2919 123/123/2919 121/121/2919
f 2430/3024/2920 121/121/2920 2429/3025/2920
f 2429/3025/2921 121/121/2921 119/119/2921
f 2429/3025/2922 119/119/2922 2428/3026/2922
f 2428/3026/2923 119/119/2923 117/117/2923
f 2428/3026/2924 117/117/2924 2427/3027/2924
f 2427/3027/2925 117/117/2925 115/115/2925
f 2427/3027/2926 115/115/2926 2426/3028/2926
f 2426/3028/2927 115/115/2927 114/114/2927
f 2426/3028/2928 114/114/2928 2425/3029/2928
f 2425/3029/2929 114/114/2929 112/112/2929
f 2425/3029/2930 112/112/2930 2424/3030/2930
f 2424/3030/2931 112/112/2931 110/110/2931
f 2424/3030/2932 110/110/2932 2423/3031/2932
f 2423/3031/2933 110/110/2933 108/108/2933
f 2423/3031/2934 108/108/2934 2422/3032/2934
f 2422/3032/2935 108/108/2935 106/106/2935
f 2422/3032/2936 106/106/2936 2421/3033/2936
f 2421/3033/2937 106/106/2937 105/105/2937
f 2421/3033/2938 105/105/2938 2420/3034/2938
f 2420/3034/2939 105/105/2939 103/103/2939
f 2420/3034/2940 103/103/2940 2419/3035/2940
f 2419/3035/2941 103/103/2941 101/101/2941
f 2419/3035/2942 101/101/2942 2418/3036/2942
f 2418/3036/2943 101/101/2943 99/99/2943
f 2418/3036/2944 99/99/2944 2417/3037/2944
f 2417/3037/2945 99/99/2945 97/97/2945
f 2417/3037/2946 97/97/2946 2416/3038/2946
f 2416/3038/2947 97/97/2947 96/96/2947
f 2416/3038/2948 96/96/2948 2415/3039/2948
f 2415/3039/2949 96/96/2949 94/94/2949
f 2415/3039/2950 94/94/2950 2414/3040/2950
f 2414/3040/2951 94/94/2951 92/92/2951
f 2414/3040/2952 92/92/2952 2413/3041/2952
f 2413/3041/2953 92/92/2953 90/90/2953
f 2413/3041/2954 90/90/2954 2412/3042/2954
f 2412/3042/2955 90/90/2955 89/89/2955
f 2412/3042/2956 89/89/2956 2411/3043/2956
f 2411/3043/2957 89/89/2957 87/87/2957
f 2411/3043/2958 87/87/2958 2410/3044/2958
f 2410/3044/2959 87/87/2959 85/85/2959
f 2410/3044/2960 85/85/2960 2409/3045/2960
f 2409/3045/2961 85/85/2961 83/83/2961
f 2409/3045/2962 83/83/2962 2408/3046/2962
f 2408/3046/2963 83/83/2963 81/81/2963
f 2408/3046/2964 81/81/2964 2407/3047/2964
f 2407/3047/2965 81/81/2965 80/80/2965
f 2407/3047/2966 80/80/2966 2406/3048/2966
f 2406/3048/2967 80/80/2967 78/78/2967
f 2406/3048/2968 78/78/2968 2405/3049/2968
f 2405/3049/2969 78/78/2969 76/76/2969
f 2405/3049/2970 76/76/2970 2404/3050/2970
f 2404/3050/2971 76/76/2971 74/74/2971
f 2404/3050/2972 74/74/2972 2403/3051/2972
f 2403/3051/2973 74/74/2973 72/72/2973
f 2403/3051/2974 72/72/2974 2402/3052/2974
f 2402/3052/2975 72/72/2975 71/71/2975
f 2402/3052/2976 71/71/2976 2401/3053/2976
f 2401/3053/2977 71/71/2977 69/69/2977
f 2401/3053/2978 69/69/2978 2400/3054/2978
f 2400/3054/2979 69/69/2979 67/67/2979
f 2400/3054/2980 67/67/2980 2399/3055/2980
f 2399/3055/2981 67/67/2981 65/65/2981
f 2399/3055/2982 65/65/2982 2398/3056/2982
f 2398/3056/2983 65/65/2983 63/63/2983
f 2398/3056/2984 63/63/2984 2397/3057/2984
f 2397/3057/2985 63/63/2985 62/62/2985
f 2397/3057/2986 62/62/2986 2396/3058/2986
f 2396/3058/2987 62/62/2987 60/60/2987
f 2396/3058/2988 60/60/2988 2395/3059/2988
f 2395/3059/2989 60/60/2989 58/58/2989
f 2395/3059/2990 58/58/2990 2394/3060/2990
f 2394/3060/2991 58/58/2991 56/56/2991
f 2394/3060/2992 56/56/2992 2393/3061/2992
f 2393/3061/2993 56/56/2993 55/55/2993
f 2393/3061/2994 55/55/2994 2392/3062/2994
f 2392/3062/2995 55/55/2995 53/53/2995
f 2392/3062/2996 53/53/2996 2391/3063/2996
f 2391/3063/2997 53/53/2997 51/51/2997
f 2391/3063/2998 51/51/2998 2390/3064/2998
f 2390/3064/2999 51/51/2999 49/49/2999
f 2390/3064/3000 49/49/3000 2389/3065/3000
f 2389/3065/3001 49/49/3001 47/47/3001
f 2389/3065/3002 47/47/3002 2388/3066/3002
f 2388/3066/3003 47/47/3003 46/46/3003
f 2388/3066/3004 46/46/3004 2387/3067/3004
f 2387/3067/3005 46/46/3005 44/44/3005
f 2387/3067/3006 44/44/3006 2386/3068/3006
f 2386/3068/3007 44/44/3007 42/42/3007
f 2386/3068/3008 42/42/3008 2385/3069/3008
f 2385/3069/3009 42/42/3009 40/40/3009
f 2385/3069/3010 40/40/3010 2384/3070/3010
f 2384/3070/3011 40/40/3011 38/38/3011
f 2384/3070/3012 38/38/3012 2383/3071/3012
f 2383/3071/3013 38/38/3013 37/37/3013
f 2383/3071/3014 37/37/3014 2382/3072/3014
f 2382/3072/3015 37/37/3015 35/35/3015
f 2382/3072/3016 35/35/3016 2381/3073/3016
f 2381/3073/3017 35/35/3017 33/33/3017
f 2381/3073/3018 33/33/3018 2380/3074/3018
f 2380/3074/3019 33/33/3019 31/31/3019
f 2380/3074/3020 31/31/3020 2379/3075/3020
f 2379/3075/3021 31/31/3021 29/29/3021
f 2379/3075/3022 29/29/3022 2378/3076/3022
f 2378/3076/3023 29/29/3023 28/28/3023
f 2378/3076/3024 28/28/3024 2377/3077/3024
f 2377/3077/3025 28/28/3025 26/26/3025
f 2377/3077/3026 26/26/3026 2376/3078/3026
f 2376/3078/3027 26/26/3027 24/24/3027
f 2376/3078/3028 24/24/3028 2375/3079/3028
f 2375/3079/3029 24/24/3029 22/22/3029
f 2375/3079/3030 22/22/3030 2374/3080/3030
f 2374/3080/3031 22/22/3031 21/21/3031
f 2374/3080/3032 21/21/3032 2373/3081/3032
f 2373/3081/3033 21/21/3033 19/19/3033
f 2373/3081/3034 19/19/3034 2372/3082/3034
f 2372/3082/3035 19/19/3035 17/17/3035
f 2372/3082/3036 17/17/3036 2371/3083/3036
f 2371/3083/3037 17/17/3037 15/15/3037
f 2371/3083/3038 15/15/3038 2370/3084/3038
f 2370/3084/3039 15/15/3039 13/13/3039
f 2370/3084/3040 13/13/3040 2369/3085/3040
f 2369/3085/3041 13/13/3041 12/12/3041
f 2369/3085/3042 12/12/3042 2368/3086/3042
f 2368/3086/3043 12/12/3043 10/10/3043
f 2368/3086/3044 10/10/3044 2367/3087/3044
f 2367/3087/3045 10/10/3045 8/8/3045
f 2367/3087/3046 8/8/3046 2366/3088/3046
f 2366/3088/3047 8/8/3047 6/6/3047
f 2366/3088/3048 6/6/3048 2365/3089/3048
f 2365/3089/3049 6/6/3049 4/4/3049
f 2365/3089/3050 4/4/3050 2364/2991/3050
f 2364/2991/3051 4/4/3051 2/2/3051
