# FoundationPose asset from square_1.obj
# scale=0.001 pre_center_m=(-0.007796610171080508,0.010759305076800767,-0.0007593051249999947)
mtllib square_1.mtl
o square_1
v -0.022203390 0.009240695 -0.009240695
v -0.022203390 -0.000009305 -0.009240695
v -0.022203390 0.009240695 0.010759305
v -0.022203390 -0.000009305 0.010759305
v -0.022203390 -0.010759305 0.010759305
v -0.022203390 -0.001509305 0.010759305
v -0.022203390 -0.010759305 -0.009240695
v -0.022203390 -0.001509305 -0.009240695
v -0.010901630 0.002605663 0.010759305
v -0.010554844 0.002951187 0.010759305
v -0.010175932 0.003261143 0.010759305
v -0.012146820 -0.000009305 0.010759305
v -0.012049784 0.000470519 0.010759305
v -0.011906290 0.000938555 0.010759305
v -0.011717716 0.001390315 0.010759305
v -0.011485866 0.001821468 0.010759305
v -0.011212967 0.002227883 0.010759305
v -0.009768524 0.003532558 0.010759305
v -0.009336527 0.003762833 0.010759305
v -0.008884083 0.003949759 0.010759305
v -0.008415525 0.004091543 0.010759305
v -0.007935351 0.004186829 0.010759305
v -0.007448159 0.004234700 0.010759305
v -0.006958621 0.004234700 0.010759305
v -0.006471429 0.004186829 0.010759305
v 0.022796610 0.009240695 0.010759305
v -0.005991254 0.004091543 0.010759305
v -0.005522698 0.003949759 0.010759305
v -0.005070253 0.003762833 0.010759305
v -0.004638257 0.003532558 0.010759305
v 0.015483741 0.001216072 0.010759305
v -0.004230849 0.003261143 0.010759305
v 0.015178576 0.001142808 0.010759305
v -0.003851935 0.002951187 0.010759305
v -0.003505149 0.002605663 0.010759305
v 0.014888629 0.001022708 0.010759305
v -0.003193813 0.002227883 0.010759305
v 0.014621040 0.000858729 0.010759305
v -0.002920914 0.001821468 0.010759305
v 0.014382396 0.000654908 0.010759305
v -0.002689065 0.001390315 0.010759305
v -0.001203390 -0.000009305 0.010759305
v -0.002500490 0.000938555 0.010759305
v -0.002356996 0.000470519 0.010759305
v -0.002259960 -0.000009305 0.010759305
v -0.001203390 -0.001509305 0.010759305
v 0.013796610 -0.000759305 0.010759305
v 0.013821233 -0.000446436 0.010759305
v 0.013894497 -0.000141271 0.010759305
v -0.002259960 -0.001509305 0.010759305
v -0.002356996 -0.001989129 0.010759305
v -0.002500490 -0.002457165 0.010759305
v -0.002689065 -0.002908925 0.010759305
v 0.014382396 -0.002173518 0.010759305
v -0.002920914 -0.003340079 0.010759305
v 0.014621040 -0.002377339 0.010759305
v -0.003193813 -0.003746493 0.010759305
v 0.014888629 -0.002541318 0.010759305
v -0.003505149 -0.004124273 0.010759305
v 0.015178576 -0.002661418 0.010759305
v -0.003851935 -0.004469797 0.010759305
v -0.004230849 -0.004779753 0.010759305
v 0.015483741 -0.002734682 0.010759305
v -0.004638257 -0.005051168 0.010759305
v 0.022796610 -0.010759305 0.010759305
v -0.005070253 -0.005281443 0.010759305
v -0.005522698 -0.005468368 0.010759305
v -0.005991254 -0.005610153 0.010759305
v -0.006471429 -0.005705438 0.010759305
v -0.006958621 -0.005753310 0.010759305
v -0.007448159 -0.005753310 0.010759305
v -0.007935351 -0.005705438 0.010759305
v -0.008415525 -0.005610153 0.010759305
v -0.008884083 -0.005468368 0.010759305
v -0.009336527 -0.005281443 0.010759305
v -0.009768524 -0.005051168 0.010759305
v -0.010175932 -0.004779753 0.010759305
v -0.010554844 -0.004469797 0.010759305
v -0.010901630 -0.004124273 0.010759305
v -0.011212967 -0.003746493 0.010759305
v -0.011485866 -0.003340079 0.010759305
v -0.011717716 -0.002908925 0.010759305
v -0.011906290 -0.002457165 0.010759305
v -0.012049784 -0.001989129 0.010759305
v -0.012146820 -0.001509305 0.010759305
v 0.017796610 -0.000759305 0.010759305
v 0.017771987 -0.001072174 0.010759305
v 0.017698723 -0.001377339 0.010759305
v 0.016109479 -0.002734682 0.010759305
v 0.015796610 -0.002759305 0.010759305
v 0.014178576 -0.001934875 0.010759305
v 0.014014597 -0.001667286 0.010759305
v 0.013894497 -0.001377339 0.010759305
v 0.013821233 -0.001072174 0.010759305
v 0.014014597 0.000148676 0.010759305
v 0.014178576 0.000416265 0.010759305
v 0.015796610 0.001240695 0.010759305
v 0.016109479 0.001216072 0.010759305
v 0.016414644 0.001142808 0.010759305
v 0.016704591 0.001022708 0.010759305
v 0.016972180 0.000858729 0.010759305
v 0.017210823 0.000654908 0.010759305
v 0.017414644 0.000416265 0.010759305
v 0.017578623 0.000148676 0.010759305
v 0.017698723 -0.000141271 0.010759305
v 0.017771987 -0.000446436 0.010759305
v 0.017578623 -0.001667286 0.010759305
v 0.017414644 -0.001934875 0.010759305
v 0.017210823 -0.002173518 0.010759305
v 0.016972180 -0.002377339 0.010759305
v 0.016704591 -0.002541318 0.010759305
v 0.016414644 -0.002661418 0.010759305
v 0.022796610 -0.010759305 0.001509305
v 0.022796610 0.009240695 0.001509305
v 0.011725668 -0.010759305 0.001509305
v 0.016414644 -0.002661418 0.001509305
v 0.016704591 -0.002541318 0.001509305
v 0.016972180 -0.002377339 0.001509305
v 0.011725668 0.009240695 0.001509305
v 0.013796610 -0.000759305 0.001509305
v 0.013821233 -0.001072174 0.001509305
v 0.013894497 -0.001377339 0.001509305
v 0.016414644 0.001142808 0.001509305
v 0.016109479 0.001216072 0.001509305
v 0.015796610 0.001240695 0.001509305
v 0.017796610 -0.000759305 0.001509305
v 0.017771987 -0.000446436 0.001509305
v 0.017698723 -0.000141271 0.001509305
v 0.015483741 -0.002734682 0.001509305
v 0.015796610 -0.002759305 0.001509305
v 0.016109479 -0.002734682 0.001509305
v 0.017210823 -0.002173518 0.001509305
v 0.017414644 -0.001934875 0.001509305
v 0.017578623 -0.001667286 0.001509305
v 0.017698723 -0.001377339 0.001509305
v 0.017771987 -0.001072174 0.001509305
v 0.017578623 0.000148676 0.001509305
v 0.017414644 0.000416265 0.001509305
v 0.017210823 0.000654908 0.001509305
v 0.016972180 0.000858729 0.001509305
v 0.016704591 0.001022708 0.001509305
v 0.015483741 0.001216072 0.001509305
v 0.015178576 0.001142808 0.001509305
v 0.014888629 0.001022708 0.001509305
v 0.014621040 0.000858729 0.001509305
v 0.014382396 0.000654908 0.001509305
v 0.014178576 0.000416265 0.001509305
v 0.014014597 0.000148676 0.001509305
v 0.013894497 -0.000141271 0.001509305
v 0.013821233 -0.000446436 0.001509305
v 0.014014597 -0.001667286 0.001509305
v 0.014178576 -0.001934875 0.001509305
v 0.014382396 -0.002173518 0.001509305
v 0.014621040 -0.002377339 0.001509305
v 0.014888629 -0.002541318 0.001509305
v 0.015178576 -0.002661418 0.001509305
v 0.011618911 -0.010759305 0.001938293
v 0.011618911 -0.004092638 0.001938293
v 0.011618911 0.002574028 0.001938293
v 0.011618911 0.009240695 0.001938293
v 0.011465468 0.009240695 0.002352881
v 0.011465468 0.002574028 0.002352881
v 0.011267212 0.009240695 0.002748004
v 0.011267212 0.002574028 0.002748004
v 0.011026565 0.009240695 0.003118837
v 0.011026565 0.002574028 0.003118837
v 0.010746467 0.009240695 0.003460850
v 0.010746467 0.002574028 0.003460850
v 0.010430338 0.009240695 0.003769866
v 0.010430338 0.002574028 0.003769866
v 0.010082041 0.009240695 0.004042110
v 0.010082041 0.002574028 0.004042110
v 0.009705828 0.009240695 0.004274257
v 0.009705828 0.002574028 0.004274257
v 0.009306296 0.009240695 0.004463471
v 0.009306296 0.002574028 0.004463471
v 0.008888325 0.009240695 0.004607442
v 0.008888325 0.002574028 0.004607442
v 0.008457019 0.009240695 0.004704411
v 0.008457019 0.002574028 0.004704411
v 0.008017646 0.009240695 0.004753193
v 0.008017646 0.002574028 0.004753193
v 0.007575574 0.009240695 0.004753193
v 0.007575574 0.002574028 0.004753193
v 0.007136201 0.009240695 0.004704411
v 0.007136201 0.002574028 0.004704411
v 0.006704895 0.009240695 0.004607442
v 0.006704895 0.002574028 0.004607442
v 0.006286924 0.009240695 0.004463471
v 0.006286924 0.002574028 0.004463471
v 0.005887392 0.009240695 0.004274257
v 0.005887392 0.002574028 0.004274257
v 0.005511179 0.009240695 0.004042110
v 0.005511179 0.002574028 0.004042110
v 0.005162882 0.009240695 0.003769866
v 0.005162882 0.002574028 0.003769866
v 0.004846753 0.009240695 0.003460850
v 0.004846753 0.002574028 0.003460850
v 0.004566655 0.009240695 0.003118837
v 0.004566655 0.002574028 0.003118837
v 0.004326008 0.009240695 0.002748004
v 0.004326008 0.002574028 0.002748004
v 0.004127752 0.009240695 0.002352881
v 0.004127752 0.002574028 0.002352881
v 0.003974309 0.009240695 0.001938293
v 0.003974309 0.002574028 0.001938293
v 0.003867552 0.009240695 0.001509305
v 0.003974309 -0.004092638 0.001938293
v 0.003867552 -0.010759305 0.001509305
v 0.003974309 -0.010759305 0.001938293
v 0.004127752 -0.010759305 0.002352881
v 0.004127752 -0.004092638 0.002352881
v 0.004326008 -0.010759305 0.002748004
v 0.004326008 -0.004092638 0.002748004
v 0.004566655 -0.010759305 0.003118837
v 0.004566655 -0.004092638 0.003118837
v 0.004846753 -0.010759305 0.003460850
v 0.004846753 -0.004092638 0.003460850
v 0.005162882 -0.010759305 0.003769866
v 0.005162882 -0.004092638 0.003769866
v 0.005511179 -0.010759305 0.004042110
v 0.005511179 -0.004092638 0.004042110
v 0.005887392 -0.010759305 0.004274257
v 0.005887392 -0.004092638 0.004274257
v 0.006286924 -0.010759305 0.004463471
v 0.006286924 -0.004092638 0.004463471
v 0.006704895 -0.010759305 0.004607442
v 0.006704895 -0.004092638 0.004607442
v 0.007136201 -0.010759305 0.004704411
v 0.007136201 -0.004092638 0.004704411
v 0.007575574 -0.010759305 0.004753193
v 0.007575574 -0.004092638 0.004753193
v 0.008017646 -0.010759305 0.004753193
v 0.008017646 -0.004092638 0.004753193
v 0.008457019 -0.010759305 0.004704411
v 0.008457019 -0.004092638 0.004704411
v 0.008888325 -0.010759305 0.004607442
v 0.008888325 -0.004092638 0.004607442
v 0.009306296 -0.010759305 0.004463471
v 0.009306296 -0.004092638 0.004463471
v 0.009705828 -0.010759305 0.004274257
v 0.009705828 -0.004092638 0.004274257
v 0.010082041 -0.010759305 0.004042110
v 0.010082041 -0.004092638 0.004042110
v 0.010430338 -0.010759305 0.003769866
v 0.010430338 -0.004092638 0.003769866
v 0.010746467 -0.010759305 0.003460850
v 0.010746467 -0.004092638 0.003460850
v 0.011026565 -0.010759305 0.003118837
v 0.011026565 -0.004092638 0.003118837
v 0.011267212 -0.010759305 0.002748004
v 0.011267212 -0.004092638 0.002748004
v 0.011465468 -0.010759305 0.002352881
v 0.011465468 -0.004092638 0.002352881
v 0.002796610 -0.010759305 0.001509305
v 0.002796610 0.009240695 0.001509305
v 0.002796610 -0.010759305 0.000009305
v 0.002796610 0.009240695 0.000009305
v 0.003867552 -0.010759305 0.000009305
v 0.003867552 0.009240695 0.000009305
v 0.003974309 -0.010759305 -0.000419683
v 0.003974309 -0.004092638 -0.000419683
v 0.003974309 0.002574028 -0.000419683
v 0.003974309 0.009240695 -0.000419683
v 0.004127752 0.009240695 -0.000834271
v 0.004127752 0.002574028 -0.000834271
v 0.004326008 0.009240695 -0.001229394
v 0.004326008 0.002574028 -0.001229394
v 0.004566655 0.009240695 -0.001600227
v 0.004566655 0.002574028 -0.001600227
v 0.004846753 0.009240695 -0.001942240
v 0.004846753 0.002574028 -0.001942240
v 0.005162882 0.009240695 -0.002251256
v 0.005162882 0.002574028 -0.002251256
v 0.005511179 0.009240695 -0.002523500
v 0.005511179 0.002574028 -0.002523500
v 0.005887392 0.009240695 -0.002755647
v 0.005887392 0.002574028 -0.002755647
v 0.006286924 0.009240695 -0.002944861
v 0.006286924 0.002574028 -0.002944861
v 0.006704895 0.009240695 -0.003088832
v 0.006704895 0.002574028 -0.003088832
v 0.007136201 0.009240695 -0.003185801
v 0.007136201 0.002574028 -0.003185801
v 0.007575574 0.009240695 -0.003234583
v 0.007575574 0.002574028 -0.003234583
v 0.008017646 0.009240695 -0.003234583
v 0.008017646 0.002574028 -0.003234583
v 0.008457019 0.009240695 -0.003185801
v 0.008457019 0.002574028 -0.003185801
v 0.008888325 0.009240695 -0.003088832
v 0.008888325 0.002574028 -0.003088832
v 0.009306296 0.009240695 -0.002944861
v 0.009306296 0.002574028 -0.002944861
v 0.009705828 0.009240695 -0.002755647
v 0.009705828 0.002574028 -0.002755647
v 0.010082041 0.009240695 -0.002523500
v 0.010082041 0.002574028 -0.002523500
v 0.010430338 0.009240695 -0.002251256
v 0.010430338 0.002574028 -0.002251256
v 0.010746467 0.009240695 -0.001942240
v 0.010746467 0.002574028 -0.001942240
v 0.011026565 0.009240695 -0.001600227
v 0.011026565 0.002574028 -0.001600227
v 0.011267212 0.009240695 -0.001229394
v 0.011267212 0.002574028 -0.001229394
v 0.011465468 0.009240695 -0.000834271
v 0.011465468 0.002574028 -0.000834271
v 0.011618911 0.009240695 -0.000419683
v 0.011618911 0.002574028 -0.000419683
v 0.011725668 0.009240695 0.000009305
v 0.011618911 -0.004092638 -0.000419683
v 0.011725668 -0.010759305 0.000009305
v 0.011618911 -0.010759305 -0.000419683
v 0.011465468 -0.010759305 -0.000834271
v 0.011465468 -0.004092638 -0.000834271
v 0.011267212 -0.010759305 -0.001229394
v 0.011267212 -0.004092638 -0.001229394
v 0.011026565 -0.010759305 -0.001600227
v 0.011026565 -0.004092638 -0.001600227
v 0.010746467 -0.010759305 -0.001942240
v 0.010746467 -0.004092638 -0.001942240
v 0.010430338 -0.010759305 -0.002251256
v 0.010430338 -0.004092638 -0.002251256
v 0.010082041 -0.010759305 -0.002523500
v 0.010082041 -0.004092638 -0.002523500
v 0.009705828 -0.010759305 -0.002755647
v 0.009705828 -0.004092638 -0.002755647
v 0.009306296 -0.010759305 -0.002944861
v 0.009306296 -0.004092638 -0.002944861
v 0.008888325 -0.010759305 -0.003088832
v 0.008888325 -0.004092638 -0.003088832
v 0.008457019 -0.010759305 -0.003185801
v 0.008457019 -0.004092638 -0.003185801
v 0.008017646 -0.010759305 -0.003234583
v 0.008017646 -0.004092638 -0.003234583
v 0.007575574 -0.010759305 -0.003234583
v 0.007575574 -0.004092638 -0.003234583
v 0.007136201 -0.010759305 -0.003185801
v 0.007136201 -0.004092638 -0.003185801
v 0.006704895 -0.010759305 -0.003088832
v 0.006704895 -0.004092638 -0.003088832
v 0.006286924 -0.010759305 -0.002944861
v 0.006286924 -0.004092638 -0.002944861
v 0.005887392 -0.010759305 -0.002755647
v 0.005887392 -0.004092638 -0.002755647
v 0.005511179 -0.010759305 -0.002523500
v 0.005511179 -0.004092638 -0.002523500
v 0.005162882 -0.010759305 -0.002251256
v 0.005162882 -0.004092638 -0.002251256
v 0.004846753 -0.010759305 -0.001942240
v 0.004846753 -0.004092638 -0.001942240
v 0.004566655 -0.010759305 -0.001600227
v 0.004566655 -0.004092638 -0.001600227
v 0.004326008 -0.010759305 -0.001229394
v 0.004326008 -0.004092638 -0.001229394
v 0.004127752 -0.010759305 -0.000834271
v 0.004127752 -0.004092638 -0.000834271
v 0.022796610 -0.010759305 0.000009305
v 0.016297282 -0.002952893 0.000009305
v 0.015964752 -0.003003014 0.000009305
v 0.015628467 -0.003003014 0.000009305
v 0.022796610 0.009240695 0.000009305
v 0.018046610 -0.000759305 0.000009305
v 0.018021480 -0.001094650 0.000009305
v 0.017946649 -0.001422504 0.000009305
v 0.016297282 0.001434283 0.000009305
v 0.016618628 0.001335161 0.000009305
v 0.016921610 0.001189252 0.000009305
v 0.013546610 -0.000759305 0.000009305
v 0.013571741 -0.000423960 0.000009305
v 0.013646571 -0.000096106 0.000009305
v 0.013769430 0.000216933 0.000009305
v 0.013937573 0.000508165 0.000009305
v 0.014147243 0.000771084 0.000009305
v 0.014393758 0.000999816 0.000009305
v 0.014671610 0.001189252 0.000009305
v 0.014974593 0.001335161 0.000009305
v 0.015295938 0.001434283 0.000009305
v 0.015628467 0.001484404 0.000009305
v 0.015964752 0.001484404 0.000009305
v 0.017199462 0.000999816 0.000009305
v 0.017445976 0.000771084 0.000009305
v 0.017655647 0.000508165 0.000009305
v 0.017823790 0.000216933 0.000009305
v 0.017946649 -0.000096106 0.000009305
v 0.018021480 -0.000423960 0.000009305
v 0.017823790 -0.001735543 0.000009305
v 0.017655647 -0.002026775 0.000009305
v 0.017445976 -0.002289694 0.000009305
v 0.017199462 -0.002518426 0.000009305
v 0.016921610 -0.002707862 0.000009305
v 0.016618628 -0.002853771 0.000009305
v 0.015295938 -0.002952893 0.000009305
v 0.014974593 -0.002853771 0.000009305
v 0.014671610 -0.002707862 0.000009305
v 0.014393758 -0.002518426 0.000009305
v 0.014147243 -0.002289694 0.000009305
v 0.013937573 -0.002026775 0.000009305
v 0.013769430 -0.001735543 0.000009305
v 0.013646571 -0.001422504 0.000009305
v 0.013571741 -0.001094650 0.000009305
v 0.022796610 -0.010759305 -0.009240695
v 0.022796610 0.009240695 -0.009240695
v -0.002259960 -0.000009305 -0.009240695
v -0.002356996 0.000470519 -0.009240695
v -0.001203390 -0.000009305 -0.009240695
v -0.002500490 0.000938555 -0.009240695
v -0.002689065 0.001390315 -0.009240695
v 0.012409713 0.001368823 -0.009240695
v -0.002920914 0.001821468 -0.009240695
v 0.012669284 0.001734654 -0.009240695
v -0.003193813 0.002227883 -0.009240695
v 0.012968183 0.002069122 -0.009240695
v -0.003505149 0.002605663 -0.009240695
v 0.013302651 0.002368021 -0.009240695
v -0.003851935 0.002951187 -0.009240695
v 0.013668481 0.002627592 -0.009240695
v -0.004230849 0.003261143 -0.009240695
v 0.014061075 0.002844570 -0.009240695
v -0.004638257 0.003532558 -0.009240695
v 0.014475494 0.003016229 -0.009240695
v -0.005070253 0.003762833 -0.009240695
v 0.014906526 0.003140407 -0.009240695
v -0.005522698 0.003949759 -0.009240695
v -0.005991254 0.004091543 -0.009240695
v -0.006471429 0.004186829 -0.009240695
v -0.006958621 0.004234700 -0.009240695
v -0.007448159 0.004234700 -0.009240695
v -0.007935351 0.004186829 -0.009240695
v -0.008415525 0.004091543 -0.009240695
v -0.008884083 0.003949759 -0.009240695
v -0.009336527 0.003762833 -0.009240695
v -0.009768524 0.003532558 -0.009240695
v -0.010175932 0.003261143 -0.009240695
v -0.010554844 0.002951187 -0.009240695
v -0.010901630 0.002605663 -0.009240695
v -0.011212967 0.002227883 -0.009240695
v -0.011485866 0.001821468 -0.009240695
v -0.011717716 0.001390315 -0.009240695
v -0.011906290 0.000938555 -0.009240695
v -0.012049784 0.000470519 -0.009240695
v -0.012146820 -0.000009305 -0.009240695
v 0.019796610 -0.000759305 -0.009240695
v 0.019771459 -0.000311447 -0.009240695
v 0.019696322 0.000130778 -0.009240695
v -0.006471429 -0.005705438 -0.009240695
v -0.005991254 -0.005610153 -0.009240695
v -0.005522698 -0.005468368 -0.009240695
v -0.010901630 -0.004124273 -0.009240695
v -0.010554844 -0.004469797 -0.009240695
v -0.010175932 -0.004779753 -0.009240695
v -0.012146820 -0.001509305 -0.009240695
v -0.012049784 -0.001989129 -0.009240695
v -0.011906290 -0.002457165 -0.009240695
v -0.011717716 -0.002908925 -0.009240695
v -0.011485866 -0.003340079 -0.009240695
v -0.011212967 -0.003746493 -0.009240695
v -0.009768524 -0.005051168 -0.009240695
v -0.009336527 -0.005281443 -0.009240695
v -0.008884083 -0.005468368 -0.009240695
v -0.008415525 -0.005610153 -0.009240695
v -0.007935351 -0.005705438 -0.009240695
v -0.007448159 -0.005753310 -0.009240695
v -0.006958621 -0.005753310 -0.009240695
v 0.014906526 -0.004659017 -0.009240695
v -0.005070253 -0.005281443 -0.009240695
v 0.014475494 -0.004534838 -0.009240695
v -0.004638257 -0.005051168 -0.009240695
v 0.014061075 -0.004363181 -0.009240695
v -0.004230849 -0.004779753 -0.009240695
v 0.013668481 -0.004146202 -0.009240695
v -0.003851935 -0.004469797 -0.009240695
v 0.013302651 -0.003886631 -0.009240695
v -0.003505149 -0.004124273 -0.009240695
v 0.012968183 -0.003587732 -0.009240695
v -0.003193813 -0.003746493 -0.009240695
v 0.012669284 -0.003253264 -0.009240695
v -0.002920914 -0.003340079 -0.009240695
v 0.012409713 -0.002887434 -0.009240695
v -0.002689065 -0.002908925 -0.009240695
v -0.001203390 -0.001509305 -0.009240695
v -0.002500490 -0.002457165 -0.009240695
v -0.002356996 -0.001989129 -0.009240695
v -0.002259960 -0.001509305 -0.009240695
v 0.011796610 -0.000759305 -0.009240695
v 0.011821761 -0.001207163 -0.009240695
v 0.011896898 -0.001649388 -0.009240695
v 0.015348752 -0.004734154 -0.009240695
v 0.015796610 -0.004759305 -0.009240695
v 0.016244468 -0.004734154 -0.009240695
v 0.016686693 -0.004659017 -0.009240695
v 0.017117726 -0.004534838 -0.009240695
v 0.017532145 -0.004363181 -0.009240695
v 0.017924738 -0.004146202 -0.009240695
v 0.018290569 -0.003886631 -0.009240695
v 0.018625037 -0.003587732 -0.009240695
v 0.018923936 -0.003253264 -0.009240695
v 0.019183507 -0.002887434 -0.009240695
v 0.019400485 -0.002494840 -0.009240695
v 0.019572144 -0.002080421 -0.009240695
v 0.019696322 -0.001649388 -0.009240695
v 0.019771459 -0.001207163 -0.009240695
v 0.019572144 0.000561811 -0.009240695
v 0.019400485 0.000976230 -0.009240695
v 0.019183507 0.001368823 -0.009240695
v 0.018923936 0.001734654 -0.009240695
v 0.018625037 0.002069122 -0.009240695
v 0.018290569 0.002368021 -0.009240695
v 0.017924738 0.002627592 -0.009240695
v 0.017532145 0.002844570 -0.009240695
v 0.017117726 0.003016229 -0.009240695
v 0.016686693 0.003140407 -0.009240695
v 0.016244468 0.003215544 -0.009240695
v 0.015796610 0.003240695 -0.009240695
v 0.015348752 0.003215544 -0.009240695
v 0.012192734 0.000976230 -0.009240695
v 0.012021077 0.000561811 -0.009240695
v 0.011896898 0.000130778 -0.009240695
v 0.011821761 -0.000311447 -0.009240695
v 0.012021077 -0.002080421 -0.009240695
v 0.012192734 -0.002494840 -0.009240695
v -0.020203390 0.009240695 0.000759305
v -0.020178240 0.009240695 0.000311447
v -0.020103102 0.009240695 -0.000130779
v -0.014882275 0.009240695 0.004534838
v -0.014467855 0.009240695 0.004363180
v -0.014075262 0.009240695 0.004146202
v -0.013709431 0.009240695 0.003886631
v -0.013374964 0.009240695 0.003587732
v -0.013076065 0.009240695 0.003253264
v -0.012816494 0.009240695 0.002887433
v -0.012203390 0.009240695 0.000759305
v -0.012228540 0.009240695 0.001207163
v -0.012303678 0.009240695 0.001649389
v -0.012816494 0.009240695 -0.001368823
v -0.013076065 0.009240695 -0.001734654
v -0.013374964 0.009240695 -0.002069122
v -0.013709431 0.009240695 -0.002368021
v -0.014075262 0.009240695 -0.002627592
v -0.014467855 0.009240695 -0.002844570
v -0.014882275 0.009240695 -0.003016228
v -0.016651249 0.009240695 -0.003215544
v -0.016203390 0.009240695 -0.003240695
v -0.015755531 0.009240695 -0.003215544
v -0.015313307 0.009240695 -0.003140407
v -0.012599514 0.009240695 -0.000976230
v -0.012427856 0.009240695 -0.000561811
v -0.012303678 0.009240695 -0.000130779
v -0.012228540 0.009240695 0.000311447
v -0.012427856 0.009240695 0.002080421
v -0.012599514 0.009240695 0.002494840
v -0.015313307 0.009240695 0.004659017
v -0.015755531 0.009240695 0.004734154
v -0.016203390 0.009240695 0.004759305
v -0.016651249 0.009240695 0.004734154
v -0.017093473 0.009240695 0.004659017
v -0.017524505 0.009240695 0.004534838
v -0.017938925 0.009240695 0.004363180
v -0.018331518 0.009240695 0.004146202
v -0.018697349 0.009240695 0.003886631
v -0.019031816 0.009240695 0.003587732
v -0.019330715 0.009240695 0.003253264
v -0.019590286 0.009240695 0.002887433
v -0.019807266 0.009240695 0.002494840
v -0.019978924 0.009240695 0.002080421
v -0.020103102 0.009240695 0.001649389
v -0.020178240 0.009240695 0.001207163
v -0.019978924 0.009240695 -0.000561811
v -0.019807266 0.009240695 -0.000976230
v -0.019590286 0.009240695 -0.001368823
v -0.019330715 0.009240695 -0.001734654
v -0.019031816 0.009240695 -0.002069122
v -0.018697349 0.009240695 -0.002368021
v -0.018331518 0.009240695 -0.002627592
v -0.017938925 0.009240695 -0.002844570
v -0.017524505 0.009240695 -0.003016228
v -0.017093473 0.009240695 -0.003140407
v -0.018203390 -0.010759305 0.000759305
v -0.018178766 -0.010759305 0.001072174
v -0.018105503 -0.010759305 0.001377339
v -0.015585356 -0.010759305 -0.001142808
v -0.015890522 -0.010759305 -0.001216072
v -0.015295408 -0.010759305 -0.001022708
v -0.015027819 -0.010759305 -0.000858729
v -0.014789177 -0.010759305 -0.000654909
v -0.014585356 -0.010759305 -0.000416265
v -0.014421377 -0.010759305 -0.000148676
v -0.014301277 -0.010759305 0.000141271
v -0.014228014 -0.010759305 0.000446436
v -0.014203390 -0.010759305 0.000759305
v -0.014228014 -0.010759305 0.001072174
v -0.014301277 -0.010759305 0.001377339
v -0.014421377 -0.010759305 0.001667286
v -0.014585356 -0.010759305 0.001934875
v -0.014789177 -0.010759305 0.002173519
v -0.015027819 -0.010759305 0.002377339
v -0.015295408 -0.010759305 0.002541318
v -0.015585356 -0.010759305 0.002661418
v -0.016203390 -0.010759305 -0.001240695
v -0.016516258 -0.010759305 -0.001216072
v -0.016821424 -0.010759305 -0.001142808
v -0.017111372 -0.010759305 -0.001022708
v -0.017378961 -0.010759305 -0.000858729
v -0.017617603 -0.010759305 -0.000654909
v -0.017821424 -0.010759305 -0.000416265
v -0.017985403 -0.010759305 -0.000148676
v -0.018105503 -0.010759305 0.000141271
v -0.018178766 -0.010759305 0.000446436
v -0.017985403 -0.010759305 0.001667286
v -0.017821424 -0.010759305 0.001934875
v -0.017617603 -0.010759305 0.002173519
v -0.017378961 -0.010759305 0.002377339
v -0.017111372 -0.010759305 0.002541318
v -0.016821424 -0.010759305 0.002661418
v -0.016516258 -0.010759305 0.002734682
v -0.016203390 -0.010759305 0.002759305
v -0.015890522 -0.010759305 0.002734682
v -0.016704061 -0.000009305 0.002952893
v -0.016371532 -0.000009305 0.003003014
v -0.016035248 -0.000009305 0.003003014
v -0.018453390 -0.000009305 0.000759305
v -0.018428259 -0.000009305 0.001094650
v -0.018353430 -0.000009305 0.001422504
v -0.016704061 -0.000009305 -0.001434283
v -0.017025408 -0.000009305 -0.001335161
v -0.017328390 -0.000009305 -0.001189252
v -0.013953390 -0.000009305 0.000759305
v -0.013978521 -0.000009305 0.000423960
v -0.014053350 -0.000009305 0.000096106
v -0.014176210 -0.000009305 -0.000216933
v -0.014344353 -0.000009305 -0.000508165
v -0.014554024 -0.000009305 -0.000771084
v -0.014800539 -0.000009305 -0.000999816
v -0.015078390 -0.000009305 -0.001189252
v -0.015381372 -0.000009305 -0.001335161
v -0.015702719 -0.000009305 -0.001434283
v -0.016035248 -0.000009305 -0.001484404
v -0.016371532 -0.000009305 -0.001484404
v -0.017606241 -0.000009305 -0.000999816
v -0.017852756 -0.000009305 -0.000771084
v -0.018062427 -0.000009305 -0.000508165
v -0.018230570 -0.000009305 -0.000216933
v -0.018353430 -0.000009305 0.000096106
v -0.018428259 -0.000009305 0.000423960
v -0.018230570 -0.000009305 0.001735543
v -0.018062427 -0.000009305 0.002026775
v -0.017852756 -0.000009305 0.002289694
v -0.017606241 -0.000009305 0.002518426
v -0.017328390 -0.000009305 0.002707862
v -0.017025408 -0.000009305 0.002853771
v -0.015702719 -0.000009305 0.002952893
v -0.015381372 -0.000009305 0.002853771
v -0.015078390 -0.000009305 0.002707862
v -0.014800539 -0.000009305 0.002518426
v -0.014554024 -0.000009305 0.002289694
v -0.014344353 -0.000009305 0.002026775
v -0.014176210 -0.000009305 0.001735543
v -0.014053350 -0.000009305 0.001422504
v -0.013978521 -0.000009305 0.001094650
v -0.002356996 0.000470519 0.000759305
v -0.002500490 0.000938555 0.000759305
v -0.002689065 0.001390315 0.000759305
v -0.002920914 0.001821468 0.000759305
v -0.003193813 0.002227883 0.000759305
v -0.003505149 0.002605663 0.000759305
v -0.003851935 0.002951187 0.000759305
v -0.004230849 0.003261143 0.000759305
v -0.004638257 0.003532558 0.000759305
v -0.005070253 0.003762833 0.000759305
v -0.005522698 0.003949759 0.000759305
v -0.005991254 0.004091543 0.000759305
v -0.006471429 0.004186829 0.000759305
v -0.006958621 0.004234700 0.000759305
v -0.007448159 0.004234700 0.000759305
v -0.007935351 0.004186829 0.000759305
v -0.008415525 0.004091543 0.000759305
v -0.008884083 0.003949759 0.000759305
v -0.009336527 0.003762833 0.000759305
v -0.009768524 0.003532558 0.000759305
v -0.010175932 0.003261143 0.000759305
v -0.010554844 0.002951187 0.000759305
v -0.010901630 0.002605663 0.000759305
v -0.011212967 0.002227883 0.000759305
v -0.011485866 0.001821468 0.000759305
v -0.011717716 0.001390315 0.000759305
v -0.011906290 0.000938555 0.000759305
v -0.012049784 0.000470519 0.000759305
v -0.012049784 -0.001989129 0.000759305
v -0.011906290 -0.002457165 0.000759305
v -0.011717716 -0.002908925 0.000759305
v -0.011485866 -0.003340079 0.000759305
v -0.011212967 -0.003746493 0.000759305
v -0.010901630 -0.004124273 0.000759305
v -0.010554844 -0.004469797 0.000759305
v -0.010175932 -0.004779753 0.000759305
v -0.009768524 -0.005051168 0.000759305
v -0.009336527 -0.005281443 0.000759305
v -0.008884083 -0.005468368 0.000759305
v -0.008415525 -0.005610153 0.000759305
v -0.007935351 -0.005705438 0.000759305
v -0.007448159 -0.005753310 0.000759305
v -0.006958621 -0.005753310 0.000759305
v -0.006471429 -0.005705438 0.000759305
v -0.005991254 -0.005610153 0.000759305
v -0.005522698 -0.005468368 0.000759305
v -0.005070253 -0.005281443 0.000759305
v -0.004638257 -0.005051168 0.000759305
v -0.004230849 -0.004779753 0.000759305
v -0.003851935 -0.004469797 0.000759305
v -0.003505149 -0.004124273 0.000759305
v -0.003193813 -0.003746493 0.000759305
v -0.002920914 -0.003340079 0.000759305
v -0.002689065 -0.002908925 0.000759305
v -0.002500490 -0.002457165 0.000759305
v -0.002356996 -0.001989129 0.000759305
v -0.016516258 -0.001509305 0.002734682
v -0.016821424 -0.001509305 0.002661418
v -0.017111372 -0.001509305 0.002541318
v -0.014203390 -0.001509305 0.000759305
v -0.014228014 -0.001509305 0.001072174
v -0.014301277 -0.001509305 0.001377339
v -0.016516258 -0.001509305 -0.001216072
v -0.016203390 -0.001509305 -0.001240695
v -0.015890522 -0.001509305 -0.001216072
v -0.018203390 -0.001509305 0.000759305
v -0.018178766 -0.001509305 0.000446436
v -0.018105503 -0.001509305 0.000141271
v -0.015585356 -0.001509305 -0.001142808
v -0.015295408 -0.001509305 -0.001022708
v -0.015027819 -0.001509305 -0.000858729
v -0.014789177 -0.001509305 -0.000654909
v -0.014585356 -0.001509305 -0.000416265
v -0.014421377 -0.001509305 -0.000148676
v -0.014301277 -0.001509305 0.000141271
v -0.014228014 -0.001509305 0.000446436
v -0.014421377 -0.001509305 0.001667286
v -0.014585356 -0.001509305 0.001934875
v -0.014789177 -0.001509305 0.002173519
v -0.015027819 -0.001509305 0.002377339
v -0.015295408 -0.001509305 0.002541318
v -0.015585356 -0.001509305 0.002661418
v -0.015890522 -0.001509305 0.002734682
v -0.016203390 -0.001509305 0.002759305
v -0.017378961 -0.001509305 0.002377339
v -0.017617603 -0.001509305 0.002173519
v -0.017821424 -0.001509305 0.001934875
v -0.017985403 -0.001509305 0.001667286
v -0.018105503 -0.001509305 0.001377339
v -0.018178766 -0.001509305 0.001072174
v -0.017985403 -0.001509305 -0.000148676
v -0.017821424 -0.001509305 -0.000416265
v -0.017617603 -0.001509305 -0.000654909
v -0.017378961 -0.001509305 -0.000858729
v -0.017111372 -0.001509305 -0.001022708
v -0.016821424 -0.001509305 -0.001142808
v 0.015461265 -0.002984174 -0.005040695
v 0.015796610 -0.003009305 -0.005040695
v 0.016131955 -0.002984174 -0.005040695
v 0.016459809 -0.002909344 -0.005040695
v 0.016772848 -0.002786485 -0.005040695
v 0.017064080 -0.002618342 -0.005040695
v 0.017326999 -0.002408671 -0.005040695
v 0.017555731 -0.002162157 -0.005040695
v 0.017745167 -0.001884305 -0.005040695
v 0.017891076 -0.001581323 -0.005040695
v 0.017990198 -0.001259977 -0.005040695
v 0.018040319 -0.000927447 -0.005040695
v 0.018040319 -0.000591163 -0.005040695
v 0.017990198 -0.000258633 -0.005040695
v 0.017891076 0.000062713 -0.005040695
v 0.017745167 0.000365695 -0.005040695
v 0.017555731 0.000643547 -0.005040695
v 0.017326999 0.000890061 -0.005040695
v 0.017064080 0.001099732 -0.005040695
v 0.016772848 0.001267875 -0.005040695
v 0.016459809 0.001390734 -0.005040695
v 0.016131955 0.001465565 -0.005040695
v 0.015796610 0.001490695 -0.005040695
v 0.015461265 0.001465565 -0.005040695
v 0.015133411 0.001390734 -0.005040695
v 0.014820372 0.001267875 -0.005040695
v 0.014529140 0.001099732 -0.005040695
v 0.014266221 0.000890061 -0.005040695
v 0.014037489 0.000643547 -0.005040695
v 0.013848053 0.000365695 -0.005040695
v 0.013702144 0.000062713 -0.005040695
v 0.013603022 -0.000258633 -0.005040695
v 0.013552901 -0.000591163 -0.005040695
v 0.013552901 -0.000927447 -0.005040695
v 0.013603022 -0.001259977 -0.005040695
v 0.013702144 -0.001581323 -0.005040695
v 0.013848053 -0.001884305 -0.005040695
v 0.014037489 -0.002162157 -0.005040695
v 0.014266221 -0.002408671 -0.005040695
v 0.014529140 -0.002618342 -0.005040695
v 0.014820372 -0.002786485 -0.005040695
v 0.015133411 -0.002909344 -0.005040695
v 0.016244468 -0.004734154 -0.005040695
v 0.015796610 -0.004759305 -0.005040695
v 0.015348752 -0.004734154 -0.005040695
v 0.014906526 -0.004659017 -0.005040695
v 0.014475494 -0.004534838 -0.005040695
v 0.014061075 -0.004363181 -0.005040695
v 0.013668481 -0.004146202 -0.005040695
v 0.013302651 -0.003886631 -0.005040695
v 0.012968183 -0.003587732 -0.005040695
v 0.012669284 -0.003253264 -0.005040695
v 0.012409713 -0.002887434 -0.005040695
v 0.012192734 -0.002494840 -0.005040695
v 0.012021077 -0.002080421 -0.005040695
v 0.011896898 -0.001649388 -0.005040695
v 0.011821761 -0.001207163 -0.005040695
v 0.011796610 -0.000759305 -0.005040695
v 0.011821761 -0.000311447 -0.005040695
v 0.011896898 0.000130778 -0.005040695
v 0.012021077 0.000561811 -0.005040695
v 0.012192734 0.000976230 -0.005040695
v 0.012409713 0.001368823 -0.005040695
v 0.012669284 0.001734654 -0.005040695
v 0.012968183 0.002069122 -0.005040695
v 0.013302651 0.002368021 -0.005040695
v 0.013668481 0.002627592 -0.005040695
v 0.014061075 0.002844570 -0.005040695
v 0.014475494 0.003016229 -0.005040695
v 0.014906526 0.003140407 -0.005040695
v 0.015348752 0.003215544 -0.005040695
v 0.015796610 0.003240695 -0.005040695
v 0.016244468 0.003215544 -0.005040695
v 0.016686693 0.003140407 -0.005040695
v 0.017117726 0.003016229 -0.005040695
v 0.017532145 0.002844570 -0.005040695
v 0.017924738 0.002627592 -0.005040695
v 0.018290569 0.002368021 -0.005040695
v 0.018625037 0.002069122 -0.005040695
v 0.018923936 0.001734654 -0.005040695
v 0.019183507 0.001368823 -0.005040695
v 0.019400485 0.000976230 -0.005040695
v 0.019572144 0.000561811 -0.005040695
v 0.019696322 0.000130778 -0.005040695
v 0.019771459 -0.000311447 -0.005040695
v 0.019796610 -0.000759305 -0.005040695
v 0.019771459 -0.001207163 -0.005040695
v 0.019696322 -0.001649388 -0.005040695
v 0.019572144 -0.002080421 -0.005040695
v 0.019400485 -0.002494840 -0.005040695
v 0.019183507 -0.002887434 -0.005040695
v 0.018923936 -0.003253264 -0.005040695
v 0.018625037 -0.003587732 -0.005040695
v 0.018290569 -0.003886631 -0.005040695
v 0.017924738 -0.004146202 -0.005040695
v 0.017532145 -0.004363181 -0.005040695
v 0.017117726 -0.004534838 -0.005040695
v 0.016686693 -0.004659017 -0.005040695
v 0.016078094 -0.002355679 0.001888305
v 0.015796610 -0.002380305 0.001888305
v 0.016351025 -0.002282547 0.001888305
v 0.016607110 -0.002163132 0.001888305
v 0.016838569 -0.002001063 0.001888305
v 0.017038368 -0.001801264 0.001888305
v 0.017200437 -0.001569805 0.001888305
v 0.017319852 -0.001313720 0.001888305
v 0.017392984 -0.001040789 0.001888305
v 0.017417610 -0.000759305 0.001888305
v 0.017392984 -0.000477821 0.001888305
v 0.017319852 -0.000204890 0.001888305
v 0.017200437 0.000051195 0.001888305
v 0.017038368 0.000282654 0.001888305
v 0.016838569 0.000482453 0.001888305
v 0.016607110 0.000644522 0.001888305
v 0.016351025 0.000763937 0.001888305
v 0.016078094 0.000837069 0.001888305
v 0.015796610 0.000861695 0.001888305
v 0.015515126 0.000837069 0.001888305
v 0.015242195 0.000763937 0.001888305
v 0.014986110 0.000644522 0.001888305
v 0.014754651 0.000482453 0.001888305
v 0.014554852 0.000282654 0.001888305
v 0.014392783 0.000051195 0.001888305
v 0.014273368 -0.000204890 0.001888305
v 0.014200236 -0.000477821 0.001888305
v 0.014175610 -0.000759305 0.001888305
v 0.014200236 -0.001040789 0.001888305
v 0.014273368 -0.001313720 0.001888305
v 0.014392783 -0.001569805 0.001888305
v 0.014554852 -0.001801264 0.001888305
v 0.014754651 -0.002001063 0.001888305
v 0.014986110 -0.002163132 0.001888305
v 0.015242195 -0.002282547 0.001888305
v 0.015515126 -0.002355679 0.001888305
v 0.016078094 -0.002355679 0.010380305
v 0.016078094 -0.002355679 0.006134305
v 0.015796610 -0.002380305 0.010380305
v 0.015796610 -0.002380305 0.006134305
v 0.015515126 -0.002355679 0.010380305
v 0.015515126 -0.002355679 0.006134305
v 0.015242195 -0.002282547 0.010380305
v 0.015242195 -0.002282547 0.006134305
v 0.014986110 -0.002163132 0.010380305
v 0.014986110 -0.002163132 0.006134305
v 0.014754651 -0.002001063 0.010380305
v 0.014754651 -0.002001063 0.006134305
v 0.014554852 -0.001801264 0.010380305
v 0.014554852 -0.001801264 0.006134305
v 0.014392783 -0.001569805 0.010380305
v 0.014392783 -0.001569805 0.006134305
v 0.014273368 -0.001313720 0.010380305
v 0.014273368 -0.001313720 0.006134305
v 0.014200236 -0.001040789 0.010380305
v 0.014200236 -0.001040789 0.006134305
v 0.014175610 -0.000759305 0.010380305
v 0.014175610 -0.000759305 0.006134305
v 0.014200236 -0.000477821 0.010380305
v 0.014200236 -0.000477821 0.006134305
v 0.014273368 -0.000204890 0.010380305
v 0.014273368 -0.000204890 0.006134305
v 0.014392783 0.000051195 0.010380305
v 0.014392783 0.000051195 0.006134305
v 0.014554852 0.000282654 0.010380305
v 0.014554852 0.000282654 0.006134305
v 0.014754651 0.000482453 0.010380305
v 0.014754651 0.000482453 0.006134305
v 0.014986110 0.000644522 0.010380305
v 0.014986110 0.000644522 0.006134305
v 0.015242195 0.000763937 0.010380305
v 0.015242195 0.000763937 0.006134305
v 0.015515126 0.000837069 0.010380305
v 0.015515126 0.000837069 0.006134305
v 0.015796610 0.000861695 0.010380305
v 0.015796610 0.000861695 0.006134305
v 0.016078094 0.000837069 0.010380305
v 0.016078094 0.000837069 0.006134305
v 0.016351025 0.000763937 0.010380305
v 0.016351025 0.000763937 0.006134305
v 0.016607110 0.000644522 0.010380305
v 0.016607110 0.000644522 0.006134305
v 0.016838569 0.000482453 0.010380305
v 0.016838569 0.000482453 0.006134305
v 0.017038368 0.000282654 0.010380305
v 0.017038368 0.000282654 0.006134305
v 0.017200437 0.000051195 0.010380305
v 0.017200437 0.000051195 0.006134305
v 0.017319852 -0.000204890 0.010380305
v 0.017319852 -0.000204890 0.006134305
v 0.017392984 -0.000477821 0.010380305
v 0.017392984 -0.000477821 0.006134305
v 0.017417610 -0.000759305 0.010380305
v 0.017417610 -0.000759305 0.006134305
v 0.017392984 -0.001040789 0.010380305
v 0.017392984 -0.001040789 0.006134305
v 0.017319852 -0.001313720 0.010380305
v 0.017319852 -0.001313720 0.006134305
v 0.017200437 -0.001569805 0.010380305
v 0.017200437 -0.001569805 0.006134305
v 0.017038368 -0.001801264 0.010380305
v 0.017038368 -0.001801264 0.006134305
v 0.016838569 -0.002001063 0.010380305
v 0.016838569 -0.002001063 0.006134305
v 0.016607110 -0.002163132 0.010380305
v 0.016607110 -0.002163132 0.006134305
v 0.016351025 -0.002282547 0.010380305
v 0.016351025 -0.002282547 0.006134305
v -0.016203390 -0.010380305 -0.000861695
v -0.015921905 -0.010380305 -0.000837068
v -0.015648975 -0.010380305 -0.000763937
v -0.015392891 -0.010380305 -0.000644522
v -0.015161432 -0.010380305 -0.000482453
v -0.014961632 -0.010380305 -0.000282654
v -0.014799562 -0.010380305 -0.000051195
v -0.014680149 -0.010380305 0.000204890
v -0.014607017 -0.010380305 0.000477821
v -0.014582390 -0.010380305 0.000759305
v -0.014607017 -0.010380305 0.001040789
v -0.014680149 -0.010380305 0.001313720
v -0.014799562 -0.010380305 0.001569805
v -0.014961632 -0.010380305 0.001801264
v -0.015161432 -0.010380305 0.002001063
v -0.015392891 -0.010380305 0.002163132
v -0.015648975 -0.010380305 0.002282547
v -0.015921905 -0.010380305 0.002355678
v -0.016203390 -0.010380305 0.002380305
v -0.016484875 -0.010380305 0.002355678
v -0.016757805 -0.010380305 0.002282547
v -0.017013889 -0.010380305 0.002163132
v -0.017245348 -0.010380305 0.002001063
v -0.017445148 -0.010380305 0.001801264
v -0.017607218 -0.010380305 0.001569805
v -0.017726631 -0.010380305 0.001313720
v -0.017799763 -0.010380305 0.001040789
v -0.017824390 -0.010380305 0.000759305
v -0.017799763 -0.010380305 0.000477821
v -0.017726631 -0.010380305 0.000204890
v -0.017607218 -0.010380305 -0.000051195
v -0.017445148 -0.010380305 -0.000282654
v -0.017245348 -0.010380305 -0.000482453
v -0.017013889 -0.010380305 -0.000644522
v -0.016757805 -0.010380305 -0.000763937
v -0.016484875 -0.010380305 -0.000837068
v -0.015921905 -0.006134305 -0.000837068
v -0.016203390 -0.006134305 -0.000861695
v -0.016484875 -0.006134305 -0.000837068
v -0.016757805 -0.006134305 -0.000763937
v -0.017013889 -0.006134305 -0.000644522
v -0.017245348 -0.006134305 -0.000482453
v -0.017445148 -0.006134305 -0.000282654
v -0.017607218 -0.006134305 -0.000051195
v -0.017726631 -0.006134305 0.000204890
v -0.017799763 -0.006134305 0.000477821
v -0.017824390 -0.006134305 0.000759305
v -0.017799763 -0.006134305 0.001040789
v -0.017726631 -0.006134305 0.001313720
v -0.017607218 -0.006134305 0.001569805
v -0.017445148 -0.006134305 0.001801264
v -0.017245348 -0.006134305 0.002001063
v -0.017013889 -0.006134305 0.002163132
v -0.016757805 -0.006134305 0.002282547
v -0.016484875 -0.006134305 0.002355678
v -0.016203390 -0.006134305 0.002380305
v -0.015921905 -0.006134305 0.002355678
v -0.015648975 -0.006134305 0.002282547
v -0.015392891 -0.006134305 0.002163132
v -0.015161432 -0.006134305 0.002001063
v -0.014961632 -0.006134305 0.001801264
v -0.014799562 -0.006134305 0.001569805
v -0.014680149 -0.006134305 0.001313720
v -0.014607017 -0.006134305 0.001040789
v -0.014582390 -0.006134305 0.000759305
v -0.014607017 -0.006134305 0.000477821
v -0.014680149 -0.006134305 0.000204890
v -0.014799562 -0.006134305 -0.000051195
v -0.014961632 -0.006134305 -0.000282654
v -0.015161432 -0.006134305 -0.000482453
v -0.015392891 -0.006134305 -0.000644522
v -0.015648975 -0.006134305 -0.000763937
v -0.016484875 -0.001888305 -0.000837068
v -0.016203390 -0.001888305 -0.000861695
v -0.015921905 -0.001888305 -0.000837068
v -0.015648975 -0.001888305 -0.000763937
v -0.015392891 -0.001888305 -0.000644522
v -0.015161432 -0.001888305 -0.000482453
v -0.014961632 -0.001888305 -0.000282654
v -0.014799562 -0.001888305 -0.000051195
v -0.014680149 -0.001888305 0.000204890
v -0.014607017 -0.001888305 0.000477821
v -0.014582390 -0.001888305 0.000759305
v -0.014607017 -0.001888305 0.001040789
v -0.014680149 -0.001888305 0.001313720
v -0.014799562 -0.001888305 0.001569805
v -0.014961632 -0.001888305 0.001801264
v -0.015161432 -0.001888305 0.002001063
v -0.015392891 -0.001888305 0.002163132
v -0.015648975 -0.001888305 0.002282547
v -0.015921905 -0.001888305 0.002355678
v -0.016203390 -0.001888305 0.002380305
v -0.016484875 -0.001888305 0.002355678
v -0.016757805 -0.001888305 0.002282547
v -0.017013889 -0.001888305 0.002163132
v -0.017245348 -0.001888305 0.002001063
v -0.017445148 -0.001888305 0.001801264
v -0.017607218 -0.001888305 0.001569805
v -0.017726631 -0.001888305 0.001313720
v -0.017799763 -0.001888305 0.001040789
v -0.017824390 -0.001888305 0.000759305
v -0.017799763 -0.001888305 0.000477821
v -0.017726631 -0.001888305 0.000204890
v -0.017607218 -0.001888305 -0.000051195
v -0.017445148 -0.001888305 -0.000282654
v -0.017245348 -0.001888305 -0.000482453
v -0.017013889 -0.001888305 -0.000644522
v -0.016757805 -0.001888305 -0.000763937
v -0.016538734 0.005040695 -0.001465564
v -0.016203390 0.005040695 -0.001490695
v -0.015868046 0.005040695 -0.001465564
v -0.015540192 0.005040695 -0.001390734
v -0.015227152 0.005040695 -0.001267875
v -0.014935921 0.005040695 -0.001099732
v -0.014673002 0.005040695 -0.000890062
v -0.014444269 0.005040695 -0.000643547
v -0.014254833 0.005040695 -0.000365695
v -0.014108925 0.005040695 -0.000062712
v -0.014009802 0.005040695 0.000258633
v -0.013959682 0.005040695 0.000591162
v -0.013959682 0.005040695 0.000927448
v -0.014009802 0.005040695 0.001259977
v -0.014108925 0.005040695 0.001581322
v -0.014254833 0.005040695 0.001884305
v -0.014444269 0.005040695 0.002162157
v -0.014673002 0.005040695 0.002408672
v -0.014935921 0.005040695 0.002618342
v -0.015227152 0.005040695 0.002786485
v -0.015540192 0.005040695 0.002909344
v -0.015868046 0.005040695 0.002984174
v -0.016203390 0.005040695 0.003009305
v -0.016538734 0.005040695 0.002984174
v -0.016866588 0.005040695 0.002909344
v -0.017179628 0.005040695 0.002786485
v -0.017470859 0.005040695 0.002618342
v -0.017733778 0.005040695 0.002408672
v -0.017962511 0.005040695 0.002162157
v -0.018151947 0.005040695 0.001884305
v -0.018297855 0.005040695 0.001581322
v -0.018396978 0.005040695 0.001259977
v -0.018447098 0.005040695 0.000927448
v -0.018447098 0.005040695 0.000591162
v -0.018396978 0.005040695 0.000258633
v -0.018297855 0.005040695 -0.000062712
v -0.018151947 0.005040695 -0.000365695
v -0.017962511 0.005040695 -0.000643547
v -0.017733778 0.005040695 -0.000890062
v -0.017470859 0.005040695 -0.001099732
v -0.017179628 0.005040695 -0.001267875
v -0.016866588 0.005040695 -0.001390734
v -0.015755531 0.005040695 -0.003215544
v -0.016203390 0.005040695 -0.003240695
v -0.016651249 0.005040695 -0.003215544
v -0.017093473 0.005040695 -0.003140407
v -0.017524505 0.005040695 -0.003016228
v -0.017938925 0.005040695 -0.002844570
v -0.018331518 0.005040695 -0.002627592
v -0.018697349 0.005040695 -0.002368021
v -0.019031816 0.005040695 -0.002069122
v -0.019330715 0.005040695 -0.001734654
v -0.019590286 0.005040695 -0.001368823
v -0.019807266 0.005040695 -0.000976230
v -0.019978924 0.005040695 -0.000561811
v -0.020103102 0.005040695 -0.000130779
v -0.020178240 0.005040695 0.000311447
v -0.020203390 0.005040695 0.000759305
v -0.020178240 0.005040695 0.001207163
v -0.020103102 0.005040695 0.001649389
v -0.019978924 0.005040695 0.002080421
v -0.019807266 0.005040695 0.002494840
v -0.019590286 0.005040695 0.002887433
v -0.019330715 0.005040695 0.003253264
v -0.019031816 0.005040695 0.003587732
v -0.018697349 0.005040695 0.003886631
v -0.018331518 0.005040695 0.004146202
v -0.017938925 0.005040695 0.004363180
v -0.017524505 0.005040695 0.004534838
v -0.017093473 0.005040695 0.004659017
v -0.016651249 0.005040695 0.004734154
v -0.016203390 0.005040695 0.004759305
v -0.015755531 0.005040695 0.004734154
v -0.015313307 0.005040695 0.004659017
v -0.014882275 0.005040695 0.004534838
v -0.014467855 0.005040695 0.004363180
v -0.014075262 0.005040695 0.004146202
v -0.013709431 0.005040695 0.003886631
v -0.013374964 0.005040695 0.003587732
v -0.013076065 0.005040695 0.003253264
v -0.012816494 0.005040695 0.002887433
v -0.012599514 0.005040695 0.002494840
v -0.012427856 0.005040695 0.002080421
v -0.012303678 0.005040695 0.001649389
v -0.012228540 0.005040695 0.001207163
v -0.012203390 0.005040695 0.000759305
v -0.012228540 0.005040695 0.000311447
v -0.012303678 0.005040695 -0.000130779
v -0.012427856 0.005040695 -0.000561811
v -0.012599514 0.005040695 -0.000976230
v -0.012816494 0.005040695 -0.001368823
v -0.013076065 0.005040695 -0.001734654
v -0.013374964 0.005040695 -0.002069122
v -0.013709431 0.005040695 -0.002368021
v -0.014075262 0.005040695 -0.002627592
v -0.014467855 0.005040695 -0.002844570
v -0.014882275 0.005040695 -0.003016228
v -0.015313307 0.005040695 -0.003140407
v -0.013127834 0.009040694 0.000370772
v -0.014703390 0.009040694 -0.000106720
v -0.013103390 0.009040694 0.000759305
v -0.014703390 0.009040694 0.001625330
v -0.013127834 0.009040694 0.001147838
v -0.013200783 0.009040694 0.001530244
v -0.013321083 0.009040694 0.001900491
v -0.013486839 0.009040694 0.002252741
v -0.013695438 0.009040694 0.002581439
v -0.013943588 0.009040694 0.002881401
v -0.014227375 0.009040694 0.003147896
v -0.014542328 0.009040694 0.003376722
v -0.016203390 0.009040694 0.002491356
v -0.014883474 0.009040694 0.003564269
v -0.015245438 0.009040694 0.003707580
v -0.015622507 0.009040694 0.003804395
v -0.016008739 0.009040694 0.003853188
v -0.016398041 0.009040694 0.003853188
v -0.016784273 0.009040694 0.003804395
v -0.017161342 0.009040694 0.003707580
v -0.017523306 0.009040694 0.003564269
v -0.017864452 0.009040694 0.003376722
v -0.017703390 0.009040694 0.001625330
v -0.018179405 0.009040694 0.003147896
v -0.018463192 0.009040694 0.002881401
v -0.018711342 0.009040694 0.002581439
v -0.018919941 0.009040694 0.002252741
v -0.019085697 0.009040694 0.001900491
v -0.019205997 0.009040694 0.001530244
v -0.019278946 0.009040694 0.001147838
v -0.019303390 0.009040694 0.000759305
v -0.017703390 0.009040694 -0.000106720
v -0.019278946 0.009040694 0.000370772
v -0.019205997 0.009040694 -0.000011634
v -0.019085697 0.009040694 -0.000381881
v -0.018919941 0.009040694 -0.000734131
v -0.018711342 0.009040694 -0.001062829
v -0.018463192 0.009040694 -0.001362791
v -0.018179405 0.009040694 -0.001629286
v -0.017864452 0.009040694 -0.001858112
v -0.016203390 0.009040694 -0.000972746
v -0.017523306 0.009040694 -0.002045659
v -0.017161342 0.009040694 -0.002188970
v -0.016784273 0.009040694 -0.002285785
v -0.016398041 0.009040694 -0.002334578
v -0.016008739 0.009040694 -0.002334578
v -0.015622507 0.009040694 -0.002285785
v -0.015245438 0.009040694 -0.002188970
v -0.014883474 0.009040694 -0.002045659
v -0.014542328 0.009040694 -0.001858112
v -0.014227375 0.009040694 -0.001629286
v -0.013943588 0.009040694 -0.001362791
v -0.013695438 0.009040694 -0.001062829
v -0.013486839 0.009040694 -0.000734131
v -0.013321083 0.009040694 -0.000381881
v -0.013200783 0.009040694 -0.000011634
v -0.012727957 0.008640695 0.001173261
v -0.012703390 0.008640695 0.000759305
v -0.012727957 0.008640695 0.000345349
v -0.012801309 0.008640695 -0.000062796
v -0.012922420 0.008640695 -0.000459401
v -0.013089590 0.008640695 -0.000838897
v -0.013300470 0.008640695 -0.001195959
v -0.013552101 0.008640695 -0.001525572
v -0.013840950 0.008640695 -0.001823112
v -0.014162962 0.008640695 -0.002084399
v -0.014513616 0.008640695 -0.002305767
v -0.014887993 0.008640695 -0.002484109
v -0.015280834 0.008640695 -0.002616920
v -0.015686626 0.008640695 -0.002702336
v -0.016099674 0.008640695 -0.002739158
v -0.016514175 0.008640695 -0.002726869
v -0.016924314 0.008640695 -0.002665643
v -0.017324335 0.008640695 -0.002556337
v -0.017708618 0.008640695 -0.002400487
v -0.018071772 0.008640695 -0.002200281
v -0.018408697 0.008640695 -0.001958529
v -0.018714666 0.008640695 -0.001678624
v -0.018985380 0.008640695 -0.001364496
v -0.019217043 0.008640695 -0.001020554
v -0.019406401 0.008640695 -0.000651627
v -0.019550793 0.008640695 -0.000262894
v -0.019648197 0.008640695 0.000140189
v -0.019697243 0.008640695 0.000551963
v -0.019697243 0.008640695 0.000966647
v -0.019648197 0.008640695 0.001378421
v -0.019550793 0.008640695 0.001781504
v -0.019406401 0.008640695 0.002170237
v -0.019217043 0.008640695 0.002539164
v -0.018985380 0.008640695 0.002883106
v -0.018714666 0.008640695 0.003197234
v -0.018408697 0.008640695 0.003477139
v -0.018071772 0.008640695 0.003718891
v -0.017708618 0.008640695 0.003919097
v -0.017324335 0.008640695 0.004074947
v -0.016924314 0.008640695 0.004184253
v -0.016514175 0.008640695 0.004245479
v -0.016099674 0.008640695 0.004257768
v -0.015686626 0.008640695 0.004220946
v -0.015280834 0.008640695 0.004135530
v -0.014887993 0.008640695 0.004002719
v -0.014513616 0.008640695 0.003824377
v -0.014162962 0.008640695 0.003603009
v -0.013840950 0.008640695 0.003341722
v -0.013552101 0.008640695 0.003044182
v -0.013300470 0.008640695 0.002714569
v -0.013089590 0.008640695 0.002357507
v -0.012922420 0.008640695 0.001978011
v -0.012801309 0.008640695 0.001581406
v -0.012727957 0.005040695 0.000345349
v -0.012703390 0.005040695 0.000759305
v -0.012727957 0.005040695 0.001173261
v -0.012801309 0.005040695 0.001581406
v -0.012922420 0.005040695 0.001978011
v -0.013089590 0.005040695 0.002357507
v -0.013300470 0.005040695 0.002714569
v -0.013552101 0.005040695 0.003044182
v -0.013840950 0.005040695 0.003341722
v -0.014162962 0.005040695 0.003603009
v -0.014513616 0.005040695 0.003824377
v -0.014887993 0.005040695 0.004002719
v -0.015280834 0.005040695 0.004135530
v -0.015686626 0.005040695 0.004220946
v -0.016099674 0.005040695 0.004257768
v -0.016514175 0.005040695 0.004245479
v -0.016924314 0.005040695 0.004184253
v -0.017324335 0.005040695 0.004074947
v -0.017708618 0.005040695 0.003919097
v -0.018071772 0.005040695 0.003718891
v -0.018408697 0.005040695 0.003477139
v -0.018714666 0.005040695 0.003197234
v -0.018985380 0.005040695 0.002883106
v -0.019217043 0.005040695 0.002539164
v -0.019406401 0.005040695 0.002170237
v -0.019550793 0.005040695 0.001781504
v -0.019648197 0.005040695 0.001378421
v -0.019697243 0.005040695 0.000966647
v -0.019697243 0.005040695 0.000551963
v -0.019648197 0.005040695 0.000140189
v -0.019550793 0.005040695 -0.000262894
v -0.019406401 0.005040695 -0.000651627
v -0.019217043 0.005040695 -0.001020554
v -0.018985380 0.005040695 -0.001364496
v -0.018714666 0.005040695 -0.001678624
v -0.018408697 0.005040695 -0.001958529
v -0.018071772 0.005040695 -0.002200281
v -0.017708618 0.005040695 -0.002400487
v -0.017324335 0.005040695 -0.002556337
v -0.016924314 0.005040695 -0.002665643
v -0.016514175 0.005040695 -0.002726869
v -0.016099674 0.005040695 -0.002739158
v -0.015686626 0.005040695 -0.002702336
v -0.015280834 0.005040695 -0.002616920
v -0.014887993 0.005040695 -0.002484109
v -0.014513616 0.005040695 -0.002305767
v -0.014162962 0.005040695 -0.002084399
v -0.013840950 0.005040695 -0.001823112
v -0.013552101 0.005040695 -0.001525572
v -0.013300470 0.005040695 -0.001195959
v -0.013089590 0.005040695 -0.000838897
v -0.012922420 0.005040695 -0.000459401
v -0.012801309 0.005040695 -0.000062796
v -0.014203390 0.005040695 0.000759305
v -0.014228014 0.005040695 0.001072174
v -0.014301277 0.005040695 0.001377339
v -0.014421377 0.005040695 0.001667286
v -0.014585356 0.005040695 0.001934875
v -0.014789177 0.005040695 0.002173519
v -0.015027819 0.005040695 0.002377339
v -0.015295408 0.005040695 0.002541318
v -0.015585356 0.005040695 0.002661418
v -0.015890522 0.005040695 0.002734682
v -0.016203390 0.005040695 0.002759305
v -0.016516258 0.005040695 0.002734682
v -0.016821424 0.005040695 0.002661418
v -0.017111372 0.005040695 0.002541318
v -0.017378961 0.005040695 0.002377339
v -0.017617603 0.005040695 0.002173519
v -0.017821424 0.005040695 0.001934875
v -0.017985403 0.005040695 0.001667286
v -0.018105503 0.005040695 0.001377339
v -0.018178766 0.005040695 0.001072174
v -0.018203390 0.005040695 0.000759305
v -0.018178766 0.005040695 0.000446436
v -0.018105503 0.005040695 0.000141271
v -0.017985403 0.005040695 -0.000148676
v -0.017821424 0.005040695 -0.000416265
v -0.017617603 0.005040695 -0.000654909
v -0.017378961 0.005040695 -0.000858729
v -0.017111372 0.005040695 -0.001022708
v -0.016821424 0.005040695 -0.001142808
v -0.016516258 0.005040695 -0.001216072
v -0.016203390 0.005040695 -0.001240695
v -0.015890522 0.005040695 -0.001216072
v -0.015585356 0.005040695 -0.001142808
v -0.015295408 0.005040695 -0.001022708
v -0.015027819 0.005040695 -0.000858729
v -0.014789177 0.005040695 -0.000654909
v -0.014585356 0.005040695 -0.000416265
v -0.014421377 0.005040695 -0.000148676
v -0.014301277 0.005040695 0.000141271
v -0.014228014 0.005040695 0.000446436
v -0.014228014 -0.008529805 0.000446436
v -0.014228014 -0.001744555 0.000446436
v -0.014203390 -0.008529805 0.000759305
v -0.014203390 -0.001744555 0.000759305
v -0.014228014 -0.008529805 0.001072174
v -0.014228014 -0.001744555 0.001072174
v -0.014301277 -0.008529805 0.001377339
v -0.014301277 -0.001744555 0.001377339
v -0.014421377 -0.008529805 0.001667286
v -0.014421377 -0.001744555 0.001667286
v -0.014585356 -0.008529805 0.001934875
v -0.014585356 -0.001744555 0.001934875
v -0.014789177 -0.008529805 0.002173519
v -0.014789177 -0.001744555 0.002173519
v -0.015027819 -0.008529805 0.002377339
v -0.015027819 -0.001744555 0.002377339
v -0.015295408 -0.008529805 0.002541318
v -0.015295408 -0.001744555 0.002541318
v -0.015585356 -0.008529805 0.002661418
v -0.015585356 -0.001744555 0.002661418
v -0.015890522 -0.008529805 0.002734682
v -0.015890522 -0.001744555 0.002734682
v -0.016203390 -0.008529805 0.002759305
v -0.016203390 -0.001744555 0.002759305
v -0.016516258 -0.008529805 0.002734682
v -0.016516258 -0.001744555 0.002734682
v -0.016821424 -0.008529805 0.002661418
v -0.016821424 -0.001744555 0.002661418
v -0.017111372 -0.008529805 0.002541318
v -0.017111372 -0.001744555 0.002541318
v -0.017378961 -0.008529805 0.002377339
v -0.017378961 -0.001744555 0.002377339
v -0.017617603 -0.008529805 0.002173519
v -0.017617603 -0.001744555 0.002173519
v -0.017821424 -0.008529805 0.001934875
v -0.017821424 -0.001744555 0.001934875
v -0.017985403 -0.008529805 0.001667286
v -0.017985403 -0.001744555 0.001667286
v -0.018105503 -0.008529805 0.001377339
v -0.018105503 -0.001744555 0.001377339
v -0.018178766 -0.008529805 0.001072174
v -0.018178766 -0.001744555 0.001072174
v -0.018203390 -0.008529805 0.000759305
v -0.018203390 -0.001744555 0.000759305
v -0.018178766 -0.008529805 0.000446436
v -0.018178766 -0.001744555 0.000446436
v -0.018105503 -0.008529805 0.000141271
v -0.018105503 -0.001744555 0.000141271
v -0.017985403 -0.008529805 -0.000148676
v -0.017985403 -0.001744555 -0.000148676
v -0.017821424 -0.008529805 -0.000416265
v -0.017821424 -0.001744555 -0.000416265
v -0.017617603 -0.008529805 -0.000654909
v -0.017617603 -0.001744555 -0.000654909
v -0.017378961 -0.008529805 -0.000858729
v -0.017378961 -0.001744555 -0.000858729
v -0.017111372 -0.008529805 -0.001022708
v -0.017111372 -0.001744555 -0.001022708
v -0.016821424 -0.008529805 -0.001142808
v -0.016821424 -0.001744555 -0.001142808
v -0.016516258 -0.008529805 -0.001216072
v -0.016516258 -0.001744555 -0.001216072
v -0.016203390 -0.008529805 -0.001240695
v -0.016203390 -0.001744555 -0.001240695
v -0.015890522 -0.008529805 -0.001216072
v -0.015890522 -0.001744555 -0.001216072
v -0.015585356 -0.008529805 -0.001142808
v -0.015585356 -0.001744555 -0.001142808
v -0.015295408 -0.008529805 -0.001022708
v -0.015295408 -0.001744555 -0.001022708
v -0.015027819 -0.008529805 -0.000858729
v -0.015027819 -0.001744555 -0.000858729
v -0.014789177 -0.008529805 -0.000654909
v -0.014789177 -0.001744555 -0.000654909
v -0.014585356 -0.008529805 -0.000416265
v -0.014585356 -0.001744555 -0.000416265
v -0.014421377 -0.008529805 -0.000148676
v -0.014421377 -0.001744555 -0.000148676
v -0.014301277 -0.008529805 0.000141271
v -0.014301277 -0.001744555 0.000141271
v -0.014658129 -0.008959305 0.000478881
v -0.014632891 -0.008959305 0.000759305
v -0.014733034 -0.008959305 0.000207471
v -0.014855196 -0.008959305 -0.000046203
v -0.015020691 -0.008959305 -0.000273988
v -0.015224199 -0.008959305 -0.000468561
v -0.015459179 -0.008959305 -0.000623670
v -0.015718078 -0.008959305 -0.000734329
v -0.015992576 -0.008959305 -0.000796982
v -0.016273849 -0.008959305 -0.000809614
v -0.016552858 -0.008959305 -0.000771819
v -0.016820637 -0.008959305 -0.000684813
v -0.017068573 -0.008959305 -0.000551392
v -0.017288704 -0.008959305 -0.000375844
v -0.017473951 -0.008959305 -0.000163812
v -0.017618362 -0.008959305 0.000077891
v -0.017717295 -0.008959305 0.000341494
v -0.017767568 -0.008959305 0.000618526
v -0.017767568 -0.008959305 0.000900084
v -0.017717295 -0.008959305 0.001177116
v -0.017618362 -0.008959305 0.001440719
v -0.017473951 -0.008959305 0.001682422
v -0.017288704 -0.008959305 0.001894454
v -0.017068573 -0.008959305 0.002070002
v -0.016820637 -0.008959305 0.002203423
v -0.016552858 -0.008959305 0.002290429
v -0.016273849 -0.008959305 0.002328224
v -0.015992576 -0.008959305 0.002315592
v -0.015718078 -0.008959305 0.002252939
v -0.015459179 -0.008959305 0.002142280
v -0.015224199 -0.008959305 0.001987171
v -0.015020691 -0.008959305 0.001792598
v -0.014855196 -0.008959305 0.001564813
v -0.014733034 -0.008959305 0.001311139
v -0.014658129 -0.008959305 0.001039729
v -0.017703390 0.007040694 -0.000106720
v -0.017703390 0.007040694 0.000759305
v -0.017703390 0.007040694 0.001625330
v -0.016203390 0.007040694 -0.000972746
v -0.016953390 0.007040694 -0.000539733
v -0.014703390 0.007040694 -0.000106720
v -0.015453390 0.007040694 -0.000539733
v -0.014703390 0.007040694 0.001625330
v -0.014703390 0.007040694 0.000759305
v -0.016203390 0.007040694 0.002491356
v -0.015453390 0.007040694 0.002058343
v -0.016953390 0.007040694 0.002058343
v -0.014726179 0.007040694 0.001019777
v -0.014793852 0.007040694 0.001272335
v -0.014904352 0.007040694 0.001509305
v -0.015054323 0.007040694 0.001723486
v -0.015239208 0.007040694 0.001908372
v -0.015690359 0.007040694 0.002168844
v -0.015942919 0.007040694 0.002236517
v -0.016203390 0.007040694 0.002259305
v -0.016463861 0.007040694 0.002236517
v -0.016716421 0.007040694 0.002168844
v -0.017167572 0.007040694 0.001908372
v -0.017352457 0.007040694 0.001723486
v -0.017502428 0.007040694 0.001509305
v -0.017612928 0.007040694 0.001272335
v -0.017680601 0.007040694 0.001019777
v -0.017680601 0.007040694 0.000498833
v -0.017612928 0.007040694 0.000246275
v -0.017502428 0.007040694 0.000009305
v -0.017352457 0.007040694 -0.000204876
v -0.017167572 0.007040694 -0.000389762
v -0.016716421 0.007040694 -0.000650234
v -0.016463861 0.007040694 -0.000717907
v -0.016203390 0.007040694 -0.000740695
v -0.015942919 0.007040694 -0.000717907
v -0.015690359 0.007040694 -0.000650234
v -0.015239208 0.007040694 -0.000389762
v -0.015054323 0.007040694 -0.000204876
v -0.014904352 0.007040694 0.000009305
v -0.014793852 0.007040694 0.000246275
v -0.014726179 0.007040694 0.000498833
v -0.016203390 0.006638772 0.000759305
v 0.018872166 -0.001147838 -0.009040695
v 0.017296610 -0.001625330 -0.009040695
v 0.018896610 -0.000759305 -0.009040695
v 0.017296610 0.000106720 -0.009040695
v 0.018872166 -0.000370772 -0.009040695
v 0.018799217 0.000011634 -0.009040695
v 0.018678917 0.000381881 -0.009040695
v 0.018513161 0.000734132 -0.009040695
v 0.018304563 0.001062829 -0.009040695
v 0.018056413 0.001362791 -0.009040695
v 0.017772624 0.001629286 -0.009040695
v 0.017457673 0.001858111 -0.009040695
v 0.015796610 0.000972746 -0.009040695
v 0.017116526 0.002045659 -0.009040695
v 0.016754562 0.002188971 -0.009040695
v 0.016377492 0.002285786 -0.009040695
v 0.015991261 0.002334578 -0.009040695
v 0.015601959 0.002334578 -0.009040695
v 0.015215728 0.002285786 -0.009040695
v 0.014838658 0.002188971 -0.009040695
v 0.014476694 0.002045659 -0.009040695
v 0.014135547 0.001858111 -0.009040695
v 0.014296610 0.000106720 -0.009040695
v 0.013820596 0.001629286 -0.009040695
v 0.013536807 0.001362791 -0.009040695
v 0.013288657 0.001062829 -0.009040695
v 0.013080059 0.000734132 -0.009040695
v 0.012914303 0.000381881 -0.009040695
v 0.012794002 0.000011634 -0.009040695
v 0.012721054 -0.000370772 -0.009040695
v 0.012696610 -0.000759305 -0.009040695
v 0.014296610 -0.001625330 -0.009040695
v 0.012721054 -0.001147838 -0.009040695
v 0.012794002 -0.001530244 -0.009040695
v 0.012914303 -0.001900491 -0.009040695
v 0.013080059 -0.002252742 -0.009040695
v 0.013288657 -0.002581439 -0.009040695
v 0.013536807 -0.002881401 -0.009040695
v 0.013820596 -0.003147896 -0.009040695
v 0.014135547 -0.003376721 -0.009040695
v 0.015796610 -0.002491356 -0.009040695
v 0.014476694 -0.003564269 -0.009040695
v 0.014838658 -0.003707580 -0.009040695
v 0.015215728 -0.003804396 -0.009040695
v 0.015601959 -0.003853188 -0.009040695
v 0.015991261 -0.003853188 -0.009040695
v 0.016377492 -0.003804396 -0.009040695
v 0.016754562 -0.003707580 -0.009040695
v 0.017116526 -0.003564269 -0.009040695
v 0.017457673 -0.003376721 -0.009040695
v 0.017772624 -0.003147896 -0.009040695
v 0.018056413 -0.002881401 -0.009040695
v 0.018304563 -0.002581439 -0.009040695
v 0.018513161 -0.002252742 -0.009040695
v 0.018678917 -0.001900491 -0.009040695
v 0.018799217 -0.001530244 -0.009040695
v 0.019272044 -0.000345349 -0.008640695
v 0.019296610 -0.000759305 -0.008640695
v 0.019272044 -0.001173261 -0.008640695
v 0.019198691 -0.001581407 -0.008640695
v 0.019077579 -0.001978011 -0.008640695
v 0.018910410 -0.002357508 -0.008640695
v 0.018699530 -0.002714569 -0.008640695
v 0.018447899 -0.003044182 -0.008640695
v 0.018159050 -0.003341722 -0.008640695
v 0.017837038 -0.003603009 -0.008640695
v 0.017486383 -0.003824377 -0.008640695
v 0.017112006 -0.004002718 -0.008640695
v 0.016719165 -0.004135530 -0.008640695
v 0.016313373 -0.004220946 -0.008640695
v 0.015900327 -0.004257768 -0.008640695
v 0.015485824 -0.004245480 -0.008640695
v 0.015075685 -0.004184253 -0.008640695
v 0.014675666 -0.004074947 -0.008640695
v 0.014291382 -0.003919097 -0.008640695
v 0.013928228 -0.003718891 -0.008640695
v 0.013591303 -0.003477139 -0.008640695
v 0.013285335 -0.003197234 -0.008640695
v 0.013014619 -0.002883105 -0.008640695
v 0.012782957 -0.002539164 -0.008640695
v 0.012593600 -0.002170237 -0.008640695
v 0.012449206 -0.001781504 -0.008640695
v 0.012351803 -0.001378421 -0.008640695
v 0.012302757 -0.000966647 -0.008640695
v 0.012302757 -0.000551963 -0.008640695
v 0.012351803 -0.000140189 -0.008640695
v 0.012449206 0.000262894 -0.008640695
v 0.012593600 0.000651627 -0.008640695
v 0.012782957 0.001020554 -0.008640695
v 0.013014619 0.001364495 -0.008640695
v 0.013285335 0.001678623 -0.008640695
v 0.013591303 0.001958529 -0.008640695
v 0.013928228 0.002200281 -0.008640695
v 0.014291382 0.002400487 -0.008640695
v 0.014675666 0.002556337 -0.008640695
v 0.015075685 0.002665643 -0.008640695
v 0.015485824 0.002726870 -0.008640695
v 0.015900327 0.002739158 -0.008640695
v 0.016313373 0.002702335 -0.008640695
v 0.016719165 0.002616920 -0.008640695
v 0.017112006 0.002484109 -0.008640695
v 0.017486383 0.002305767 -0.008640695
v 0.017837038 0.002084399 -0.008640695
v 0.018159050 0.001823112 -0.008640695
v 0.018447899 0.001525573 -0.008640695
v 0.018699530 0.001195959 -0.008640695
v 0.018910410 0.000838898 -0.008640695
v 0.019077579 0.000459401 -0.008640695
v 0.019198691 0.000062797 -0.008640695
v 0.019272044 -0.001173261 -0.005040695
v 0.019296610 -0.000759305 -0.005040695
v 0.019272044 -0.000345349 -0.005040695
v 0.019198691 0.000062797 -0.005040695
v 0.019077579 0.000459401 -0.005040695
v 0.018910410 0.000838898 -0.005040695
v 0.018699530 0.001195959 -0.005040695
v 0.018447899 0.001525573 -0.005040695
v 0.018159050 0.001823112 -0.005040695
v 0.017837038 0.002084399 -0.005040695
v 0.017486383 0.002305767 -0.005040695
v 0.017112006 0.002484109 -0.005040695
v 0.016719165 0.002616920 -0.005040695
v 0.016313373 0.002702335 -0.005040695
v 0.015900327 0.002739158 -0.005040695
v 0.015485824 0.002726870 -0.005040695
v 0.015075685 0.002665643 -0.005040695
v 0.014675666 0.002556337 -0.005040695
v 0.014291382 0.002400487 -0.005040695
v 0.013928228 0.002200281 -0.005040695
v 0.013591303 0.001958529 -0.005040695
v 0.013285335 0.001678623 -0.005040695
v 0.013014619 0.001364495 -0.005040695
v 0.012782957 0.001020554 -0.005040695
v 0.012593600 0.000651627 -0.005040695
v 0.012449206 0.000262894 -0.005040695
v 0.012351803 -0.000140189 -0.005040695
v 0.012302757 -0.000551963 -0.005040695
v 0.012302757 -0.000966647 -0.005040695
v 0.012351803 -0.001378421 -0.005040695
v 0.012449206 -0.001781504 -0.005040695
v 0.012593600 -0.002170237 -0.005040695
v 0.012782957 -0.002539164 -0.005040695
v 0.013014619 -0.002883105 -0.005040695
v 0.013285335 -0.003197234 -0.005040695
v 0.013591303 -0.003477139 -0.005040695
v 0.013928228 -0.003718891 -0.005040695
v 0.014291382 -0.003919097 -0.005040695
v 0.014675666 -0.004074947 -0.005040695
v 0.015075685 -0.004184253 -0.005040695
v 0.015485824 -0.004245480 -0.005040695
v 0.015900327 -0.004257768 -0.005040695
v 0.016313373 -0.004220946 -0.005040695
v 0.016719165 -0.004135530 -0.005040695
v 0.017112006 -0.004002718 -0.005040695
v 0.017486383 -0.003824377 -0.005040695
v 0.017837038 -0.003603009 -0.005040695
v 0.018159050 -0.003341722 -0.005040695
v 0.018447899 -0.003044182 -0.005040695
v 0.018699530 -0.002714569 -0.005040695
v 0.018910410 -0.002357508 -0.005040695
v 0.019077579 -0.001978011 -0.005040695
v 0.019198691 -0.001581407 -0.005040695
v 0.017796610 -0.000759305 -0.005040695
v 0.017771987 -0.000446436 -0.005040695
v 0.017698723 -0.000141271 -0.005040695
v 0.017578623 0.000148676 -0.005040695
v 0.017414644 0.000416265 -0.005040695
v 0.017210823 0.000654908 -0.005040695
v 0.016972180 0.000858729 -0.005040695
v 0.016704591 0.001022708 -0.005040695
v 0.016414644 0.001142808 -0.005040695
v 0.016109479 0.001216072 -0.005040695
v 0.015796610 0.001240695 -0.005040695
v 0.015483741 0.001216072 -0.005040695
v 0.015178576 0.001142808 -0.005040695
v 0.014888629 0.001022708 -0.005040695
v 0.014621040 0.000858729 -0.005040695
v 0.014382396 0.000654908 -0.005040695
v 0.014178576 0.000416265 -0.005040695
v 0.014014597 0.000148676 -0.005040695
v 0.013894497 -0.000141271 -0.005040695
v 0.013821233 -0.000446436 -0.005040695
v 0.013796610 -0.000759305 -0.005040695
v 0.013821233 -0.001072174 -0.005040695
v 0.013894497 -0.001377339 -0.005040695
v 0.014014597 -0.001667286 -0.005040695
v 0.014178576 -0.001934875 -0.005040695
v 0.014382396 -0.002173518 -0.005040695
v 0.014621040 -0.002377339 -0.005040695
v 0.014888629 -0.002541318 -0.005040695
v 0.015178576 -0.002661418 -0.005040695
v 0.015483741 -0.002734682 -0.005040695
v 0.015796610 -0.002759305 -0.005040695
v 0.016109479 -0.002734682 -0.005040695
v 0.016414644 -0.002661418 -0.005040695
v 0.016704591 -0.002541318 -0.005040695
v 0.016972180 -0.002377339 -0.005040695
v 0.017210823 -0.002173518 -0.005040695
v 0.017414644 -0.001934875 -0.005040695
v 0.017578623 -0.001667286 -0.005040695
v 0.017698723 -0.001377339 -0.005040695
v 0.017771987 -0.001072174 -0.005040695
v 0.017771987 -0.001072174 0.008529805
v 0.017771987 -0.001072174 0.001744555
v 0.017796610 -0.000759305 0.008529805
v 0.017796610 -0.000759305 0.001744555
v 0.017771987 -0.000446436 0.008529805
v 0.017771987 -0.000446436 0.001744555
v 0.017698723 -0.000141271 0.008529805
v 0.017698723 -0.000141271 0.001744555
v 0.017578623 0.000148676 0.008529805
v 0.017578623 0.000148676 0.001744555
v 0.017414644 0.000416265 0.008529805
v 0.017414644 0.000416265 0.001744555
v 0.017210823 0.000654908 0.008529805
v 0.017210823 0.000654908 0.001744555
v 0.016972180 0.000858729 0.008529805
v 0.016972180 0.000858729 0.001744555
v 0.016704591 0.001022708 0.008529805
v 0.016704591 0.001022708 0.001744555
v 0.016414644 0.001142808 0.008529805
v 0.016414644 0.001142808 0.001744555
v 0.016109479 0.001216072 0.008529805
v 0.016109479 0.001216072 0.001744555
v 0.015796610 0.001240695 0.008529805
v 0.015796610 0.001240695 0.001744555
v 0.015483741 0.001216072 0.008529805
v 0.015483741 0.001216072 0.001744555
v 0.015178576 0.001142808 0.008529805
v 0.015178576 0.001142808 0.001744555
v 0.014888629 0.001022708 0.008529805
v 0.014888629 0.001022708 0.001744555
v 0.014621040 0.000858729 0.008529805
v 0.014621040 0.000858729 0.001744555
v 0.014382396 0.000654908 0.008529805
v 0.014382396 0.000654908 0.001744555
v 0.014178576 0.000416265 0.008529805
v 0.014178576 0.000416265 0.001744555
v 0.014014597 0.000148676 0.008529805
v 0.014014597 0.000148676 0.001744555
v 0.013894497 -0.000141271 0.008529805
v 0.013894497 -0.000141271 0.001744555
v 0.013821233 -0.000446436 0.008529805
v 0.013821233 -0.000446436 0.001744555
v 0.013796610 -0.000759305 0.008529805
v 0.013796610 -0.000759305 0.001744555
v 0.013821233 -0.001072174 0.008529805
v 0.013821233 -0.001072174 0.001744555
v 0.013894497 -0.001377339 0.008529805
v 0.013894497 -0.001377339 0.001744555
v 0.014014597 -0.001667286 0.008529805
v 0.014014597 -0.001667286 0.001744555
v 0.014178576 -0.001934875 0.008529805
v 0.014178576 -0.001934875 0.001744555
v 0.014382396 -0.002173518 0.008529805
v 0.014382396 -0.002173518 0.001744555
v 0.014621040 -0.002377339 0.008529805
v 0.014621040 -0.002377339 0.001744555
v 0.014888629 -0.002541318 0.008529805
v 0.014888629 -0.002541318 0.001744555
v 0.015178576 -0.002661418 0.008529805
v 0.015178576 -0.002661418 0.001744555
v 0.015483741 -0.002734682 0.008529805
v 0.015483741 -0.002734682 0.001744555
v 0.015796610 -0.002759305 0.008529805
v 0.015796610 -0.002759305 0.001744555
v 0.016109479 -0.002734682 0.008529805
v 0.016109479 -0.002734682 0.001744555
v 0.016414644 -0.002661418 0.008529805
v 0.016414644 -0.002661418 0.001744555
v 0.016704591 -0.002541318 0.008529805
v 0.016704591 -0.002541318 0.001744555
v 0.016972180 -0.002377339 0.008529805
v 0.016972180 -0.002377339 0.001744555
v 0.017210823 -0.002173518 0.008529805
v 0.017210823 -0.002173518 0.001744555
v 0.017414644 -0.001934875 0.008529805
v 0.017414644 -0.001934875 0.001744555
v 0.017578623 -0.001667286 0.008529805
v 0.017578623 -0.001667286 0.001744555
v 0.017698723 -0.001377339 0.008529805
v 0.017698723 -0.001377339 0.001744555
v 0.017341871 -0.001039728 0.008959305
v 0.017367110 -0.000759305 0.008959305
v 0.017266967 -0.001311139 0.008959305
v 0.017144804 -0.001564814 0.008959305
v 0.016979309 -0.001792598 0.008959305
v 0.016775801 -0.001987171 0.008959305
v 0.016540821 -0.002142281 0.008959305
v 0.016281922 -0.002252939 0.008959305
v 0.016007424 -0.002315592 0.008959305
v 0.015726150 -0.002328223 0.008959305
v 0.015447141 -0.002290429 0.008959305
v 0.015179364 -0.002203423 0.008959305
v 0.014931426 -0.002070003 0.008959305
v 0.014711296 -0.001894454 0.008959305
v 0.014526049 -0.001682422 0.008959305
v 0.014381638 -0.001440720 0.008959305
v 0.014282706 -0.001177115 0.008959305
v 0.014232432 -0.000900084 0.008959305
v 0.014232432 -0.000618526 0.008959305
v 0.014282706 -0.000341495 0.008959305
v 0.014381638 -0.000077890 0.008959305
v 0.014526049 0.000163812 0.008959305
v 0.014711296 0.000375844 0.008959305
v 0.014931426 0.000551393 0.008959305
v 0.015179364 0.000684813 0.008959305
v 0.015447141 0.000771819 0.008959305
v 0.015726150 0.000809613 0.008959305
v 0.016007424 0.000796982 0.008959305
v 0.016281922 0.000734329 0.008959305
v 0.016540821 0.000623671 0.008959305
v 0.016775801 0.000468561 0.008959305
v 0.016979309 0.000273988 0.008959305
v 0.017144804 0.000046204 0.008959305
v 0.017266967 -0.000207471 0.008959305
v 0.017341871 -0.000478882 0.008959305
v 0.014296610 -0.001625330 -0.007040695
v 0.014296610 -0.000759305 -0.007040695
v 0.014296610 0.000106720 -0.007040695
v 0.015796610 -0.002491356 -0.007040695
v 0.015046610 -0.002058343 -0.007040695
v 0.017296610 -0.001625330 -0.007040695
v 0.016546610 -0.002058343 -0.007040695
v 0.017296610 0.000106720 -0.007040695
v 0.017296610 -0.000759305 -0.007040695
v 0.015796610 0.000972746 -0.007040695
v 0.016546610 0.000539733 -0.007040695
v 0.015046610 0.000539733 -0.007040695
v 0.017273822 -0.000498833 -0.007040695
v 0.017206149 -0.000246275 -0.007040695
v 0.017095648 -0.000009305 -0.007040695
v 0.016945677 0.000204876 -0.007040695
v 0.016760791 0.000389762 -0.007040695
v 0.016309640 0.000650234 -0.007040695
v 0.016057082 0.000717907 -0.007040695
v 0.015796610 0.000740695 -0.007040695
v 0.015536138 0.000717907 -0.007040695
v 0.015283580 0.000650234 -0.007040695
v 0.014832429 0.000389762 -0.007040695
v 0.014647544 0.000204876 -0.007040695
v 0.014497572 -0.000009305 -0.007040695
v 0.014387071 -0.000246275 -0.007040695
v 0.014319399 -0.000498833 -0.007040695
v 0.014319399 -0.001019777 -0.007040695
v 0.014387071 -0.001272335 -0.007040695
v 0.014497572 -0.001509305 -0.007040695
v 0.014647544 -0.001723486 -0.007040695
v 0.014832429 -0.001908372 -0.007040695
v 0.015283580 -0.002168844 -0.007040695
v 0.015536138 -0.002236517 -0.007040695
v 0.015796610 -0.002259305 -0.007040695
v 0.016057082 -0.002236517 -0.007040695
v 0.016309640 -0.002168844 -0.007040695
v 0.016760791 -0.001908372 -0.007040695
v 0.016945677 -0.001723486 -0.007040695
v 0.017095648 -0.001509305 -0.007040695
v 0.017206149 -0.001272335 -0.007040695
v 0.017273822 -0.001019777 -0.007040695
v 0.015796610 -0.000759305 -0.006638771
vn -1.0000 -0.0000 -0.0000
vn -0.0000 -0.0000 1.0000
vn 1.0000 -0.0000 -0.0000
vn -0.0000 -0.0000 -1.0000
vn -0.9704 -0.0000 -0.2415
vn -0.9378 -0.0000 -0.3471
vn -0.8938 -0.0000 -0.4485
vn -0.8389 -0.0000 -0.5444
vn -0.7737 -0.0000 -0.6336
vn -0.6990 -0.0000 -0.7151
vn -0.6158 -0.0000 -0.7879
vn -0.5251 -0.0000 -0.8510
vn -0.4280 -0.0000 -0.9038
vn -0.3257 -0.0000 -0.9455
vn -0.2194 -0.0000 -0.9756
vn -0.1103 -0.0000 -0.9939
vn 0.1103 -0.0000 -0.9939
vn 0.2194 -0.0000 -0.9756
vn 0.3257 -0.0000 -0.9455
vn 0.4280 -0.0000 -0.9038
vn 0.5251 -0.0000 -0.8510
vn 0.6158 -0.0000 -0.7879
vn 0.6990 -0.0000 -0.7151
vn 0.7737 -0.0000 -0.6336
vn 0.8389 -0.0000 -0.5444
vn 0.8938 -0.0000 -0.4485
vn 0.9378 -0.0000 -0.3471
vn 0.9704 -0.0000 -0.2415
vn 0.9704 -0.0000 0.2415
vn 0.9378 -0.0000 0.3471
vn 0.8938 -0.0000 0.4485
vn 0.8389 -0.0000 0.5444
vn 0.7737 -0.0000 0.6336
vn 0.6990 -0.0000 0.7151
vn 0.6158 -0.0000 0.7879
vn 0.5251 -0.0000 0.8510
vn 0.4280 -0.0000 0.9038
vn 0.3257 -0.0000 0.9455
vn 0.2194 -0.0000 0.9756
vn 0.1103 -0.0000 0.9939
vn -0.1103 -0.0000 0.9939
vn -0.2194 -0.0000 0.9756
vn -0.3257 -0.0000 0.9455
vn -0.4280 -0.0000 0.9038
vn -0.5251 -0.0000 0.8510
vn -0.6158 -0.0000 0.7879
vn -0.6990 -0.0000 0.7151
vn -0.7737 -0.0000 0.6336
vn -0.8389 -0.0000 0.5444
vn -0.8938 -0.0000 0.4485
vn -0.9378 -0.0000 0.3471
vn -0.9704 -0.0000 0.2415
vn -0.0000 1.0000 -0.0000
vn -0.0000 -1.0000 -0.0000
vn -0.9802 -0.1982 -0.0000
vn -0.9561 -0.2931 -0.0000
vn -0.9228 -0.3852 -0.0000
vn -0.8807 -0.4736 -0.0000
vn -0.8302 -0.5575 -0.0000
vn -0.7717 -0.6360 -0.0000
vn -0.7058 -0.7084 -0.0000
vn -0.6332 -0.7740 -0.0000
vn -0.5544 -0.8322 -0.0000
vn -0.4704 -0.8825 -0.0000
vn -0.3818 -0.9242 -0.0000
vn -0.2896 -0.9571 -0.0000
vn -0.1946 -0.9809 -0.0000
vn -0.0978 -0.9952 -0.0000
vn 0.0978 -0.9952 -0.0000
vn 0.1946 -0.9809 -0.0000
vn 0.2896 -0.9571 -0.0000
vn 0.3818 -0.9242 -0.0000
vn 0.4704 -0.8825 -0.0000
vn 0.5544 -0.8322 -0.0000
vn 0.6332 -0.7740 -0.0000
vn 0.7058 -0.7084 -0.0000
vn 0.7717 -0.6360 -0.0000
vn 0.8302 -0.5575 -0.0000
vn 0.8807 -0.4736 -0.0000
vn 0.9228 -0.3852 -0.0000
vn 0.9561 -0.2931 -0.0000
vn 0.9802 -0.1982 -0.0000
vn 0.9802 0.1982 -0.0000
vn 0.9561 0.2931 -0.0000
vn 0.9228 0.3852 -0.0000
vn 0.8807 0.4736 -0.0000
vn 0.8302 0.5575 -0.0000
vn 0.7717 0.6360 -0.0000
vn 0.7058 0.7084 -0.0000
vn 0.6332 0.7740 -0.0000
vn 0.5544 0.8322 -0.0000
vn 0.4704 0.8825 -0.0000
vn 0.3818 0.9242 -0.0000
vn 0.2896 0.9571 -0.0000
vn 0.1946 0.9809 -0.0000
vn 0.0978 0.9952 -0.0000
vn -0.0978 0.9952 -0.0000
vn -0.1946 0.9809 -0.0000
vn -0.2896 0.9571 -0.0000
vn -0.3818 0.9242 -0.0000
vn -0.4704 0.8825 -0.0000
vn -0.5544 0.8322 -0.0000
vn -0.6332 0.7740 -0.0000
vn -0.7058 0.7084 -0.0000
vn -0.7717 0.6360 -0.0000
vn -0.8302 0.5575 -0.0000
vn -0.8807 0.4736 -0.0000
vn -0.9228 0.3852 -0.0000
vn -0.9561 0.2931 -0.0000
vn -0.9802 0.1982 -0.0000
vn 0.0747 0.9972 0.0012
vn -0.0000 1.0000 -0.0012
vn -0.0747 0.9972 0.0012
vn -0.1490 0.9888 -0.0012
vn -0.2225 0.9749 0.0012
vn -0.2948 0.9556 -0.0012
vn -0.3653 0.9309 0.0012
vn -0.4339 0.9010 -0.0012
vn -0.5000 0.8660 0.0012
vn -0.5633 0.8262 -0.0012
vn -0.6235 0.7818 0.0012
vn -0.6802 0.7331 -0.0012
vn -0.7331 0.6802 0.0012
vn -0.7818 0.6235 -0.0012
vn -0.8262 0.5633 0.0012
vn -0.8660 0.5000 -0.0012
vn -0.9010 0.4339 0.0012
vn -0.9309 0.3653 -0.0012
vn -0.9556 0.2948 0.0012
vn -0.9749 0.2225 -0.0012
vn -0.9888 0.1490 0.0012
vn -0.9972 0.0747 -0.0012
vn -1.0000 -0.0000 0.0012
vn -0.9972 -0.0747 -0.0012
vn -0.9888 -0.1490 0.0012
vn -0.9749 -0.2225 -0.0012
vn -0.9556 -0.2948 0.0012
vn -0.9309 -0.3653 -0.0012
vn -0.9010 -0.4339 0.0012
vn -0.8660 -0.5000 -0.0012
vn -0.8262 -0.5633 0.0012
vn -0.7818 -0.6235 -0.0012
vn -0.7331 -0.6802 0.0012
vn -0.6802 -0.7331 -0.0012
vn -0.6235 -0.7818 0.0012
vn -0.5633 -0.8262 -0.0012
vn -0.5000 -0.8660 0.0012
vn -0.4339 -0.9010 -0.0012
vn -0.3653 -0.9309 0.0012
vn -0.2948 -0.9556 -0.0012
vn -0.2225 -0.9749 0.0012
vn -0.1490 -0.9888 -0.0012
vn -0.0747 -0.9972 0.0012
vn -0.0000 -1.0000 -0.0012
vn 0.0747 -0.9972 0.0012
vn 0.1490 -0.9888 -0.0012
vn 0.2225 -0.9749 0.0012
vn 0.2948 -0.9556 -0.0012
vn 0.3653 -0.9309 0.0012
vn 0.4339 -0.9010 -0.0012
vn 0.5000 -0.8660 0.0012
vn 0.5633 -0.8262 -0.0012
vn 0.6235 -0.7818 0.0012
vn 0.6802 -0.7331 -0.0012
vn 0.7331 -0.6802 0.0012
vn 0.7818 -0.6235 -0.0012
vn 0.8262 -0.5633 0.0012
vn 0.8660 -0.5000 -0.0012
vn 0.9010 -0.4339 0.0012
vn 0.9309 -0.3653 -0.0012
vn 0.9556 -0.2948 0.0012
vn 0.9749 -0.2225 -0.0012
vn 0.9888 -0.1490 0.0012
vn 0.9972 -0.0747 -0.0012
vn 1.0000 -0.0000 0.0012
vn 0.9972 0.0747 -0.0012
vn 0.9888 0.1490 0.0012
vn 0.9749 0.2225 -0.0012
vn 0.9556 0.2948 0.0012
vn 0.9309 0.3653 -0.0012
vn 0.9010 0.4339 0.0012
vn 0.8660 0.5000 -0.0012
vn 0.8262 0.5633 0.0012
vn 0.7818 0.6235 -0.0012
vn 0.7331 0.6802 0.0012
vn 0.6802 0.7331 -0.0012
vn 0.6235 0.7818 0.0012
vn 0.5633 0.8262 -0.0012
vn 0.5000 0.8660 0.0012
vn 0.4339 0.9010 -0.0012
vn 0.3653 0.9309 0.0012
vn 0.2948 0.9556 -0.0012
vn 0.2225 0.9749 0.0012
vn 0.1490 0.9888 -0.0012
vn -0.0561 0.9984 -0.0000
vn 0.0561 0.9984 -0.0000
vn 0.1675 0.9859 -0.0000
vn 0.2768 0.9609 -0.0000
vn 0.3827 0.9239 -0.0000
vn 0.4837 0.8752 -0.0000
vn 0.5787 0.8156 -0.0000
vn 0.6663 0.7456 -0.0000
vn 0.7456 0.6663 -0.0000
vn 0.8156 0.5787 -0.0000
vn 0.8752 0.4837 -0.0000
vn 0.9239 0.3827 -0.0000
vn 0.9609 0.2768 -0.0000
vn 0.9859 0.1675 -0.0000
vn 0.9984 0.0561 -0.0000
vn 0.9984 -0.0561 -0.0000
vn 0.9859 -0.1675 -0.0000
vn 0.9609 -0.2768 -0.0000
vn 0.9239 -0.3827 -0.0000
vn 0.8752 -0.4837 -0.0000
vn 0.8156 -0.5787 -0.0000
vn 0.7456 -0.6663 -0.0000
vn 0.6663 -0.7456 -0.0000
vn 0.5787 -0.8156 -0.0000
vn 0.4837 -0.8752 -0.0000
vn 0.3827 -0.9239 -0.0000
vn 0.2768 -0.9609 -0.0000
vn 0.1675 -0.9859 -0.0000
vn 0.0561 -0.9984 -0.0000
vn -0.0561 -0.9984 -0.0000
vn -0.1675 -0.9859 -0.0000
vn -0.2768 -0.9609 -0.0000
vn -0.3827 -0.9239 -0.0000
vn -0.4837 -0.8752 -0.0000
vn -0.5787 -0.8156 -0.0000
vn -0.6663 -0.7456 -0.0000
vn -0.7456 -0.6663 -0.0000
vn -0.8156 -0.5787 -0.0000
vn -0.8752 -0.4837 -0.0000
vn -0.9239 -0.3827 -0.0000
vn -0.9609 -0.2768 -0.0000
vn -0.9859 -0.1675 -0.0000
vn -0.9984 -0.0561 -0.0000
vn -0.9984 0.0561 -0.0000
vn -0.9859 0.1675 -0.0000
vn -0.9609 0.2768 -0.0000
vn -0.9239 0.3827 -0.0000
vn -0.8752 0.4837 -0.0000
vn -0.8156 0.5787 -0.0000
vn -0.7456 0.6663 -0.0000
vn -0.6663 0.7456 -0.0000
vn -0.5787 0.8156 -0.0000
vn -0.4837 0.8752 -0.0000
vn -0.3827 0.9239 -0.0000
vn -0.2768 0.9609 -0.0000
vn -0.1675 0.9859 -0.0000
vn -0.0615 0.7032 -0.7083
vn -0.0556 0.7060 -0.7060
vn 0.0556 0.7060 -0.7060
vn -0.1658 0.6904 -0.7042
vn -0.1822 0.6799 -0.7103
vn -0.2723 0.6573 -0.7028
vn -0.2969 0.6367 -0.7117
vn -0.3722 0.6074 -0.7018
vn -0.4025 0.5748 -0.7125
vn -0.4629 0.5420 -0.7013
vn -0.4959 0.4959 -0.7128
vn -0.5420 0.4629 -0.7013
vn -0.5748 0.4025 -0.7125
vn -0.6074 0.3722 -0.7018
vn -0.6367 0.2969 -0.7117
vn -0.6573 0.2723 -0.7028
vn -0.6799 0.1822 -0.7103
vn -0.6904 0.1658 -0.7042
vn -0.7032 0.0615 -0.7083
vn -0.7060 0.0556 -0.7060
vn -0.7060 -0.0556 -0.7060
vn -0.7032 -0.0615 -0.7083
vn -0.6904 -0.1658 -0.7042
vn -0.6799 -0.1822 -0.7103
vn -0.6573 -0.2723 -0.7028
vn -0.6367 -0.2969 -0.7117
vn -0.6074 -0.3722 -0.7018
vn -0.5748 -0.4025 -0.7125
vn -0.5420 -0.4629 -0.7013
vn -0.4959 -0.4959 -0.7128
vn -0.4629 -0.5420 -0.7013
vn -0.4025 -0.5748 -0.7125
vn -0.3722 -0.6074 -0.7018
vn -0.2969 -0.6367 -0.7117
vn -0.2722 -0.6573 -0.7028
vn -0.1822 -0.6799 -0.7103
vn -0.1658 -0.6904 -0.7042
vn -0.0615 -0.7032 -0.7083
vn -0.0556 -0.7060 -0.7060
vn 0.0556 -0.7060 -0.7060
vn 0.0615 -0.7032 -0.7083
vn 0.1658 -0.6904 -0.7042
vn 0.1822 -0.6799 -0.7103
vn 0.2722 -0.6573 -0.7028
vn 0.2969 -0.6367 -0.7117
vn 0.3722 -0.6074 -0.7018
vn 0.4025 -0.5748 -0.7125
vn 0.4629 -0.5420 -0.7013
vn 0.4959 -0.4959 -0.7128
vn 0.5420 -0.4629 -0.7013
vn 0.5748 -0.4025 -0.7125
vn 0.6074 -0.3722 -0.7018
vn 0.6367 -0.2969 -0.7117
vn 0.6573 -0.2723 -0.7028
vn 0.6799 -0.1822 -0.7103
vn 0.6904 -0.1658 -0.7042
vn 0.7032 -0.0615 -0.7083
vn 0.7060 -0.0556 -0.7060
vn 0.7060 0.0556 -0.7060
vn 0.7032 0.0615 -0.7083
vn 0.6904 0.1658 -0.7042
vn 0.6799 0.1822 -0.7103
vn 0.6573 0.2723 -0.7028
vn 0.6367 0.2969 -0.7117
vn 0.6074 0.3722 -0.7018
vn 0.5748 0.4025 -0.7125
vn 0.5420 0.4629 -0.7013
vn 0.4959 0.4959 -0.7128
vn 0.4629 0.5420 -0.7013
vn 0.4025 0.5748 -0.7125
vn 0.3722 0.6074 -0.7018
vn 0.2969 0.6367 -0.7117
vn 0.2723 0.6573 -0.7028
vn 0.1822 0.6799 -0.7103
vn 0.1658 0.6904 -0.7042
vn 0.0615 0.7032 -0.7083
vn -0.0872 0.9962 -0.0000
vn 0.0872 0.9962 -0.0000
vn 0.2588 0.9659 -0.0000
vn 0.4226 0.9063 -0.0000
vn 0.5736 0.8192 -0.0000
vn 0.7071 0.7071 -0.0000
vn 0.8192 0.5736 -0.0000
vn 0.9063 0.4226 -0.0000
vn 0.9659 0.2588 -0.0000
vn 0.9962 0.0872 -0.0000
vn 0.9962 -0.0872 -0.0000
vn 0.9659 -0.2588 -0.0000
vn 0.9063 -0.4226 -0.0000
vn 0.8192 -0.5736 -0.0000
vn 0.7071 -0.7071 -0.0000
vn 0.5736 -0.8192 -0.0000
vn 0.4226 -0.9063 -0.0000
vn 0.2588 -0.9659 -0.0000
vn 0.0872 -0.9962 -0.0000
vn -0.0872 -0.9962 -0.0000
vn -0.2588 -0.9659 -0.0000
vn -0.4226 -0.9063 -0.0000
vn -0.5736 -0.8192 -0.0000
vn -0.7071 -0.7071 -0.0000
vn -0.8192 -0.5736 -0.0000
vn -0.9063 -0.4226 -0.0000
vn -0.9659 -0.2588 -0.0000
vn -0.9962 -0.0872 -0.0000
vn -0.9962 0.0872 -0.0000
vn -0.9659 0.2588 -0.0000
vn -0.9063 0.4226 -0.0000
vn -0.8192 0.5736 -0.0000
vn -0.7071 0.7071 -0.0000
vn -0.5736 0.8192 -0.0000
vn -0.4226 0.9063 -0.0000
vn -0.2588 0.9659 -0.0000
vn 0.0556 0.7060 0.7060
vn -0.0556 0.7060 0.7060
vn -0.0615 0.7032 0.7083
vn -0.1658 0.6904 0.7042
vn -0.1822 0.6799 0.7103
vn -0.2723 0.6573 0.7028
vn -0.2969 0.6367 0.7117
vn -0.3722 0.6074 0.7018
vn -0.4025 0.5748 0.7125
vn -0.4629 0.5420 0.7013
vn -0.4959 0.4960 0.7128
vn -0.5420 0.4629 0.7013
vn -0.5748 0.4025 0.7125
vn -0.6074 0.3722 0.7018
vn -0.6367 0.2969 0.7117
vn -0.6573 0.2723 0.7028
vn -0.6799 0.1822 0.7103
vn -0.6904 0.1658 0.7042
vn -0.7032 0.0615 0.7083
vn -0.7060 0.0556 0.7060
vn -0.7060 -0.0556 0.7060
vn -0.7032 -0.0615 0.7083
vn -0.6904 -0.1658 0.7042
vn -0.6799 -0.1822 0.7103
vn -0.6573 -0.2723 0.7028
vn -0.6367 -0.2969 0.7117
vn -0.6074 -0.3722 0.7018
vn -0.5748 -0.4025 0.7125
vn -0.5420 -0.4629 0.7013
vn -0.4959 -0.4960 0.7128
vn -0.4629 -0.5420 0.7013
vn -0.4025 -0.5748 0.7125
vn -0.3722 -0.6074 0.7018
vn -0.2969 -0.6367 0.7117
vn -0.2722 -0.6573 0.7028
vn -0.1822 -0.6799 0.7103
vn -0.1658 -0.6904 0.7042
vn -0.0615 -0.7032 0.7083
vn -0.0556 -0.7060 0.7060
vn 0.0556 -0.7060 0.7060
vn 0.0615 -0.7032 0.7083
vn 0.1658 -0.6904 0.7042
vn 0.1822 -0.6799 0.7103
vn 0.2722 -0.6573 0.7028
vn 0.2969 -0.6367 0.7117
vn 0.3722 -0.6074 0.7018
vn 0.4025 -0.5748 0.7125
vn 0.4629 -0.5420 0.7013
vn 0.4959 -0.4959 0.7128
vn 0.5420 -0.4629 0.7013
vn 0.5748 -0.4025 0.7125
vn 0.6074 -0.3722 0.7018
vn 0.6367 -0.2969 0.7117
vn 0.6573 -0.2723 0.7028
vn 0.6799 -0.1822 0.7103
vn 0.6904 -0.1658 0.7042
vn 0.7032 -0.0615 0.7083
vn 0.7060 -0.0556 0.7060
vn 0.7060 0.0556 0.7060
vn 0.7032 0.0615 0.7083
vn 0.6904 0.1658 0.7042
vn 0.6799 0.1822 0.7103
vn 0.6573 0.2723 0.7028
vn 0.6367 0.2969 0.7117
vn 0.6074 0.3722 0.7018
vn 0.5748 0.4025 0.7125
vn 0.5420 0.4629 0.7013
vn 0.4959 0.4959 0.7128
vn 0.4629 0.5420 0.7013
vn 0.4025 0.5748 0.7125
vn 0.3722 0.6074 0.7018
vn 0.2969 0.6367 0.7117
vn 0.2723 0.6573 0.7028
vn 0.1822 0.6799 0.7103
vn 0.1658 0.6904 0.7042
vn 0.0615 0.7032 0.7083
vn -0.0615 -0.7083 0.7032
vn -0.1658 -0.7042 0.6904
vn -0.1822 -0.7103 0.6799
vn -0.2723 -0.7028 0.6573
vn -0.2969 -0.7117 0.6367
vn -0.3722 -0.7018 0.6074
vn -0.4025 -0.7125 0.5748
vn -0.4629 -0.7013 0.5420
vn -0.4959 -0.7128 0.4960
vn -0.5420 -0.7013 0.4629
vn -0.5748 -0.7125 0.4025
vn -0.6074 -0.7018 0.3722
vn -0.6367 -0.7117 0.2969
vn -0.6573 -0.7028 0.2723
vn -0.6799 -0.7103 0.1822
vn -0.6904 -0.7042 0.1657
vn -0.7032 -0.7083 0.0615
vn -0.7060 -0.7060 0.0556
vn -0.7060 -0.7060 -0.0556
vn -0.7032 -0.7083 -0.0615
vn -0.6904 -0.7042 -0.1657
vn -0.6799 -0.7103 -0.1822
vn -0.6573 -0.7028 -0.2723
vn -0.6367 -0.7117 -0.2969
vn -0.6074 -0.7018 -0.3722
vn -0.5748 -0.7125 -0.4025
vn -0.5420 -0.7013 -0.4629
vn -0.4959 -0.7128 -0.4960
vn -0.4629 -0.7013 -0.5420
vn -0.4025 -0.7125 -0.5748
vn -0.3722 -0.7018 -0.6074
vn -0.2969 -0.7117 -0.6367
vn -0.2723 -0.7028 -0.6573
vn -0.1822 -0.7103 -0.6799
vn -0.1658 -0.7042 -0.6904
vn -0.0615 -0.7083 -0.7032
vn 0.0615 -0.7083 -0.7032
vn 0.1658 -0.7042 -0.6904
vn 0.1822 -0.7103 -0.6799
vn 0.2723 -0.7028 -0.6573
vn 0.2969 -0.7117 -0.6367
vn 0.3722 -0.7018 -0.6074
vn 0.4025 -0.7125 -0.5748
vn 0.4629 -0.7013 -0.5420
vn 0.4959 -0.7128 -0.4960
vn 0.5420 -0.7013 -0.4629
vn 0.5748 -0.7125 -0.4025
vn 0.6074 -0.7018 -0.3722
vn 0.6367 -0.7117 -0.2969
vn 0.6573 -0.7028 -0.2723
vn 0.6799 -0.7103 -0.1822
vn 0.6904 -0.7042 -0.1657
vn 0.7032 -0.7083 -0.0615
vn 0.7060 -0.7060 -0.0556
vn 0.7060 -0.7060 0.0556
vn 0.7032 -0.7083 0.0615
vn 0.6904 -0.7042 0.1657
vn 0.6799 -0.7103 0.1822
vn 0.6573 -0.7028 0.2723
vn 0.6367 -0.7117 0.2969
vn 0.6074 -0.7018 0.3722
vn 0.5748 -0.7125 0.4025
vn 0.5420 -0.7013 0.4629
vn 0.4959 -0.7128 0.4960
vn 0.4629 -0.7013 0.5420
vn 0.4025 -0.7125 0.5748
vn 0.3722 -0.7018 0.6074
vn 0.2969 -0.7117 0.6367
vn 0.2723 -0.7028 0.6573
vn 0.1822 -0.7103 0.6799
vn 0.1658 -0.7042 0.6904
vn 0.0615 -0.7083 0.7032
vn -0.0872 -0.0000 0.9962
vn 0.0872 -0.0000 0.9962
vn 0.2588 -0.0000 0.9659
vn 0.4226 -0.0000 0.9063
vn 0.5736 -0.0000 0.8191
vn 0.5736 -0.0000 0.8192
vn 0.7071 -0.0000 0.7071
vn 0.8192 -0.0000 0.5736
vn 0.8191 -0.0000 0.5736
vn 0.9063 -0.0000 0.4226
vn 0.9659 -0.0000 0.2588
vn 0.9962 -0.0000 0.0872
vn 0.9962 -0.0000 -0.0872
vn 0.9659 -0.0000 -0.2588
vn 0.9063 -0.0000 -0.4226
vn 0.8191 -0.0000 -0.5736
vn 0.8192 -0.0000 -0.5736
vn 0.7071 -0.0000 -0.7071
vn 0.5736 -0.0000 -0.8192
vn 0.5736 -0.0000 -0.8191
vn 0.4226 -0.0000 -0.9063
vn 0.2588 -0.0000 -0.9659
vn 0.0872 -0.0000 -0.9962
vn -0.0872 -0.0000 -0.9962
vn -0.2588 -0.0000 -0.9659
vn -0.4226 -0.0000 -0.9063
vn -0.5736 -0.0000 -0.8191
vn -0.5736 -0.0000 -0.8192
vn -0.7071 -0.0000 -0.7071
vn -0.8192 -0.0000 -0.5736
vn -0.8191 -0.0000 -0.5736
vn -0.9063 -0.0000 -0.4226
vn -0.9659 -0.0000 -0.2588
vn -0.9962 -0.0000 -0.0872
vn -0.9962 -0.0000 0.0872
vn -0.9659 -0.0000 0.2588
vn -0.9063 -0.0000 0.4226
vn -0.8191 -0.0000 0.5736
vn -0.8192 -0.0000 0.5736
vn -0.7071 -0.0000 0.7071
vn -0.5736 -0.0000 0.8192
vn -0.5736 -0.0000 0.8191
vn -0.4226 -0.0000 0.9063
vn -0.2588 -0.0000 0.9659
vn -0.0615 0.7083 0.7032
vn -0.1658 0.7042 0.6904
vn -0.1822 0.7103 0.6799
vn -0.2723 0.7028 0.6573
vn -0.2969 0.7117 0.6367
vn -0.3722 0.7018 0.6074
vn -0.4025 0.7125 0.5748
vn -0.4629 0.7013 0.5420
vn -0.4959 0.7128 0.4960
vn -0.5420 0.7013 0.4629
vn -0.5748 0.7125 0.4025
vn -0.6074 0.7018 0.3722
vn -0.6367 0.7117 0.2969
vn -0.6573 0.7028 0.2723
vn -0.6799 0.7103 0.1822
vn -0.6904 0.7042 0.1657
vn -0.7032 0.7083 0.0615
vn -0.7060 0.7060 0.0556
vn -0.7060 0.7060 -0.0556
vn -0.7032 0.7083 -0.0615
vn -0.6904 0.7042 -0.1657
vn -0.6799 0.7103 -0.1822
vn -0.6573 0.7028 -0.2723
vn -0.6367 0.7117 -0.2969
vn -0.6074 0.7018 -0.3722
vn -0.5748 0.7125 -0.4025
vn -0.5420 0.7013 -0.4629
vn -0.4959 0.7128 -0.4960
vn -0.4629 0.7013 -0.5420
vn -0.4025 0.7125 -0.5748
vn -0.3722 0.7018 -0.6074
vn -0.2969 0.7117 -0.6367
vn -0.2723 0.7028 -0.6573
vn -0.1822 0.7103 -0.6799
vn -0.1658 0.7042 -0.6904
vn -0.0615 0.7083 -0.7032
vn 0.0615 0.7083 -0.7032
vn 0.1658 0.7042 -0.6904
vn 0.1822 0.7103 -0.6799
vn 0.2723 0.7028 -0.6573
vn 0.2969 0.7117 -0.6367
vn 0.3722 0.7018 -0.6074
vn 0.4025 0.7125 -0.5748
vn 0.4629 0.7013 -0.5420
vn 0.4959 0.7128 -0.4960
vn 0.5420 0.7013 -0.4629
vn 0.5748 0.7125 -0.4025
vn 0.6074 0.7018 -0.3722
vn 0.6367 0.7117 -0.2969
vn 0.6573 0.7028 -0.2723
vn 0.6799 0.7103 -0.1822
vn 0.6904 0.7042 -0.1657
vn 0.7032 0.7083 -0.0615
vn 0.7060 0.7060 -0.0556
vn 0.7060 0.7060 0.0556
vn 0.7032 0.7083 0.0615
vn 0.6904 0.7042 0.1657
vn 0.6799 0.7103 0.1822
vn 0.6573 0.7028 0.2723
vn 0.6367 0.7117 0.2969
vn 0.6074 0.7018 0.3722
vn 0.5748 0.7125 0.4025
vn 0.5420 0.7013 0.4629
vn 0.4959 0.7128 0.4960
vn 0.4629 0.7013 0.5420
vn 0.4025 0.7125 0.5748
vn 0.3722 0.7018 0.6074
vn 0.2969 0.7117 0.6367
vn 0.2723 0.7028 0.6573
vn 0.1822 0.7103 0.6799
vn 0.1658 0.7042 0.6904
vn 0.0615 0.7083 0.7032
vn 0.0747 -0.0012 0.9972
vn -0.0000 0.0012 1.0000
vn -0.0747 -0.0012 0.9972
vn -0.1490 0.0012 0.9888
vn -0.2225 -0.0012 0.9749
vn -0.2948 0.0012 0.9556
vn -0.3653 -0.0012 0.9309
vn -0.4339 0.0012 0.9010
vn -0.5000 -0.0012 0.8660
vn -0.5633 0.0012 0.8262
vn -0.6235 -0.0012 0.7818
vn -0.6802 0.0012 0.7331
vn -0.7331 -0.0012 0.6802
vn -0.7818 0.0012 0.6235
vn -0.8262 -0.0012 0.5633
vn -0.8660 0.0012 0.5000
vn -0.9010 -0.0012 0.4339
vn -0.9309 0.0012 0.3653
vn -0.9556 -0.0012 0.2948
vn -0.9749 0.0012 0.2225
vn -0.9888 -0.0012 0.1490
vn -0.9972 0.0012 0.0747
vn -1.0000 -0.0012 -0.0000
vn -0.9972 0.0012 -0.0747
vn -0.9888 -0.0012 -0.1490
vn -0.9749 0.0012 -0.2225
vn -0.9556 -0.0012 -0.2948
vn -0.9309 0.0012 -0.3653
vn -0.9010 -0.0012 -0.4339
vn -0.8660 0.0012 -0.5000
vn -0.8262 -0.0012 -0.5633
vn -0.7818 0.0012 -0.6235
vn -0.7331 -0.0012 -0.6802
vn -0.6802 0.0012 -0.7331
vn -0.6235 -0.0012 -0.7818
vn -0.5633 0.0012 -0.8262
vn -0.5000 -0.0012 -0.8660
vn -0.4339 0.0012 -0.9010
vn -0.3653 -0.0012 -0.9309
vn -0.2948 0.0012 -0.9556
vn -0.2225 -0.0012 -0.9749
vn -0.1490 0.0012 -0.9888
vn -0.0747 -0.0012 -0.9972
vn -0.0000 0.0012 -1.0000
vn 0.0747 -0.0012 -0.9972
vn 0.1490 0.0012 -0.9888
vn 0.2225 -0.0012 -0.9749
vn 0.2948 0.0012 -0.9556
vn 0.3653 -0.0012 -0.9309
vn 0.4339 0.0012 -0.9010
vn 0.5000 -0.0012 -0.8660
vn 0.5633 0.0012 -0.8262
vn 0.6235 -0.0012 -0.7818
vn 0.6802 0.0012 -0.7331
vn 0.7331 -0.0012 -0.6802
vn 0.7818 0.0012 -0.6235
vn 0.8262 -0.0012 -0.5633
vn 0.8660 0.0012 -0.5000
vn 0.9010 -0.0012 -0.4339
vn 0.9309 0.0012 -0.3654
vn 0.9556 -0.0012 -0.2947
vn 0.9749 0.0012 -0.2225
vn 0.9888 -0.0012 -0.1490
vn 0.9972 0.0012 -0.0747
vn 1.0000 -0.0012 -0.0000
vn 0.9972 0.0012 0.0747
vn 0.9888 -0.0012 0.1490
vn 0.9749 0.0012 0.2225
vn 0.9556 -0.0012 0.2947
vn 0.9309 0.0012 0.3654
vn 0.9010 -0.0012 0.4339
vn 0.8660 0.0012 0.5000
vn 0.8262 -0.0012 0.5633
vn 0.7818 0.0012 0.6235
vn 0.7331 -0.0012 0.6802
vn 0.6802 0.0012 0.7331
vn 0.6235 -0.0012 0.7818
vn 0.5633 0.0012 0.8262
vn 0.5000 -0.0012 0.8660
vn 0.4339 0.0012 0.9010
vn 0.3653 -0.0012 0.9309
vn 0.2948 0.0012 0.9556
vn 0.2225 -0.0012 0.9749
vn 0.1490 0.0012 0.9888
vn -0.0561 -0.0000 0.9984
vn 0.0561 -0.0000 0.9984
vn 0.1675 -0.0000 0.9859
vn 0.2768 -0.0000 0.9609
vn 0.3827 -0.0000 0.9239
vn 0.4837 -0.0000 0.8752
vn 0.5787 -0.0000 0.8156
vn 0.6663 -0.0000 0.7456
vn 0.6664 -0.0000 0.7456
vn 0.7456 -0.0000 0.6663
vn 0.8156 -0.0000 0.5787
vn 0.8752 -0.0000 0.4837
vn 0.9239 -0.0000 0.3827
vn 0.9609 -0.0000 0.2768
vn 0.9859 -0.0000 0.1675
vn 0.9984 -0.0000 0.0561
vn 0.9984 -0.0000 -0.0561
vn 0.9859 -0.0000 -0.1675
vn 0.9609 -0.0000 -0.2768
vn 0.9239 -0.0000 -0.3827
vn 0.8752 -0.0000 -0.4837
vn 0.8156 -0.0000 -0.5787
vn 0.7456 -0.0000 -0.6664
vn 0.7456 -0.0000 -0.6663
vn 0.6664 -0.0000 -0.7456
vn 0.6663 -0.0000 -0.7456
vn 0.5787 -0.0000 -0.8156
vn 0.4837 -0.0000 -0.8752
vn 0.3827 -0.0000 -0.9239
vn 0.2768 -0.0000 -0.9609
vn 0.1675 -0.0000 -0.9859
vn 0.0561 -0.0000 -0.9984
vn -0.0561 -0.0000 -0.9984
vn -0.1675 -0.0000 -0.9859
vn -0.2768 -0.0000 -0.9609
vn -0.3827 -0.0000 -0.9239
vn -0.4837 -0.0000 -0.8752
vn -0.5787 -0.0000 -0.8156
vn -0.6663 -0.0000 -0.7456
vn -0.6664 -0.0000 -0.7456
vn -0.7456 -0.0000 -0.6663
vn -0.7456 -0.0000 -0.6664
vn -0.8156 -0.0000 -0.5787
vn -0.8752 -0.0000 -0.4837
vn -0.9239 -0.0000 -0.3827
vn -0.9609 -0.0000 -0.2768
vn -0.9859 -0.0000 -0.1675
vn -0.9984 -0.0000 -0.0561
vn -0.9984 -0.0000 0.0561
vn -0.9859 -0.0000 0.1675
vn -0.9609 -0.0000 0.2768
vn -0.9239 -0.0000 0.3827
vn -0.8752 -0.0000 0.4837
vn -0.8156 -0.0000 0.5787
vn -0.7456 -0.0000 0.6663
vn -0.6664 -0.0000 0.7456
vn -0.6663 -0.0000 0.7456
vn -0.5787 -0.0000 0.8156
vn -0.4837 -0.0000 0.8752
vn -0.3827 -0.0000 0.9239
vn -0.2768 -0.0000 0.9609
vn -0.1675 -0.0000 0.9859
vn 0.7065 0.7065 0.0419
vn 0.7065 0.7065 -0.0419
vn 0.7051 0.7077 -0.0444
vn 0.6976 0.7054 -0.1254
vn 0.6929 0.7089 -0.1322
vn 0.6788 0.7044 -0.2073
vn 0.6699 0.7098 -0.2177
vn 0.6503 0.7036 -0.2865
vn 0.6366 0.7107 -0.2996
vn 0.6124 0.7029 -0.3617
vn 0.5935 0.7113 -0.3766
vn 0.5658 0.7024 -0.4319
vn 0.5412 0.7118 -0.4477
vn 0.5110 0.7020 -0.4961
vn 0.4805 0.7122 -0.5117
vn 0.4489 0.7017 -0.5532
vn 0.4125 0.7124 -0.5677
vn 0.3804 0.7016 -0.6025
vn 0.3381 0.7124 -0.6149
vn 0.3064 0.7016 -0.6433
vn 0.2584 0.7123 -0.6525
vn 0.2281 0.7018 -0.6748
vn 0.1746 0.7121 -0.6800
vn 0.1467 0.7021 -0.6968
vn 0.0880 0.7117 -0.6970
vn 0.0632 0.7026 -0.7088
vn -0.0000 0.7111 -0.7031
vn -0.0211 0.7032 -0.7107
vn -0.0882 0.7104 -0.6983
vn -0.1049 0.7039 -0.7025
vn -0.1753 0.7095 -0.6825
vn -0.1870 0.7047 -0.6844
vn -0.2598 0.7085 -0.6562
vn -0.2663 0.7057 -0.6565
vn -0.3406 0.7073 -0.6195
vn -0.3415 0.7069 -0.6194
vn -0.4128 0.7061 -0.5753
vn -0.4150 0.7081 -0.5712
vn -0.4787 0.7051 -0.5232
vn -0.4826 0.7092 -0.5139
vn -0.5379 0.7042 -0.4635
vn -0.5425 0.7101 -0.4488
vn -0.5896 0.7034 -0.3971
vn -0.5938 0.7109 -0.3768
vn -0.6329 0.7027 -0.3249
vn -0.6358 0.7115 -0.2992
vn -0.6674 0.7023 -0.2479
vn -0.6678 0.7120 -0.2170
vn -0.6924 0.7019 -0.1673
vn -0.6895 0.7123 -0.1315
vn -0.7075 0.7017 -0.0843
vn -0.7004 0.7124 -0.0441
vn -0.7126 0.7016 -0.0000
vn -0.7004 0.7124 0.0441
vn -0.7075 0.7017 0.0843
vn -0.6895 0.7123 0.1315
vn -0.6924 0.7019 0.1673
vn -0.6678 0.7120 0.2170
vn -0.6674 0.7023 0.2479
vn -0.6358 0.7115 0.2992
vn -0.6329 0.7027 0.3249
vn -0.5938 0.7109 0.3768
vn -0.5896 0.7034 0.3971
vn -0.5425 0.7101 0.4488
vn -0.5379 0.7042 0.4635
vn -0.4826 0.7092 0.5139
vn -0.4787 0.7051 0.5232
vn -0.4150 0.7081 0.5712
vn -0.4128 0.7061 0.5753
vn -0.3415 0.7069 0.6194
vn -0.3406 0.7073 0.6195
vn -0.2663 0.7057 0.6565
vn -0.2598 0.7085 0.6562
vn -0.1870 0.7047 0.6844
vn -0.1752 0.7095 0.6825
vn -0.1049 0.7039 0.7025
vn -0.0882 0.7104 0.6983
vn -0.0211 0.7032 0.7107
vn -0.0000 0.7111 0.7031
vn 0.0632 0.7026 0.7088
vn 0.0880 0.7117 0.6970
vn 0.1467 0.7021 0.6968
vn 0.1746 0.7121 0.6800
vn 0.2281 0.7018 0.6748
vn 0.2584 0.7123 0.6525
vn 0.3064 0.7016 0.6433
vn 0.3381 0.7125 0.6149
vn 0.3804 0.7016 0.6025
vn 0.4125 0.7124 0.5677
vn 0.4489 0.7017 0.5532
vn 0.4805 0.7122 0.5117
vn 0.5110 0.7020 0.4961
vn 0.5412 0.7118 0.4477
vn 0.5658 0.7024 0.4319
vn 0.5935 0.7113 0.3766
vn 0.6124 0.7029 0.3617
vn 0.6366 0.7107 0.2996
vn 0.6503 0.7036 0.2865
vn 0.6699 0.7098 0.2177
vn 0.6788 0.7044 0.2073
vn 0.6929 0.7089 0.1322
vn 0.6976 0.7054 0.1254
vn 0.7051 0.7077 0.0444
vn 0.9982 -0.0000 -0.0592
vn 0.9982 -0.0000 0.0592
vn 0.9842 -0.0000 0.1769
vn 0.9564 -0.0000 0.2920
vn 0.9564 -0.0000 0.2921
vn 0.9151 -0.0000 0.4031
vn 0.8610 -0.0000 0.5085
vn 0.7949 -0.0000 0.6068
vn 0.7175 -0.0000 0.6966
vn 0.6301 -0.0000 0.7765
vn 0.5338 -0.0000 0.8456
vn 0.4301 -0.0000 0.9028
vn 0.3203 -0.0000 0.9473
vn 0.2060 -0.0000 0.9786
vn 0.0888 -0.0000 0.9960
vn -0.0296 -0.0000 0.9996
vn -0.1476 -0.0000 0.9890
vn -0.2636 -0.0000 0.9646
vn -0.3758 -0.0000 0.9267
vn -0.4828 -0.0000 0.8757
vn -0.5830 -0.0000 0.8125
vn -0.6750 -0.0000 0.7378
vn -0.7575 -0.0000 0.6528
vn -0.8294 -0.0000 0.5586
vn -0.8294 -0.0000 0.5587
vn -0.8897 -0.0000 0.4566
vn -0.9374 -0.0000 0.3482
vn -0.9720 -0.0000 0.2349
vn -0.9930 -0.0000 0.1183
vn -0.9930 -0.0000 -0.1183
vn -0.9720 -0.0000 -0.2349
vn -0.9374 -0.0000 -0.3482
vn -0.8897 -0.0000 -0.4566
vn -0.8294 -0.0000 -0.5587
vn -0.8294 -0.0000 -0.5586
vn -0.7575 -0.0000 -0.6528
vn -0.6750 -0.0000 -0.7378
vn -0.5830 -0.0000 -0.8125
vn -0.4828 -0.0000 -0.8757
vn -0.3758 -0.0000 -0.9267
vn -0.2636 -0.0000 -0.9646
vn -0.1476 -0.0000 -0.9890
vn -0.0296 -0.0000 -0.9996
vn 0.0888 -0.0000 -0.9960
vn 0.2060 -0.0000 -0.9786
vn 0.3203 -0.0000 -0.9473
vn 0.4301 -0.0000 -0.9028
vn 0.5338 -0.0000 -0.8456
vn 0.6301 -0.0000 -0.7765
vn 0.7175 -0.0000 -0.6966
vn 0.7949 -0.0000 -0.6068
vn 0.8610 -0.0000 -0.5085
vn 0.9151 -0.0000 -0.4031
vn 0.9564 -0.0000 -0.2921
vn 0.9564 -0.0000 -0.2920
vn 0.9842 -0.0000 -0.1769
vn 0.9969 -0.0000 -0.0784
vn 0.9969 -0.0000 -0.0785
vn 0.9969 -0.0000 0.0785
vn 0.9969 -0.0000 0.0784
vn 0.9724 -0.0000 0.2335
vn 0.9724 -0.0000 0.2334
vn 0.8526 -0.0000 0.5225
vn 0.7604 -0.0000 0.6494
vn 0.7604 -0.0000 0.6495
vn 0.6494 -0.0000 0.7604
vn 0.6495 -0.0000 0.7604
vn 0.5225 -0.0000 0.8526
vn 0.2334 -0.0000 0.9724
vn 0.0785 -0.0000 0.9969
vn -0.0785 -0.0000 0.9969
vn -0.2334 -0.0000 0.9724
vn -0.5225 -0.0000 0.8526
vn -0.6495 -0.0000 0.7604
vn -0.6494 -0.0000 0.7604
vn -0.7604 -0.0000 0.6495
vn -0.7604 -0.0000 0.6494
vn -0.8526 -0.0000 0.5225
vn -0.9724 -0.0000 0.2334
vn -0.9724 -0.0000 0.2335
vn -0.9969 -0.0000 0.0784
vn -0.9969 -0.0000 0.0785
vn -0.9969 -0.0000 -0.0785
vn -0.9969 -0.0000 -0.0784
vn -0.9724 -0.0000 -0.2335
vn -0.9724 -0.0000 -0.2334
vn -0.8526 -0.0000 -0.5225
vn -0.7604 -0.0000 -0.6494
vn -0.7604 -0.0000 -0.6495
vn -0.6494 -0.0000 -0.7604
vn -0.6495 -0.0000 -0.7604
vn -0.5225 -0.0000 -0.8526
vn -0.2334 -0.0000 -0.9724
vn -0.0785 -0.0000 -0.9969
vn 0.0785 -0.0000 -0.9969
vn 0.2334 -0.0000 -0.9724
vn 0.5225 -0.0000 -0.8526
vn 0.6495 -0.0000 -0.7604
vn 0.6494 -0.0000 -0.7604
vn 0.7604 -0.0000 -0.6495
vn 0.7604 -0.0000 -0.6494
vn 0.8526 -0.0000 -0.5225
vn 0.9724 -0.0000 -0.2334
vn 0.9724 -0.0000 -0.2335
vn 0.7028 -0.7086 -0.0632
vn 0.6905 -0.7040 -0.1658
vn 0.6782 -0.7106 -0.1872
vn 0.6573 -0.7027 -0.2723
vn 0.6328 -0.7118 -0.3047
vn 0.6072 -0.7021 -0.3721
vn 0.5679 -0.7123 -0.4126
vn 0.5415 -0.7021 -0.4625
vn 0.4854 -0.7118 -0.5076
vn 0.4621 -0.7027 -0.5410
vn 0.3876 -0.7106 -0.5872
vn 0.3711 -0.7040 -0.6055
vn 0.2773 -0.7086 -0.6488
vn 0.2710 -0.7060 -0.6543
vn 0.1653 -0.7060 -0.6886
vn 0.1570 -0.7086 -0.6879
vn 0.0557 -0.7040 -0.7080
vn 0.0316 -0.7106 -0.7029
vn -0.0558 -0.7027 -0.7093
vn -0.0943 -0.7118 -0.6960
vn -0.1662 -0.7021 -0.6924
vn -0.2169 -0.7123 -0.6676
vn -0.2725 -0.7021 -0.6579
vn -0.3328 -0.7119 -0.6185
vn -0.3717 -0.7027 -0.6066
vn -0.4387 -0.7106 -0.5501
vn -0.4612 -0.7040 -0.5400
vn -0.5314 -0.7086 -0.4643
vn -0.5385 -0.7060 -0.4599
vn -0.6038 -0.7060 -0.3700
vn -0.6058 -0.7086 -0.3619
vn -0.6561 -0.7040 -0.2718
vn -0.6587 -0.7106 -0.2472
vn -0.6918 -0.7027 -0.1661
vn -0.6910 -0.7118 -0.1254
vn -0.7099 -0.7021 -0.0559
vn -0.7019 -0.7123 -0.0000
vn -0.7099 -0.7021 0.0559
vn -0.6910 -0.7118 0.1254
vn -0.6918 -0.7027 0.1661
vn -0.6587 -0.7106 0.2472
vn -0.6561 -0.7040 0.2718
vn -0.6058 -0.7086 0.3619
vn -0.6038 -0.7060 0.3700
vn -0.5385 -0.7060 0.4599
vn -0.5314 -0.7086 0.4643
vn -0.4612 -0.7040 0.5400
vn -0.4387 -0.7106 0.5501
vn -0.3717 -0.7027 0.6066
vn -0.3328 -0.7119 0.6185
vn -0.2725 -0.7021 0.6579
vn -0.2169 -0.7123 0.6676
vn -0.1662 -0.7021 0.6924
vn -0.0943 -0.7118 0.6960
vn -0.0558 -0.7027 0.7093
vn 0.0316 -0.7106 0.7029
vn 0.0557 -0.7040 0.7080
vn 0.1570 -0.7086 0.6879
vn 0.1653 -0.7060 0.6886
vn 0.2710 -0.7060 0.6543
vn 0.2773 -0.7086 0.6488
vn 0.3711 -0.7040 0.6055
vn 0.3876 -0.7106 0.5872
vn 0.4621 -0.7027 0.5410
vn 0.4854 -0.7118 0.5076
vn 0.5415 -0.7021 0.4625
vn 0.5679 -0.7123 0.4126
vn 0.6072 -0.7021 0.3721
vn 0.6328 -0.7118 0.3047
vn 0.6573 -0.7027 0.2723
vn 0.6782 -0.7106 0.1872
vn 0.6905 -0.7040 0.1658
vn 0.7028 -0.7086 0.0632
vn 0.5000 -0.0000 0.8660
vn -0.5000 -0.0000 0.8660
vn -0.5000 -0.0000 -0.8660
vn 0.5000 -0.0000 -0.8660
vn 0.0001 1.0000 -0.0000
vn -0.0001 1.0000 -0.0000
vn -0.1490 0.9657 -0.2128
vn -0.2128 0.9657 -0.1490
vn -0.2509 0.9657 -0.0672
vn -0.2588 0.9657 -0.0226
vn -0.2588 0.9657 0.0226
vn -0.2509 0.9657 0.0672
vn -0.2354 0.9657 0.1098
vn -0.2128 0.9657 0.1490
vn -0.1837 0.9657 0.1837
vn -0.1490 0.9657 0.2128
vn -0.1098 0.9657 0.2354
vn -0.0672 0.9657 0.2509
vn -0.0226 0.9657 0.2588
vn 0.0226 0.9657 0.2588
vn 0.0672 0.9657 0.2509
vn 0.1098 0.9657 0.2354
vn 0.1837 0.9657 0.1837
vn 0.2354 0.9657 0.1098
vn 0.2588 0.9657 0.0226
vn 0.2509 0.9657 -0.0672
vn 0.2128 0.9657 -0.1490
vn 0.1490 0.9657 -0.2128
vn 0.1098 0.9657 -0.2354
vn 0.0226 0.9657 -0.2588
vn -0.0672 0.9657 -0.2509
vn -0.2354 0.9657 -0.1098
vn -0.1837 0.9657 -0.1837
vn -0.1098 0.9657 -0.2354
vn -0.0226 0.9657 -0.2588
vn 0.0672 0.9657 -0.2509
vn 0.1837 0.9657 -0.1837
vn 0.2354 0.9657 -0.1098
vn 0.2588 0.9657 -0.0226
vn 0.2509 0.9657 0.0672
vn 0.2128 0.9657 0.1490
vn 0.1490 0.9657 0.2128
vn 0.7065 0.0419 -0.7065
vn 0.7065 -0.0419 -0.7065
vn 0.7051 -0.0444 -0.7077
vn 0.6976 -0.1254 -0.7054
vn 0.6929 -0.1322 -0.7089
vn 0.6788 -0.2073 -0.7044
vn 0.6699 -0.2177 -0.7098
vn 0.6503 -0.2864 -0.7036
vn 0.6366 -0.2996 -0.7107
vn 0.6124 -0.3617 -0.7029
vn 0.5934 -0.3766 -0.7113
vn 0.5658 -0.4319 -0.7024
vn 0.5412 -0.4477 -0.7118
vn 0.5110 -0.4961 -0.7020
vn 0.4805 -0.5117 -0.7122
vn 0.4489 -0.5532 -0.7017
vn 0.4125 -0.5677 -0.7124
vn 0.3804 -0.6025 -0.7016
vn 0.3381 -0.6149 -0.7125
vn 0.3064 -0.6433 -0.7016
vn 0.2584 -0.6525 -0.7123
vn 0.2281 -0.6748 -0.7018
vn 0.1746 -0.6800 -0.7121
vn 0.1467 -0.6968 -0.7021
vn 0.0880 -0.6970 -0.7117
vn 0.0632 -0.7088 -0.7026
vn -0.0000 -0.7031 -0.7111
vn -0.0211 -0.7107 -0.7031
vn -0.0882 -0.6982 -0.7104
vn -0.1049 -0.7025 -0.7039
vn -0.1752 -0.6825 -0.7095
vn -0.1870 -0.6844 -0.7047
vn -0.2598 -0.6562 -0.7085
vn -0.2663 -0.6565 -0.7057
vn -0.3406 -0.6195 -0.7073
vn -0.3415 -0.6194 -0.7069
vn -0.4128 -0.5753 -0.7061
vn -0.4150 -0.5712 -0.7081
vn -0.4787 -0.5232 -0.7051
vn -0.4826 -0.5139 -0.7092
vn -0.5379 -0.4635 -0.7041
vn -0.5425 -0.4488 -0.7101
vn -0.5896 -0.3971 -0.7034
vn -0.5938 -0.3768 -0.7109
vn -0.6329 -0.3249 -0.7027
vn -0.6358 -0.2992 -0.7115
vn -0.6674 -0.2479 -0.7022
vn -0.6678 -0.2170 -0.7120
vn -0.6924 -0.1673 -0.7019
vn -0.6895 -0.1315 -0.7123
vn -0.7075 -0.0843 -0.7017
vn -0.7004 -0.0441 -0.7124
vn -0.7126 -0.0000 -0.7016
vn -0.7004 0.0441 -0.7124
vn -0.7075 0.0843 -0.7017
vn -0.6895 0.1315 -0.7123
vn -0.6924 0.1673 -0.7019
vn -0.6678 0.2170 -0.7120
vn -0.6674 0.2479 -0.7022
vn -0.6358 0.2992 -0.7115
vn -0.6329 0.3249 -0.7027
vn -0.5938 0.3768 -0.7109
vn -0.5896 0.3971 -0.7034
vn -0.5425 0.4488 -0.7101
vn -0.5379 0.4635 -0.7041
vn -0.4826 0.5139 -0.7092
vn -0.4787 0.5232 -0.7051
vn -0.4150 0.5712 -0.7081
vn -0.4128 0.5753 -0.7061
vn -0.3415 0.6194 -0.7069
vn -0.3406 0.6195 -0.7073
vn -0.2663 0.6565 -0.7057
vn -0.2598 0.6562 -0.7085
vn -0.1870 0.6844 -0.7047
vn -0.1752 0.6825 -0.7095
vn -0.1049 0.7025 -0.7039
vn -0.0882 0.6982 -0.7104
vn -0.0211 0.7107 -0.7031
vn -0.0000 0.7031 -0.7111
vn 0.0632 0.7088 -0.7026
vn 0.0880 0.6970 -0.7117
vn 0.1467 0.6968 -0.7021
vn 0.1746 0.6800 -0.7121
vn 0.2282 0.6748 -0.7018
vn 0.2584 0.6525 -0.7123
vn 0.3064 0.6433 -0.7016
vn 0.3381 0.6149 -0.7124
vn 0.3804 0.6025 -0.7016
vn 0.4125 0.5677 -0.7124
vn 0.4489 0.5532 -0.7017
vn 0.4805 0.5117 -0.7122
vn 0.5110 0.4961 -0.7020
vn 0.5412 0.4477 -0.7118
vn 0.5658 0.4319 -0.7024
vn 0.5934 0.3766 -0.7113
vn 0.6124 0.3617 -0.7029
vn 0.6366 0.2995 -0.7107
vn 0.6503 0.2864 -0.7036
vn 0.6699 0.2177 -0.7098
vn 0.6788 0.2073 -0.7044
vn 0.6929 0.1322 -0.7089
vn 0.6976 0.1254 -0.7054
vn 0.7051 0.0444 -0.7077
vn 0.9982 -0.0592 -0.0000
vn 0.9982 0.0592 -0.0000
vn 0.9842 0.1769 -0.0000
vn 0.9564 0.2921 -0.0000
vn 0.9151 0.4031 -0.0000
vn 0.8610 0.5085 -0.0000
vn 0.7949 0.6068 -0.0000
vn 0.7175 0.6965 -0.0000
vn 0.7175 0.6966 -0.0000
vn 0.6301 0.7765 -0.0000
vn 0.5338 0.8456 -0.0000
vn 0.4301 0.9028 -0.0000
vn 0.3203 0.9473 -0.0000
vn 0.2060 0.9786 -0.0000
vn 0.0888 0.9961 -0.0000
vn 0.0888 0.9960 -0.0000
vn -0.0296 0.9996 -0.0000
vn -0.1476 0.9890 -0.0000
vn -0.2636 0.9646 -0.0000
vn -0.3758 0.9267 -0.0000
vn -0.4828 0.8757 -0.0000
vn -0.5830 0.8125 -0.0000
vn -0.6750 0.7378 -0.0000
vn -0.7575 0.6528 -0.0000
vn -0.8294 0.5586 -0.0000
vn -0.8897 0.4566 -0.0000
vn -0.9374 0.3482 -0.0000
vn -0.9720 0.2349 -0.0000
vn -0.9930 0.1183 -0.0000
vn -0.9930 -0.1183 -0.0000
vn -0.9720 -0.2349 -0.0000
vn -0.9374 -0.3482 -0.0000
vn -0.8897 -0.4566 -0.0000
vn -0.8294 -0.5586 -0.0000
vn -0.7575 -0.6528 -0.0000
vn -0.6750 -0.7378 -0.0000
vn -0.5830 -0.8125 -0.0000
vn -0.4828 -0.8757 -0.0000
vn -0.3758 -0.9267 -0.0000
vn -0.2636 -0.9646 -0.0000
vn -0.1476 -0.9890 -0.0000
vn -0.0296 -0.9996 -0.0000
vn 0.0888 -0.9960 -0.0000
vn 0.2060 -0.9786 -0.0000
vn 0.3203 -0.9473 -0.0000
vn 0.4301 -0.9028 -0.0000
vn 0.5338 -0.8456 -0.0000
vn 0.6301 -0.7765 -0.0000
vn 0.7175 -0.6966 -0.0000
vn 0.7949 -0.6068 -0.0000
vn 0.8610 -0.5085 -0.0000
vn 0.9151 -0.4031 -0.0000
vn 0.9564 -0.2921 -0.0000
vn 0.9842 -0.1769 -0.0000
vn 0.9969 -0.0785 -0.0000
vn 0.9969 0.0785 -0.0000
vn 0.9724 0.2334 -0.0000
vn 0.8526 0.5225 -0.0000
vn 0.7604 0.6495 -0.0000
vn 0.7604 0.6494 -0.0000
vn 0.6494 0.7604 -0.0000
vn 0.6495 0.7604 -0.0000
vn 0.5225 0.8526 -0.0000
vn 0.2335 0.9724 -0.0000
vn 0.2334 0.9724 -0.0000
vn 0.0785 0.9969 -0.0000
vn -0.0785 0.9969 -0.0000
vn -0.2334 0.9724 -0.0000
vn -0.2335 0.9724 -0.0000
vn -0.5225 0.8526 -0.0000
vn -0.6495 0.7604 -0.0000
vn -0.6494 0.7604 -0.0000
vn -0.7604 0.6494 -0.0000
vn -0.8526 0.5225 -0.0000
vn -0.9724 0.2334 -0.0000
vn -0.9969 0.0785 -0.0000
vn -0.9969 -0.0785 -0.0000
vn -0.9724 -0.2334 -0.0000
vn -0.8526 -0.5225 -0.0000
vn -0.7604 -0.6495 -0.0000
vn -0.7604 -0.6494 -0.0000
vn -0.6494 -0.7604 -0.0000
vn -0.5225 -0.8526 -0.0000
vn -0.2335 -0.9724 -0.0000
vn -0.2334 -0.9724 -0.0000
vn -0.0785 -0.9969 -0.0000
vn 0.0785 -0.9969 -0.0000
vn 0.2334 -0.9724 -0.0000
vn 0.2335 -0.9724 -0.0000
vn 0.5225 -0.8526 -0.0000
vn 0.6495 -0.7604 -0.0000
vn 0.6494 -0.7604 -0.0000
vn 0.7604 -0.6494 -0.0000
vn 0.7604 -0.6495 -0.0000
vn 0.8526 -0.5225 -0.0000
vn 0.9724 -0.2334 -0.0000
vn 0.7028 -0.0633 0.7086
vn 0.6905 -0.1658 0.7040
vn 0.6782 -0.1872 0.7106
vn 0.6573 -0.2723 0.7027
vn 0.6328 -0.3047 0.7118
vn 0.6072 -0.3721 0.7021
vn 0.5679 -0.4126 0.7123
vn 0.5415 -0.4625 0.7021
vn 0.4854 -0.5076 0.7118
vn 0.4621 -0.5410 0.7027
vn 0.3876 -0.5872 0.7106
vn 0.3711 -0.6055 0.7040
vn 0.2773 -0.6489 0.7086
vn 0.2710 -0.6543 0.7060
vn 0.1653 -0.6886 0.7060
vn 0.1570 -0.6879 0.7086
vn 0.0557 -0.7080 0.7040
vn 0.0316 -0.7029 0.7106
vn -0.0558 -0.7093 0.7027
vn -0.0943 -0.6960 0.7118
vn -0.1662 -0.6924 0.7021
vn -0.2169 -0.6676 0.7123
vn -0.2725 -0.6579 0.7021
vn -0.3328 -0.6185 0.7118
vn -0.3717 -0.6066 0.7027
vn -0.4387 -0.5501 0.7106
vn -0.4612 -0.5400 0.7040
vn -0.5314 -0.4643 0.7086
vn -0.5385 -0.4599 0.7060
vn -0.6038 -0.3700 0.7060
vn -0.6057 -0.3619 0.7086
vn -0.6561 -0.2718 0.7040
vn -0.6587 -0.2472 0.7106
vn -0.6918 -0.1661 0.7027
vn -0.6910 -0.1254 0.7118
vn -0.7099 -0.0559 0.7021
vn -0.7019 -0.0000 0.7123
vn -0.7099 0.0559 0.7021
vn -0.6910 0.1254 0.7118
vn -0.6918 0.1661 0.7027
vn -0.6587 0.2472 0.7106
vn -0.6561 0.2718 0.7040
vn -0.6057 0.3619 0.7086
vn -0.6038 0.3700 0.7060
vn -0.5385 0.4599 0.7060
vn -0.5314 0.4643 0.7086
vn -0.4612 0.5400 0.7040
vn -0.4387 0.5501 0.7106
vn -0.3717 0.6066 0.7027
vn -0.3328 0.6185 0.7118
vn -0.2725 0.6579 0.7021
vn -0.2169 0.6676 0.7123
vn -0.1662 0.6924 0.7021
vn -0.0943 0.6960 0.7118
vn -0.0558 0.7093 0.7027
vn 0.0316 0.7029 0.7106
vn 0.0557 0.7080 0.7040
vn 0.1570 0.6879 0.7086
vn 0.1653 0.6886 0.7060
vn 0.2710 0.6543 0.7060
vn 0.2773 0.6489 0.7086
vn 0.3711 0.6055 0.7040
vn 0.3876 0.5872 0.7106
vn 0.4621 0.5410 0.7027
vn 0.4854 0.5076 0.7118
vn 0.5415 0.4625 0.7021
vn 0.5679 0.4126 0.7123
vn 0.6072 0.3721 0.7021
vn 0.6328 0.3047 0.7118
vn 0.6573 0.2723 0.7027
vn 0.6782 0.1872 0.7106
vn 0.6905 0.1658 0.7040
vn 0.7028 0.0633 0.7086
vn 0.5000 0.8660 -0.0000
vn -0.5000 0.8660 -0.0000
vn -0.5000 -0.8660 -0.0000
vn 0.5000 -0.8660 -0.0000
vn -0.1490 -0.2128 -0.9657
vn -0.2128 -0.1490 -0.9657
vn -0.2509 -0.0672 -0.9657
vn -0.2588 -0.0226 -0.9657
vn -0.2588 0.0226 -0.9657
vn -0.2509 0.0672 -0.9657
vn -0.2354 0.1098 -0.9657
vn -0.2128 0.1490 -0.9657
vn -0.1837 0.1837 -0.9657
vn -0.1490 0.2128 -0.9657
vn -0.1098 0.2354 -0.9657
vn -0.0672 0.2509 -0.9657
vn -0.0226 0.2588 -0.9657
vn 0.0226 0.2588 -0.9657
vn 0.0672 0.2509 -0.9657
vn 0.1098 0.2354 -0.9657
vn 0.1837 0.1837 -0.9657
vn 0.2354 0.1098 -0.9657
vn 0.2588 0.0226 -0.9657
vn 0.2509 -0.0672 -0.9657
vn 0.2128 -0.1490 -0.9657
vn 0.1490 -0.2128 -0.9657
vn 0.1098 -0.2354 -0.9657
vn 0.0226 -0.2588 -0.9657
vn -0.0672 -0.2509 -0.9657
vn -0.2354 -0.1098 -0.9657
vn -0.1837 -0.1837 -0.9657
vn -0.1098 -0.2354 -0.9657
vn -0.0226 -0.2588 -0.9657
vn 0.0672 -0.2509 -0.9657
vn 0.1837 -0.1837 -0.9657
vn 0.2354 -0.1098 -0.9657
vn 0.2588 -0.0226 -0.9657
vn 0.2509 0.0672 -0.9657
vn 0.2128 0.1490 -0.9657
vn 0.1490 0.2128 -0.9657
vt 0.578223 0.505194
vt 0.682068 0.505194
vt 0.578223 0.729725
vt 0.682068 0.729725
vt 0.578223 0.729725
vt 0.474377 0.729725
vt 0.578223 0.505194
vt 0.474377 0.505194
vt 0.328376 0.000000
vt 0.299019 0.126880
vt 0.224531 -0.000000
vt 0.295140 0.130773
vt 0.291661 0.135027
vt 0.328376 0.112900
vt 0.322990 0.113990
vt 0.317735 0.115601
vt 0.312664 0.117718
vt 0.307823 0.120321
vt 0.303261 0.123384
vt 0.288614 0.139600
vt 0.286028 0.144450
vt 0.283930 0.149530
vt 0.282338 0.154790
vt 0.281268 0.160181
vt 0.280731 0.165650
vt 0.280731 0.171146
vt 0.281268 0.176615
vt 0.224531 0.505194
vt 0.282338 0.182006
vt 0.283930 0.187266
vt 0.286028 0.192346
vt 0.288614 0.197196
vt 0.314620 0.423096
vt 0.291661 0.201769
vt 0.315442 0.419670
vt 0.295140 0.206023
vt 0.299019 0.209916
vt 0.316790 0.416415
vt 0.303261 0.213412
vt 0.318631 0.413411
vt 0.307823 0.216475
vt 0.320920 0.410732
vt 0.312664 0.219078
vt 0.328376 0.235757
vt 0.317735 0.221195
vt 0.322990 0.222806
vt 0.328376 0.223896
vt 0.345216 0.235757
vt 0.336796 0.404155
vt 0.333284 0.404432
vt 0.329858 0.405254
vt 0.345216 0.223896
vt 0.350603 0.222806
vt 0.355857 0.221195
vt 0.360929 0.219078
vt 0.352673 0.410732
vt 0.365769 0.216475
vt 0.354961 0.413411
vt 0.370332 0.213412
vt 0.356802 0.416415
vt 0.374573 0.209916
vt 0.358150 0.419670
vt 0.378452 0.206023
vt 0.381932 0.201769
vt 0.358973 0.423096
vt 0.384979 0.197196
vt 0.449062 0.505194
vt 0.387564 0.192346
vt 0.389663 0.187266
vt 0.391255 0.182006
vt 0.392324 0.176615
vt 0.449062 0.000000
vt 0.392862 0.171146
vt 0.392862 0.165650
vt 0.392324 0.160181
vt 0.391255 0.154790
vt 0.389663 0.149530
vt 0.387564 0.144450
vt 0.384979 0.139600
vt 0.381932 0.135027
vt 0.378452 0.130773
vt 0.374573 0.126880
vt 0.345216 0.000000
vt 0.370332 0.123384
vt 0.365769 0.120321
vt 0.360929 0.117718
vt 0.355857 0.115601
vt 0.350603 0.113990
vt 0.345216 0.112900
vt 0.336796 0.449061
vt 0.340309 0.448785
vt 0.343735 0.447962
vt 0.358973 0.430121
vt 0.359249 0.426608
vt 0.349994 0.408443
vt 0.346990 0.406602
vt 0.343735 0.405254
vt 0.340309 0.404432
vt 0.326603 0.406602
vt 0.323599 0.408443
vt 0.314343 0.426608
vt 0.314620 0.430121
vt 0.315442 0.433547
vt 0.316790 0.436802
vt 0.318631 0.439806
vt 0.320920 0.442485
vt 0.323599 0.444773
vt 0.326603 0.446614
vt 0.329858 0.447962
vt 0.333284 0.448785
vt 0.346990 0.446614
vt 0.349994 0.444773
vt 0.352673 0.442485
vt 0.354961 0.439806
vt 0.356802 0.436802
vt 0.358150 0.433547
vt 0.682068 0.729725
vt 0.682068 0.505194
vt 0.785914 0.729725
vt 0.785914 0.505194
vt -0.000000 0.729725
vt 0.052641 0.638814
vt 0.124288 0.729725
vt 0.055896 0.637465
vt 0.058900 0.635624
vt -0.000000 0.505194
vt 0.023249 0.617459
vt 0.023526 0.620972
vt 0.024348 0.624398
vt 0.124288 0.505194
vt 0.052641 0.596105
vt 0.049215 0.595283
vt 0.045703 0.595006
vt 0.068156 0.617459
vt 0.067879 0.613947
vt 0.067057 0.610521
vt 0.042190 0.639636
vt 0.045703 0.639912
vt 0.049215 0.639636
vt 0.061579 0.633336
vt 0.063867 0.630657
vt 0.065708 0.627653
vt 0.067057 0.624398
vt 0.067879 0.620972
vt 0.065708 0.607266
vt 0.063867 0.604262
vt 0.061579 0.601583
vt 0.058900 0.599294
vt 0.055896 0.597454
vt 0.042190 0.595283
vt 0.038764 0.596105
vt 0.035509 0.597454
vt 0.032505 0.599294
vt 0.029826 0.601583
vt 0.027538 0.604262
vt 0.025697 0.607266
vt 0.024348 0.610521
vt 0.023526 0.613947
vt 0.025697 0.627653
vt 0.027538 0.630657
vt 0.029826 0.633336
vt 0.032505 0.635624
vt 0.035509 0.637465
vt 0.038764 0.638814
vt 0.944574 0.381702
vt 0.944574 0.306859
vt 0.949390 0.381702
vt 0.944574 0.232015
vt 0.949390 0.157172
vt 0.944574 0.157172
vt 0.939919 0.157172
vt 0.939919 0.232015
vt 0.935483 0.157172
vt 0.935483 0.232015
vt 0.931320 0.157172
vt 0.931320 0.232015
vt 0.927480 0.157172
vt 0.927480 0.232015
vt 0.232308 0.729725
vt 0.232308 0.804568
vt 0.228762 0.729725
vt 0.228762 0.804568
vt 0.224855 0.729725
vt 0.224855 0.804568
vt 0.220634 0.729725
vt 0.220634 0.804568
vt 0.216151 0.729725
vt 0.216151 0.804568
vt 0.211460 0.729725
vt 0.211460 0.804568
vt 0.206619 0.729725
vt 0.206619 0.804568
vt 0.201687 0.729725
vt 0.201687 0.804568
vt 0.196724 0.729725
vt 0.196724 0.804568
vt 0.191791 0.729725
vt 0.191791 0.804568
vt 0.186947 0.729725
vt 0.186947 0.804568
vt 0.182253 0.729725
vt 0.182253 0.804568
vt 0.177766 0.729725
vt 0.177766 0.804568
vt 0.173540 0.729725
vt 0.173540 0.804568
vt 0.169627 0.729725
vt 0.169627 0.804568
vt 0.166074 0.729725
vt 0.166074 0.804568
vt 0.970383 0.505194
vt 0.970383 0.580038
vt 0.966543 0.505194
vt 0.966543 0.580038
vt 0.962380 0.505194
vt 0.962380 0.580038
vt 0.957944 0.505194
vt 0.957944 0.580038
vt 0.953290 0.505194
vt 0.953290 0.580038
vt 0.948474 0.505194
vt 0.953290 0.654881
vt 0.948474 0.729725
vt 0.953290 0.729725
vt 0.957944 0.729725
vt 0.957944 0.654881
vt 0.962380 0.729725
vt 0.962380 0.654881
vt 0.966543 0.729725
vt 0.966543 0.654881
vt 0.970383 0.729725
vt 0.970383 0.654881
vt 0.166074 0.954256
vt 0.166074 0.879412
vt 0.169627 0.954256
vt 0.169627 0.879412
vt 0.173540 0.954256
vt 0.173540 0.879412
vt 0.177766 0.954256
vt 0.177766 0.879412
vt 0.182253 0.954256
vt 0.182253 0.879412
vt 0.186947 0.954256
vt 0.186947 0.879412
vt 0.191791 0.954256
vt 0.191791 0.879412
vt 0.196724 0.954256
vt 0.196724 0.879412
vt 0.201687 0.954256
vt 0.201687 0.879412
vt 0.206619 0.954256
vt 0.206619 0.879412
vt 0.211460 0.954256
vt 0.211460 0.879412
vt 0.216151 0.954256
vt 0.216151 0.879412
vt 0.220634 0.954256
vt 0.220634 0.879412
vt 0.224855 0.954256
vt 0.224855 0.879412
vt 0.228762 0.954256
vt 0.228762 0.879412
vt 0.232308 0.954256
vt 0.232308 0.879412
vt 0.927480 0.381702
vt 0.927480 0.306859
vt 0.931320 0.381702
vt 0.931320 0.306859
vt 0.935483 0.381702
vt 0.935483 0.306859
vt 0.939919 0.381702
vt 0.939919 0.306859
vt 0.972626 0.954256
vt 0.972626 0.729725
vt 0.984649 0.954256
vt 0.984649 0.729725
vt 0.971299 0.381702
vt 0.971299 0.157172
vt 0.988138 0.381702
vt 0.988138 0.157172
vt 0.984649 0.954256
vt 0.984649 0.729725
vt 0.996672 0.954256
vt 0.996672 0.729725
vt 0.967810 0.954256
vt 0.967810 0.879412
vt 0.972626 0.954256
vt 0.967810 0.804568
vt 0.967810 0.729725
vt 0.963156 0.729725
vt 0.963156 0.804569
vt 0.958720 0.729725
vt 0.958720 0.804569
vt 0.954557 0.729725
vt 0.954557 0.804569
vt 0.950717 0.729725
vt 0.950717 0.804569
vt 0.298541 0.729725
vt 0.298541 0.804568
vt 0.294988 0.729725
vt 0.294988 0.804568
vt 0.291074 0.729725
vt 0.291074 0.804568
vt 0.286847 0.729725
vt 0.286847 0.804568
vt 0.282359 0.729725
vt 0.282359 0.804569
vt 0.277665 0.729725
vt 0.277665 0.804569
vt 0.272821 0.729725
vt 0.272821 0.804569
vt 0.267888 0.729725
vt 0.267888 0.804569
vt 0.262925 0.729725
vt 0.262925 0.804569
vt 0.257993 0.729725
vt 0.257993 0.804569
vt 0.253152 0.729725
vt 0.253152 0.804569
vt 0.248462 0.729725
vt 0.248462 0.804569
vt 0.243979 0.729725
vt 0.243979 0.804568
vt 0.239759 0.729725
vt 0.239759 0.804568
vt 0.235852 0.729725
vt 0.235852 0.804568
vt 0.232308 0.729725
vt 0.232308 0.804568
vt 0.971299 0.157172
vt 0.971299 0.232015
vt 0.967459 0.157172
vt 0.967459 0.232015
vt 0.963296 0.157172
vt 0.963296 0.232015
vt 0.958860 0.157172
vt 0.958860 0.232015
vt 0.954206 0.157172
vt 0.954206 0.232015
vt 0.954206 0.306859
vt 0.954206 0.381702
vt 0.958860 0.381702
vt 0.958860 0.306859
vt 0.963296 0.381702
vt 0.963296 0.306859
vt 0.967459 0.381702
vt 0.967459 0.306859
vt 0.971299 0.381702
vt 0.971299 0.306859
vt 0.232308 0.954256
vt 0.232308 0.879412
vt 0.235852 0.954256
vt 0.235852 0.879412
vt 0.239759 0.954256
vt 0.239759 0.879412
vt 0.243979 0.954256
vt 0.243979 0.879412
vt 0.248462 0.954256
vt 0.248462 0.879412
vt 0.253152 0.954256
vt 0.253152 0.879412
vt 0.257993 0.954256
vt 0.257993 0.879412
vt 0.262925 0.954256
vt 0.262925 0.879412
vt 0.267888 0.954256
vt 0.267888 0.879412
vt 0.272821 0.954256
vt 0.272821 0.879412
vt 0.277665 0.954256
vt 0.277665 0.879412
vt 0.282359 0.954256
vt 0.282359 0.879412
vt 0.286847 0.954256
vt 0.286847 0.879412
vt 0.291074 0.954256
vt 0.291074 0.879412
vt 0.294988 0.954256
vt 0.294988 0.879412
vt 0.298541 0.954256
vt 0.298541 0.879412
vt 0.950717 0.954256
vt 0.950717 0.879412
vt 0.954557 0.954256
vt 0.954557 0.879412
vt 0.958720 0.954256
vt 0.958720 0.879412
vt 0.963156 0.954256
vt 0.963156 0.879412
vt 0.197253 0.642086
vt 0.248577 0.729725
vt 0.200986 0.642649
vt 0.204762 0.642649
vt 0.177614 0.617459
vt 0.177896 0.621224
vt 0.178737 0.624905
vt 0.248577 0.505194
vt 0.197253 0.592833
vt 0.193646 0.593946
vt 0.190244 0.595584
vt 0.228134 0.617459
vt 0.227852 0.613695
vt 0.227012 0.610014
vt 0.225632 0.606500
vt 0.223745 0.603230
vt 0.221391 0.600278
vt 0.218623 0.597711
vt 0.215504 0.595584
vt 0.212102 0.593946
vt 0.208495 0.592833
vt 0.204762 0.592270
vt 0.200986 0.592270
vt 0.187125 0.597711
vt 0.184357 0.600278
vt 0.182003 0.603230
vt 0.180116 0.606500
vt 0.178737 0.610014
vt 0.177896 0.613695
vt 0.180116 0.628419
vt 0.182003 0.631689
vt 0.184357 0.634640
vt 0.187125 0.637208
vt 0.190244 0.639335
vt 0.193646 0.640973
vt 0.208495 0.642086
vt 0.212102 0.640973
vt 0.215504 0.639335
vt 0.218623 0.637208
vt 0.221391 0.634640
vt 0.223745 0.631689
vt 0.225632 0.628419
vt 0.227012 0.624905
vt 0.227852 0.621224
vt 0.785914 0.729725
vt 0.785914 0.505194
vt 0.889759 0.729725
vt 0.889759 0.505194
vt 0.120685 0.223896
vt 0.126072 0.222806
vt 0.120685 0.235757
vt 0.131327 0.221195
vt 0.136398 0.219078
vt 0.136157 0.388585
vt 0.141239 0.216475
vt 0.140264 0.391499
vt 0.145801 0.213412
vt 0.144019 0.394855
vt 0.150042 0.209916
vt 0.147374 0.398610
vt 0.153921 0.206023
vt 0.150289 0.402717
vt 0.157401 0.201769
vt 0.152725 0.407124
vt 0.160448 0.197196
vt 0.154652 0.411777
vt 0.163033 0.192346
vt 0.156046 0.416616
vt 0.165132 0.187266
vt 0.224531 0.505194
vt 0.166724 0.182006
vt 0.167793 0.176615
vt 0.224531 0.000000
vt 0.168331 0.171146
vt 0.168331 0.165650
vt 0.167793 0.160181
vt 0.166724 0.154790
vt 0.165132 0.149530
vt 0.163033 0.144450
vt 0.160448 0.139600
vt 0.157401 0.135027
vt 0.153921 0.130773
vt 0.150042 0.126880
vt 0.120685 0.000000
vt 0.145801 0.123384
vt 0.141239 0.120321
vt 0.136398 0.117718
vt 0.131327 0.115601
vt 0.126072 0.113990
vt 0.120685 0.112900
vt 0.000000 0.505194
vt 0.112265 0.471514
vt 0.117293 0.471232
vt 0.122258 0.470389
vt 0.000000 0.000000
vt 0.056737 0.176615
vt 0.057807 0.182006
vt 0.059399 0.187266
vt 0.103846 0.000000
vt 0.074488 0.126880
vt 0.070609 0.130773
vt 0.067130 0.135027
vt 0.103846 0.112900
vt 0.098459 0.113990
vt 0.093204 0.115601
vt 0.088133 0.117718
vt 0.083292 0.120321
vt 0.078730 0.123384
vt 0.064083 0.139600
vt 0.061497 0.144450
vt 0.059399 0.149530
vt 0.057807 0.154790
vt 0.056737 0.160181
vt 0.056200 0.165650
vt 0.056200 0.171146
vt 0.068485 0.416616
vt 0.061497 0.192346
vt 0.069879 0.411777
vt 0.064083 0.197196
vt 0.071806 0.407124
vt 0.067130 0.201769
vt 0.074242 0.402717
vt 0.070609 0.206023
vt 0.077156 0.398610
vt 0.074488 0.209916
vt 0.080512 0.394855
vt 0.078730 0.213412
vt 0.084267 0.391499
vt 0.083292 0.216475
vt 0.088374 0.388585
vt 0.088133 0.219078
vt 0.103846 0.235757
vt 0.093204 0.221195
vt 0.098459 0.222806
vt 0.103846 0.223896
vt 0.112265 0.381702
vt 0.107238 0.381985
vt 0.102273 0.382828
vt 0.067642 0.421580
vt 0.067359 0.426608
vt 0.067642 0.431636
vt 0.068485 0.436601
vt 0.069879 0.441440
vt 0.071806 0.446092
vt 0.074242 0.450500
vt 0.077156 0.454607
vt 0.080512 0.458362
vt 0.084267 0.461717
vt 0.088374 0.464631
vt 0.092781 0.467067
vt 0.097434 0.468994
vt 0.102273 0.470389
vt 0.107238 0.471232
vt 0.127097 0.468994
vt 0.131749 0.467067
vt 0.136157 0.464631
vt 0.140264 0.461717
vt 0.144019 0.458362
vt 0.147375 0.454607
vt 0.150289 0.450500
vt 0.152725 0.446092
vt 0.154652 0.441440
vt 0.156046 0.436601
vt 0.156889 0.431636
vt 0.157172 0.426608
vt 0.156889 0.421580
vt 0.131749 0.386149
vt 0.127097 0.384222
vt 0.122258 0.382828
vt 0.117293 0.381985
vt 0.097434 0.384222
vt 0.092781 0.386149
vt 0.673593 0.000000
vt 0.561327 0.022453
vt 0.449062 -0.000000
vt 0.556299 0.022735
vt 0.551335 0.023579
vt 0.673593 0.505194
vt 0.605617 0.329382
vt 0.604528 0.324540
vt 0.603713 0.082191
vt 0.602912 0.319847
vt 0.601786 0.086843
vt 0.600788 0.315362
vt 0.599350 0.091251
vt 0.598182 0.311139
vt 0.596436 0.095358
vt 0.595125 0.307228
vt 0.593081 0.099113
vt 0.591656 0.303679
vt 0.589326 0.102468
vt 0.587816 0.300535
vt 0.585219 0.105382
vt 0.583653 0.297833
vt 0.569747 0.280663
vt 0.579217 0.295607
vt 0.574563 0.293885
vt 0.569747 0.505194
vt 0.595125 0.366364
vt 0.598182 0.362453
vt 0.600788 0.358230
vt 0.569747 0.380906
vt 0.574563 0.379707
vt 0.579217 0.377985
vt 0.583653 0.375759
vt 0.587816 0.373057
vt 0.591656 0.369913
vt 0.602912 0.353745
vt 0.604528 0.349052
vt 0.605617 0.344210
vt 0.606165 0.339277
vt 0.606165 0.334315
vt 0.569747 0.292686
vt 0.552907 0.280663
vt 0.561327 0.112265
vt 0.566355 0.111983
vt 0.571320 0.111139
vt 0.552907 0.292686
vt 0.548091 0.293885
vt 0.543437 0.295607
vt 0.539001 0.297833
vt 0.537436 0.105382
vt 0.534838 0.300535
vt 0.533329 0.102468
vt 0.530998 0.303679
vt 0.529574 0.099113
vt 0.527529 0.307228
vt 0.526218 0.095358
vt 0.524473 0.311139
vt 0.523304 0.091251
vt 0.521866 0.315362
vt 0.520868 0.086843
vt 0.519742 0.319847
vt 0.518941 0.082191
vt 0.518126 0.324540
vt 0.517037 0.329382
vt 0.449062 0.505194
vt 0.516490 0.334315
vt 0.516490 0.339277
vt 0.517037 0.344210
vt 0.518126 0.349052
vt 0.519742 0.353745
vt 0.521866 0.358230
vt 0.524473 0.362453
vt 0.527529 0.366364
vt 0.552907 0.505194
vt 0.530998 0.369913
vt 0.534838 0.373057
vt 0.539001 0.375759
vt 0.543437 0.377985
vt 0.548091 0.379707
vt 0.552907 0.380906
vt 0.516703 0.062331
vt 0.516421 0.067359
vt 0.516703 0.072387
vt 0.517547 0.077352
vt 0.541843 0.107818
vt 0.546496 0.109745
vt 0.551335 0.111139
vt 0.556299 0.111983
vt 0.576159 0.109745
vt 0.580811 0.107818
vt 0.605107 0.077352
vt 0.605951 0.072387
vt 0.606233 0.067359
vt 0.605951 0.062331
vt 0.605107 0.057367
vt 0.603713 0.052528
vt 0.601786 0.047875
vt 0.599350 0.043468
vt 0.596436 0.039361
vt 0.593081 0.035606
vt 0.589326 0.032250
vt 0.585219 0.029336
vt 0.580811 0.026900
vt 0.576159 0.024973
vt 0.571320 0.023579
vt 0.566355 0.022735
vt 0.546496 0.024973
vt 0.541843 0.026900
vt 0.537436 0.029336
vt 0.533329 0.032250
vt 0.529574 0.035606
vt 0.526218 0.039361
vt 0.523304 0.043468
vt 0.520868 0.047875
vt 0.518941 0.052528
vt 0.517547 0.057367
vt 0.673593 0.505194
vt 0.785858 0.460288
vt 0.898123 0.505194
vt 0.789370 0.460011
vt 0.792796 0.459189
vt 0.673593 0.000000
vt 0.741568 0.175812
vt 0.742657 0.180654
vt 0.744273 0.185346
vt 0.777438 0.000000
vt 0.752060 0.138830
vt 0.749003 0.142741
vt 0.746397 0.146964
vt 0.777438 0.124288
vt 0.772622 0.125487
vt 0.767968 0.127209
vt 0.763532 0.129435
vt 0.759369 0.132137
vt 0.755529 0.135281
vt 0.744273 0.151449
vt 0.742657 0.156142
vt 0.741568 0.160984
vt 0.741020 0.165916
vt 0.741020 0.170879
vt 0.746397 0.189832
vt 0.764504 0.430896
vt 0.763681 0.434322
vt 0.749003 0.194055
vt 0.765852 0.427641
vt 0.752060 0.197966
vt 0.755529 0.201515
vt 0.767693 0.424637
vt 0.759369 0.204659
vt 0.769981 0.421958
vt 0.777438 0.224531
vt 0.772660 0.419670
vt 0.775664 0.417829
vt 0.778920 0.416481
vt 0.782345 0.415658
vt 0.785858 0.415382
vt 0.794278 0.224531
vt 0.789370 0.415658
vt 0.792796 0.416481
vt 0.796051 0.417829
vt 0.799056 0.419670
vt 0.801735 0.421958
vt 0.812347 0.204659
vt 0.804023 0.424637
vt 0.816187 0.201515
vt 0.805864 0.427641
vt 0.819656 0.197966
vt 0.822712 0.194055
vt 0.763532 0.207361
vt 0.767968 0.209587
vt 0.772622 0.211309
vt 0.777438 0.212508
vt 0.794278 0.212508
vt 0.799094 0.211309
vt 0.803748 0.209587
vt 0.808184 0.207361
vt 0.807212 0.430896
vt 0.825319 0.189832
vt 0.827443 0.185346
vt 0.829059 0.180654
vt 0.830148 0.175812
vt 0.898123 -0.000000
vt 0.830695 0.170879
vt 0.830695 0.165916
vt 0.830148 0.160984
vt 0.829059 0.156142
vt 0.827443 0.151449
vt 0.825319 0.146964
vt 0.822712 0.142741
vt 0.819656 0.138830
vt 0.794278 -0.000000
vt 0.816187 0.135281
vt 0.812347 0.132137
vt 0.808184 0.129435
vt 0.803748 0.127209
vt 0.799094 0.125487
vt 0.794278 0.124288
vt 0.763405 0.437835
vt 0.763681 0.441347
vt 0.764504 0.444773
vt 0.765852 0.448028
vt 0.767693 0.451032
vt 0.769981 0.453711
vt 0.772660 0.456000
vt 0.775664 0.457841
vt 0.778920 0.459189
vt 0.782345 0.460011
vt 0.796051 0.457840
vt 0.799056 0.456000
vt 0.801735 0.453711
vt 0.804023 0.451032
vt 0.805864 0.448028
vt 0.807212 0.444773
vt 0.808035 0.441347
vt 0.808311 0.437835
vt 0.808035 0.434322
vt 0.474377 0.505194
vt 0.412639 0.592833
vt 0.361477 0.505194
vt 0.408906 0.592270
vt 0.405131 0.592270
vt 0.474377 0.729725
vt 0.432278 0.617459
vt 0.431996 0.613695
vt 0.431156 0.610014
vt 0.361477 0.729725
vt 0.412639 0.642086
vt 0.416247 0.640973
vt 0.419648 0.639335
vt 0.381759 0.617459
vt 0.382041 0.621224
vt 0.382881 0.624905
vt 0.384260 0.628419
vt 0.386148 0.631689
vt 0.388502 0.634640
vt 0.391269 0.637208
vt 0.394388 0.639335
vt 0.397790 0.640973
vt 0.401397 0.642086
vt 0.405131 0.642649
vt 0.408906 0.642649
vt 0.422767 0.637208
vt 0.425535 0.634640
vt 0.427889 0.631689
vt 0.429776 0.628419
vt 0.431156 0.624905
vt 0.431996 0.621224
vt 0.429776 0.606500
vt 0.427889 0.603230
vt 0.425535 0.600278
vt 0.422767 0.597711
vt 0.419648 0.595584
vt 0.416247 0.593946
vt 0.401397 0.592833
vt 0.397790 0.593946
vt 0.394388 0.595584
vt 0.391269 0.597711
vt 0.388502 0.600278
vt 0.386148 0.603230
vt 0.384260 0.606500
vt 0.382881 0.610014
vt 0.382041 0.613695
vt 0.927480 0.224531
vt 0.927480 0.449062
vt 0.922093 0.336796
vt 0.922093 0.449062
vt 0.916839 0.336796
vt 0.916839 0.449062
vt 0.911767 0.336796
vt 0.911767 0.449062
vt 0.906927 0.336796
vt 0.906927 0.449062
vt 0.902364 0.336796
vt 0.902364 0.449062
vt 0.898123 0.336796
vt 0.898123 0.449062
vt 0.083037 0.841990
vt 0.083037 0.729725
vt 0.086926 0.841990
vt 0.086926 0.729725
vt 0.091175 0.841990
vt 0.091175 0.729725
vt 0.095745 0.841990
vt 0.095745 0.729725
vt 0.100591 0.841990
vt 0.100591 0.729725
vt 0.105668 0.841990
vt 0.105668 0.729725
vt 0.110926 0.841990
vt 0.110926 0.729725
vt 0.116315 0.841990
vt 0.116315 0.729725
vt 0.121784 0.841990
vt 0.121784 0.729725
vt 0.127280 0.841990
vt 0.127280 0.729725
vt 0.132750 0.841990
vt 0.132750 0.729725
vt 0.138142 0.841990
vt 0.138142 0.729725
vt 0.143404 0.841990
vt 0.143404 0.729725
vt 0.148487 0.841990
vt 0.148487 0.729725
vt 0.153340 0.841990
vt 0.153340 0.729725
vt 0.157918 0.841990
vt 0.157918 0.729725
vt 0.162176 0.841990
vt 0.162176 0.729725
vt 0.166074 0.841990
vt 0.166074 0.729725
vt 0.919116 0.617459
vt 0.919116 0.505194
vt 0.923358 0.617459
vt 0.923358 0.505194
vt 0.927920 0.617459
vt 0.927920 0.505194
vt 0.932761 0.617459
vt 0.932761 0.505194
vt 0.937832 0.617459
vt 0.937832 0.505194
vt 0.943087 0.617459
vt 0.943087 0.505194
vt 0.948473 0.505194
vt 0.948473 0.729725
vt 0.943087 0.729725
vt 0.937832 0.729725
vt 0.932761 0.729725
vt 0.927920 0.729725
vt 0.923358 0.729725
vt 0.919116 0.729725
vt 0.162176 0.954256
vt 0.157918 0.954256
vt 0.153340 0.954256
vt 0.148487 0.954256
vt 0.143404 0.954256
vt 0.138142 0.954256
vt 0.132750 0.954256
vt 0.127280 0.954256
vt 0.121784 0.954256
vt 0.116315 0.954256
vt 0.110926 0.954256
vt 0.105668 0.954256
vt 0.100591 0.954256
vt 0.095745 0.954256
vt 0.091175 0.954256
vt 0.086926 0.954256
vt 0.083037 0.954256
vt 0.898123 0.224531
vt 0.902364 0.224531
vt 0.906927 0.224531
vt 0.911767 0.224531
vt 0.916839 0.224531
vt 0.922093 0.224531
vt 0.988138 0.157172
vt 1.000000 0.157172
vt 1.000000 0.381702
vt 0.987222 0.729725
vt 0.987222 0.505194
vt 0.970383 0.505194
vt 0.999084 0.729725
vt 0.987222 0.729725
vt 0.999084 0.505194
vt 0.987222 0.505194
vt 0.889759 0.729725
vt 0.889759 0.505194
vt 0.895146 0.617459
vt 0.895146 0.505194
vt 0.900401 0.617459
vt 0.900401 0.505194
vt 0.905472 0.617459
vt 0.905472 0.505194
vt 0.910313 0.617459
vt 0.910313 0.505194
vt 0.914875 0.617459
vt 0.914875 0.505194
vt 0.083037 0.841990
vt 0.083037 0.954256
vt 0.079140 0.841990
vt 0.079140 0.954256
vt 0.074882 0.841990
vt 0.074882 0.954256
vt 0.070305 0.841990
vt 0.070305 0.954256
vt 0.065453 0.841990
vt 0.065453 0.954256
vt 0.060371 0.841990
vt 0.060371 0.954256
vt 0.055109 0.841990
vt 0.055109 0.954256
vt 0.049718 0.841990
vt 0.049717 0.954256
vt 0.044248 0.841990
vt 0.044247 0.954256
vt 0.038752 0.841990
vt 0.038752 0.954256
vt 0.033283 0.841990
vt 0.033283 0.954256
vt 0.027893 0.841990
vt 0.027893 0.954256
vt 0.022635 0.841990
vt 0.022634 0.954256
vt 0.017558 0.841990
vt 0.017557 0.954256
vt 0.012710 0.841990
vt 0.012710 0.954256
vt 0.008140 0.841990
vt 0.008139 0.954256
vt 0.003889 0.841990
vt 0.003889 0.954256
vt 0.000000 0.841990
vt 0.000000 0.954256
vt 0.927480 0.112265
vt 0.927480 0.224531
vt 0.923239 0.112265
vt 0.923239 0.224531
vt 0.918677 0.112265
vt 0.918677 0.224531
vt 0.913836 0.112265
vt 0.913836 0.224531
vt 0.908764 0.112265
vt 0.908764 0.224531
vt 0.903510 0.112265
vt 0.903510 0.224531
vt 0.898123 0.224531
vt 0.898123 0.000000
vt 0.903510 0.000000
vt 0.908764 0.000000
vt 0.913836 0.000000
vt 0.918677 0.000000
vt 0.923239 0.000000
vt 0.927480 0.000000
vt 0.000001 0.729725
vt 0.003890 0.729725
vt 0.008140 0.729725
vt 0.012711 0.729725
vt 0.017558 0.729725
vt 0.022635 0.729725
vt 0.027894 0.729725
vt 0.033283 0.729725
vt 0.038752 0.729725
vt 0.044248 0.729725
vt 0.049718 0.729725
vt 0.055110 0.729725
vt 0.060372 0.729725
vt 0.065453 0.729725
vt 0.070306 0.729725
vt 0.074883 0.729725
vt 0.079140 0.729725
vt 0.083037 0.729725
vt 0.919116 0.729725
vt 0.914875 0.729725
vt 0.910313 0.729725
vt 0.905472 0.729725
vt 0.900401 0.729725
vt 0.895146 0.729725
vt 0.297630 0.639636
vt 0.361477 0.729725
vt 0.301056 0.638814
vt 0.304311 0.637465
vt 0.248577 0.505194
vt 0.271665 0.617459
vt 0.271941 0.620972
vt 0.272764 0.624398
vt 0.361477 0.505194
vt 0.297630 0.595283
vt 0.294118 0.595006
vt 0.290605 0.595283
vt 0.316571 0.617459
vt 0.316294 0.613947
vt 0.315472 0.610521
vt 0.287179 0.596105
vt 0.283924 0.597454
vt 0.280920 0.599295
vt 0.278241 0.601583
vt 0.275953 0.604262
vt 0.274112 0.607266
vt 0.272764 0.610521
vt 0.271941 0.613947
vt 0.274112 0.627653
vt 0.275953 0.630657
vt 0.278241 0.633336
vt 0.280920 0.635624
vt 0.283924 0.637465
vt 0.287179 0.638814
vt 0.290605 0.639636
vt 0.294118 0.639913
vt 0.307315 0.635624
vt 0.309995 0.633336
vt 0.312283 0.630657
vt 0.314124 0.627653
vt 0.315472 0.624398
vt 0.316294 0.620972
vt 0.314124 0.607266
vt 0.312283 0.604262
vt 0.309995 0.601583
vt 0.307315 0.599295
vt 0.304311 0.597454
vt 0.301056 0.596105
vt 0.600697 0.926522
vt 0.598819 0.983216
vt 0.596931 0.926522
vt 0.595044 0.983216
vt 0.593167 0.926522
vt 0.591311 0.983216
vt 0.589487 0.926522
vt 0.587705 0.983216
vt 0.585974 0.926522
vt 0.584305 0.983216
vt 0.582707 0.926522
vt 0.581188 0.983216
vt 0.579757 0.926522
vt 0.578423 0.983216
vt 0.631202 0.983190
vt 0.632538 0.926497
vt 0.633970 0.983191
vt 0.635490 0.926497
vt 0.637089 0.983191
vt 0.638759 0.926497
vt 0.640490 0.983191
vt 0.642273 0.926497
vt 0.644098 0.983191
vt 0.645954 0.926497
vt 0.647831 0.983191
vt 0.649719 0.926497
vt 0.651607 0.983191
vt 0.653484 0.926497
vt 0.655340 0.983191
vt 0.657164 0.926497
vt 0.658947 0.983191
vt 0.660679 0.926497
vt 0.662349 0.983191
vt 0.663948 0.926497
vt 0.665468 0.983191
vt 0.666900 0.926497
vt 0.668235 0.983190
vt 0.299875 0.994310
vt 0.298541 0.937616
vt 0.301305 0.937616
vt 0.302823 0.994310
vt 0.304422 0.937616
vt 0.306091 0.994310
vt 0.307821 0.937616
vt 0.309603 0.994310
vt 0.311427 0.937616
vt 0.313283 0.994310
vt 0.315159 0.937616
vt 0.317047 0.994310
vt 0.318935 0.937616
vt 0.320812 0.994310
vt 0.322669 0.937616
vt 0.324494 0.994310
vt 0.326278 0.937616
vt 0.328010 0.994310
vt 0.329681 0.937616
vt 0.331282 0.994310
vt 0.332803 0.937616
vt 0.334237 0.994310
vt 0.335574 0.937616
vt 0.705269 0.926497
vt 0.703933 0.983191
vt 0.702501 0.926497
vt 0.700981 0.983191
vt 0.699382 0.926497
vt 0.697712 0.983191
vt 0.695981 0.926497
vt 0.694198 0.983191
vt 0.692373 0.926497
vt 0.690517 0.983191
vt 0.688640 0.926497
vt 0.686752 0.983191
vt 0.684865 0.926497
vt 0.682987 0.983191
vt 0.681131 0.926497
vt 0.679307 0.983191
vt 0.677524 0.926497
vt 0.675792 0.983191
vt 0.674122 0.926497
vt 0.672523 0.983191
vt 0.671003 0.926497
vt 0.669571 0.983191
vt 0.668235 0.926497
vt 0.614119 0.926522
vt 0.615456 0.983216
vt 0.612686 0.983216
vt 0.611165 0.926522
vt 0.609565 0.983216
vt 0.607894 0.926522
vt 0.606162 0.983216
vt 0.604378 0.926522
vt 0.602553 0.983216
vt 0.355808 0.817711
vt 0.350898 0.818832
vt 0.347608 0.799463
vt 0.345894 0.819396
vt 0.343849 0.799816
vt 0.340859 0.819396
vt 0.340079 0.799604
vt 0.335854 0.818832
vt 0.336384 0.798833
vt 0.330945 0.817711
vt 0.326192 0.816048
vt 0.332844 0.797520
vt 0.321654 0.813863
vt 0.329540 0.795693
vt 0.317391 0.811184
vt 0.326545 0.793395
vt 0.313453 0.808044
vt 0.309893 0.804483
vt 0.323926 0.790676
vt 0.306753 0.800546
vt 0.321741 0.787597
vt 0.304074 0.796282
vt 0.320040 0.784227
vt 0.301889 0.791745
vt 0.300225 0.786992
vt 0.318859 0.780641
vt 0.299105 0.782082
vt 0.318227 0.776919
vt 0.298541 0.777078
vt 0.318156 0.773144
vt 0.298541 0.772042
vt 0.299105 0.767038
vt 0.318649 0.769401
vt 0.300225 0.762129
vt 0.319694 0.765773
vt 0.301889 0.757375
vt 0.321269 0.762342
vt 0.304074 0.752838
vt 0.306753 0.748574
vt 0.323337 0.759183
vt 0.309893 0.744637
vt 0.325852 0.756368
vt 0.313453 0.741076
vt 0.328759 0.753959
vt 0.317391 0.737937
vt 0.321654 0.735257
vt 0.331993 0.752011
vt 0.326192 0.733072
vt 0.335481 0.750566
vt 0.330945 0.731409
vt 0.339145 0.749658
vt 0.335854 0.730289
vt 0.340858 0.729725
vt 0.342904 0.749305
vt 0.345894 0.729725
vt 0.346673 0.749517
vt 0.350898 0.730289
vt 0.350369 0.750288
vt 0.355808 0.731409
vt 0.360561 0.733072
vt 0.353909 0.751601
vt 0.365098 0.735257
vt 0.357213 0.753427
vt 0.369362 0.737937
vt 0.360208 0.755726
vt 0.373299 0.741076
vt 0.376860 0.744637
vt 0.362827 0.758445
vt 0.380000 0.748574
vt 0.365012 0.761524
vt 0.382679 0.752838
vt 0.366713 0.764894
vt 0.384864 0.757375
vt 0.386528 0.762129
vt 0.367893 0.768480
vt 0.387648 0.767038
vt 0.368526 0.772202
vt 0.388212 0.772042
vt 0.368596 0.775977
vt 0.388212 0.777078
vt 0.387648 0.782082
vt 0.368104 0.779720
vt 0.386528 0.786992
vt 0.367058 0.783347
vt 0.384864 0.791745
vt 0.365484 0.786779
vt 0.382679 0.796282
vt 0.380000 0.800546
vt 0.363416 0.789937
vt 0.376860 0.804483
vt 0.360901 0.792753
vt 0.373299 0.808044
vt 0.357993 0.795161
vt 0.369362 0.811184
vt 0.365098 0.813863
vt 0.354760 0.797110
vt 0.360561 0.816048
vt 0.351272 0.798554
vt 0.588541 0.845071
vt 0.541390 0.845071
vt 0.588541 0.840043
vt 0.541390 0.840043
vt 0.588541 0.835015
vt 0.541390 0.835015
vt 0.588541 0.830050
vt 0.541390 0.830050
vt 0.588541 0.825209
vt 0.541390 0.825209
vt 0.588541 0.820555
vt 0.541390 0.820555
vt 0.588541 0.816145
vt 0.541390 0.816145
vt 0.588542 0.812035
vt 0.541390 0.812035
vt 0.588542 0.808276
vt 0.541390 0.808276
vt 0.682845 0.871783
vt 0.635693 0.871783
vt 0.682844 0.868028
vt 0.635693 0.868028
vt 0.682844 0.863921
vt 0.635693 0.863921
vt 0.682844 0.859514
vt 0.635693 0.859514
vt 0.682844 0.854861
vt 0.635693 0.854861
vt 0.682844 0.850022
vt 0.635693 0.850022
vt 0.682844 0.845057
vt 0.635693 0.845057
vt 0.682844 0.840030
vt 0.635693 0.840030
vt 0.682844 0.835002
vt 0.635693 0.835002
vt 0.682844 0.830037
vt 0.635693 0.830037
vt 0.682844 0.825198
vt 0.635693 0.825198
vt 0.682844 0.820546
vt 0.635693 0.820546
vt 0.682844 0.816138
vt 0.635693 0.816138
vt 0.682844 0.812031
vt 0.635693 0.812031
vt 0.682845 0.808276
vt 0.635693 0.808276
vt 0.345692 0.882903
vt 0.298541 0.882903
vt 0.345692 0.879143
vt 0.298541 0.879143
vt 0.345692 0.875033
vt 0.298541 0.875033
vt 0.345692 0.870622
vt 0.298541 0.870622
vt 0.345692 0.865967
vt 0.298541 0.865967
vt 0.345692 0.861126
vt 0.298541 0.861126
vt 0.345692 0.856160
vt 0.298541 0.856160
vt 0.345692 0.851132
vt 0.298541 0.851132
vt 0.345692 0.846104
vt 0.298541 0.846105
vt 0.345692 0.841141
vt 0.298541 0.841141
vt 0.345692 0.836304
vt 0.298541 0.836304
vt 0.345692 0.831654
vt 0.298541 0.831654
vt 0.345692 0.827250
vt 0.298541 0.827250
vt 0.345692 0.823146
vt 0.298541 0.823146
vt 0.345692 0.819396
vt 0.298541 0.819396
vt 0.729996 0.808276
vt 0.682845 0.812031
vt 0.729996 0.812031
vt 0.682845 0.816138
vt 0.729996 0.816138
vt 0.682845 0.820546
vt 0.729996 0.820546
vt 0.682845 0.825198
vt 0.729996 0.825198
vt 0.682845 0.830037
vt 0.729996 0.830037
vt 0.682845 0.835002
vt 0.729996 0.835002
vt 0.682845 0.840030
vt 0.729996 0.840030
vt 0.682845 0.845057
vt 0.729996 0.845057
vt 0.682845 0.850022
vt 0.729996 0.850022
vt 0.682845 0.854861
vt 0.729996 0.854861
vt 0.682845 0.859514
vt 0.729996 0.859514
vt 0.682845 0.863921
vt 0.729996 0.863921
vt 0.682845 0.868028
vt 0.729996 0.868028
vt 0.729996 0.871783
vt 0.588541 0.871783
vt 0.541390 0.871783
vt 0.588541 0.868032
vt 0.541390 0.868032
vt 0.588541 0.863928
vt 0.541390 0.863928
vt 0.588541 0.859523
vt 0.541390 0.859523
vt 0.588541 0.854872
vt 0.541390 0.854872
vt 0.588541 0.850035
vt 0.541390 0.850035
vt 0.048867 0.635381
vt 0.045707 0.635658
vt 0.470587 0.824911
vt 0.467877 0.821631
vt 0.470587 0.819396
vt 0.051931 0.634560
vt 0.054806 0.633220
vt 0.057404 0.631400
vt 0.059647 0.629157
vt 0.061467 0.626559
vt 0.062807 0.623684
vt 0.063629 0.620620
vt 0.063905 0.617459
vt 0.781403 0.813793
vt 0.781403 0.808276
vt 0.784111 0.811557
vt 0.786820 0.809321
vt 0.063629 0.614299
vt 0.062807 0.611235
vt 0.061467 0.608360
vt 0.059647 0.605762
vt 0.057404 0.603519
vt 0.054806 0.601699
vt 0.051931 0.600359
vt 0.048867 0.599538
vt 0.045707 0.599261
vt 0.786820 0.819556
vt 0.786825 0.815301
vt 0.790333 0.819556
vt 0.042547 0.599538
vt 0.039483 0.600359
vt 0.036608 0.601699
vt 0.034009 0.603519
vt 0.031766 0.605762
vt 0.029947 0.608360
vt 0.028606 0.611235
vt 0.027785 0.614299
vt 0.027509 0.617459
vt 0.027785 0.620620
vt 0.028606 0.623684
vt 0.029947 0.626559
vt 0.031766 0.629157
vt 0.034009 0.631400
vt 0.036608 0.633220
vt 0.039483 0.634560
vt 0.042547 0.635381
vt 0.377621 0.978239
vt 0.377622 0.930571
vt 0.380781 0.978239
vt 0.380781 0.930571
vt 0.383942 0.978239
vt 0.383942 0.930571
vt 0.387006 0.978239
vt 0.387007 0.930571
vt 0.389883 0.978239
vt 0.389883 0.930571
vt 0.392483 0.978239
vt 0.392483 0.930571
vt 0.394729 0.978239
vt 0.394729 0.930571
vt 0.978757 0.381702
vt 0.978757 0.429370
vt 0.976158 0.381702
vt 0.976158 0.429370
vt 0.973283 0.381702
vt 0.973283 0.429370
vt 0.970219 0.381702
vt 0.970219 0.429370
vt 0.967059 0.381702
vt 0.967059 0.429370
vt 0.963899 0.381702
vt 0.963899 0.429370
vt 0.960835 0.381702
vt 0.960835 0.429370
vt 0.957960 0.381702
vt 0.957960 0.429370
vt 0.955362 0.381702
vt 0.955362 0.429370
vt 0.791562 0.871783
vt 0.791562 0.919451
vt 0.789316 0.871783
vt 0.789316 0.919451
vt 0.786715 0.871783
vt 0.786715 0.919451
vt 0.783838 0.871783
vt 0.783838 0.919451
vt 0.780773 0.871783
vt 0.780773 0.919451
vt 0.777613 0.871783
vt 0.777613 0.919451
vt 0.774453 0.871783
vt 0.774453 0.919451
vt 0.771390 0.871783
vt 0.771390 0.919451
vt 0.768517 0.871783
vt 0.768517 0.919451
vt 0.765921 0.871783
vt 0.765921 0.919451
vt 0.439995 0.914732
vt 0.439995 0.867064
vt 0.442238 0.914732
vt 0.442238 0.867064
vt 0.444837 0.914732
vt 0.444837 0.867064
vt 0.447712 0.914732
vt 0.447712 0.867064
vt 0.450776 0.914732
vt 0.450776 0.867064
vt 0.453936 0.914732
vt 0.453936 0.867064
vt 0.457096 0.914732
vt 0.457096 0.867064
vt 0.460160 0.914732
vt 0.460160 0.867064
vt 0.463035 0.914732
vt 0.463035 0.867064
vt 0.465634 0.914732
vt 0.465634 0.867064
vt 0.467877 0.914732
vt 0.467877 0.867064
vt 0.369088 0.978239
vt 0.369088 0.930571
vt 0.371685 0.978239
vt 0.371685 0.930571
vt 0.374558 0.978239
vt 0.374558 0.930571
vt 0.383942 0.882903
vt 0.380781 0.882903
vt 0.377622 0.882903
vt 0.374558 0.882903
vt 0.371685 0.882903
vt 0.369088 0.882903
vt 0.467877 0.819396
vt 0.465634 0.819396
vt 0.463035 0.819396
vt 0.460160 0.819396
vt 0.457096 0.819396
vt 0.453936 0.819396
vt 0.450776 0.819396
vt 0.447712 0.819396
vt 0.444837 0.819396
vt 0.442238 0.819396
vt 0.439995 0.819396
vt 0.765921 0.967119
vt 0.768517 0.967119
vt 0.771390 0.967119
vt 0.774453 0.967119
vt 0.777613 0.967119
vt 0.780773 0.967119
vt 0.783838 0.967119
vt 0.786715 0.967119
vt 0.789316 0.967119
vt 0.791562 0.967119
vt 0.955362 0.477038
vt 0.957960 0.477038
vt 0.960835 0.477038
vt 0.963899 0.477038
vt 0.967059 0.477038
vt 0.970219 0.477038
vt 0.973283 0.477038
vt 0.976158 0.477038
vt 0.978757 0.477038
vt 0.394729 0.882903
vt 0.392483 0.882903
vt 0.389883 0.882903
vt 0.387007 0.882903
vt 0.354995 0.426613
vt 0.470587 0.819396
vt 0.473294 0.822678
vt 0.470587 0.824916
vt 0.354718 0.429774
vt 0.353897 0.432838
vt 0.352556 0.435713
vt 0.350737 0.438311
vt 0.348494 0.440554
vt 0.345895 0.442374
vt 0.343020 0.443714
vt 0.339956 0.444535
vt 0.336796 0.444812
vt 0.786820 0.819311
vt 0.781403 0.818266
vt 0.784111 0.816030
vt 0.786820 0.813794
vt 0.333636 0.444535
vt 0.330572 0.443714
vt 0.327697 0.442374
vt 0.325099 0.440554
vt 0.322856 0.438311
vt 0.321036 0.435713
vt 0.319696 0.432838
vt 0.318875 0.429774
vt 0.318598 0.426613
vt 0.777148 0.815301
vt 0.779858 0.818581
vt 0.777148 0.820815
vt 0.318875 0.423453
vt 0.319696 0.420389
vt 0.321036 0.417514
vt 0.322856 0.414916
vt 0.325099 0.412673
vt 0.327697 0.410853
vt 0.330572 0.409513
vt 0.333636 0.408692
vt 0.336796 0.408415
vt 0.339956 0.408692
vt 0.343020 0.409513
vt 0.345895 0.410853
vt 0.348494 0.412673
vt 0.350737 0.414916
vt 0.352556 0.417514
vt 0.353897 0.420389
vt 0.354718 0.423453
vt 0.767660 0.437829
vt 0.784113 0.819311
vt 0.786820 0.822594
vt 0.784113 0.824831
vt 0.767936 0.434669
vt 0.768757 0.431605
vt 0.770098 0.428730
vt 0.771917 0.426132
vt 0.774160 0.423888
vt 0.776759 0.422069
vt 0.779634 0.420728
vt 0.782698 0.419907
vt 0.785858 0.419631
vt 0.791075 0.811789
vt 0.786820 0.815301
vt 0.786820 0.811789
vt 0.786820 0.808276
vt 0.789018 0.419907
vt 0.792082 0.420728
vt 0.794957 0.422069
vt 0.797556 0.423888
vt 0.799799 0.426132
vt 0.801618 0.428730
vt 0.802959 0.431605
vt 0.803780 0.434669
vt 0.804056 0.437829
vt 0.476002 0.819396
vt 0.476002 0.824916
vt 0.473294 0.822678
vt 0.803780 0.440989
vt 0.802959 0.444053
vt 0.801618 0.446928
vt 0.799799 0.449527
vt 0.797556 0.451770
vt 0.794957 0.453589
vt 0.792082 0.454930
vt 0.789018 0.455751
vt 0.785858 0.456027
vt 0.782698 0.455751
vt 0.779634 0.454930
vt 0.776759 0.453589
vt 0.774160 0.451770
vt 0.771917 0.449527
vt 0.770098 0.446928
vt 0.768757 0.444053
vt 0.767936 0.440989
vt 0.351980 0.978239
vt 0.351980 0.930571
vt 0.355139 0.978239
vt 0.355139 0.930571
vt 0.358300 0.978239
vt 0.358300 0.930571
vt 0.361365 0.978239
vt 0.361365 0.930571
vt 0.364242 0.978239
vt 0.364242 0.930571
vt 0.366842 0.978239
vt 0.366842 0.930571
vt 0.369088 0.978239
vt 0.369088 0.930571
vt 0.872781 0.982232
vt 0.872781 0.934564
vt 0.875380 0.982232
vt 0.875380 0.934564
vt 0.878255 0.982232
vt 0.878255 0.934564
vt 0.881319 0.982232
vt 0.881319 0.934564
vt 0.884479 0.982232
vt 0.884479 0.934564
vt 0.887639 0.982232
vt 0.887639 0.934564
vt 0.890703 0.982232
vt 0.890703 0.934564
vt 0.893578 0.982232
vt 0.893578 0.934564
vt 0.896176 0.982232
vt 0.896176 0.934564
vt 0.394729 0.978239
vt 0.394729 0.930571
vt 0.396974 0.978239
vt 0.396974 0.930571
vt 0.399574 0.978239
vt 0.399574 0.930571
vt 0.402451 0.978239
vt 0.402451 0.930571
vt 0.405515 0.978239
vt 0.405515 0.930571
vt 0.408676 0.978239
vt 0.408676 0.930571
vt 0.411836 0.978239
vt 0.411836 0.930571
vt 0.414899 0.978239
vt 0.414899 0.930571
vt 0.417773 0.978239
vt 0.417773 0.930571
vt 0.420369 0.978239
vt 0.420369 0.930571
vt 0.927480 0.477038
vt 0.927480 0.429370
vt 0.929724 0.477038
vt 0.929724 0.429370
vt 0.932322 0.477038
vt 0.932322 0.429370
vt 0.935197 0.477038
vt 0.935197 0.429370
vt 0.938261 0.477038
vt 0.938261 0.429370
vt 0.941421 0.477038
vt 0.941421 0.429370
vt 0.944581 0.477038
vt 0.944581 0.429370
vt 0.947645 0.477038
vt 0.947645 0.429370
vt 0.950520 0.477038
vt 0.950520 0.429370
vt 0.953119 0.477038
vt 0.953119 0.429370
vt 0.955362 0.477038
vt 0.955362 0.429370
vt 0.343447 0.978239
vt 0.343447 0.930571
vt 0.346043 0.978239
vt 0.346043 0.930571
vt 0.348917 0.978239
vt 0.348917 0.930571
vt 0.358300 0.882903
vt 0.355139 0.882903
vt 0.351980 0.882903
vt 0.348917 0.882903
vt 0.346043 0.882903
vt 0.343447 0.882903
vt 0.955362 0.381702
vt 0.953119 0.381702
vt 0.950520 0.381702
vt 0.947645 0.381702
vt 0.944581 0.381702
vt 0.941421 0.381702
vt 0.938261 0.381702
vt 0.935197 0.381702
vt 0.932322 0.381702
vt 0.929724 0.381702
vt 0.420369 0.882903
vt 0.417773 0.882903
vt 0.414899 0.882903
vt 0.411836 0.882903
vt 0.408676 0.882903
vt 0.405515 0.882903
vt 0.402451 0.882903
vt 0.399574 0.882903
vt 0.396974 0.882903
vt 0.394729 0.882903
vt 0.896176 0.886896
vt 0.893578 0.886896
vt 0.890703 0.886896
vt 0.887639 0.886896
vt 0.884479 0.886896
vt 0.881319 0.886896
vt 0.878255 0.886896
vt 0.875380 0.886896
vt 0.872781 0.886896
vt 0.369088 0.882903
vt 0.366842 0.882903
vt 0.364242 0.882903
vt 0.361365 0.882903
vt 0.290953 0.599538
vt 0.294113 0.599261
vt 0.784113 0.824825
vt 0.781402 0.821545
vt 0.784113 0.819311
vt 0.287889 0.600359
vt 0.285014 0.601699
vt 0.282416 0.603519
vt 0.280173 0.605762
vt 0.278353 0.608360
vt 0.277013 0.611235
vt 0.276192 0.614299
vt 0.275915 0.617459
vt 0.777148 0.808276
vt 0.781402 0.811789
vt 0.777148 0.811789
vt 0.777148 0.815301
vt 0.276192 0.620620
vt 0.277013 0.623684
vt 0.278353 0.626559
vt 0.280173 0.629157
vt 0.282416 0.631400
vt 0.285014 0.633220
vt 0.287889 0.634560
vt 0.290953 0.635381
vt 0.294113 0.635658
vt 0.789527 0.819556
vt 0.789527 0.825076
vt 0.786820 0.821793
vt 0.297273 0.635381
vt 0.300338 0.634560
vt 0.303212 0.633220
vt 0.305811 0.631400
vt 0.308054 0.629157
vt 0.309874 0.626559
vt 0.311214 0.623684
vt 0.312035 0.620620
vt 0.312312 0.617459
vt 0.312035 0.614299
vt 0.311214 0.611235
vt 0.309874 0.608360
vt 0.308054 0.605762
vt 0.305811 0.603519
vt 0.303212 0.601699
vt 0.300338 0.600359
vt 0.297274 0.599538
vt 0.727541 0.926496
vt 0.725663 0.983191
vt 0.723776 0.926497
vt 0.721888 0.983191
vt 0.720011 0.926496
vt 0.718156 0.983191
vt 0.716332 0.926496
vt 0.714549 0.983191
vt 0.712819 0.926496
vt 0.711150 0.983191
vt 0.709552 0.926496
vt 0.708033 0.983190
vt 0.706603 0.926496
vt 0.705269 0.983190
vt 0.933210 0.886896
vt 0.931874 0.943590
vt 0.930442 0.886896
vt 0.928922 0.943590
vt 0.927323 0.886896
vt 0.925653 0.943590
vt 0.923921 0.886896
vt 0.922138 0.943590
vt 0.920314 0.886896
vt 0.918458 0.943590
vt 0.916581 0.886896
vt 0.914693 0.943590
vt 0.912805 0.886896
vt 0.910928 0.943590
vt 0.909072 0.886896
vt 0.907248 0.943590
vt 0.905465 0.886896
vt 0.903733 0.943590
vt 0.902063 0.886896
vt 0.900464 0.943590
vt 0.898944 0.886896
vt 0.897512 0.943590
vt 0.896176 0.886896
vt 0.577089 0.926522
vt 0.575658 0.983216
vt 0.574139 0.926522
vt 0.572541 0.983216
vt 0.570872 0.926522
vt 0.569141 0.983216
vt 0.567359 0.926522
vt 0.565535 0.983216
vt 0.563679 0.926522
vt 0.561802 0.983216
vt 0.559914 0.926522
vt 0.558027 0.983216
vt 0.556149 0.926522
vt 0.554293 0.983216
vt 0.552468 0.926522
vt 0.550684 0.983216
vt 0.548952 0.926522
vt 0.547281 0.983216
vt 0.545681 0.926522
vt 0.544160 0.983216
vt 0.542727 0.926522
vt 0.541390 0.983216
vt 0.477029 0.914732
vt 0.475693 0.971426
vt 0.474261 0.914732
vt 0.472741 0.971426
vt 0.471142 0.914732
vt 0.469472 0.971426
vt 0.467741 0.914732
vt 0.465958 0.971426
vt 0.464133 0.914732
vt 0.462277 0.971426
vt 0.460400 0.914732
vt 0.458512 0.971426
vt 0.456624 0.914732
vt 0.454747 0.971426
vt 0.452891 0.914732
vt 0.451067 0.971426
vt 0.449284 0.914732
vt 0.447552 0.971426
vt 0.445882 0.914732
vt 0.444283 0.971426
vt 0.442763 0.914732
vt 0.441331 0.971426
vt 0.439995 0.914732
vt 0.740965 0.926496
vt 0.742302 0.983190
vt 0.739532 0.983190
vt 0.738010 0.926496
vt 0.736410 0.983191
vt 0.734738 0.926496
vt 0.733006 0.983191
vt 0.731222 0.926496
vt 0.729397 0.983191
vt 0.439995 0.856193
vt 0.392844 0.856193
vt 0.439995 0.851165
vt 0.392844 0.851165
vt 0.439995 0.846137
vt 0.392844 0.846137
vt 0.439995 0.841172
vt 0.392844 0.841172
vt 0.439995 0.836331
vt 0.392844 0.836331
vt 0.439995 0.831676
vt 0.392844 0.831676
vt 0.439995 0.827265
vt 0.392844 0.827265
vt 0.439995 0.823155
vt 0.392844 0.823155
vt 0.439995 0.819396
vt 0.392844 0.819396
vt 0.777148 0.871783
vt 0.729996 0.871783
vt 0.777148 0.868028
vt 0.729996 0.868028
vt 0.777148 0.863921
vt 0.729996 0.863921
vt 0.777148 0.859514
vt 0.729996 0.859514
vt 0.777148 0.854861
vt 0.729996 0.854861
vt 0.777148 0.850022
vt 0.729996 0.850022
vt 0.777147 0.845058
vt 0.729996 0.845058
vt 0.777148 0.840030
vt 0.729996 0.840030
vt 0.777148 0.835002
vt 0.729996 0.835002
vt 0.777148 0.830037
vt 0.729996 0.830037
vt 0.777148 0.825198
vt 0.729996 0.825198
vt 0.777148 0.820546
vt 0.729996 0.820546
vt 0.777148 0.816138
vt 0.729996 0.816138
vt 0.777148 0.812031
vt 0.729996 0.812031
vt 0.777148 0.808276
vt 0.729996 0.808276
vt 0.392844 0.882903
vt 0.345692 0.882903
vt 0.392844 0.879144
vt 0.345692 0.879144
vt 0.392844 0.875035
vt 0.345692 0.875035
vt 0.392844 0.870625
vt 0.345692 0.870625
vt 0.392844 0.865970
vt 0.345692 0.865970
vt 0.392844 0.861130
vt 0.345693 0.861130
vt 0.392844 0.856165
vt 0.345693 0.856165
vt 0.392844 0.851136
vt 0.345693 0.851136
vt 0.392844 0.846109
vt 0.345693 0.846109
vt 0.392844 0.841145
vt 0.345693 0.841145
vt 0.392844 0.836307
vt 0.345692 0.836307
vt 0.392844 0.831657
vt 0.345692 0.831657
vt 0.392844 0.827252
vt 0.345692 0.827252
vt 0.392844 0.823147
vt 0.345692 0.823147
vt 0.345692 0.819396
vt 0.588542 0.808276
vt 0.635693 0.808276
vt 0.588542 0.812031
vt 0.588542 0.816138
vt 0.588542 0.820546
vt 0.588542 0.825198
vt 0.635693 0.825198
vt 0.588542 0.830037
vt 0.635693 0.830037
vt 0.588542 0.835002
vt 0.635693 0.835002
vt 0.588542 0.840030
vt 0.635693 0.840030
vt 0.588542 0.845058
vt 0.635693 0.845058
vt 0.588542 0.850022
vt 0.635693 0.850022
vt 0.588542 0.854861
vt 0.635693 0.854861
vt 0.588542 0.859514
vt 0.635693 0.859514
vt 0.588542 0.863921
vt 0.588542 0.868028
vt 0.635693 0.868028
vt 0.588542 0.871783
vt 0.635693 0.871783
vt 0.439995 0.882903
vt 0.392844 0.882903
vt 0.439995 0.879152
vt 0.392844 0.879152
vt 0.439995 0.875048
vt 0.392844 0.875048
vt 0.439995 0.870644
vt 0.392844 0.870644
vt 0.439995 0.865994
vt 0.392844 0.865994
vt 0.439995 0.861157
vt 0.392844 0.861157
vt 0.430530 0.819396
vt 0.425525 0.818832
vt 0.428816 0.799463
vt 0.420616 0.817711
vt 0.425152 0.798554
vt 0.415863 0.816048
vt 0.421664 0.797110
vt 0.411326 0.813863
vt 0.418430 0.795161
vt 0.407062 0.811184
vt 0.403124 0.808044
vt 0.415523 0.792753
vt 0.399564 0.804483
vt 0.413008 0.789937
vt 0.396424 0.800546
vt 0.410940 0.786779
vt 0.393745 0.796282
vt 0.391560 0.791745
vt 0.409365 0.783347
vt 0.389896 0.786992
vt 0.408320 0.779720
vt 0.388776 0.782082
vt 0.407828 0.775977
vt 0.388212 0.777078
vt 0.388212 0.772042
vt 0.407898 0.772202
vt 0.388776 0.767038
vt 0.408531 0.768480
vt 0.389896 0.762129
vt 0.409711 0.764894
vt 0.391560 0.757376
vt 0.393745 0.752838
vt 0.411412 0.761524
vt 0.396424 0.748574
vt 0.413597 0.758445
vt 0.399564 0.744637
vt 0.416216 0.755726
vt 0.403124 0.741076
vt 0.407062 0.737937
vt 0.419211 0.753427
vt 0.411326 0.735257
vt 0.422515 0.751601
vt 0.415863 0.733073
vt 0.426055 0.750288
vt 0.420616 0.731409
vt 0.425525 0.730289
vt 0.429750 0.749517
vt 0.430530 0.729725
vt 0.433520 0.749305
vt 0.435565 0.729725
vt 0.437279 0.749658
vt 0.440570 0.730289
vt 0.445479 0.731409
vt 0.440943 0.750566
vt 0.450232 0.733072
vt 0.444431 0.752011
vt 0.454769 0.735257
vt 0.447665 0.753960
vt 0.459033 0.737937
vt 0.462971 0.741076
vt 0.450572 0.756368
vt 0.466531 0.744637
vt 0.453087 0.759183
vt 0.469671 0.748574
vt 0.455155 0.762342
vt 0.472350 0.752838
vt 0.474535 0.757375
vt 0.456730 0.765773
vt 0.476199 0.762129
vt 0.457775 0.769401
vt 0.477319 0.767038
vt 0.458267 0.773144
vt 0.477883 0.772042
vt 0.477883 0.777078
vt 0.458197 0.776919
vt 0.477319 0.782082
vt 0.457564 0.780641
vt 0.476199 0.786992
vt 0.456384 0.784227
vt 0.474535 0.791745
vt 0.472350 0.796282
vt 0.454683 0.787597
vt 0.469671 0.800546
vt 0.452498 0.790676
vt 0.466531 0.804483
vt 0.449879 0.793395
vt 0.462971 0.808044
vt 0.459033 0.811184
vt 0.446884 0.795693
vt 0.454769 0.813863
vt 0.443580 0.797520
vt 0.450232 0.816048
vt 0.440040 0.798833
vt 0.445479 0.817711
vt 0.440570 0.818832
vt 0.436345 0.799604
vt 0.435565 0.819396
vt 0.432575 0.799816
vt 0.650539 0.794507
vt 0.656495 0.777011
vt 0.653923 0.797273
vt 0.672294 0.788347
vt 0.657627 0.799593
vt 0.661592 0.801430
vt 0.665757 0.802756
vt 0.670055 0.803550
vt 0.674418 0.803798
vt 0.678778 0.803498
vt 0.683067 0.802654
vt 0.687215 0.801279
vt 0.690011 0.780333
vt 0.691159 0.799394
vt 0.694835 0.797031
vt 0.698186 0.794225
vt 0.701159 0.791021
vt 0.703707 0.787470
vt 0.705789 0.783628
vt 0.707374 0.779555
vt 0.708436 0.775315
vt 0.708958 0.770976
vt 0.691929 0.760983
vt 0.708932 0.766606
vt 0.708359 0.762273
vt 0.707247 0.758046
vt 0.705614 0.753992
vt 0.703486 0.750175
vt 0.700896 0.746654
vt 0.697885 0.743486
vt 0.694501 0.740720
vt 0.676130 0.749647
vt 0.690797 0.738400
vt 0.686832 0.736563
vt 0.682667 0.735237
vt 0.678369 0.734444
vt 0.674006 0.734195
vt 0.669646 0.734495
vt 0.665358 0.735340
vt 0.661209 0.736715
vt 0.658413 0.757661
vt 0.657266 0.738599
vt 0.653589 0.740963
vt 0.650238 0.743769
vt 0.647265 0.746972
vt 0.644718 0.750523
vt 0.642635 0.754365
vt 0.641050 0.758438
vt 0.639988 0.762678
vt 0.639466 0.767017
vt 0.639492 0.771388
vt 0.640065 0.775720
vt 0.641177 0.779947
vt 0.642810 0.784001
vt 0.644939 0.787818
vt 0.647528 0.791339
vt 0.655239 0.803411
vt 0.651302 0.800925
vt 0.647687 0.797992
vt 0.644444 0.794652
vt 0.641620 0.790951
vt 0.639252 0.786943
vt 0.637375 0.782682
vt 0.636016 0.778230
vt 0.635192 0.773648
vt 0.634916 0.769000
vt 0.635192 0.764353
vt 0.636016 0.759771
vt 0.637375 0.755319
vt 0.639252 0.751058
vt 0.631202 0.896125
vt 0.635693 0.892513
vt 0.635693 0.897151
vt 0.641620 0.747050
vt 0.631202 0.900496
vt 0.635693 0.901804
vt 0.644445 0.743349
vt 0.647687 0.740009
vt 0.651303 0.737075
vt 0.655239 0.734590
vt 0.659442 0.732588
vt 0.663852 0.731097
vt 0.668408 0.730138
vt 0.673045 0.729725
vt 0.677699 0.729863
vt 0.682303 0.730550
vt 0.686794 0.731777
vt 0.691108 0.733527
vt 0.586296 0.894791
vt 0.590787 0.892202
vt 0.590787 0.896825
vt 0.695185 0.735775
vt 0.586296 0.899153
vt 0.590787 0.901480
vt 0.698967 0.738489
vt 0.586296 0.903515
vt 0.590787 0.906103
vt 0.702402 0.741631
vt 0.705442 0.745158
vt 0.708042 0.749019
vt 0.710168 0.753161
vt 0.711789 0.757525
vt 0.712883 0.762050
vt 0.713433 0.766673
vt 0.713433 0.771328
vt 0.712883 0.775951
vt 0.711789 0.780476
vt 0.710168 0.784841
vt 0.708042 0.788982
vt 0.721014 0.897782
vt 0.725505 0.896473
vt 0.725505 0.901126
vt 0.705441 0.792844
vt 0.721014 0.902152
vt 0.725505 0.905763
vt 0.702402 0.796370
vt 0.698967 0.799512
vt 0.695185 0.802226
vt 0.691108 0.804474
vt 0.686794 0.806224
vt 0.682303 0.807451
vt 0.677698 0.808138
vt 0.673045 0.808276
vt 0.668408 0.807863
vt 0.663852 0.806904
vt 0.659442 0.805413
vt 0.832366 0.920535
vt 0.791950 0.915888
vt 0.832366 0.915888
vt 0.791950 0.911241
vt 0.832366 0.911241
vt 0.791950 0.906659
vt 0.832366 0.906659
vt 0.791950 0.902206
vt 0.832366 0.902206
vt 0.791950 0.897946
vt 0.832366 0.897946
vt 0.791950 0.893937
vt 0.832366 0.893937
vt 0.791950 0.890237
vt 0.832366 0.890237
vt 0.791950 0.886896
vt 0.832366 0.886896
vt 0.765921 0.926496
vt 0.725505 0.926496
vt 0.725505 0.922877
vt 0.765921 0.922877
vt 0.725505 0.918938
vt 0.765921 0.918938
vt 0.725505 0.914732
vt 0.765921 0.914732
vt 0.725505 0.910320
vt 0.765921 0.910320
vt 0.765921 0.905763
vt 0.765921 0.901126
vt 0.765921 0.896473
vt 0.725505 0.891869
vt 0.765921 0.891869
vt 0.725505 0.887380
vt 0.765921 0.887380
vt 0.725505 0.883068
vt 0.765921 0.883068
vt 0.725505 0.878993
vt 0.765921 0.878993
vt 0.725505 0.875214
vt 0.765921 0.875214
vt 0.725505 0.871783
vt 0.765921 0.871783
vt 0.631202 0.926522
vt 0.590787 0.926522
vt 0.590787 0.922996
vt 0.631202 0.922996
vt 0.590787 0.919134
vt 0.631202 0.919134
vt 0.590787 0.914993
vt 0.631202 0.914993
vt 0.590787 0.910628
vt 0.631202 0.910628
vt 0.631202 0.906103
vt 0.631202 0.901480
vt 0.631202 0.896825
vt 0.631202 0.892202
vt 0.590787 0.887677
vt 0.631202 0.887677
vt 0.590787 0.883313
vt 0.631202 0.883313
vt 0.590787 0.879171
vt 0.631202 0.879171
vt 0.590787 0.875310
vt 0.631202 0.875310
vt 0.590787 0.871783
vt 0.631202 0.871783
vt 0.676108 0.926496
vt 0.635693 0.926496
vt 0.635693 0.923065
vt 0.676108 0.923065
vt 0.635693 0.919285
vt 0.676108 0.919285
vt 0.635693 0.915210
vt 0.676108 0.915210
vt 0.635693 0.910898
vt 0.676108 0.910898
vt 0.635693 0.906408
vt 0.676108 0.906408
vt 0.676108 0.901804
vt 0.676108 0.897151
vt 0.676108 0.892513
vt 0.635693 0.887957
vt 0.676108 0.887957
vt 0.635693 0.883545
vt 0.676108 0.883545
vt 0.635693 0.879340
vt 0.676108 0.879340
vt 0.635693 0.875401
vt 0.676108 0.875401
vt 0.635693 0.871783
vt 0.676108 0.871783
vt 0.832366 0.944880
vt 0.791950 0.944880
vt 0.791950 0.941539
vt 0.832366 0.941539
vt 0.791950 0.937839
vt 0.832366 0.937839
vt 0.791950 0.933830
vt 0.832366 0.933830
vt 0.791950 0.929570
vt 0.832366 0.929570
vt 0.791950 0.925117
vt 0.832366 0.925117
vt 0.791950 0.920535
vt 0.773701 0.735775
vt 0.777484 0.738489
vt 0.766873 0.751565
vt 0.780919 0.741631
vt 0.769427 0.753993
vt 0.783958 0.745158
vt 0.771569 0.756790
vt 0.786559 0.749019
vt 0.773247 0.759888
vt 0.788685 0.753161
vt 0.790306 0.757525
vt 0.774420 0.763211
vt 0.791399 0.762050
vt 0.775058 0.766676
vt 0.791950 0.766673
vt 0.775147 0.770198
vt 0.791950 0.771328
vt 0.791399 0.775951
vt 0.774684 0.773690
vt 0.790306 0.780476
vt 0.773680 0.777068
vt 0.788685 0.784840
vt 0.772160 0.780246
vt 0.786559 0.788982
vt 0.783958 0.792843
vt 0.770161 0.783148
vt 0.780919 0.796370
vt 0.767734 0.785701
vt 0.777484 0.799512
vt 0.764936 0.787843
vt 0.773701 0.802226
vt 0.769624 0.804474
vt 0.761838 0.789521
vt 0.765310 0.806224
vt 0.758516 0.790694
vt 0.760819 0.807451
vt 0.755051 0.791333
vt 0.756215 0.808138
vt 0.751562 0.808276
vt 0.751529 0.791422
vt 0.746924 0.807863
vt 0.748036 0.790958
vt 0.742369 0.806904
vt 0.744659 0.789954
vt 0.737959 0.805413
vt 0.733756 0.803411
vt 0.741480 0.788434
vt 0.729819 0.800925
vt 0.738579 0.786436
vt 0.726204 0.797992
vt 0.736025 0.784008
vt 0.722961 0.794652
vt 0.733883 0.781211
vt 0.720136 0.790951
vt 0.717769 0.786943
vt 0.732205 0.778113
vt 0.715892 0.782682
vt 0.731032 0.774790
vt 0.714532 0.778230
vt 0.730394 0.771325
vt 0.713709 0.773648
vt 0.713433 0.769000
vt 0.730305 0.767803
vt 0.713709 0.764353
vt 0.730768 0.764311
vt 0.714532 0.759771
vt 0.731772 0.760933
vt 0.715892 0.755319
vt 0.717769 0.751058
vt 0.733292 0.757755
vt 0.720136 0.747050
vt 0.735291 0.754853
vt 0.722961 0.743349
vt 0.737718 0.752300
vt 0.726204 0.740009
vt 0.729819 0.737076
vt 0.740516 0.750158
vt 0.733756 0.734590
vt 0.743614 0.748480
vt 0.737959 0.732588
vt 0.746936 0.747307
vt 0.742369 0.731097
vt 0.746925 0.730138
vt 0.750401 0.746668
vt 0.751562 0.729725
vt 0.753923 0.746579
vt 0.756215 0.729863
vt 0.757416 0.747043
vt 0.760819 0.730550
vt 0.765310 0.731777
vt 0.760793 0.748047
vt 0.769624 0.733527
vt 0.763972 0.749567
vt 0.522001 0.960626
vt 0.522001 0.884451
vt 0.525513 0.960626
vt 0.525513 0.884451
vt 0.529026 0.960626
vt 0.529026 0.884451
vt 0.532452 0.960626
vt 0.532452 0.884451
vt 0.535707 0.960626
vt 0.535707 0.884451
vt 0.538711 0.960626
vt 0.538711 0.884451
vt 0.541390 0.960626
vt 0.541390 0.884451
vt 0.918964 0.882075
vt 0.918964 0.805900
vt 0.921646 0.882075
vt 0.921646 0.805900
vt 0.924652 0.882075
vt 0.924652 0.805900
vt 0.927909 0.882075
vt 0.927909 0.805900
vt 0.931336 0.882075
vt 0.931336 0.805900
vt 0.934849 0.882075
vt 0.934849 0.805900
vt 0.938361 0.882075
vt 0.938361 0.805900
vt 0.941786 0.882075
vt 0.941786 0.805900
vt 0.945039 0.882075
vt 0.945039 0.805900
vt 0.948041 0.882075
vt 0.948041 0.805900
vt 0.950717 0.882075
vt 0.950717 0.805900
vt 0.855457 0.882075
vt 0.855457 0.805900
vt 0.858136 0.882075
vt 0.858136 0.805900
vt 0.861140 0.882075
vt 0.861140 0.805900
vt 0.864395 0.882075
vt 0.864395 0.805900
vt 0.867821 0.882075
vt 0.867821 0.805900
vt 0.871334 0.882075
vt 0.871334 0.805900
vt 0.874846 0.882075
vt 0.874846 0.805900
vt 0.878272 0.882075
vt 0.878272 0.805900
vt 0.881527 0.882075
vt 0.881527 0.805900
vt 0.884531 0.882075
vt 0.884531 0.805900
vt 0.887210 0.882075
vt 0.887210 0.805900
vt 0.927481 0.152350
vt 0.927481 0.076175
vt 0.930157 0.152350
vt 0.930157 0.076175
vt 0.933160 0.152350
vt 0.933160 0.076175
vt 0.936413 0.152350
vt 0.936413 0.076175
vt 0.939839 0.152350
vt 0.939839 0.076175
vt 0.943351 0.152350
vt 0.943351 0.076175
vt 0.946863 0.152350
vt 0.946863 0.076175
vt 0.950290 0.152350
vt 0.950290 0.076175
vt 0.953547 0.152350
vt 0.953547 0.076175
vt 0.956553 0.152350
vt 0.956553 0.076175
vt 0.959234 0.152350
vt 0.959234 0.076175
vt 0.509636 0.960626
vt 0.509636 0.884451
vt 0.512316 0.960626
vt 0.512316 0.884451
vt 0.515320 0.960626
vt 0.515320 0.884451
vt 0.518575 0.960626
vt 0.518575 0.884451
vt 0.529026 0.808276
vt 0.525513 0.808276
vt 0.522001 0.808276
vt 0.518575 0.808276
vt 0.515320 0.808276
vt 0.512316 0.808276
vt 0.509636 0.808276
vt 0.959234 0.000000
vt 0.956553 0.000000
vt 0.953547 0.000000
vt 0.950290 0.000000
vt 0.946863 0.000000
vt 0.943351 0.000000
vt 0.939839 0.000000
vt 0.936413 0.000000
vt 0.933160 0.000000
vt 0.930157 0.000000
vt 0.927481 0.000000
vt 0.887210 0.729725
vt 0.884531 0.729725
vt 0.881527 0.729725
vt 0.878272 0.729725
vt 0.874846 0.729725
vt 0.871334 0.729725
vt 0.867821 0.729725
vt 0.864395 0.729725
vt 0.861140 0.729725
vt 0.858136 0.729725
vt 0.855457 0.729725
vt 0.950717 0.729725
vt 0.948041 0.729725
vt 0.945039 0.729725
vt 0.941786 0.729725
vt 0.938361 0.729725
vt 0.934849 0.729725
vt 0.931336 0.729725
vt 0.927909 0.729725
vt 0.924652 0.729725
vt 0.921646 0.729725
vt 0.918964 0.729725
vt 0.541390 0.808276
vt 0.538711 0.808276
vt 0.535707 0.808276
vt 0.532452 0.808276
vt 0.797107 0.963536
vt 0.792501 0.962022
vt 0.798050 0.960519
vt 0.793590 0.958671
vt 0.795189 0.955532
vt 0.791950 0.965502
vt 0.796718 0.966673
vt 0.791950 0.969025
vt 0.796896 0.969829
vt 0.792501 0.972505
vt 0.797633 0.972902
vt 0.793590 0.975856
vt 0.798908 0.975795
vt 0.795189 0.978995
vt 0.800679 0.978413
vt 0.797260 0.981846
vt 0.802889 0.980673
vt 0.799752 0.984337
vt 0.802602 0.986408
vt 0.805467 0.982502
vt 0.945722 0.157172
vt 0.805741 0.988007
vt 0.808330 0.983841
vt 0.942564 0.157172
vt 0.809092 0.989096
vt 0.811386 0.984648
vt 0.812572 0.989647
vt 0.814537 0.984896
vt 0.816095 0.989647
vt 0.817682 0.984577
vt 0.819575 0.989096
vt 0.820720 0.983702
vt 0.822926 0.988007
vt 0.823552 0.982299
vt 0.826065 0.986408
vt 0.828916 0.984337
vt 0.826088 0.980413
vt 0.831407 0.981846
vt 0.828247 0.978104
vt 0.833478 0.978995
vt 0.829958 0.975446
vt 0.872914 0.886896
vt 0.835078 0.975856
vt 0.831168 0.972526
vt 0.869753 0.886896
vt 0.836166 0.972505
vt 0.831837 0.969437
vt 0.836718 0.969025
vt 0.831943 0.966277
vt 0.836718 0.965502
vt 0.831484 0.963150
vt 0.836167 0.962022
vt 0.835078 0.958671
vt 0.830473 0.960155
vt 0.833478 0.955532
vt 0.828944 0.957388
vt 0.831407 0.952681
vt 0.826946 0.954939
vt 0.828916 0.950190
vt 0.824542 0.952887
vt 0.826065 0.948119
vt 0.821811 0.951296
vt 0.935634 0.886896
vt 0.822926 0.946520
vt 0.818839 0.950218
vt 0.932476 0.886896
vt 0.819575 0.945431
vt 0.815723 0.949689
vt 0.816095 0.944880
vt 0.812572 0.944880
vt 0.812562 0.949724
vt 0.809092 0.945431
vt 0.809459 0.950324
vt 0.805741 0.946520
vt 0.806512 0.951468
vt 0.802602 0.948119
vt 0.803817 0.953119
vt 0.799752 0.950190
vt 0.801460 0.955225
vt 0.797260 0.952681
vt 0.799517 0.957719
vt 0.420369 0.905356
vt 0.420369 0.882903
vt 0.430092 0.905356
vt 0.439814 0.882903
vt 0.439814 0.905356
vt 0.920576 0.465913
vt 0.898123 0.465913
vt 0.920576 0.457488
vt 0.898123 0.449062
vt 0.920576 0.449062
vt 0.920576 0.482741
vt 0.898123 0.482741
vt 0.920576 0.474327
vt 0.420369 0.927809
vt 0.420369 0.905356
vt 0.430092 0.927809
vt 0.439814 0.905356
vt 0.439814 0.927809
vt 0.981687 0.089400
vt 0.959234 0.089400
vt 0.981687 0.080985
vt 0.959234 0.072569
vt 0.981687 0.072569
vt 0.981687 0.106249
vt 0.959234 0.106249
vt 0.981687 0.097824
vt 0.967654 0.034029
vt 0.970314 0.035269
vt 0.976074 0.038890
vt 0.973149 0.036029
vt 0.976074 0.036285
vt 0.978998 0.036029
vt 0.981833 0.035269
vt 0.984493 0.034029
vt 0.986898 0.032345
vt 0.992913 0.029167
vt 0.988974 0.030269
vt 0.990657 0.027865
vt 0.991898 0.025205
vt 0.992658 0.022369
vt 0.992913 0.019445
vt 0.992658 0.016521
vt 0.992913 0.009722
vt 0.991898 0.013685
vt 0.990657 0.011025
vt 0.988974 0.008621
vt 0.986898 0.006545
vt 0.984493 0.004861
vt 0.981833 0.003621
vt 0.976074 0.000000
vt 0.978998 0.002861
vt 0.976074 0.002605
vt 0.973149 0.002861
vt 0.970314 0.003621
vt 0.967654 0.004861
vt 0.965249 0.006545
vt 0.959234 0.009722
vt 0.963174 0.008621
vt 0.961490 0.011025
vt 0.960249 0.013685
vt 0.959490 0.016521
vt 0.959234 0.019445
vt 0.959490 0.022369
vt 0.959234 0.029167
vt 0.960249 0.025204
vt 0.961490 0.027865
vt 0.963174 0.030269
vt 0.965249 0.032345
vt 0.976071 0.019449
vt 0.547011 0.786909
vt 0.528663 0.784685
vt 0.549021 0.783028
vt 0.536502 0.766890
vt 0.550528 0.778926
vt 0.551509 0.774667
vt 0.551949 0.770319
vt 0.551840 0.765950
vt 0.551185 0.761629
vt 0.549993 0.757424
vt 0.548283 0.753401
vt 0.546083 0.749625
vt 0.525010 0.751204
vt 0.543427 0.746154
vt 0.540357 0.743044
vt 0.536921 0.740343
vt 0.533174 0.738093
vt 0.529174 0.736332
vt 0.524985 0.735085
vt 0.520673 0.734373
vt 0.516305 0.734207
vt 0.511952 0.734590
vt 0.505680 0.753313
vt 0.507680 0.735516
vt 0.503559 0.736969
vt 0.499652 0.738928
vt 0.496021 0.741361
vt 0.492724 0.744230
vt 0.489812 0.747489
vt 0.487332 0.751088
vt 0.485323 0.754969
vt 0.497842 0.771108
vt 0.483815 0.759072
vt 0.482834 0.763331
vt 0.482395 0.767679
vt 0.482503 0.772048
vt 0.483159 0.776369
vt 0.484351 0.780574
vt 0.486060 0.784596
vt 0.488261 0.788373
vt 0.509333 0.786794
vt 0.490917 0.791843
vt 0.493987 0.794954
vt 0.497423 0.797655
vt 0.501170 0.799904
vt 0.505170 0.801666
vt 0.509359 0.802913
vt 0.513671 0.803625
vt 0.518038 0.803790
vt 0.522392 0.803407
vt 0.526663 0.802482
vt 0.530785 0.801028
vt 0.534692 0.799069
vt 0.538323 0.796636
vt 0.541620 0.793768
vt 0.544531 0.790508
vt 0.554756 0.780476
vt 0.553135 0.784840
vt 0.551009 0.788982
vt 0.548408 0.792843
vt 0.545369 0.796370
vt 0.541934 0.799512
vt 0.538151 0.802226
vt 0.534074 0.804474
vt 0.529760 0.806224
vt 0.525269 0.807451
vt 0.520665 0.808138
vt 0.516011 0.808276
vt 0.511374 0.807863
vt 0.506819 0.806904
vt 0.298541 0.907247
vt 0.303032 0.903636
vt 0.303032 0.908274
vt 0.502409 0.805413
vt 0.298541 0.911618
vt 0.303032 0.912927
vt 0.498206 0.803411
vt 0.494269 0.800926
vt 0.490654 0.797992
vt 0.487411 0.794652
vt 0.484586 0.790951
vt 0.482219 0.786943
vt 0.480342 0.782682
vt 0.478982 0.778230
vt 0.478159 0.773648
vt 0.477883 0.769001
vt 0.478159 0.764353
vt 0.478982 0.759771
vt 0.581805 0.906103
vt 0.581805 0.901480
vt 0.480342 0.755319
vt 0.586296 0.899153
vt 0.581805 0.896825
vt 0.482219 0.751058
vt 0.586296 0.894791
vt 0.581805 0.892202
vt 0.484586 0.747050
vt 0.487411 0.743349
vt 0.490654 0.740009
vt 0.494269 0.737076
vt 0.498206 0.734590
vt 0.502408 0.732588
vt 0.506819 0.731097
vt 0.511374 0.730138
vt 0.516011 0.729725
vt 0.520665 0.729863
vt 0.525269 0.730550
vt 0.529760 0.731777
vt 0.676108 0.897783
vt 0.680599 0.896475
vt 0.680599 0.901128
vt 0.534074 0.733527
vt 0.676108 0.902154
vt 0.680599 0.905766
vt 0.538151 0.735775
vt 0.541934 0.738489
vt 0.545369 0.741631
vt 0.548408 0.745158
vt 0.551009 0.749019
vt 0.553135 0.753161
vt 0.554756 0.757525
vt 0.555849 0.762050
vt 0.556400 0.766673
vt 0.556400 0.771328
vt 0.555849 0.775951
vt 0.872781 0.920535
vt 0.832366 0.915888
vt 0.872781 0.915888
vt 0.832366 0.911241
vt 0.872781 0.911241
vt 0.832366 0.906659
vt 0.872781 0.906659
vt 0.832366 0.902206
vt 0.872781 0.902206
vt 0.832366 0.897946
vt 0.872781 0.897946
vt 0.832366 0.893937
vt 0.872781 0.893937
vt 0.832366 0.890237
vt 0.872781 0.890237
vt 0.832366 0.886896
vt 0.872781 0.886896
vt 0.721014 0.926496
vt 0.680599 0.926496
vt 0.680599 0.922878
vt 0.721014 0.922878
vt 0.680599 0.918939
vt 0.721014 0.918939
vt 0.680599 0.914734
vt 0.721014 0.914734
vt 0.680599 0.910322
vt 0.721014 0.910322
vt 0.721014 0.905766
vt 0.721014 0.901128
vt 0.721014 0.896475
vt 0.680599 0.891871
vt 0.721014 0.891871
vt 0.680599 0.887381
vt 0.721014 0.887381
vt 0.680599 0.883069
vt 0.721014 0.883069
vt 0.680599 0.878994
vt 0.721014 0.878994
vt 0.680599 0.875215
vt 0.721014 0.875215
vt 0.680599 0.871783
vt 0.721014 0.871783
vt 0.541390 0.871783
vt 0.581805 0.871783
vt 0.581805 0.875310
vt 0.541390 0.875310
vt 0.581805 0.879171
vt 0.541390 0.879171
vt 0.581805 0.883313
vt 0.541390 0.883313
vt 0.581805 0.887677
vt 0.541390 0.887677
vt 0.541390 0.892202
vt 0.541390 0.896825
vt 0.541390 0.901480
vt 0.541390 0.906103
vt 0.581805 0.910628
vt 0.541390 0.910628
vt 0.581805 0.914993
vt 0.541390 0.914993
vt 0.581805 0.919134
vt 0.541390 0.919134
vt 0.581805 0.922996
vt 0.541390 0.922996
vt 0.581805 0.926522
vt 0.541390 0.926522
vt 0.343447 0.937616
vt 0.303032 0.937616
vt 0.303032 0.934185
vt 0.343447 0.934185
vt 0.303032 0.930406
vt 0.343447 0.930406
vt 0.303032 0.926332
vt 0.343447 0.926332
vt 0.303032 0.922020
vt 0.343447 0.922020
vt 0.303032 0.917531
vt 0.343447 0.917531
vt 0.343447 0.912927
vt 0.343447 0.908274
vt 0.343447 0.903636
vt 0.303032 0.899079
vt 0.343447 0.899079
vt 0.303032 0.894667
vt 0.343447 0.894667
vt 0.303032 0.890462
vt 0.343447 0.890462
vt 0.303032 0.886522
vt 0.343447 0.886522
vt 0.303032 0.882903
vt 0.343447 0.882903
vt 0.872781 0.944880
vt 0.832366 0.941539
vt 0.872781 0.941539
vt 0.832366 0.937839
vt 0.872781 0.937839
vt 0.832366 0.933830
vt 0.872781 0.933830
vt 0.832366 0.929570
vt 0.872781 0.929570
vt 0.832366 0.925117
vt 0.872781 0.925117
vt 0.832366 0.920535
vt 0.580925 0.805413
vt 0.576722 0.803411
vt 0.584852 0.788663
vt 0.572786 0.800925
vt 0.581910 0.786726
vt 0.569171 0.797992
vt 0.579307 0.784351
vt 0.565928 0.794652
vt 0.577107 0.781599
vt 0.563103 0.790951
vt 0.560735 0.786943
vt 0.575365 0.778536
vt 0.558859 0.782682
vt 0.574124 0.775239
vt 0.557499 0.778230
vt 0.573413 0.771788
vt 0.556676 0.773648
vt 0.556400 0.769000
vt 0.573251 0.768269
vt 0.556675 0.764353
vt 0.573642 0.764767
vt 0.557499 0.759771
vt 0.574576 0.761370
vt 0.558859 0.755319
vt 0.560735 0.751058
vt 0.576030 0.758160
vt 0.563103 0.747050
vt 0.577968 0.755218
vt 0.565928 0.743349
vt 0.580342 0.752615
vt 0.569171 0.740009
vt 0.572786 0.737076
vt 0.583094 0.750415
vt 0.576722 0.734590
vt 0.586157 0.748673
vt 0.580925 0.732588
vt 0.589454 0.747432
vt 0.585335 0.731097
vt 0.589891 0.730138
vt 0.592905 0.746721
vt 0.594528 0.729725
vt 0.596424 0.746559
vt 0.599182 0.729863
vt 0.599926 0.746950
vt 0.603786 0.730550
vt 0.608277 0.731777
vt 0.603323 0.747884
vt 0.612591 0.733527
vt 0.606533 0.749338
vt 0.616668 0.735775
vt 0.609475 0.751275
vt 0.620451 0.738489
vt 0.612078 0.753650
vt 0.623886 0.741631
vt 0.626925 0.745158
vt 0.614278 0.756402
vt 0.629525 0.749019
vt 0.616020 0.759465
vt 0.631651 0.753161
vt 0.617262 0.762762
vt 0.633272 0.757525
vt 0.634366 0.762050
vt 0.617972 0.766213
vt 0.634916 0.766673
vt 0.618134 0.769732
vt 0.634916 0.771328
vt 0.617743 0.773234
vt 0.634366 0.775951
vt 0.633272 0.780476
vt 0.616809 0.776631
vt 0.631651 0.784840
vt 0.615356 0.779841
vt 0.629526 0.788982
vt 0.613418 0.782783
vt 0.626925 0.792843
vt 0.623886 0.796370
vt 0.611043 0.785386
vt 0.620451 0.799512
vt 0.608291 0.787586
vt 0.616668 0.802226
vt 0.605229 0.789328
vt 0.612591 0.804474
vt 0.608277 0.806224
vt 0.601931 0.790569
vt 0.603786 0.807451
vt 0.598480 0.791280
vt 0.599182 0.808138
vt 0.594961 0.791442
vt 0.594528 0.808276
vt 0.589891 0.807863
vt 0.591459 0.791051
vt 0.585336 0.806904
vt 0.588062 0.790117
vt 0.497272 0.808276
vt 0.497272 0.884451
vt 0.493760 0.808276
vt 0.493760 0.884451
vt 0.490247 0.808276
vt 0.490247 0.884451
vt 0.486821 0.808276
vt 0.486821 0.884451
vt 0.483566 0.808276
vt 0.483566 0.884451
vt 0.480562 0.808276
vt 0.480562 0.884451
vt 0.477883 0.808276
vt 0.477883 0.884451
vt 0.791950 0.882075
vt 0.791950 0.805900
vt 0.794631 0.882075
vt 0.794631 0.805900
vt 0.797637 0.882075
vt 0.797637 0.805900
vt 0.800894 0.882075
vt 0.800894 0.805900
vt 0.804321 0.882075
vt 0.804321 0.805900
vt 0.807833 0.882075
vt 0.807833 0.805900
vt 0.811346 0.882075
vt 0.811346 0.805900
vt 0.814771 0.882075
vt 0.814771 0.805900
vt 0.818024 0.882075
vt 0.818024 0.805900
vt 0.821027 0.882075
vt 0.821027 0.805900
vt 0.823703 0.882075
vt 0.823703 0.805900
vt 0.823704 0.882075
vt 0.823704 0.805900
vt 0.826383 0.882075
vt 0.826383 0.805900
vt 0.829387 0.882075
vt 0.829387 0.805900
vt 0.832642 0.882075
vt 0.832642 0.805900
vt 0.836068 0.882075
vt 0.836068 0.805900
vt 0.839580 0.882075
vt 0.839580 0.805900
vt 0.843093 0.882075
vt 0.843093 0.805900
vt 0.846519 0.882075
vt 0.846519 0.805900
vt 0.849774 0.882075
vt 0.849774 0.805900
vt 0.852778 0.882075
vt 0.852778 0.805900
vt 0.855457 0.882075
vt 0.855457 0.805900
vt 0.918964 0.734547
vt 0.918964 0.810722
vt 0.916288 0.734547
vt 0.916288 0.810722
vt 0.913286 0.734547
vt 0.913286 0.810722
vt 0.910033 0.734547
vt 0.910033 0.810722
vt 0.906608 0.734547
vt 0.906608 0.810722
vt 0.903096 0.734547
vt 0.903096 0.810722
vt 0.899583 0.734547
vt 0.899583 0.810722
vt 0.896156 0.734547
vt 0.896156 0.810722
vt 0.892899 0.734547
vt 0.892899 0.810722
vt 0.889893 0.734547
vt 0.889893 0.810722
vt 0.887210 0.734547
vt 0.887210 0.810722
vt 0.509636 0.808276
vt 0.506957 0.808276
vt 0.506957 0.884451
vt 0.503953 0.808276
vt 0.503953 0.884451
vt 0.500698 0.808276
vt 0.500698 0.884451
vt 0.490247 0.960626
vt 0.493760 0.960626
vt 0.497272 0.960626
vt 0.500698 0.960626
vt 0.503953 0.960626
vt 0.506957 0.960626
vt 0.509636 0.960626
vt 0.887210 0.886896
vt 0.889893 0.886896
vt 0.892899 0.886896
vt 0.896156 0.886896
vt 0.899583 0.886896
vt 0.903096 0.886896
vt 0.906608 0.886896
vt 0.910033 0.886896
vt 0.913286 0.886896
vt 0.916288 0.886896
vt 0.918964 0.886896
vt 0.855457 0.729725
vt 0.852778 0.729725
vt 0.849774 0.729725
vt 0.846519 0.729725
vt 0.843093 0.729725
vt 0.839580 0.729725
vt 0.836068 0.729725
vt 0.832642 0.729725
vt 0.829387 0.729725
vt 0.826383 0.729725
vt 0.823704 0.729725
vt 0.823703 0.729725
vt 0.821027 0.729725
vt 0.818024 0.729725
vt 0.814771 0.729725
vt 0.811346 0.729725
vt 0.807834 0.729725
vt 0.804321 0.729725
vt 0.800894 0.729725
vt 0.797638 0.729725
vt 0.794631 0.729725
vt 0.791950 0.729725
vt 0.477883 0.960626
vt 0.480562 0.960626
vt 0.483566 0.960626
vt 0.486821 0.960626
vt 0.902129 0.959597
vt 0.897816 0.957382
vt 0.903532 0.956765
vt 0.899416 0.954243
vt 0.901487 0.951392
vt 0.896727 0.960733
vt 0.901254 0.962635
vt 0.896176 0.964213
vt 0.900935 0.965780
vt 0.896176 0.967736
vt 0.901183 0.968931
vt 0.896727 0.971216
vt 0.901990 0.971987
vt 0.897816 0.974567
vt 0.903329 0.974850
vt 0.899416 0.977706
vt 0.905158 0.977428
vt 0.901487 0.980556
vt 0.903978 0.983048
vt 0.907418 0.979638
vt 0.900723 0.729725
vt 0.906828 0.985119
vt 0.910037 0.981409
vt 0.903880 0.729725
vt 0.909968 0.986718
vt 0.912929 0.982684
vt 0.913319 0.987807
vt 0.916003 0.983421
vt 0.916798 0.988358
vt 0.919159 0.983599
vt 0.920322 0.988358
vt 0.922295 0.983210
vt 0.923802 0.987807
vt 0.925312 0.982267
vt 0.927153 0.986718
vt 0.930292 0.985119
vt 0.928113 0.980800
vt 0.933142 0.983048
vt 0.930606 0.978857
vt 0.935634 0.980556
vt 0.932712 0.976500
vt 0.841161 0.886896
vt 0.937705 0.977706
vt 0.934364 0.973805
vt 0.838000 0.886896
vt 0.939304 0.974567
vt 0.935507 0.970858
vt 0.940393 0.971216
vt 0.936107 0.967755
vt 0.940944 0.967736
vt 0.936142 0.964594
vt 0.940944 0.964213
vt 0.940393 0.960733
vt 0.935613 0.961478
vt 0.939304 0.957382
vt 0.934535 0.958506
vt 0.937705 0.954243
vt 0.932945 0.955775
vt 0.935634 0.951392
vt 0.930892 0.953371
vt 0.933142 0.948901
vt 0.928443 0.951373
vt 0.808619 0.886896
vt 0.930292 0.946830
vt 0.925676 0.949844
vt 0.805462 0.886896
vt 0.927153 0.945230
vt 0.922681 0.948833
vt 0.923802 0.944142
vt 0.920322 0.943590
vt 0.919554 0.948374
vt 0.916798 0.943590
vt 0.916395 0.948480
vt 0.913319 0.944142
vt 0.913305 0.949149
vt 0.909968 0.945230
vt 0.910385 0.950359
vt 0.906828 0.946830
vt 0.907728 0.952070
vt 0.903978 0.948901
vt 0.905419 0.954229
vt 0.946925 0.477038
vt 0.946925 0.499491
vt 0.937203 0.477038
vt 0.927480 0.499491
vt 0.927480 0.477038
vt 0.764755 0.943346
vt 0.742302 0.943346
vt 0.764755 0.934921
vt 0.742302 0.926496
vt 0.764755 0.926496
vt 0.764755 0.960176
vt 0.742302 0.960176
vt 0.764755 0.951761
vt 0.420369 0.950262
vt 0.430092 0.950262
vt 0.439814 0.927809
vt 0.439814 0.950262
vt 0.981687 0.055717
vt 0.959234 0.055717
vt 0.981687 0.047303
vt 0.959234 0.038890
vt 0.981687 0.038890
vt 0.981687 0.072569
vt 0.959234 0.072569
vt 0.981687 0.064143
vt 0.870397 0.964325
vt 0.870141 0.961400
vt 0.870397 0.954602
vt 0.869382 0.958565
vt 0.868141 0.955905
vt 0.866457 0.953500
vt 0.864382 0.951424
vt 0.861977 0.949741
vt 0.859317 0.948500
vt 0.853557 0.944880
vt 0.856482 0.947741
vt 0.853557 0.947485
vt 0.850633 0.947741
vt 0.847798 0.948500
vt 0.845137 0.949741
vt 0.842733 0.951424
vt 0.836718 0.954602
vt 0.840657 0.953500
vt 0.838974 0.955905
vt 0.837733 0.958565
vt 0.836973 0.961400
vt 0.836718 0.964325
vt 0.836973 0.967249
vt 0.836718 0.974047
vt 0.837733 0.970084
vt 0.838974 0.972744
vt 0.840657 0.975149
vt 0.842733 0.977225
vt 0.845137 0.978908
vt 0.847798 0.980149
vt 0.853557 0.983769
vt 0.850633 0.980909
vt 0.853557 0.981164
vt 0.856482 0.980909
vt 0.859317 0.980149
vt 0.861977 0.978908
vt 0.864382 0.977225
vt 0.870397 0.974047
vt 0.866457 0.975149
vt 0.868141 0.972744
vt 0.869382 0.970084
vt 0.870141 0.967249
vt 0.853562 0.964325
s 0
usemtl Material.005
f 1/1/1 2/2/1 3/3/1
f 3/3/1 2/2/1 4/4/1
f 5/5/1 6/6/1 7/7/1
f 7/7/1 6/6/1 8/8/1
f 4/9/2 9/10/2 3/11/2
f 3/11/2 9/10/2 10/12/2
f 3/11/2 10/12/2 11/13/2
f 12/14/2 13/15/2 4/9/2
f 4/9/2 13/15/2 14/16/2
f 4/9/2 14/16/2 15/17/2
f 15/17/2 16/18/2 4/9/2
f 4/9/2 16/18/2 17/19/2
f 4/9/2 17/19/2 9/10/2
f 11/13/2 18/20/2 3/11/2
f 3/11/2 18/20/2 19/21/2
f 3/11/2 19/21/2 20/22/2
f 20/22/2 21/23/2 3/11/2
f 3/11/2 21/23/2 22/24/2
f 3/11/2 22/24/2 23/25/2
f 23/25/2 24/26/2 3/11/2
f 3/11/2 24/26/2 25/27/2
f 3/11/2 25/27/2 26/28/2
f 26/28/2 25/27/2 27/29/2
f 26/28/2 27/29/2 28/30/2
f 28/30/2 29/31/2 26/28/2
f 26/28/2 29/31/2 30/32/2
f 26/28/2 30/32/2 31/33/2
f 31/33/2 30/32/2 32/34/2
f 31/33/2 32/34/2 33/35/2
f 33/35/2 32/34/2 34/36/2
f 33/35/2 34/36/2 35/37/2
f 33/35/2 35/37/2 36/38/2
f 36/38/2 35/37/2 37/39/2
f 36/38/2 37/39/2 38/40/2
f 38/40/2 37/39/2 39/41/2
f 38/40/2 39/41/2 40/42/2
f 40/42/2 39/41/2 41/43/2
f 40/42/2 41/43/2 42/44/2
f 42/44/2 41/43/2 43/45/2
f 42/44/2 43/45/2 44/46/2
f 44/46/2 45/47/2 42/44/2
f 46/48/2 47/49/2 42/44/2
f 42/44/2 47/49/2 48/50/2
f 42/44/2 48/50/2 49/51/2
f 50/52/2 51/53/2 46/48/2
f 46/48/2 51/53/2 52/54/2
f 46/48/2 52/54/2 53/55/2
f 46/48/2 53/55/2 54/56/2
f 54/56/2 53/55/2 55/57/2
f 54/56/2 55/57/2 56/58/2
f 56/58/2 55/57/2 57/59/2
f 56/58/2 57/59/2 58/60/2
f 58/60/2 57/59/2 59/61/2
f 58/60/2 59/61/2 60/62/2
f 60/62/2 59/61/2 61/63/2
f 60/62/2 61/63/2 62/64/2
f 60/62/2 62/64/2 63/65/2
f 63/65/2 62/64/2 64/66/2
f 63/65/2 64/66/2 65/67/2
f 65/67/2 64/66/2 66/68/2
f 65/67/2 66/68/2 67/69/2
f 67/69/2 68/70/2 65/67/2
f 65/67/2 68/70/2 69/71/2
f 65/67/2 69/71/2 5/72/2
f 5/72/2 69/71/2 70/73/2
f 5/72/2 70/73/2 71/74/2
f 71/74/2 72/75/2 5/72/2
f 5/72/2 72/75/2 73/76/2
f 5/72/2 73/76/2 74/77/2
f 74/77/2 75/78/2 5/72/2
f 5/72/2 75/78/2 76/79/2
f 5/72/2 76/79/2 77/80/2
f 77/80/2 78/81/2 5/72/2
f 5/72/2 78/81/2 79/82/2
f 5/72/2 79/82/2 6/83/2
f 6/83/2 79/82/2 80/84/2
f 6/83/2 80/84/2 81/85/2
f 81/85/2 82/86/2 6/83/2
f 6/83/2 82/86/2 83/87/2
f 6/83/2 83/87/2 84/88/2
f 84/88/2 85/89/2 6/83/2
f 26/28/2 86/90/2 65/67/2
f 65/67/2 86/90/2 87/91/2
f 65/67/2 87/91/2 88/92/2
f 89/93/2 90/94/2 65/67/2
f 65/67/2 90/94/2 63/65/2
f 54/56/2 91/95/2 46/48/2
f 46/48/2 91/95/2 92/96/2
f 46/48/2 92/96/2 93/97/2
f 93/97/2 94/98/2 46/48/2
f 46/48/2 94/98/2 47/49/2
f 49/51/2 95/99/2 42/44/2
f 42/44/2 95/99/2 96/100/2
f 42/44/2 96/100/2 40/42/2
f 31/33/2 97/101/2 26/28/2
f 26/28/2 97/101/2 98/102/2
f 26/28/2 98/102/2 99/103/2
f 99/103/2 100/104/2 26/28/2
f 26/28/2 100/104/2 101/105/2
f 26/28/2 101/105/2 102/106/2
f 102/106/2 103/107/2 26/28/2
f 26/28/2 103/107/2 104/108/2
f 26/28/2 104/108/2 105/109/2
f 105/109/2 106/110/2 26/28/2
f 26/28/2 106/110/2 86/90/2
f 88/92/2 107/111/2 65/67/2
f 65/67/2 107/111/2 108/112/2
f 65/67/2 108/112/2 109/113/2
f 109/113/2 110/114/2 65/67/2
f 65/67/2 110/114/2 111/115/2
f 65/67/2 111/115/2 112/116/2
f 112/116/2 89/93/2 65/67/2
f 113/117/3 114/118/3 65/119/3
f 65/119/3 114/118/3 26/120/3
f 115/121/4 116/122/4 113/123/4
f 113/123/4 116/122/4 117/124/4
f 113/123/4 117/124/4 118/125/4
f 119/126/4 120/127/4 115/121/4
f 115/121/4 120/127/4 121/128/4
f 115/121/4 121/128/4 122/129/4
f 114/130/4 123/131/4 119/126/4
f 119/126/4 123/131/4 124/132/4
f 119/126/4 124/132/4 125/133/4
f 113/123/4 126/134/4 114/130/4
f 114/130/4 126/134/4 127/135/4
f 114/130/4 127/135/4 128/136/4
f 129/137/4 130/138/4 115/121/4
f 115/121/4 130/138/4 131/139/4
f 115/121/4 131/139/4 116/122/4
f 118/125/4 132/140/4 113/123/4
f 113/123/4 132/140/4 133/141/4
f 113/123/4 133/141/4 134/142/4
f 134/142/4 135/143/4 113/123/4
f 113/123/4 135/143/4 136/144/4
f 113/123/4 136/144/4 126/134/4
f 128/136/4 137/145/4 114/130/4
f 114/130/4 137/145/4 138/146/4
f 114/130/4 138/146/4 139/147/4
f 139/147/4 140/148/4 114/130/4
f 114/130/4 140/148/4 141/149/4
f 114/130/4 141/149/4 123/131/4
f 125/133/4 142/150/4 119/126/4
f 119/126/4 142/150/4 143/151/4
f 119/126/4 143/151/4 144/152/4
f 144/152/4 145/153/4 119/126/4
f 119/126/4 145/153/4 146/154/4
f 119/126/4 146/154/4 147/155/4
f 147/155/4 148/156/4 119/126/4
f 119/126/4 148/156/4 149/157/4
f 119/126/4 149/157/4 150/158/4
f 150/158/4 120/127/4 119/126/4
f 122/129/4 151/159/4 115/121/4
f 115/121/4 151/159/4 152/160/4
f 115/121/4 152/160/4 153/161/4
f 153/161/4 154/162/4 115/121/4
f 115/121/4 154/162/4 155/163/4
f 115/121/4 155/163/4 156/164/4
f 156/164/4 129/137/4 115/121/4
f 157/165/5 158/166/5 115/167/5
f 115/167/5 158/166/5 159/168/5
f 115/167/5 159/168/5 119/169/5
f 119/169/5 159/168/5 160/170/5
f 160/170/6 159/168/6 161/171/6
f 161/171/6 159/168/6 162/172/6
f 161/171/7 162/172/7 163/173/7
f 163/173/7 162/172/7 164/174/7
f 163/173/8 164/174/8 165/175/8
f 165/175/8 164/174/8 166/176/8
f 165/175/9 166/176/9 167/177/9
f 167/177/9 166/176/9 168/178/9
f 167/179/10 168/180/10 169/181/10
f 169/181/10 168/180/10 170/182/10
f 169/181/11 170/182/11 171/183/11
f 171/183/11 170/182/11 172/184/11
f 171/183/12 172/184/12 173/185/12
f 173/185/12 172/184/12 174/186/12
f 173/185/13 174/186/13 175/187/13
f 175/187/13 174/186/13 176/188/13
f 175/187/14 176/188/14 177/189/14
f 177/189/14 176/188/14 178/190/14
f 177/189/15 178/190/15 179/191/15
f 179/191/15 178/190/15 180/192/15
f 179/191/16 180/192/16 181/193/16
f 181/193/16 180/192/16 182/194/16
f 181/193/4 182/194/4 183/195/4
f 183/195/4 182/194/4 184/196/4
f 183/195/17 184/196/17 185/197/17
f 185/197/17 184/196/17 186/198/17
f 185/197/18 186/198/18 187/199/18
f 187/199/18 186/198/18 188/200/18
f 187/199/19 188/200/19 189/201/19
f 189/201/19 188/200/19 190/202/19
f 189/201/20 190/202/20 191/203/20
f 191/203/20 190/202/20 192/204/20
f 191/203/21 192/204/21 193/205/21
f 193/205/21 192/204/21 194/206/21
f 193/205/22 194/206/22 195/207/22
f 195/207/22 194/206/22 196/208/22
f 195/207/23 196/208/23 197/209/23
f 197/209/23 196/208/23 198/210/23
f 197/211/24 198/212/24 199/213/24
f 199/213/24 198/212/24 200/214/24
f 199/213/25 200/214/25 201/215/25
f 201/215/25 200/214/25 202/216/25
f 201/215/26 202/216/26 203/217/26
f 203/217/26 202/216/26 204/218/26
f 203/217/27 204/218/27 205/219/27
f 205/219/27 204/218/27 206/220/27
f 205/219/28 206/220/28 207/221/28
f 207/221/28 206/220/28 208/222/28
f 207/221/28 208/222/28 209/223/28
f 209/223/28 208/222/28 210/224/28
f 210/224/27 208/222/27 211/225/27
f 211/225/27 208/222/27 212/226/27
f 211/225/26 212/226/26 213/227/26
f 213/227/26 212/226/26 214/228/26
f 213/227/25 214/228/25 215/229/25
f 215/229/25 214/228/25 216/230/25
f 215/229/24 216/230/24 217/231/24
f 217/231/24 216/230/24 218/232/24
f 217/233/23 218/234/23 219/235/23
f 219/235/23 218/234/23 220/236/23
f 219/235/22 220/236/22 221/237/22
f 221/237/22 220/236/22 222/238/22
f 221/237/21 222/238/21 223/239/21
f 223/239/21 222/238/21 224/240/21
f 223/239/20 224/240/20 225/241/20
f 225/241/20 224/240/20 226/242/20
f 225/241/19 226/242/19 227/243/19
f 227/243/19 226/242/19 228/244/19
f 227/243/18 228/244/18 229/245/18
f 229/245/18 228/244/18 230/246/18
f 229/245/17 230/246/17 231/247/17
f 231/247/17 230/246/17 232/248/17
f 231/247/4 232/248/4 233/249/4
f 233/249/4 232/248/4 234/250/4
f 233/249/16 234/250/16 235/251/16
f 235/251/16 234/250/16 236/252/16
f 235/251/15 236/252/15 237/253/15
f 237/253/15 236/252/15 238/254/15
f 237/253/14 238/254/14 239/255/14
f 239/255/14 238/254/14 240/256/14
f 239/255/13 240/256/13 241/257/13
f 241/257/13 240/256/13 242/258/13
f 241/257/12 242/258/12 243/259/12
f 243/259/12 242/258/12 244/260/12
f 243/259/11 244/260/11 245/261/11
f 245/261/11 244/260/11 246/262/11
f 245/261/10 246/262/10 247/263/10
f 247/263/10 246/262/10 248/264/10
f 247/265/9 248/266/9 249/267/9
f 249/267/9 248/266/9 250/268/9
f 249/267/8 250/268/8 251/269/8
f 251/269/8 250/268/8 252/270/8
f 251/269/7 252/270/7 253/271/7
f 253/271/7 252/270/7 254/272/7
f 253/271/6 254/272/6 157/165/6
f 157/165/6 254/272/6 158/166/6
f 162/172/6 159/168/6 158/166/6
f 162/172/6 158/166/6 254/272/6
f 164/174/7 162/172/7 254/272/7
f 164/174/7 254/272/7 252/270/7
f 166/176/8 164/174/8 252/270/8
f 166/176/8 252/270/8 250/268/8
f 168/178/9 166/176/9 250/268/9
f 168/178/9 250/268/9 248/266/9
f 170/182/10 168/180/10 248/264/10
f 170/182/10 248/264/10 246/262/10
f 172/184/11 170/182/11 246/262/11
f 172/184/11 246/262/11 244/260/11
f 174/186/12 172/184/12 244/260/12
f 174/186/12 244/260/12 242/258/12
f 176/188/13 174/186/13 242/258/13
f 176/188/13 242/258/13 240/256/13
f 178/190/14 176/188/14 240/256/14
f 178/190/14 240/256/14 238/254/14
f 180/192/15 178/190/15 238/254/15
f 180/192/15 238/254/15 236/252/15
f 182/194/16 180/192/16 236/252/16
f 182/194/16 236/252/16 234/250/16
f 184/196/4 182/194/4 234/250/4
f 184/196/4 234/250/4 232/248/4
f 186/198/17 184/196/17 232/248/17
f 186/198/17 232/248/17 230/246/17
f 188/200/18 186/198/18 230/246/18
f 188/200/18 230/246/18 228/244/18
f 190/202/19 188/200/19 228/244/19
f 190/202/19 228/244/19 226/242/19
f 192/204/20 190/202/20 226/242/20
f 192/204/20 226/242/20 224/240/20
f 194/206/21 192/204/21 224/240/21
f 194/206/21 224/240/21 222/238/21
f 196/208/22 194/206/22 222/238/22
f 196/208/22 222/238/22 220/236/22
f 198/210/23 196/208/23 220/236/23
f 198/210/23 220/236/23 218/234/23
f 200/214/24 198/212/24 218/232/24
f 200/214/24 218/232/24 216/230/24
f 202/216/25 200/214/25 216/230/25
f 202/216/25 216/230/25 214/228/25
f 204/218/26 202/216/26 214/228/26
f 204/218/26 214/228/26 212/226/26
f 206/220/27 204/218/27 212/226/27
f 206/220/27 212/226/27 208/222/27
f 255/273/4 256/274/4 209/275/4
f 209/275/4 256/274/4 207/276/4
f 257/277/3 258/278/3 255/279/3
f 255/279/3 258/278/3 256/280/3
f 259/281/2 260/282/2 257/283/2
f 257/283/2 260/282/2 258/284/2
f 261/285/29 262/286/29 259/287/29
f 259/287/29 262/286/29 263/288/29
f 259/287/29 263/288/29 260/274/29
f 260/274/29 263/288/29 264/289/29
f 264/289/30 263/288/30 265/290/30
f 265/290/30 263/288/30 266/291/30
f 265/290/31 266/291/31 267/292/31
f 267/292/31 266/291/31 268/293/31
f 267/292/32 268/293/32 269/294/32
f 269/294/32 268/293/32 270/295/32
f 269/294/33 270/295/33 271/296/33
f 271/296/33 270/295/33 272/297/33
f 271/298/34 272/299/34 273/300/34
f 273/300/34 272/299/34 274/301/34
f 273/300/35 274/301/35 275/302/35
f 275/302/35 274/301/35 276/303/35
f 275/302/36 276/303/36 277/304/36
f 277/304/36 276/303/36 278/305/36
f 277/304/37 278/305/37 279/306/37
f 279/306/37 278/305/37 280/307/37
f 279/306/38 280/307/38 281/308/38
f 281/308/38 280/307/38 282/309/38
f 281/308/39 282/309/39 283/310/39
f 283/310/39 282/309/39 284/311/39
f 283/310/40 284/311/40 285/312/40
f 285/312/40 284/311/40 286/313/40
f 285/312/2 286/313/2 287/314/2
f 287/314/2 286/313/2 288/315/2
f 287/314/41 288/315/41 289/316/41
f 289/316/41 288/315/41 290/317/41
f 289/316/42 290/317/42 291/318/42
f 291/318/42 290/317/42 292/319/42
f 291/318/43 292/319/43 293/320/43
f 293/320/43 292/319/43 294/321/43
f 293/320/44 294/321/44 295/322/44
f 295/322/44 294/321/44 296/323/44
f 295/322/45 296/323/45 297/324/45
f 297/324/45 296/323/45 298/325/45
f 297/324/46 298/325/46 299/326/46
f 299/326/46 298/325/46 300/327/46
f 299/326/47 300/327/47 301/328/47
f 301/328/47 300/327/47 302/329/47
f 301/330/48 302/331/48 303/332/48
f 303/332/48 302/331/48 304/333/48
f 303/332/49 304/333/49 305/334/49
f 305/334/49 304/333/49 306/335/49
f 305/334/50 306/335/50 307/336/50
f 307/336/50 306/335/50 308/337/50
f 307/336/51 308/337/51 309/338/51
f 309/338/51 308/337/51 310/339/51
f 309/338/52 310/339/52 311/169/52
f 311/169/52 310/339/52 312/340/52
f 311/169/52 312/340/52 313/167/52
f 313/167/52 312/340/52 314/341/52
f 314/341/51 312/340/51 315/342/51
f 315/342/51 312/340/51 316/343/51
f 315/342/50 316/343/50 317/344/50
f 317/344/50 316/343/50 318/345/50
f 317/344/49 318/345/49 319/346/49
f 319/346/49 318/345/49 320/347/49
f 319/346/48 320/347/48 321/348/48
f 321/348/48 320/347/48 322/349/48
f 321/350/47 322/351/47 323/352/47
f 323/352/47 322/351/47 324/353/47
f 323/352/46 324/353/46 325/354/46
f 325/354/46 324/353/46 326/355/46
f 325/354/45 326/355/45 327/356/45
f 327/356/45 326/355/45 328/357/45
f 327/356/44 328/357/44 329/358/44
f 329/358/44 328/357/44 330/359/44
f 329/358/43 330/359/43 331/360/43
f 331/360/43 330/359/43 332/361/43
f 331/360/42 332/361/42 333/362/42
f 333/362/42 332/361/42 334/363/42
f 333/362/41 334/363/41 335/364/41
f 335/364/41 334/363/41 336/365/41
f 335/364/2 336/365/2 337/366/2
f 337/366/2 336/365/2 338/367/2
f 337/366/40 338/367/40 339/368/40
f 339/368/40 338/367/40 340/369/40
f 339/368/39 340/369/39 341/370/39
f 341/370/39 340/369/39 342/371/39
f 341/370/38 342/371/38 343/372/38
f 343/372/38 342/371/38 344/373/38
f 343/372/37 344/373/37 345/374/37
f 345/374/37 344/373/37 346/375/37
f 345/374/36 346/375/36 347/376/36
f 347/376/36 346/375/36 348/377/36
f 347/376/35 348/377/35 349/378/35
f 349/378/35 348/377/35 350/379/35
f 349/378/34 350/379/34 351/380/34
f 351/380/34 350/379/34 352/381/34
f 351/382/33 352/383/33 353/384/33
f 353/384/33 352/383/33 354/385/33
f 353/384/32 354/385/32 355/386/32
f 355/386/32 354/385/32 356/387/32
f 355/386/31 356/387/31 357/388/31
f 357/388/31 356/387/31 358/389/31
f 357/388/30 358/389/30 261/285/30
f 261/285/30 358/389/30 262/286/30
f 266/291/30 263/288/30 262/286/30
f 266/291/30 262/286/30 358/389/30
f 268/293/31 266/291/31 358/389/31
f 268/293/31 358/389/31 356/387/31
f 270/295/32 268/293/32 356/387/32
f 270/295/32 356/387/32 354/385/32
f 272/297/33 270/295/33 354/385/33
f 272/297/33 354/385/33 352/383/33
f 274/301/34 272/299/34 352/381/34
f 274/301/34 352/381/34 350/379/34
f 276/303/35 274/301/35 350/379/35
f 276/303/35 350/379/35 348/377/35
f 278/305/36 276/303/36 348/377/36
f 278/305/36 348/377/36 346/375/36
f 280/307/37 278/305/37 346/375/37
f 280/307/37 346/375/37 344/373/37
f 282/309/38 280/307/38 344/373/38
f 282/309/38 344/373/38 342/371/38
f 284/311/39 282/309/39 342/371/39
f 284/311/39 342/371/39 340/369/39
f 286/313/40 284/311/40 340/369/40
f 286/313/40 340/369/40 338/367/40
f 288/315/2 286/313/2 338/367/2
f 288/315/2 338/367/2 336/365/2
f 290/317/41 288/315/41 336/365/41
f 290/317/41 336/365/41 334/363/41
f 292/319/42 290/317/42 334/363/42
f 292/319/42 334/363/42 332/361/42
f 294/321/43 292/319/43 332/361/43
f 294/321/43 332/361/43 330/359/43
f 296/323/44 294/321/44 330/359/44
f 296/323/44 330/359/44 328/357/44
f 298/325/45 296/323/45 328/357/45
f 298/325/45 328/357/45 326/355/45
f 300/327/46 298/325/46 326/355/46
f 300/327/46 326/355/46 324/353/46
f 302/329/47 300/327/47 324/353/47
f 302/329/47 324/353/47 322/351/47
f 304/333/48 302/331/48 322/349/48
f 304/333/48 322/349/48 320/347/48
f 306/335/49 304/333/49 320/347/49
f 306/335/49 320/347/49 318/345/49
f 308/337/50 306/335/50 318/345/50
f 308/337/50 318/345/50 316/343/50
f 310/339/51 308/337/51 316/343/51
f 310/339/51 316/343/51 312/340/51
f 359/123/2 360/390/2 313/391/2
f 313/391/2 360/390/2 361/392/2
f 313/391/2 361/392/2 362/393/2
f 363/130/2 364/394/2 359/123/2
f 359/123/2 364/394/2 365/395/2
f 359/123/2 365/395/2 366/396/2
f 311/397/2 367/398/2 363/130/2
f 363/130/2 367/398/2 368/399/2
f 363/130/2 368/399/2 369/400/2
f 313/391/2 370/401/2 311/397/2
f 311/397/2 370/401/2 371/402/2
f 311/397/2 371/402/2 372/403/2
f 372/403/2 373/404/2 311/397/2
f 311/397/2 373/404/2 374/405/2
f 311/397/2 374/405/2 375/406/2
f 375/406/2 376/407/2 311/397/2
f 311/397/2 376/407/2 377/408/2
f 311/397/2 377/408/2 378/409/2
f 378/409/2 379/410/2 311/397/2
f 311/397/2 379/410/2 380/411/2
f 311/397/2 380/411/2 381/412/2
f 381/412/2 367/398/2 311/397/2
f 369/400/2 382/413/2 363/130/2
f 363/130/2 382/413/2 383/414/2
f 363/130/2 383/414/2 384/415/2
f 384/415/2 385/416/2 363/130/2
f 363/130/2 385/416/2 386/417/2
f 363/130/2 386/417/2 387/418/2
f 387/418/2 364/394/2 363/130/2
f 366/396/2 388/419/2 359/123/2
f 359/123/2 388/419/2 389/420/2
f 359/123/2 389/420/2 390/421/2
f 390/421/2 391/422/2 359/123/2
f 359/123/2 391/422/2 392/423/2
f 359/123/2 392/423/2 393/424/2
f 393/424/2 360/390/2 359/123/2
f 362/393/2 394/425/2 313/391/2
f 313/391/2 394/425/2 395/426/2
f 313/391/2 395/426/2 396/427/2
f 396/427/2 397/428/2 313/391/2
f 313/391/2 397/428/2 398/429/2
f 313/391/2 398/429/2 399/430/2
f 399/430/2 400/431/2 313/391/2
f 313/391/2 400/431/2 401/432/2
f 313/391/2 401/432/2 402/433/2
f 402/433/2 370/401/2 313/391/2
f 403/434/3 404/435/3 359/436/3
f 359/436/3 404/435/3 363/437/3
f 405/438/4 406/439/4 407/440/4
f 407/440/4 406/439/4 408/441/4
f 407/440/4 408/441/4 409/442/4
f 407/440/4 409/442/4 410/443/4
f 410/443/4 409/442/4 411/444/4
f 410/443/4 411/444/4 412/445/4
f 412/445/4 411/444/4 413/446/4
f 412/445/4 413/446/4 414/447/4
f 414/447/4 413/446/4 415/448/4
f 414/447/4 415/448/4 416/449/4
f 416/449/4 415/448/4 417/450/4
f 416/449/4 417/450/4 418/451/4
f 418/451/4 417/450/4 419/452/4
f 418/451/4 419/452/4 420/453/4
f 420/453/4 419/452/4 421/454/4
f 420/453/4 421/454/4 422/455/4
f 422/455/4 421/454/4 423/456/4
f 422/455/4 423/456/4 424/457/4
f 424/457/4 423/456/4 425/458/4
f 424/457/4 425/458/4 404/459/4
f 404/459/4 425/458/4 426/460/4
f 404/459/4 426/460/4 427/461/4
f 404/459/4 427/461/4 1/462/4
f 1/462/4 427/461/4 428/463/4
f 1/462/4 428/463/4 429/464/4
f 429/464/4 430/465/4 1/462/4
f 1/462/4 430/465/4 431/466/4
f 1/462/4 431/466/4 432/467/4
f 432/467/4 433/468/4 1/462/4
f 1/462/4 433/468/4 434/469/4
f 1/462/4 434/469/4 435/470/4
f 435/470/4 436/471/4 1/462/4
f 1/462/4 436/471/4 437/472/4
f 1/462/4 437/472/4 2/473/4
f 2/473/4 437/472/4 438/474/4
f 2/473/4 438/474/4 439/475/4
f 439/475/4 440/476/4 2/473/4
f 2/473/4 440/476/4 441/477/4
f 2/473/4 441/477/4 442/478/4
f 442/478/4 443/479/4 2/473/4
f 403/480/4 444/481/4 404/459/4
f 404/459/4 444/481/4 445/482/4
f 404/459/4 445/482/4 446/483/4
f 7/484/4 447/485/4 403/480/4
f 403/480/4 447/485/4 448/486/4
f 403/480/4 448/486/4 449/487/4
f 8/488/4 450/489/4 7/484/4
f 7/484/4 450/489/4 451/490/4
f 7/484/4 451/490/4 452/491/4
f 453/492/4 454/493/4 8/488/4
f 8/488/4 454/493/4 455/494/4
f 8/488/4 455/494/4 456/495/4
f 456/495/4 457/496/4 8/488/4
f 8/488/4 457/496/4 458/497/4
f 8/488/4 458/497/4 450/489/4
f 452/491/4 459/498/4 7/484/4
f 7/484/4 459/498/4 460/499/4
f 7/484/4 460/499/4 461/500/4
f 461/500/4 462/501/4 7/484/4
f 7/484/4 462/501/4 463/502/4
f 7/484/4 463/502/4 464/503/4
f 464/503/4 465/504/4 7/484/4
f 7/484/4 465/504/4 447/485/4
f 403/480/4 449/487/4 466/505/4
f 466/505/4 449/487/4 467/506/4
f 466/505/4 467/506/4 468/507/4
f 468/507/4 467/506/4 469/508/4
f 468/507/4 469/508/4 470/509/4
f 470/509/4 469/508/4 471/510/4
f 470/509/4 471/510/4 472/511/4
f 472/511/4 471/510/4 473/512/4
f 472/511/4 473/512/4 474/513/4
f 474/513/4 473/512/4 475/514/4
f 474/513/4 475/514/4 476/515/4
f 476/515/4 475/514/4 477/516/4
f 476/515/4 477/516/4 478/517/4
f 478/517/4 477/516/4 479/518/4
f 478/517/4 479/518/4 480/519/4
f 480/519/4 479/518/4 481/520/4
f 480/519/4 481/520/4 482/521/4
f 482/521/4 481/520/4 483/522/4
f 482/521/4 483/522/4 484/523/4
f 484/523/4 485/524/4 482/521/4
f 407/440/4 486/525/4 482/521/4
f 482/521/4 486/525/4 487/526/4
f 482/521/4 487/526/4 488/527/4
f 489/528/4 490/529/4 403/480/4
f 403/480/4 490/529/4 491/530/4
f 403/480/4 491/530/4 492/531/4
f 492/531/4 493/532/4 403/480/4
f 403/480/4 493/532/4 494/533/4
f 403/480/4 494/533/4 495/534/4
f 495/534/4 496/535/4 403/480/4
f 403/480/4 496/535/4 497/536/4
f 403/480/4 497/536/4 498/537/4
f 498/537/4 499/538/4 403/480/4
f 403/480/4 499/538/4 500/539/4
f 403/480/4 500/539/4 501/540/4
f 501/540/4 502/541/4 403/480/4
f 403/480/4 502/541/4 503/542/4
f 403/480/4 503/542/4 444/481/4
f 446/483/4 504/543/4 404/459/4
f 404/459/4 504/543/4 505/544/4
f 404/459/4 505/544/4 506/545/4
f 506/545/4 507/546/4 404/459/4
f 404/459/4 507/546/4 508/547/4
f 404/459/4 508/547/4 509/548/4
f 509/548/4 510/549/4 404/459/4
f 404/459/4 510/549/4 511/550/4
f 404/459/4 511/550/4 512/551/4
f 512/551/4 513/552/4 404/459/4
f 404/459/4 513/552/4 514/553/4
f 404/459/4 514/553/4 515/554/4
f 515/554/4 516/555/4 404/459/4
f 404/459/4 516/555/4 424/457/4
f 410/443/4 517/556/4 407/440/4
f 407/440/4 517/556/4 518/557/4
f 407/440/4 518/557/4 519/558/4
f 519/558/4 520/559/4 407/440/4
f 407/440/4 520/559/4 486/525/4
f 488/527/4 521/560/4 482/521/4
f 482/521/4 521/560/4 522/561/4
f 482/521/4 522/561/4 480/519/4
f 466/505/4 489/528/4 403/480/4
f 3/562/53 523/563/53 1/564/53
f 1/564/53 523/563/53 524/565/53
f 1/564/53 524/565/53 525/566/53
f 26/567/53 185/568/53 3/562/53
f 3/562/53 185/568/53 187/569/53
f 3/562/53 187/569/53 526/570/53
f 526/570/53 187/569/53 189/571/53
f 526/570/53 189/571/53 527/572/53
f 527/572/53 189/571/53 191/573/53
f 527/572/53 191/573/53 528/574/53
f 528/574/53 191/573/53 193/575/53
f 528/574/53 193/575/53 529/576/53
f 529/576/53 193/575/53 195/577/53
f 529/576/53 195/577/53 530/578/53
f 530/578/53 195/577/53 197/579/53
f 530/578/53 197/579/53 531/580/53
f 531/580/53 197/579/53 199/581/53
f 531/580/53 199/581/53 532/582/53
f 532/582/53 199/581/53 201/583/53
f 532/582/53 201/583/53 256/584/53
f 256/584/53 201/583/53 203/585/53
f 256/584/53 203/585/53 205/586/53
f 114/587/53 169/588/53 26/567/53
f 26/567/53 169/588/53 171/589/53
f 26/567/53 171/589/53 173/590/53
f 119/591/53 160/592/53 114/587/53
f 114/587/53 160/592/53 161/593/53
f 114/587/53 161/593/53 163/594/53
f 163/594/53 165/595/53 114/587/53
f 114/587/53 165/595/53 167/596/53
f 114/587/53 167/596/53 169/588/53
f 173/590/53 175/597/53 26/567/53
f 26/567/53 175/597/53 177/598/53
f 26/567/53 177/598/53 179/599/53
f 179/599/53 181/600/53 26/567/53
f 26/567/53 181/600/53 183/601/53
f 26/567/53 183/601/53 185/568/53
f 205/586/53 207/602/53 256/584/53
f 258/603/53 533/604/53 256/584/53
f 256/584/53 533/604/53 534/605/53
f 256/584/53 534/605/53 535/606/53
f 260/607/53 264/608/53 258/603/53
f 258/603/53 264/608/53 265/609/53
f 258/603/53 265/609/53 267/610/53
f 258/603/53 267/610/53 536/611/53
f 536/611/53 267/610/53 269/612/53
f 536/611/53 269/612/53 537/613/53
f 537/613/53 269/612/53 271/614/53
f 537/613/53 271/614/53 538/615/53
f 538/615/53 271/614/53 273/616/53
f 538/615/53 273/616/53 539/617/53
f 539/617/53 273/616/53 275/618/53
f 539/617/53 275/618/53 540/619/53
f 540/619/53 275/618/53 277/620/53
f 540/619/53 277/620/53 541/621/53
f 541/621/53 277/620/53 279/622/53
f 541/621/53 279/622/53 542/623/53
f 542/623/53 279/622/53 281/624/53
f 542/623/53 281/624/53 1/564/53
f 1/564/53 281/624/53 283/625/53
f 1/564/53 283/625/53 404/626/53
f 404/626/53 283/625/53 285/627/53
f 404/626/53 285/627/53 287/628/53
f 287/628/53 289/629/53 404/626/53
f 404/626/53 289/629/53 291/630/53
f 404/626/53 291/630/53 293/631/53
f 293/631/53 295/632/53 404/626/53
f 404/626/53 295/632/53 297/633/53
f 404/626/53 297/633/53 299/634/53
f 404/626/53 299/634/53 363/635/53
f 363/635/53 299/634/53 301/636/53
f 363/635/53 301/636/53 303/637/53
f 303/637/53 305/638/53 363/635/53
f 363/635/53 305/638/53 307/639/53
f 363/635/53 307/639/53 309/640/53
f 309/640/53 311/641/53 363/635/53
f 543/642/53 544/643/53 1/564/53
f 1/564/53 544/643/53 545/644/53
f 1/564/53 545/644/53 546/645/53
f 546/645/53 542/623/53 1/564/53
f 536/611/53 547/646/53 258/603/53
f 258/603/53 547/646/53 548/647/53
f 258/603/53 548/647/53 549/648/53
f 549/648/53 550/649/53 258/603/53
f 258/603/53 550/649/53 533/604/53
f 535/606/53 551/650/53 256/584/53
f 256/584/53 551/650/53 552/651/53
f 256/584/53 552/651/53 532/582/53
f 526/570/53 553/652/53 3/562/53
f 3/562/53 553/652/53 554/653/53
f 3/562/53 554/653/53 555/654/53
f 555/654/53 556/655/53 3/562/53
f 3/562/53 556/655/53 557/656/53
f 3/562/53 557/656/53 558/657/53
f 558/657/53 559/658/53 3/562/53
f 3/562/53 559/658/53 560/659/53
f 3/562/53 560/659/53 561/660/53
f 561/660/53 562/661/53 3/562/53
f 3/562/53 562/661/53 563/662/53
f 3/562/53 563/662/53 564/663/53
f 564/663/53 565/664/53 3/562/53
f 3/562/53 565/664/53 566/665/53
f 3/562/53 566/665/53 567/666/53
f 567/666/53 568/667/53 3/562/53
f 3/562/53 568/667/53 523/563/53
f 525/566/53 569/668/53 1/564/53
f 1/564/53 569/668/53 570/669/53
f 1/564/53 570/669/53 571/670/53
f 571/670/53 572/671/53 1/564/53
f 1/564/53 572/671/53 573/672/53
f 1/564/53 573/672/53 574/673/53
f 574/673/53 575/674/53 1/564/53
f 1/564/53 575/674/53 576/675/53
f 1/564/53 576/675/53 577/676/53
f 577/676/53 578/677/53 1/564/53
f 1/564/53 578/677/53 543/642/53
f 7/678/54 579/679/54 5/680/54
f 5/680/54 579/679/54 580/681/54
f 5/680/54 580/681/54 581/682/54
f 403/683/54 339/684/54 7/678/54
f 7/678/54 339/684/54 341/685/54
f 7/678/54 341/685/54 343/686/54
f 359/687/54 323/688/54 403/683/54
f 403/683/54 323/688/54 325/689/54
f 403/683/54 325/689/54 327/690/54
f 313/691/54 314/692/54 359/687/54
f 359/687/54 314/692/54 315/693/54
f 359/687/54 315/693/54 317/694/54
f 317/694/54 319/695/54 359/687/54
f 359/687/54 319/695/54 321/696/54
f 359/687/54 321/696/54 323/688/54
f 327/690/54 329/697/54 403/683/54
f 403/683/54 329/697/54 331/698/54
f 403/683/54 331/698/54 333/699/54
f 333/699/54 335/700/54 403/683/54
f 403/683/54 335/700/54 337/701/54
f 403/683/54 337/701/54 339/684/54
f 343/686/54 345/702/54 7/678/54
f 7/678/54 345/702/54 582/703/54
f 7/678/54 582/703/54 583/704/54
f 345/702/54 347/705/54 582/703/54
f 582/703/54 347/705/54 584/706/54
f 584/706/54 347/705/54 349/707/54
f 584/706/54 349/707/54 351/708/54
f 584/706/54 351/708/54 585/709/54
f 585/709/54 351/708/54 353/710/54
f 585/709/54 353/710/54 586/711/54
f 586/711/54 353/710/54 257/712/54
f 586/711/54 257/712/54 587/713/54
f 587/713/54 257/712/54 588/714/54
f 588/714/54 257/712/54 589/715/54
f 589/715/54 257/712/54 590/716/54
f 590/716/54 257/712/54 591/717/54
f 591/717/54 257/712/54 255/718/54
f 591/717/54 255/718/54 592/719/54
f 592/719/54 255/718/54 593/720/54
f 593/720/54 255/718/54 594/721/54
f 594/721/54 255/718/54 595/722/54
f 595/722/54 255/718/54 596/723/54
f 596/723/54 255/718/54 215/724/54
f 596/723/54 215/724/54 597/725/54
f 597/725/54 215/724/54 217/726/54
f 597/725/54 217/726/54 598/727/54
f 598/727/54 217/726/54 219/728/54
f 598/727/54 219/728/54 221/729/54
f 353/710/54 355/730/54 257/712/54
f 257/712/54 355/730/54 357/731/54
f 257/712/54 357/731/54 261/732/54
f 261/732/54 259/733/54 257/712/54
f 209/734/54 210/735/54 255/718/54
f 255/718/54 210/735/54 211/736/54
f 255/718/54 211/736/54 213/737/54
f 213/737/54 215/724/54 255/718/54
f 598/727/54 221/729/54 599/738/54
f 599/738/54 221/729/54 223/739/54
f 599/738/54 223/739/54 5/680/54
f 5/680/54 223/739/54 225/740/54
f 5/680/54 225/740/54 227/741/54
f 227/741/54 229/742/54 5/680/54
f 5/680/54 229/742/54 65/743/54
f 65/743/54 229/742/54 231/744/54
f 65/743/54 231/744/54 233/745/54
f 233/745/54 235/746/54 65/743/54
f 65/743/54 235/746/54 237/747/54
f 65/743/54 237/747/54 239/748/54
f 239/748/54 241/749/54 65/743/54
f 65/743/54 241/749/54 243/750/54
f 65/743/54 243/750/54 245/751/54
f 65/743/54 245/751/54 113/752/54
f 113/752/54 245/751/54 247/753/54
f 113/752/54 247/753/54 249/754/54
f 249/754/54 251/755/54 113/752/54
f 113/752/54 251/755/54 253/756/54
f 113/752/54 253/756/54 157/757/54
f 157/757/54 115/758/54 113/752/54
f 583/704/54 600/759/54 7/678/54
f 7/678/54 600/759/54 601/760/54
f 7/678/54 601/760/54 602/761/54
f 602/761/54 603/762/54 7/678/54
f 7/678/54 603/762/54 604/763/54
f 7/678/54 604/763/54 605/764/54
f 605/764/54 606/765/54 7/678/54
f 7/678/54 606/765/54 607/766/54
f 7/678/54 607/766/54 608/767/54
f 608/767/54 609/768/54 7/678/54
f 7/678/54 609/768/54 579/679/54
f 581/682/54 610/769/54 5/680/54
f 5/680/54 610/769/54 611/770/54
f 5/680/54 611/770/54 612/771/54
f 612/771/54 613/772/54 5/680/54
f 5/680/54 613/772/54 614/773/54
f 5/680/54 614/773/54 615/774/54
f 615/774/54 616/775/54 5/680/54
f 5/680/54 616/775/54 617/776/54
f 5/680/54 617/776/54 618/777/54
f 618/777/54 599/738/54 5/680/54
f 4/778/54 619/779/54 12/780/54
f 12/780/54 619/779/54 620/781/54
f 12/780/54 620/781/54 621/782/54
f 2/783/54 622/784/54 4/778/54
f 4/778/54 622/784/54 623/785/54
f 4/778/54 623/785/54 624/786/54
f 443/787/54 625/788/54 2/783/54
f 2/783/54 625/788/54 626/789/54
f 2/783/54 626/789/54 627/790/54
f 12/780/54 628/791/54 443/787/54
f 443/787/54 628/791/54 629/792/54
f 443/787/54 629/792/54 630/793/54
f 630/793/54 631/794/54 443/787/54
f 443/787/54 631/794/54 632/795/54
f 443/787/54 632/795/54 633/796/54
f 633/796/54 634/797/54 443/787/54
f 443/787/54 634/797/54 635/798/54
f 443/787/54 635/798/54 636/799/54
f 636/799/54 637/800/54 443/787/54
f 443/787/54 637/800/54 638/801/54
f 443/787/54 638/801/54 639/802/54
f 639/802/54 625/788/54 443/787/54
f 627/790/54 640/803/54 2/783/54
f 2/783/54 640/803/54 641/804/54
f 2/783/54 641/804/54 642/805/54
f 642/805/54 643/806/54 2/783/54
f 2/783/54 643/806/54 644/807/54
f 2/783/54 644/807/54 645/808/54
f 645/808/54 622/784/54 2/783/54
f 624/786/54 646/809/54 4/778/54
f 4/778/54 646/809/54 647/810/54
f 4/778/54 647/810/54 648/811/54
f 648/811/54 649/812/54 4/778/54
f 4/778/54 649/812/54 650/813/54
f 4/778/54 650/813/54 651/814/54
f 651/814/54 619/779/54 4/778/54
f 621/782/54 652/815/54 12/780/54
f 12/780/54 652/815/54 653/816/54
f 12/780/54 653/816/54 654/817/54
f 654/817/54 655/818/54 12/780/54
f 12/780/54 655/818/54 656/819/54
f 12/780/54 656/819/54 657/820/54
f 657/820/54 658/821/54 12/780/54
f 12/780/54 658/821/54 659/822/54
f 12/780/54 659/822/54 660/823/54
f 660/823/54 628/791/54 12/780/54
f 405/824/55 45/825/55 661/826/55
f 661/826/55 45/825/55 44/827/55
f 661/826/56 44/827/56 662/828/56
f 662/828/56 44/827/56 43/829/56
f 662/828/57 43/829/57 663/830/57
f 663/830/57 43/829/57 41/831/57
f 663/830/58 41/831/58 664/832/58
f 664/832/58 41/831/58 39/833/58
f 664/832/59 39/833/59 665/834/59
f 665/834/59 39/833/59 37/835/59
f 665/834/60 37/835/60 666/836/60
f 666/836/60 37/835/60 35/837/60
f 666/838/61 35/839/61 667/840/61
f 667/840/61 35/839/61 34/841/61
f 667/840/62 34/841/62 668/842/62
f 668/842/62 34/841/62 32/843/62
f 668/842/63 32/843/63 669/844/63
f 669/844/63 32/843/63 30/845/63
f 669/844/64 30/845/64 670/846/64
f 670/846/64 30/845/64 29/847/64
f 670/846/65 29/847/65 671/848/65
f 671/848/65 29/847/65 28/849/65
f 671/848/66 28/849/66 672/850/66
f 672/850/66 28/849/66 27/851/66
f 672/850/67 27/851/67 673/852/67
f 673/852/67 27/851/67 25/853/67
f 673/852/68 25/853/68 674/854/68
f 674/854/68 25/853/68 24/855/68
f 674/854/54 24/855/54 675/856/54
f 675/856/54 24/855/54 23/857/54
f 675/856/69 23/857/69 676/858/69
f 676/858/69 23/857/69 22/859/69
f 676/858/70 22/859/70 677/860/70
f 677/860/70 22/859/70 21/861/70
f 677/860/71 21/861/71 678/862/71
f 678/862/71 21/861/71 20/863/71
f 678/862/72 20/863/72 679/864/72
f 679/864/72 20/863/72 19/865/72
f 679/864/73 19/865/73 680/866/73
f 680/866/73 19/865/73 18/867/73
f 680/866/74 18/867/74 681/868/74
f 681/868/74 18/867/74 11/869/74
f 681/868/75 11/869/75 682/870/75
f 682/870/75 11/869/75 10/871/75
f 682/870/76 10/871/76 683/872/76
f 683/872/76 10/871/76 9/873/76
f 683/874/77 9/875/77 684/876/77
f 684/876/77 9/875/77 17/877/77
f 684/876/78 17/877/78 685/878/78
f 685/878/78 17/877/78 16/879/78
f 685/878/79 16/879/79 686/880/79
f 686/880/79 16/879/79 15/881/79
f 686/880/80 15/881/80 687/882/80
f 687/882/80 15/881/80 14/883/80
f 687/882/81 14/883/81 688/884/81
f 688/884/81 14/883/81 13/885/81
f 688/884/82 13/885/82 12/886/82
f 12/886/82 443/887/82 688/884/82
f 688/884/82 443/887/82 442/888/82
f 688/884/81 442/888/81 687/882/81
f 687/882/81 442/888/81 441/889/81
f 687/882/80 441/889/80 686/880/80
f 686/880/80 441/889/80 440/890/80
f 686/880/79 440/890/79 685/878/79
f 685/878/79 440/890/79 439/891/79
f 685/878/78 439/891/78 684/876/78
f 684/876/78 439/891/78 438/892/78
f 684/876/77 438/892/77 683/874/77
f 683/874/77 438/892/77 437/893/77
f 683/872/76 437/233/76 682/870/76
f 682/870/76 437/233/76 436/894/76
f 682/870/75 436/894/75 681/868/75
f 681/868/75 436/894/75 435/895/75
f 681/868/74 435/895/74 680/866/74
f 680/866/74 435/895/74 434/896/74
f 680/866/73 434/896/73 679/864/73
f 679/864/73 434/896/73 433/897/73
f 679/864/72 433/897/72 678/862/72
f 678/862/72 433/897/72 432/898/72
f 678/862/71 432/898/71 677/860/71
f 677/860/71 432/898/71 431/899/71
f 677/860/70 431/899/70 676/858/70
f 676/858/70 431/899/70 430/900/70
f 676/858/69 430/900/69 675/856/69
f 675/856/69 430/900/69 429/901/69
f 675/856/54 429/901/54 674/854/54
f 674/854/54 429/901/54 428/902/54
f 674/854/68 428/902/68 673/852/68
f 673/852/68 428/902/68 427/903/68
f 673/852/67 427/903/67 672/850/67
f 672/850/67 427/903/67 426/904/67
f 672/850/66 426/904/66 671/848/66
f 671/848/66 426/904/66 425/905/66
f 671/848/65 425/905/65 670/846/65
f 670/846/65 425/905/65 423/906/65
f 670/846/64 423/906/64 669/844/64
f 669/844/64 423/906/64 421/907/64
f 669/844/63 421/907/63 668/842/63
f 668/842/63 421/907/63 419/908/63
f 668/842/62 419/908/62 667/840/62
f 667/840/62 419/908/62 417/909/62
f 667/840/61 417/909/61 666/838/61
f 666/838/61 417/909/61 415/910/61
f 666/836/60 415/911/60 665/834/60
f 665/834/60 415/911/60 413/912/60
f 665/834/59 413/912/59 664/832/59
f 664/832/59 413/912/59 411/913/59
f 664/832/58 411/913/58 663/830/58
f 663/830/58 411/913/58 409/914/58
f 663/830/57 409/914/57 662/828/57
f 662/828/57 409/914/57 408/915/57
f 662/828/56 408/915/56 661/826/56
f 661/826/56 408/915/56 406/916/56
f 661/826/55 406/916/55 405/824/55
f 42/917/54 45/918/54 407/279/54
f 407/279/54 45/918/54 405/919/54
f 46/920/1 42/231/1 482/921/1
f 482/921/1 42/231/1 407/922/1
f 50/923/53 46/924/53 485/925/53
f 485/925/53 46/924/53 482/926/53
f 453/927/83 85/928/83 689/929/83
f 689/929/83 85/928/83 84/930/83
f 689/929/84 84/930/84 690/931/84
f 690/931/84 84/930/84 83/932/84
f 690/931/85 83/932/85 691/933/85
f 691/933/85 83/932/85 82/934/85
f 691/933/86 82/934/86 692/935/86
f 692/935/86 82/934/86 81/936/86
f 692/935/87 81/936/87 693/937/87
f 693/937/87 81/936/87 80/938/87
f 693/937/88 80/938/88 694/874/88
f 694/874/88 80/938/88 79/875/88
f 694/939/89 79/940/89 695/941/89
f 695/941/89 79/940/89 78/942/89
f 695/941/90 78/942/90 696/943/90
f 696/943/90 78/942/90 77/944/90
f 696/943/91 77/944/91 697/945/91
f 697/945/91 77/944/91 76/946/91
f 697/945/92 76/946/92 698/947/92
f 698/947/92 76/946/92 75/948/92
f 698/947/93 75/948/93 699/949/93
f 699/949/93 75/948/93 74/950/93
f 699/949/94 74/950/94 700/951/94
f 700/951/94 74/950/94 73/952/94
f 700/951/95 73/952/95 701/953/95
f 701/953/95 73/952/95 72/954/95
f 701/953/96 72/954/96 702/955/96
f 702/955/96 72/954/96 71/956/96
f 702/955/53 71/956/53 703/957/53
f 703/957/53 71/956/53 70/958/53
f 703/957/97 70/958/97 704/959/97
f 704/959/97 70/958/97 69/960/97
f 704/959/98 69/960/98 705/961/98
f 705/961/98 69/960/98 68/962/98
f 705/961/99 68/962/99 706/963/99
f 706/963/99 68/962/99 67/964/99
f 706/963/100 67/964/100 707/965/100
f 707/965/100 67/964/100 66/966/100
f 707/965/101 66/966/101 708/967/101
f 708/967/101 66/966/101 64/968/101
f 708/967/102 64/968/102 709/969/102
f 709/969/102 64/968/102 62/970/102
f 709/969/103 62/970/103 710/971/103
f 710/971/103 62/970/103 61/972/103
f 710/971/104 61/972/104 711/973/104
f 711/973/104 61/972/104 59/974/104
f 711/975/105 59/976/105 712/977/105
f 712/977/105 59/976/105 57/978/105
f 712/977/106 57/978/106 713/979/106
f 713/979/106 57/978/106 55/980/106
f 713/979/107 55/980/107 714/981/107
f 714/981/107 55/980/107 53/982/107
f 714/981/108 53/982/108 715/983/108
f 715/983/108 53/982/108 52/984/108
f 715/983/109 52/984/109 716/985/109
f 716/985/109 52/984/109 51/986/109
f 716/985/110 51/986/110 50/987/110
f 50/987/110 485/988/110 716/985/110
f 716/985/110 485/988/110 484/989/110
f 716/985/109 484/989/109 715/983/109
f 715/983/109 484/989/109 483/990/109
f 715/983/108 483/990/108 714/981/108
f 714/981/108 483/990/108 481/991/108
f 714/981/107 481/991/107 713/979/107
f 713/979/107 481/991/107 479/992/107
f 713/979/106 479/992/106 712/977/106
f 712/977/106 479/992/106 477/993/106
f 712/977/105 477/993/105 711/975/105
f 711/975/105 477/993/105 475/994/105
f 711/973/104 475/995/104 710/971/104
f 710/971/104 475/995/104 473/996/104
f 710/971/103 473/996/103 709/969/103
f 709/969/103 473/996/103 471/997/103
f 709/969/102 471/997/102 708/967/102
f 708/967/102 471/997/102 469/998/102
f 708/967/101 469/998/101 707/965/101
f 707/965/101 469/998/101 467/999/101
f 707/965/100 467/999/100 706/963/100
f 706/963/100 467/999/100 449/1000/100
f 706/963/99 449/1000/99 705/961/99
f 705/961/99 449/1000/99 448/1001/99
f 705/961/98 448/1001/98 704/959/98
f 704/959/98 448/1001/98 447/1002/98
f 704/959/97 447/1002/97 703/957/97
f 703/957/97 447/1002/97 465/1003/97
f 703/957/53 465/1003/53 702/955/53
f 702/955/53 465/1003/53 464/1004/53
f 702/955/96 464/1004/96 701/953/96
f 701/953/96 464/1004/96 463/1005/96
f 701/953/95 463/1005/95 700/951/95
f 700/951/95 463/1005/95 462/1006/95
f 700/951/94 462/1006/94 699/949/94
f 699/949/94 462/1006/94 461/1007/94
f 699/949/93 461/1007/93 698/947/93
f 698/947/93 461/1007/93 460/1008/93
f 698/947/92 460/1008/92 697/945/92
f 697/945/92 460/1008/92 459/1009/92
f 697/945/91 459/1009/91 696/943/91
f 696/943/91 459/1009/91 452/1010/91
f 696/943/90 452/1010/90 695/941/90
f 695/941/90 452/1010/90 451/1011/90
f 695/941/89 451/1011/89 694/939/89
f 694/939/89 451/1011/89 450/1012/89
f 694/874/88 450/1013/88 693/937/88
f 693/937/88 450/1013/88 458/1014/88
f 693/937/87 458/1014/87 692/935/87
f 692/935/87 458/1014/87 457/1015/87
f 692/935/86 457/1015/86 691/933/86
f 691/933/86 457/1015/86 456/1016/86
f 691/933/85 456/1016/85 690/931/85
f 690/931/85 456/1016/85 455/1017/85
f 690/931/84 455/1017/84 689/929/84
f 689/929/84 455/1017/84 454/1018/84
f 689/929/83 454/1018/83 453/927/83
f 85/391/53 717/1019/53 6/1020/53
f 6/1020/53 717/1019/53 718/1021/53
f 6/1020/53 718/1021/53 719/1022/53
f 453/1023/53 720/1024/53 85/391/53
f 85/391/53 720/1024/53 721/1025/53
f 85/391/53 721/1025/53 722/1026/53
f 8/1027/53 723/1028/53 453/1023/53
f 453/1023/53 723/1028/53 724/1029/53
f 453/1023/53 724/1029/53 725/1030/53
f 6/1020/53 726/1031/53 8/1027/53
f 8/1027/53 726/1031/53 727/1032/53
f 8/1027/53 727/1032/53 728/1033/53
f 725/1030/53 729/1034/53 453/1023/53
f 453/1023/53 729/1034/53 730/1035/53
f 453/1023/53 730/1035/53 731/1036/53
f 731/1036/53 732/1037/53 453/1023/53
f 453/1023/53 732/1037/53 733/1038/53
f 453/1023/53 733/1038/53 734/1039/53
f 734/1039/53 735/1040/53 453/1023/53
f 453/1023/53 735/1040/53 736/1041/53
f 453/1023/53 736/1041/53 720/1024/53
f 722/1026/53 737/1042/53 85/391/53
f 85/391/53 737/1042/53 738/1043/53
f 85/391/53 738/1043/53 739/1044/53
f 739/1044/53 740/1045/53 85/391/53
f 85/391/53 740/1045/53 741/1046/53
f 85/391/53 741/1046/53 742/1047/53
f 742/1047/53 743/1048/53 85/391/53
f 85/391/53 743/1048/53 744/1049/53
f 85/391/53 744/1049/53 717/1019/53
f 719/1022/53 745/1050/53 6/1020/53
f 6/1020/53 745/1050/53 746/1051/53
f 6/1020/53 746/1051/53 747/1052/53
f 747/1052/53 748/1053/53 6/1020/53
f 6/1020/53 748/1053/53 749/1054/53
f 6/1020/53 749/1054/53 750/1055/53
f 750/1055/53 726/1031/53 6/1020/53
f 728/1033/53 751/1056/53 8/1027/53
f 8/1027/53 751/1056/53 752/1057/53
f 8/1027/53 752/1057/53 753/1058/53
f 753/1058/53 754/1059/53 8/1027/53
f 8/1027/53 754/1059/53 755/1060/53
f 8/1027/53 755/1060/53 756/1061/53
f 756/1061/53 723/1028/53 8/1027/53
f 757/1062/111 362/1063/111 758/1064/111
f 758/1064/112 362/1063/112 361/1065/112
f 758/1064/113 361/1065/113 759/1066/113
f 759/1066/114 361/1065/114 360/1067/114
f 759/1066/115 360/1067/115 760/1068/115
f 760/1068/116 360/1067/116 393/1069/116
f 760/1068/117 393/1069/117 761/1070/117
f 761/1070/118 393/1069/118 392/1071/118
f 761/1070/119 392/1071/119 762/1072/119
f 762/1072/120 392/1071/120 391/1073/120
f 762/1072/121 391/1073/121 763/1074/121
f 763/1074/122 391/1073/122 390/1075/122
f 763/1076/123 390/1077/123 764/1078/123
f 764/1078/124 390/1077/124 389/1079/124
f 764/1078/125 389/1079/125 765/1080/125
f 765/1080/126 389/1079/126 388/1081/126
f 765/1080/127 388/1081/127 766/1082/127
f 766/1082/128 388/1081/128 366/1083/128
f 766/1082/129 366/1083/129 767/1084/129
f 767/1084/130 366/1083/130 365/1085/130
f 767/1084/131 365/1085/131 768/1086/131
f 768/1086/132 365/1085/132 364/1087/132
f 768/1086/133 364/1087/133 769/1088/133
f 769/1088/134 364/1087/134 387/1089/134
f 769/1088/135 387/1089/135 770/1090/135
f 770/1090/136 387/1089/136 386/1091/136
f 770/1090/137 386/1091/137 771/1092/137
f 771/1092/138 386/1091/138 385/1093/138
f 771/1092/139 385/1093/139 772/1094/139
f 772/1094/140 385/1093/140 384/1095/140
f 772/1094/141 384/1095/141 773/1096/141
f 773/1096/142 384/1095/142 383/1097/142
f 773/1096/143 383/1097/143 774/1098/143
f 774/1099/144 383/1100/144 382/1101/144
f 774/1099/145 382/1101/145 775/1102/145
f 775/1102/146 382/1101/146 369/1103/146
f 775/1102/147 369/1103/147 776/1104/147
f 776/1104/148 369/1103/148 368/1105/148
f 776/1104/149 368/1105/149 777/1106/149
f 777/1106/150 368/1105/150 367/1107/150
f 777/1106/151 367/1107/151 778/1108/151
f 778/1108/152 367/1107/152 381/1109/152
f 778/1108/153 381/1109/153 779/1110/153
f 779/1110/154 381/1109/154 380/1111/154
f 779/1110/155 380/1111/155 780/1112/155
f 780/1112/156 380/1111/156 379/1113/156
f 780/1112/157 379/1113/157 781/1114/157
f 781/1114/158 379/1113/158 378/1115/158
f 781/1114/159 378/1115/159 782/1116/159
f 782/1116/160 378/1115/160 377/1117/160
f 782/1116/161 377/1117/161 783/1118/161
f 783/1118/162 377/1117/162 376/1119/162
f 783/1118/163 376/1119/163 784/1120/163
f 784/1120/164 376/1119/164 375/1121/164
f 784/1122/165 375/1123/165 785/1124/165
f 785/1124/166 375/1123/166 374/1125/166
f 785/1124/167 374/1125/167 786/1126/167
f 786/1126/168 374/1125/168 373/1127/168
f 786/1126/169 373/1127/169 787/1128/169
f 787/1128/170 373/1127/170 372/1129/170
f 787/1128/171 372/1129/171 788/1130/171
f 788/1130/172 372/1129/172 371/1131/172
f 788/1130/173 371/1131/173 789/1132/173
f 789/1132/174 371/1131/174 370/1133/174
f 789/1132/175 370/1133/175 790/1134/175
f 790/1134/176 370/1133/176 402/1135/176
f 790/1134/177 402/1135/177 791/1136/177
f 791/1136/178 402/1135/178 401/1137/178
f 791/1136/179 401/1137/179 792/1138/179
f 792/1138/180 401/1137/180 400/1139/180
f 792/1138/181 400/1139/181 793/1140/181
f 793/1140/182 400/1139/182 399/1141/182
f 793/1140/183 399/1141/183 794/1142/183
f 794/1142/184 399/1141/184 398/1143/184
f 794/1142/185 398/1143/185 795/1144/185
f 795/1145/186 398/1146/186 397/1147/186
f 795/1145/187 397/1147/187 796/1148/187
f 796/1148/188 397/1147/188 396/1149/188
f 796/1148/189 396/1149/189 797/1150/189
f 797/1150/190 396/1149/190 395/1151/190
f 797/1150/191 395/1151/191 798/1152/191
f 798/1152/192 395/1151/192 394/1153/192
f 798/1152/193 394/1153/193 757/1062/193
f 757/1062/194 394/1153/194 362/1063/194
f 799/1154/4 800/1155/4 758/1156/4
f 758/1156/4 800/1155/4 801/1157/4
f 758/1156/4 801/1157/4 757/1158/4
f 757/1158/4 801/1157/4 802/1159/4
f 757/1158/4 802/1159/4 798/1160/4
f 798/1160/4 802/1159/4 803/1161/4
f 798/1160/4 803/1161/4 797/1162/4
f 797/1162/4 803/1161/4 804/1163/4
f 797/1162/4 804/1163/4 805/1164/4
f 797/1162/4 805/1164/4 796/1165/4
f 796/1165/4 805/1164/4 806/1166/4
f 796/1165/4 806/1166/4 795/1167/4
f 795/1167/4 806/1166/4 807/1168/4
f 795/1167/4 807/1168/4 794/1169/4
f 794/1169/4 807/1168/4 808/1170/4
f 794/1169/4 808/1170/4 809/1171/4
f 794/1169/4 809/1171/4 793/1172/4
f 793/1172/4 809/1171/4 810/1173/4
f 793/1172/4 810/1173/4 792/1174/4
f 792/1174/4 810/1173/4 811/1175/4
f 792/1174/4 811/1175/4 791/1176/4
f 791/1176/4 811/1175/4 812/1177/4
f 791/1176/4 812/1177/4 813/1178/4
f 791/1176/4 813/1178/4 790/1179/4
f 790/1179/4 813/1178/4 814/1180/4
f 790/1179/4 814/1180/4 789/1181/4
f 789/1181/4 814/1180/4 815/1182/4
f 789/1181/4 815/1182/4 788/1183/4
f 788/1183/4 815/1182/4 816/1184/4
f 788/1183/4 816/1184/4 817/1185/4
f 788/1183/4 817/1185/4 787/1186/4
f 787/1186/4 817/1185/4 818/1187/4
f 787/1186/4 818/1187/4 786/1188/4
f 786/1188/4 818/1187/4 819/1189/4
f 786/1188/4 819/1189/4 785/1190/4
f 785/1190/4 819/1189/4 820/1191/4
f 785/1190/4 820/1191/4 821/1192/4
f 785/1190/4 821/1192/4 784/1193/4
f 784/1193/4 821/1192/4 822/1194/4
f 784/1193/4 822/1194/4 783/1195/4
f 783/1195/4 822/1194/4 823/1196/4
f 783/1195/4 823/1196/4 782/1197/4
f 782/1197/4 823/1196/4 824/1198/4
f 782/1197/4 824/1198/4 825/1199/4
f 782/1197/4 825/1199/4 781/1200/4
f 781/1200/4 825/1199/4 826/1201/4
f 781/1200/4 826/1201/4 780/1202/4
f 780/1202/4 826/1201/4 827/1203/4
f 780/1202/4 827/1203/4 779/1204/4
f 779/1204/4 827/1203/4 828/1205/4
f 779/1204/4 828/1205/4 829/1206/4
f 779/1204/4 829/1206/4 778/1207/4
f 778/1207/4 829/1206/4 830/1208/4
f 778/1207/4 830/1208/4 777/1209/4
f 777/1209/4 830/1208/4 831/1210/4
f 777/1209/4 831/1210/4 776/1211/4
f 776/1211/4 831/1210/4 832/1212/4
f 776/1211/4 832/1212/4 833/1213/4
f 776/1211/4 833/1213/4 775/1214/4
f 775/1214/4 833/1213/4 834/1215/4
f 775/1214/4 834/1215/4 774/1216/4
f 774/1216/4 834/1215/4 835/1217/4
f 774/1216/4 835/1217/4 773/1218/4
f 773/1218/4 835/1217/4 836/1219/4
f 773/1218/4 836/1219/4 837/1220/4
f 773/1218/4 837/1220/4 772/1221/4
f 772/1221/4 837/1220/4 838/1222/4
f 772/1221/4 838/1222/4 771/1223/4
f 771/1223/4 838/1222/4 839/1224/4
f 771/1223/4 839/1224/4 770/1225/4
f 770/1225/4 839/1224/4 840/1226/4
f 770/1225/4 840/1226/4 841/1227/4
f 770/1225/4 841/1227/4 769/1228/4
f 769/1228/4 841/1227/4 842/1229/4
f 769/1228/4 842/1229/4 768/1230/4
f 768/1230/4 842/1229/4 843/1231/4
f 768/1230/4 843/1231/4 767/1232/4
f 767/1232/4 843/1231/4 844/1233/4
f 767/1232/4 844/1233/4 845/1234/4
f 767/1232/4 845/1234/4 766/1235/4
f 766/1235/4 845/1234/4 846/1236/4
f 766/1235/4 846/1236/4 765/1237/4
f 765/1237/4 846/1236/4 847/1238/4
f 765/1237/4 847/1238/4 764/1239/4
f 764/1239/4 847/1238/4 848/1240/4
f 764/1239/4 848/1240/4 849/1241/4
f 764/1239/4 849/1241/4 763/1242/4
f 763/1242/4 849/1241/4 850/1243/4
f 763/1242/4 850/1243/4 762/1244/4
f 762/1244/4 850/1243/4 851/1245/4
f 762/1244/4 851/1245/4 761/1246/4
f 761/1246/4 851/1245/4 852/1247/4
f 761/1246/4 852/1247/4 853/1248/4
f 761/1246/4 853/1248/4 760/1249/4
f 760/1249/4 853/1248/4 854/1250/4
f 760/1249/4 854/1250/4 759/1251/4
f 759/1251/4 854/1250/4 799/1154/4
f 759/1251/4 799/1154/4 758/1156/4
f 799/1252/195 491/1253/195 800/1254/195
f 800/1254/195 491/1253/195 490/1255/195
f 800/1254/196 490/1255/196 801/1256/196
f 801/1256/196 490/1255/196 489/1257/196
f 801/1256/197 489/1257/197 802/1258/197
f 802/1258/197 489/1257/197 466/1259/197
f 802/1258/198 466/1259/198 803/1260/198
f 803/1260/198 466/1259/198 468/1261/198
f 803/1260/199 468/1261/199 804/1262/199
f 804/1262/199 468/1261/199 470/1263/199
f 804/1262/200 470/1263/200 805/1264/200
f 805/1264/200 470/1263/200 472/1265/200
f 805/1264/201 472/1265/201 806/1266/201
f 806/1266/201 472/1265/201 474/1267/201
f 806/1266/202 474/1267/202 807/1268/202
f 807/1268/202 474/1267/202 476/1269/202
f 807/1270/203 476/1271/203 808/1272/203
f 808/1272/203 476/1271/203 478/1273/203
f 808/1272/204 478/1273/204 809/1274/204
f 809/1274/204 478/1273/204 480/1275/204
f 809/1274/205 480/1275/205 810/1276/205
f 810/1276/205 480/1275/205 522/1277/205
f 810/1276/206 522/1277/206 811/1278/206
f 811/1278/206 522/1277/206 521/1279/206
f 811/1278/207 521/1279/207 812/1280/207
f 812/1280/207 521/1279/207 488/1281/207
f 812/1280/208 488/1281/208 813/1282/208
f 813/1282/208 488/1281/208 487/1283/208
f 813/1282/209 487/1283/209 814/1284/209
f 814/1284/209 487/1283/209 486/1285/209
f 814/1284/210 486/1285/210 815/1286/210
f 815/1286/210 486/1285/210 520/1287/210
f 815/1286/211 520/1287/211 816/1288/211
f 816/1288/211 520/1287/211 519/1289/211
f 816/1288/212 519/1289/212 817/1290/212
f 817/1290/212 519/1289/212 518/1291/212
f 817/1290/213 518/1291/213 818/1292/213
f 818/1292/213 518/1291/213 517/1293/213
f 818/1292/214 517/1293/214 819/1294/214
f 819/1294/214 517/1293/214 410/1295/214
f 819/1294/215 410/1295/215 820/1296/215
f 820/1296/215 410/1295/215 412/1297/215
f 820/1296/216 412/1297/216 821/1298/216
f 821/1298/216 412/1297/216 414/1299/216
f 821/1300/217 414/1301/217 822/1302/217
f 822/1302/217 414/1301/217 416/1303/217
f 822/1302/218 416/1303/218 823/1304/218
f 823/1304/218 416/1303/218 418/1305/218
f 823/1304/219 418/1305/219 824/1306/219
f 824/1306/219 418/1305/219 420/1307/219
f 824/1306/220 420/1307/220 825/1308/220
f 825/1308/220 420/1307/220 422/1309/220
f 825/1308/221 422/1309/221 826/1310/221
f 826/1310/221 422/1309/221 424/1311/221
f 826/1310/222 424/1311/222 827/1312/222
f 827/1312/222 424/1311/222 516/1313/222
f 827/1312/223 516/1313/223 828/1314/223
f 828/1314/223 516/1313/223 515/1315/223
f 828/1314/224 515/1315/224 829/1316/224
f 829/1316/224 515/1315/224 514/1317/224
f 829/1316/225 514/1317/225 830/1318/225
f 830/1318/225 514/1317/225 513/1319/225
f 830/1318/226 513/1319/226 831/1320/226
f 831/1320/226 513/1319/226 512/1321/226
f 831/1320/227 512/1321/227 832/1322/227
f 832/1322/227 512/1321/227 511/1323/227
f 832/1322/228 511/1323/228 833/1324/228
f 833/1324/228 511/1323/228 510/1325/228
f 833/1324/229 510/1325/229 834/1326/229
f 834/1326/229 510/1325/229 509/1327/229
f 834/1326/230 509/1327/230 835/1328/230
f 835/1328/230 509/1327/230 508/1329/230
f 835/1298/231 508/1330/231 836/1331/231
f 836/1331/231 508/1330/231 507/1332/231
f 836/1331/232 507/1332/232 837/1333/232
f 837/1333/232 507/1332/232 506/1334/232
f 837/1333/233 506/1334/233 838/1335/233
f 838/1335/233 506/1334/233 505/1336/233
f 838/1335/234 505/1336/234 839/1337/234
f 839/1337/234 505/1336/234 504/1338/234
f 839/1337/235 504/1338/235 840/1339/235
f 840/1339/235 504/1338/235 446/1340/235
f 840/1339/236 446/1340/236 841/1341/236
f 841/1341/236 446/1340/236 445/1342/236
f 841/1341/237 445/1342/237 842/1343/237
f 842/1343/237 445/1342/237 444/1344/237
f 842/1343/238 444/1344/238 843/1345/238
f 843/1345/238 444/1344/238 503/1346/238
f 843/1345/239 503/1346/239 844/1347/239
f 844/1347/239 503/1346/239 502/1348/239
f 844/1347/240 502/1348/240 845/1349/240
f 845/1349/240 502/1348/240 501/1350/240
f 845/1349/241 501/1350/241 846/1351/241
f 846/1351/241 501/1350/241 500/1352/241
f 846/1351/242 500/1352/242 847/1353/242
f 847/1353/242 500/1352/242 499/1354/242
f 847/1353/243 499/1354/243 848/1355/243
f 848/1355/243 499/1354/243 498/1356/243
f 848/1355/244 498/1356/244 849/1270/244
f 849/1270/244 498/1356/244 497/1357/244
f 849/1358/245 497/1359/245 850/1360/245
f 850/1360/245 497/1359/245 496/1361/245
f 850/1360/246 496/1361/246 851/1362/246
f 851/1362/246 496/1361/246 495/1363/246
f 851/1362/247 495/1363/247 852/1364/247
f 852/1364/247 495/1363/247 494/1365/247
f 852/1364/248 494/1365/248 853/1366/248
f 853/1366/248 494/1365/248 493/1367/248
f 853/1366/249 493/1367/249 854/1368/249
f 854/1368/249 493/1367/249 492/1369/249
f 854/1368/250 492/1369/250 799/1252/250
f 799/1252/250 492/1369/250 491/1253/250
f 855/1370/251 131/139/251 856/1371/251
f 856/1371/252 131/139/252 130/138/252
f 856/1372/253 130/1373/253 129/1374/253
f 131/139/254 855/1370/254 116/122/254
f 116/122/255 855/1370/255 857/1375/255
f 116/122/256 857/1375/256 117/124/256
f 117/124/257 857/1375/257 858/1376/257
f 117/124/258 858/1376/258 118/125/258
f 118/125/259 858/1376/259 859/1377/259
f 118/125/260 859/1377/260 132/140/260
f 132/140/261 859/1377/261 860/1378/261
f 132/140/262 860/1378/262 133/141/262
f 133/141/263 860/1378/263 861/1379/263
f 133/141/264 861/1379/264 134/142/264
f 134/142/265 861/1379/265 862/1380/265
f 134/142/266 862/1380/266 135/143/266
f 135/143/267 862/1380/267 863/1381/267
f 135/143/268 863/1381/268 136/144/268
f 136/144/269 863/1381/269 864/1382/269
f 136/1383/270 864/1384/270 126/1385/270
f 126/1385/271 864/1384/271 127/1386/271
f 127/135/272 864/1382/272 865/1387/272
f 127/135/273 865/1387/273 128/136/273
f 128/136/274 865/1387/274 866/1388/274
f 128/136/275 866/1388/275 137/145/275
f 137/145/276 866/1388/276 867/1389/276
f 137/145/277 867/1389/277 138/146/277
f 138/146/278 867/1389/278 868/1390/278
f 138/146/279 868/1390/279 139/147/279
f 139/147/280 868/1390/280 869/1391/280
f 139/147/281 869/1391/281 140/148/281
f 140/148/282 869/1391/282 870/1392/282
f 140/148/283 870/1392/283 141/149/283
f 141/149/284 870/1392/284 871/1393/284
f 141/149/285 871/1393/285 123/131/285
f 123/131/286 871/1393/286 872/1394/286
f 123/131/287 872/1394/287 124/132/287
f 124/132/288 872/1394/288 873/1395/288
f 124/132/289 873/1395/289 125/133/289
f 125/1396/290 873/1397/290 142/1398/290
f 142/150/291 873/1395/291 874/1399/291
f 142/150/292 874/1399/292 143/151/292
f 143/151/293 874/1399/293 875/1400/293
f 143/151/294 875/1400/294 144/152/294
f 144/152/295 875/1400/295 876/1401/295
f 144/152/296 876/1401/296 145/153/296
f 145/153/297 876/1401/297 877/1402/297
f 145/153/298 877/1402/298 146/154/298
f 146/154/299 877/1402/299 878/1403/299
f 146/154/300 878/1403/300 147/155/300
f 147/155/301 878/1403/301 879/1404/301
f 147/155/302 879/1404/302 148/156/302
f 148/156/303 879/1404/303 880/1405/303
f 148/156/304 880/1405/304 149/157/304
f 149/157/305 880/1405/305 881/1406/305
f 149/157/306 881/1406/306 150/158/306
f 150/158/307 881/1406/307 882/1407/307
f 150/158/308 882/1407/308 120/127/308
f 120/127/309 882/1407/309 121/128/309
f 121/128/310 882/1407/310 883/1408/310
f 121/128/311 883/1408/311 122/129/311
f 122/129/312 883/1408/312 884/1409/312
f 122/129/313 884/1409/313 151/159/313
f 151/159/314 884/1409/314 885/1410/314
f 151/159/315 885/1410/315 152/160/315
f 152/160/316 885/1410/316 886/1411/316
f 152/160/317 886/1411/317 153/161/317
f 153/161/318 886/1411/318 887/1412/318
f 153/161/319 887/1412/319 154/162/319
f 154/162/320 887/1412/320 888/1413/320
f 154/162/321 888/1413/321 155/163/321
f 155/163/322 888/1413/322 889/1414/322
f 155/163/323 889/1414/323 156/164/323
f 156/164/324 889/1414/324 890/1415/324
f 156/164/325 890/1415/325 129/137/325
f 129/137/326 890/1415/326 856/1371/326
f 891/1416/327 892/1417/327 893/1418/327
f 893/1418/327 892/1417/327 894/1419/327
f 893/1418/328 894/1419/328 895/1420/328
f 895/1420/328 894/1419/328 896/1421/328
f 895/1420/329 896/1421/329 897/1422/329
f 897/1422/329 896/1421/329 898/1423/329
f 897/1422/330 898/1423/330 899/1424/330
f 899/1424/330 898/1423/330 900/1425/330
f 899/1424/331 900/1425/331 901/1426/331
f 901/1426/331 900/1425/331 902/1427/331
f 901/1426/332 902/1427/332 903/1428/332
f 903/1428/332 902/1427/332 904/1429/332
f 903/1430/333 904/1431/333 905/1432/333
f 905/1432/333 904/1431/333 906/1433/333
f 905/1432/334 906/1433/334 907/1434/334
f 907/1434/334 906/1433/334 908/1435/334
f 907/1434/335 908/1435/335 909/1436/335
f 909/1436/335 908/1435/335 910/1437/335
f 909/1436/336 910/1437/336 911/1438/336
f 911/1438/336 910/1437/336 912/1439/336
f 911/1438/337 912/1439/337 913/1440/337
f 913/1440/337 912/1439/337 914/1441/337
f 913/1440/338 914/1441/338 915/1442/338
f 915/1442/338 914/1441/338 916/1443/338
f 915/1442/339 916/1443/339 917/1444/339
f 917/1444/339 916/1443/339 918/1445/339
f 917/1444/340 918/1445/340 919/1446/340
f 919/1446/340 918/1445/340 920/1447/340
f 919/1448/341 920/1449/341 921/1450/341
f 921/1450/341 920/1449/341 922/1451/341
f 921/1450/342 922/1451/342 923/1452/342
f 923/1452/342 922/1451/342 924/1453/342
f 923/1452/343 924/1453/343 925/1454/343
f 925/1454/343 924/1453/343 926/1455/343
f 925/1454/344 926/1455/344 927/1456/344
f 927/1456/344 926/1455/344 928/1457/344
f 927/1456/345 928/1457/345 929/1458/345
f 929/1458/345 928/1457/345 930/1459/345
f 929/1458/346 930/1459/346 931/1460/346
f 931/1460/346 930/1459/346 932/1461/346
f 931/1460/347 932/1461/347 933/1462/347
f 933/1462/347 932/1461/347 934/1463/347
f 933/1462/348 934/1463/348 935/1464/348
f 935/1464/348 934/1463/348 936/1465/348
f 935/1464/349 936/1465/349 937/1466/349
f 937/1466/349 936/1465/349 938/1467/349
f 937/1468/350 938/1469/350 939/1470/350
f 939/1470/350 938/1469/350 940/1471/350
f 939/1470/351 940/1471/351 941/1472/351
f 941/1472/351 940/1471/351 942/1473/351
f 941/1472/352 942/1473/352 943/1474/352
f 943/1474/352 942/1473/352 944/1475/352
f 943/1474/353 944/1475/353 945/1476/353
f 945/1476/353 944/1475/353 946/1477/353
f 945/1476/354 946/1477/354 947/1478/354
f 947/1478/354 946/1477/354 948/1479/354
f 947/1478/355 948/1479/355 949/1480/355
f 949/1480/355 948/1479/355 950/1481/355
f 949/1480/356 950/1481/356 951/1482/356
f 951/1482/356 950/1481/356 952/1483/356
f 951/1482/357 952/1483/357 953/1484/357
f 953/1484/357 952/1483/357 954/1485/357
f 953/1484/358 954/1485/358 955/1486/358
f 955/1486/358 954/1485/358 956/1487/358
f 955/1486/359 956/1487/359 957/1488/359
f 957/1488/359 956/1487/359 958/1489/359
f 957/1490/360 958/1491/360 959/1492/360
f 959/1492/360 958/1491/360 960/1493/360
f 959/1492/361 960/1493/361 961/1494/361
f 961/1494/361 960/1493/361 962/1495/361
f 961/1494/362 962/1495/362 891/1416/362
f 891/1416/362 962/1495/362 892/1417/362
f 890/1496/328 896/1421/328 856/1497/328
f 856/1497/328 896/1421/328 894/1419/328
f 856/1497/327 894/1419/327 855/1498/327
f 855/1498/327 894/1419/327 892/1417/327
f 855/1498/362 892/1417/362 857/1499/362
f 857/1499/362 892/1417/362 962/1495/362
f 857/1499/361 962/1495/361 858/1500/361
f 858/1500/361 962/1495/361 960/1493/361
f 858/1500/360 960/1493/360 859/1501/360
f 859/1501/360 960/1493/360 958/1491/360
f 859/1502/359 958/1489/359 860/1503/359
f 860/1503/359 958/1489/359 956/1487/359
f 860/1503/358 956/1487/358 861/1504/358
f 861/1504/358 956/1487/358 954/1485/358
f 861/1504/357 954/1485/357 862/1505/357
f 862/1505/357 954/1485/357 952/1483/357
f 862/1505/356 952/1483/356 863/1506/356
f 863/1506/356 952/1483/356 950/1481/356
f 863/1506/355 950/1481/355 864/1507/355
f 864/1507/355 950/1481/355 948/1479/355
f 864/1507/354 948/1479/354 865/1508/354
f 865/1508/354 948/1479/354 946/1477/354
f 865/1508/353 946/1477/353 866/1509/353
f 866/1509/353 946/1477/353 944/1475/353
f 866/1509/352 944/1475/352 867/1510/352
f 867/1510/352 944/1475/352 942/1473/352
f 867/1510/351 942/1473/351 868/1511/351
f 868/1511/351 942/1473/351 940/1471/351
f 868/1511/350 940/1471/350 869/1512/350
f 869/1512/350 940/1471/350 938/1469/350
f 869/1513/349 938/1467/349 870/1514/349
f 870/1514/349 938/1467/349 936/1465/349
f 870/1514/348 936/1465/348 871/1515/348
f 871/1515/348 936/1465/348 934/1463/348
f 871/1515/347 934/1463/347 872/1516/347
f 872/1516/347 934/1463/347 932/1461/347
f 872/1516/346 932/1461/346 873/1517/346
f 873/1517/346 932/1461/346 930/1459/346
f 873/1517/345 930/1459/345 874/1518/345
f 874/1518/345 930/1459/345 928/1457/345
f 874/1518/344 928/1457/344 875/1519/344
f 875/1519/344 928/1457/344 926/1455/344
f 875/1519/343 926/1455/343 876/1520/343
f 876/1520/343 926/1455/343 924/1453/343
f 876/1520/342 924/1453/342 877/1521/342
f 877/1521/342 924/1453/342 922/1451/342
f 877/1521/341 922/1451/341 878/1522/341
f 878/1522/341 922/1451/341 920/1449/341
f 878/1523/340 920/1447/340 879/1524/340
f 879/1524/340 920/1447/340 918/1445/340
f 879/1524/339 918/1445/339 880/1525/339
f 880/1525/339 918/1445/339 916/1443/339
f 880/1525/338 916/1443/338 881/1526/338
f 881/1526/338 916/1443/338 914/1441/338
f 881/1526/337 914/1441/337 882/1527/337
f 882/1527/337 914/1441/337 912/1439/337
f 882/1527/336 912/1439/336 883/1528/336
f 883/1528/336 912/1439/336 910/1437/336
f 883/1528/335 910/1437/335 884/1529/335
f 884/1529/335 910/1437/335 908/1435/335
f 884/1529/334 908/1435/334 885/1530/334
f 885/1530/334 908/1435/334 906/1433/334
f 885/1530/333 906/1433/333 886/1531/333
f 886/1531/333 906/1433/333 904/1431/333
f 886/1532/332 904/1429/332 887/1533/332
f 887/1533/332 904/1429/332 902/1427/332
f 887/1533/331 902/1427/331 888/1534/331
f 888/1534/331 902/1427/331 900/1425/331
f 888/1534/330 900/1425/330 889/1535/330
f 889/1535/330 900/1425/330 898/1423/330
f 889/1535/329 898/1423/329 890/1496/329
f 890/1496/329 898/1423/329 896/1421/329
f 63/65/363 90/94/363 893/1536/363
f 893/1537/364 90/1538/364 89/1539/364
f 893/1536/365 89/93/365 891/1540/365
f 891/1540/366 89/93/366 112/116/366
f 891/1540/367 112/116/367 961/1541/367
f 961/1541/368 112/116/368 111/115/368
f 961/1541/369 111/115/369 959/1542/369
f 959/1542/370 111/115/370 110/114/370
f 959/1542/371 110/114/371 957/1543/371
f 957/1543/372 110/114/372 109/113/372
f 957/1543/373 109/113/373 955/1544/373
f 955/1544/374 109/113/374 108/112/374
f 955/1544/375 108/112/375 953/1545/375
f 953/1545/376 108/112/376 107/111/376
f 953/1545/377 107/111/377 951/1546/377
f 951/1546/378 107/111/378 88/92/378
f 951/1546/379 88/92/379 949/1547/379
f 949/1547/380 88/92/380 87/91/380
f 949/1547/381 87/91/381 947/1548/381
f 947/1549/382 87/1550/382 86/1551/382
f 947/1549/383 86/1551/383 106/1552/383
f 947/1548/384 106/110/384 945/1553/384
f 945/1553/385 106/110/385 105/109/385
f 945/1553/386 105/109/386 943/1554/386
f 943/1554/387 105/109/387 104/108/387
f 943/1554/388 104/108/388 941/1555/388
f 941/1555/389 104/108/389 103/107/389
f 941/1555/390 103/107/390 939/1556/390
f 939/1556/391 103/107/391 102/106/391
f 939/1556/392 102/106/392 937/1557/392
f 937/1557/393 102/106/393 101/105/393
f 937/1557/394 101/105/394 935/1558/394
f 935/1558/395 101/105/395 100/104/395
f 935/1558/396 100/104/396 933/1559/396
f 933/1559/397 100/104/397 99/103/397
f 933/1559/398 99/103/398 931/1560/398
f 931/1560/399 99/103/399 98/102/399
f 931/1560/400 98/102/400 929/1561/400
f 929/1561/401 98/102/401 97/101/401
f 929/1562/402 97/1563/402 31/1564/402
f 929/1561/403 31/33/403 927/1565/403
f 927/1565/404 31/33/404 33/35/404
f 927/1565/405 33/35/405 925/1566/405
f 925/1566/406 33/35/406 36/38/406
f 925/1566/407 36/38/407 923/1567/407
f 923/1567/408 36/38/408 38/40/408
f 923/1567/409 38/40/409 921/1568/409
f 921/1568/410 38/40/410 40/42/410
f 921/1568/411 40/42/411 919/1569/411
f 919/1569/412 40/42/412 96/100/412
f 919/1569/413 96/100/413 917/1570/413
f 917/1570/414 96/100/414 95/99/414
f 917/1570/415 95/99/415 915/1571/415
f 915/1571/416 95/99/416 49/51/416
f 915/1571/417 49/51/417 913/1572/417
f 913/1572/418 49/51/418 48/50/418
f 913/1572/419 48/50/419 911/1573/419
f 911/1573/420 48/50/420 47/49/420
f 911/1573/421 47/49/421 94/98/421
f 911/1573/422 94/98/422 909/1574/422
f 909/1574/423 94/98/423 93/97/423
f 909/1574/424 93/97/424 907/1575/424
f 907/1575/425 93/97/425 92/96/425
f 907/1575/426 92/96/426 905/1576/426
f 905/1576/427 92/96/427 91/95/427
f 905/1576/428 91/95/428 903/1577/428
f 903/1577/429 91/95/429 54/56/429
f 903/1577/430 54/56/430 901/1578/430
f 901/1578/431 54/56/431 56/58/431
f 901/1578/432 56/58/432 899/1579/432
f 899/1579/433 56/58/433 58/60/433
f 899/1579/434 58/60/434 897/1580/434
f 897/1580/435 58/60/435 60/62/435
f 897/1580/436 60/62/436 895/1581/436
f 895/1581/437 60/62/437 63/65/437
f 895/1581/438 63/65/438 893/1536/438
f 601/760/402 600/759/402 963/1582/402
f 963/1583/401 600/1584/401 583/1585/401
f 963/1582/439 583/704/439 964/1586/439
f 964/1586/440 583/704/440 582/703/440
f 964/1586/441 582/703/441 965/1587/441
f 965/1587/442 582/703/442 584/706/442
f 965/1587/443 584/706/443 966/1588/443
f 966/1588/444 584/706/444 585/709/444
f 966/1588/445 585/709/445 967/1589/445
f 967/1589/446 585/709/446 586/711/446
f 967/1589/447 586/711/447 968/1590/447
f 968/1590/448 586/711/448 587/713/448
f 968/1590/449 587/713/449 969/1591/449
f 969/1591/450 587/713/450 588/714/450
f 969/1591/451 588/714/451 970/1592/451
f 970/1592/452 588/714/452 589/715/452
f 970/1592/453 589/715/453 971/1593/453
f 971/1593/454 589/715/454 590/716/454
f 971/1593/455 590/716/455 972/1594/455
f 972/1595/456 590/1596/456 591/1597/456
f 972/1595/457 591/1597/457 592/1598/457
f 972/1594/458 592/719/458 973/1599/458
f 973/1599/459 592/719/459 593/720/459
f 973/1599/460 593/720/460 974/1600/460
f 974/1600/461 593/720/461 594/721/461
f 974/1600/462 594/721/462 975/1601/462
f 975/1601/463 594/721/463 595/722/463
f 975/1601/464 595/722/464 976/1602/464
f 976/1602/465 595/722/465 596/723/465
f 976/1602/466 596/723/466 977/1603/466
f 977/1603/467 596/723/467 597/725/467
f 977/1603/468 597/725/468 978/1604/468
f 978/1604/469 597/725/469 598/727/469
f 978/1604/470 598/727/470 979/1605/470
f 979/1605/471 598/727/471 599/738/471
f 979/1605/472 599/738/472 980/1606/472
f 980/1606/473 599/738/473 618/777/473
f 980/1606/474 618/777/474 981/1607/474
f 981/1608/289 618/1609/289 617/1610/289
f 981/1607/290 617/776/290 616/775/290
f 981/1607/475 616/775/475 982/1611/475
f 982/1611/476 616/775/476 615/774/476
f 982/1611/477 615/774/477 983/1612/477
f 983/1612/478 615/774/478 614/773/478
f 983/1612/479 614/773/479 984/1613/479
f 984/1613/480 614/773/480 613/772/480
f 984/1613/481 613/772/481 985/1614/481
f 985/1614/482 613/772/482 612/771/482
f 985/1614/483 612/771/483 986/1615/483
f 986/1615/484 612/771/484 611/770/484
f 986/1615/485 611/770/485 987/1616/485
f 987/1616/486 611/770/486 610/769/486
f 987/1616/487 610/769/487 988/1617/487
f 988/1617/488 610/769/488 581/682/488
f 988/1617/489 581/682/489 989/1618/489
f 989/1618/490 581/682/490 580/681/490
f 989/1618/491 580/681/491 990/1619/491
f 990/1619/492 580/681/492 579/679/492
f 990/1619/493 579/679/493 609/768/493
f 990/1619/494 609/768/494 991/1620/494
f 991/1620/495 609/768/495 608/767/495
f 991/1620/496 608/767/496 992/1621/496
f 992/1621/497 608/767/497 607/766/497
f 992/1621/498 607/766/498 993/1622/498
f 993/1622/499 607/766/499 606/765/499
f 993/1622/500 606/765/500 994/1623/500
f 994/1623/501 606/765/501 605/764/501
f 994/1623/502 605/764/502 995/1624/502
f 995/1624/503 605/764/503 604/763/503
f 995/1624/504 604/763/504 996/1625/504
f 996/1625/505 604/763/505 603/762/505
f 996/1625/506 603/762/506 997/1626/506
f 997/1626/507 603/762/507 602/761/507
f 997/1626/508 602/761/508 998/1627/508
f 998/1627/509 602/761/509 601/760/509
f 998/1627/510 601/760/510 963/1582/510
f 964/1628/511 999/1629/511 963/1630/511
f 963/1630/511 999/1629/511 1000/1631/511
f 963/1630/512 1000/1631/512 998/1632/512
f 998/1632/512 1000/1631/512 1001/1633/512
f 998/1632/513 1001/1633/513 997/1634/513
f 997/1634/513 1001/1633/513 1002/1635/513
f 997/1634/514 1002/1635/514 996/1636/514
f 996/1636/514 1002/1635/514 1003/1637/514
f 996/1636/515 1003/1637/515 995/1638/515
f 995/1638/516 1003/1637/516 1004/1639/516
f 995/1638/517 1004/1639/517 994/1640/517
f 994/1640/517 1004/1639/517 1005/1641/517
f 994/1642/518 1005/1643/518 993/1644/518
f 993/1644/519 1005/1643/519 1006/1645/519
f 993/1644/520 1006/1645/520 992/1646/520
f 992/1646/520 1006/1645/520 1007/1647/520
f 992/1646/521 1007/1647/521 991/1648/521
f 991/1648/521 1007/1647/521 1008/1649/521
f 991/1648/522 1008/1649/522 990/1650/522
f 990/1650/522 1008/1649/522 1009/1651/522
f 990/1650/523 1009/1651/523 989/1652/523
f 989/1652/523 1009/1651/523 1010/1653/523
f 989/1652/524 1010/1653/524 988/1654/524
f 988/1654/524 1010/1653/524 1011/1655/524
f 988/1654/525 1011/1655/525 987/1656/525
f 987/1656/525 1011/1655/525 1012/1657/525
f 987/1656/526 1012/1657/526 986/1658/526
f 986/1658/527 1012/1657/527 1013/1659/527
f 986/1660/528 1013/1661/528 985/1662/528
f 985/1662/528 1013/1661/528 1014/1663/528
f 985/1662/529 1014/1663/529 984/1664/529
f 984/1664/530 1014/1663/530 1015/1665/530
f 984/1664/531 1015/1665/531 983/1666/531
f 983/1666/531 1015/1665/531 1016/1667/531
f 983/1666/532 1016/1667/532 982/1668/532
f 982/1668/532 1016/1667/532 1017/1669/532
f 982/1668/533 1017/1669/533 981/1670/533
f 981/1670/533 1017/1669/533 1018/1671/533
f 981/1670/534 1018/1671/534 980/1672/534
f 980/1672/534 1018/1671/534 1019/1673/534
f 980/1672/535 1019/1673/535 979/1674/535
f 979/1674/535 1019/1673/535 1020/1675/535
f 979/1674/536 1020/1675/536 978/1676/536
f 978/1676/536 1020/1675/536 1021/1677/536
f 978/1676/537 1021/1677/537 977/1678/537
f 977/1678/538 1021/1677/538 1022/1679/538
f 977/1680/539 1022/1681/539 976/1682/539
f 976/1682/539 1022/1681/539 1023/1683/539
f 976/1682/540 1023/1683/540 975/1684/540
f 975/1684/541 1023/1683/541 1024/1685/541
f 975/1684/542 1024/1685/542 974/1686/542
f 974/1686/542 1024/1685/542 1025/1687/542
f 974/1686/543 1025/1687/543 973/1688/543
f 973/1688/543 1025/1687/543 1026/1689/543
f 973/1688/544 1026/1689/544 972/1690/544
f 972/1690/544 1026/1689/544 1027/1691/544
f 972/1690/545 1027/1691/545 971/1692/545
f 971/1692/545 1027/1691/545 1028/1693/545
f 971/1692/546 1028/1693/546 970/1694/546
f 970/1694/546 1028/1693/546 1029/1695/546
f 970/1694/547 1029/1695/547 969/1696/547
f 969/1696/547 1029/1695/547 1030/1697/547
f 969/1696/548 1030/1697/548 968/1698/548
f 968/1698/549 1030/1697/549 1031/1699/549
f 968/1698/550 1031/1699/550 967/1700/550
f 967/1700/550 1031/1699/550 1032/1701/550
f 967/1702/551 1032/1703/551 966/1704/551
f 966/1704/552 1032/1703/552 1033/1705/552
f 966/1704/553 1033/1705/553 965/1706/553
f 965/1706/553 1033/1705/553 1034/1707/553
f 965/1706/554 1034/1707/554 964/1628/554
f 964/1628/554 1034/1707/554 999/1629/554
f 1035/1708/512 1001/1633/512 1036/1709/512
f 1036/1709/512 1001/1633/512 1000/1631/512
f 1036/1709/511 1000/1631/511 1037/1710/511
f 1037/1710/511 1000/1631/511 999/1629/511
f 1037/1710/554 999/1629/554 1038/1711/554
f 1038/1711/554 999/1629/554 1034/1707/554
f 1038/1711/553 1034/1707/553 1039/1712/553
f 1039/1712/553 1034/1707/553 1033/1705/553
f 1039/1712/552 1033/1705/552 1040/1713/552
f 1040/1713/551 1033/1705/551 1032/1703/551
f 1040/1714/550 1032/1701/550 1041/1715/550
f 1041/1715/550 1032/1701/550 1031/1699/550
f 1041/1715/549 1031/1699/549 1042/1716/549
f 1042/1716/548 1031/1699/548 1030/1697/548
f 1042/1716/547 1030/1697/547 1043/1717/547
f 1043/1717/547 1030/1697/547 1029/1695/547
f 1043/1717/546 1029/1695/546 1044/1718/546
f 1044/1718/546 1029/1695/546 1028/1693/546
f 1044/1718/545 1028/1693/545 1045/1719/545
f 1045/1719/545 1028/1693/545 1027/1691/545
f 1045/1719/544 1027/1691/544 1046/1720/544
f 1046/1720/544 1027/1691/544 1026/1689/544
f 1046/1720/543 1026/1689/543 1047/1721/543
f 1047/1721/543 1026/1689/543 1025/1687/543
f 1047/1721/542 1025/1687/542 1048/1722/542
f 1048/1722/542 1025/1687/542 1024/1685/542
f 1048/1722/541 1024/1685/541 1049/1723/541
f 1049/1723/540 1024/1685/540 1023/1683/540
f 1049/1723/539 1023/1683/539 1050/265/539
f 1050/265/539 1023/1683/539 1022/1681/539
f 1050/1724/538 1022/1679/538 1051/1725/538
f 1051/1725/537 1022/1679/537 1021/1677/537
f 1051/1725/536 1021/1677/536 1052/1726/536
f 1052/1726/536 1021/1677/536 1020/1675/536
f 1052/1726/535 1020/1675/535 1053/1727/535
f 1053/1727/535 1020/1675/535 1019/1673/535
f 1053/1727/534 1019/1673/534 1054/1728/534
f 1054/1728/534 1019/1673/534 1018/1671/534
f 1054/1728/533 1018/1671/533 1055/1729/533
f 1055/1729/533 1018/1671/533 1017/1669/533
f 1055/1729/532 1017/1669/532 1056/1730/532
f 1056/1730/532 1017/1669/532 1016/1667/532
f 1056/1730/531 1016/1667/531 1057/1731/531
f 1057/1731/531 1016/1667/531 1015/1665/531
f 1057/1731/530 1015/1665/530 1058/1732/530
f 1058/1732/529 1015/1665/529 1014/1663/529
f 1058/1732/528 1014/1663/528 1059/1733/528
f 1059/1733/528 1014/1663/528 1013/1661/528
f 1059/1734/527 1013/1659/527 1060/1735/527
f 1060/1735/526 1013/1659/526 1012/1657/526
f 1060/1735/525 1012/1657/525 1061/1736/525
f 1061/1736/525 1012/1657/525 1011/1655/525
f 1061/1736/524 1011/1655/524 1062/1737/524
f 1062/1737/524 1011/1655/524 1010/1653/524
f 1062/1737/523 1010/1653/523 1063/1738/523
f 1063/1738/523 1010/1653/523 1009/1651/523
f 1063/1738/522 1009/1651/522 1064/1739/522
f 1064/1739/522 1009/1651/522 1008/1649/522
f 1064/1739/521 1008/1649/521 1065/1740/521
f 1065/1740/521 1008/1649/521 1007/1647/521
f 1065/1740/520 1007/1647/520 1066/1741/520
f 1066/1741/520 1007/1647/520 1006/1645/520
f 1066/1741/519 1006/1645/519 1067/1742/519
f 1067/1742/518 1006/1645/518 1005/1643/518
f 1067/1743/517 1005/1641/517 1068/1744/517
f 1068/1744/517 1005/1641/517 1004/1639/517
f 1068/1744/516 1004/1639/516 1069/1745/516
f 1069/1745/515 1004/1639/515 1003/1637/515
f 1069/1745/514 1003/1637/514 1070/1746/514
f 1070/1746/514 1003/1637/514 1002/1635/514
f 1070/1746/513 1002/1635/513 1035/1708/513
f 1035/1708/513 1002/1635/513 1001/1633/513
f 1037/1747/555 725/1030/555 1036/1748/555
f 1036/1748/364 725/1030/364 724/1029/364
f 1036/1749/363 724/1750/363 723/1751/363
f 725/1030/556 1037/1747/556 729/1034/556
f 729/1034/557 1037/1747/557 1038/1752/557
f 729/1034/558 1038/1752/558 730/1035/558
f 730/1035/559 1038/1752/559 1039/1753/559
f 730/1035/560 1039/1753/560 731/1036/560
f 731/1036/561 1039/1753/561 1040/1754/561
f 731/1036/562 1040/1754/562 732/1037/562
f 732/1037/563 1040/1754/563 1041/1755/563
f 732/1037/564 1041/1755/564 733/1038/564
f 733/1038/565 1041/1755/565 1042/1756/565
f 733/1038/566 1042/1756/566 734/1039/566
f 734/1039/567 1042/1756/567 1043/1757/567
f 734/1039/568 1043/1757/568 735/1040/568
f 735/1040/569 1043/1757/569 1044/1758/569
f 735/1040/570 1044/1758/570 736/1041/570
f 736/1041/571 1044/1758/571 1045/1759/571
f 736/1760/572 1045/1761/572 720/1762/572
f 720/1762/573 1045/1761/573 721/1763/573
f 721/1025/574 1045/1759/574 1046/1764/574
f 721/1025/575 1046/1764/575 722/1026/575
f 722/1026/576 1046/1764/576 1047/1765/576
f 722/1026/577 1047/1765/577 737/1042/577
f 737/1042/578 1047/1765/578 1048/1766/578
f 737/1042/579 1048/1766/579 738/1043/579
f 738/1043/580 1048/1766/580 1049/1767/580
f 738/1043/581 1049/1767/581 739/1044/581
f 739/1044/582 1049/1767/582 1050/1768/582
f 739/1044/583 1050/1768/583 740/1045/583
f 740/1045/584 1050/1768/584 1051/1769/584
f 740/1045/585 1051/1769/585 741/1046/585
f 741/1046/586 1051/1769/586 1052/1770/586
f 741/1046/587 1052/1770/587 742/1047/587
f 742/1047/588 1052/1770/588 1053/1771/588
f 742/1047/589 1053/1771/589 743/1048/589
f 743/1048/590 1053/1771/590 1054/1772/590
f 743/1773/252 1054/1774/252 744/1775/252
f 744/1049/253 1054/1772/253 717/1019/253
f 717/1019/591 1054/1772/591 1055/1776/591
f 717/1019/592 1055/1776/592 718/1021/592
f 718/1021/593 1055/1776/593 1056/1777/593
f 718/1021/594 1056/1777/594 719/1022/594
f 719/1022/595 1056/1777/595 1057/1778/595
f 719/1022/596 1057/1778/596 745/1050/596
f 745/1050/597 1057/1778/597 1058/1779/597
f 745/1050/598 1058/1779/598 746/1051/598
f 746/1051/599 1058/1779/599 1059/1780/599
f 746/1051/600 1059/1780/600 747/1052/600
f 747/1052/601 1059/1780/601 1060/1781/601
f 747/1052/602 1060/1781/602 748/1053/602
f 748/1053/603 1060/1781/603 1061/1782/603
f 748/1053/604 1061/1782/604 749/1054/604
f 749/1054/605 1061/1782/605 1062/1783/605
f 749/1054/606 1062/1783/606 750/1055/606
f 750/1055/607 1062/1783/607 1063/1784/607
f 750/1055/608 1063/1784/608 726/1031/608
f 726/1031/609 1063/1784/609 727/1032/609
f 727/1032/610 1063/1784/610 1064/1785/610
f 727/1032/611 1064/1785/611 728/1033/611
f 728/1033/612 1064/1785/612 1065/1786/612
f 728/1033/613 1065/1786/613 751/1056/613
f 751/1056/614 1065/1786/614 1066/1787/614
f 751/1056/615 1066/1787/615 752/1057/615
f 752/1057/616 1066/1787/616 1067/1788/616
f 752/1057/617 1067/1788/617 753/1058/617
f 753/1058/618 1067/1788/618 1068/1789/618
f 753/1058/619 1068/1789/619 754/1059/619
f 754/1059/620 1068/1789/620 1069/1790/620
f 754/1059/621 1069/1790/621 755/1060/621
f 755/1060/622 1069/1790/622 1070/1791/622
f 755/1060/623 1070/1791/623 756/1061/623
f 756/1061/624 1070/1791/624 1035/1792/624
f 756/1061/625 1035/1792/625 723/1028/625
f 723/1028/626 1035/1792/626 1036/1748/626
f 1071/1793/627 639/1794/627 1072/1795/627
f 1072/1795/628 639/1794/628 638/1796/628
f 1072/1795/629 638/1796/629 1073/1797/629
f 1073/1797/630 638/1796/630 637/1798/630
f 1073/1797/631 637/1798/631 1074/1799/631
f 1074/1799/632 637/1798/632 636/1800/632
f 1074/1799/633 636/1800/633 1075/1801/633
f 1075/1801/634 636/1800/634 635/1802/634
f 1075/1801/635 635/1802/635 1076/1803/635
f 1076/1803/636 635/1802/636 634/1804/636
f 1076/1803/637 634/1804/637 1077/1805/637
f 1077/1805/638 634/1804/638 633/1806/638
f 1077/1807/639 633/1808/639 1078/1809/639
f 1078/1809/640 633/1808/640 632/1810/640
f 1078/1809/641 632/1810/641 1079/1811/641
f 1079/1811/642 632/1810/642 631/1812/642
f 1079/1811/643 631/1812/643 1080/1813/643
f 1080/1813/644 631/1812/644 630/1814/644
f 1080/1813/645 630/1814/645 1081/1815/645
f 1081/1815/646 630/1814/646 629/1816/646
f 1081/1815/647 629/1816/647 1082/1817/647
f 1082/1817/648 629/1816/648 628/1818/648
f 1082/1817/649 628/1818/649 1083/1819/649
f 1083/1819/650 628/1818/650 660/1820/650
f 1083/1819/651 660/1820/651 1084/1821/651
f 1084/1821/652 660/1820/652 659/1822/652
f 1084/1821/653 659/1822/653 1085/1823/653
f 1085/1823/654 659/1822/654 658/1824/654
f 1085/1823/655 658/1824/655 1086/1825/655
f 1086/1825/656 658/1824/656 657/1826/656
f 1086/1825/657 657/1826/657 1087/1827/657
f 1087/1827/658 657/1826/658 656/1828/658
f 1087/1827/659 656/1828/659 1088/1829/659
f 1088/1830/660 656/1075/660 655/1831/660
f 1088/1830/661 655/1831/661 1089/1832/661
f 1089/1832/662 655/1831/662 654/1833/662
f 1089/1832/663 654/1833/663 1090/1834/663
f 1090/1834/664 654/1833/664 653/1835/664
f 1090/1834/665 653/1835/665 1091/1836/665
f 1091/1836/666 653/1835/666 652/1837/666
f 1091/1836/667 652/1837/667 1092/1838/667
f 1092/1838/668 652/1837/668 621/1839/668
f 1092/1838/669 621/1839/669 1093/1840/669
f 1093/1840/670 621/1839/670 620/1841/670
f 1093/1840/671 620/1841/671 1094/1842/671
f 1094/1842/672 620/1841/672 619/1843/672
f 1094/1842/673 619/1843/673 1095/1844/673
f 1095/1844/674 619/1843/674 651/1845/674
f 1095/1844/675 651/1845/675 1096/1846/675
f 1096/1846/676 651/1845/676 650/1847/676
f 1096/1846/677 650/1847/677 1097/1848/677
f 1097/1848/678 650/1847/678 649/1849/678
f 1097/1848/679 649/1849/679 1098/1850/679
f 1098/1850/680 649/1849/680 648/1851/680
f 1098/1852/681 648/1853/681 1099/1854/681
f 1099/1854/682 648/1853/682 647/1855/682
f 1099/1854/683 647/1855/683 1100/1856/683
f 1100/1856/684 647/1855/684 646/1857/684
f 1100/1856/685 646/1857/685 1101/1858/685
f 1101/1858/686 646/1857/686 624/1859/686
f 1101/1858/687 624/1859/687 1102/1860/687
f 1102/1860/688 624/1859/688 623/1861/688
f 1102/1860/689 623/1861/689 1103/1862/689
f 1103/1862/690 623/1861/690 622/1863/690
f 1103/1862/691 622/1863/691 1104/1864/691
f 1104/1864/692 622/1863/692 645/1865/692
f 1104/1864/693 645/1865/693 1105/1866/693
f 1105/1866/694 645/1865/694 644/1867/694
f 1105/1866/695 644/1867/695 1106/1868/695
f 1106/1868/696 644/1867/696 643/1869/696
f 1106/1868/697 643/1869/697 1107/1870/697
f 1107/1870/698 643/1869/698 642/1871/698
f 1107/1870/699 642/1871/699 1108/1872/699
f 1108/1872/700 642/1871/700 641/1873/700
f 1108/1872/701 641/1873/701 1109/1874/701
f 1109/1875/702 641/1876/702 640/1877/702
f 1109/1875/703 640/1877/703 1110/1878/703
f 1110/1878/704 640/1877/704 627/1879/704
f 1110/1878/705 627/1879/705 1111/1880/705
f 1111/1880/706 627/1879/706 626/1881/706
f 1111/1880/707 626/1881/707 1112/1882/707
f 1112/1882/708 626/1881/708 625/1883/708
f 1112/1882/709 625/1883/709 1071/1793/709
f 1071/1793/710 625/1883/710 639/1794/710
f 1113/1884/711 545/1885/711 1114/1886/711
f 1114/1886/711 545/1885/711 544/1887/711
f 1114/1886/712 544/1887/712 1115/1888/712
f 1115/1888/712 544/1887/712 543/1889/712
f 1115/1888/713 543/1889/713 1116/1890/713
f 1116/1890/713 543/1889/713 578/1891/713
f 1116/1890/714 578/1891/714 1117/1892/714
f 1117/1892/714 578/1891/714 577/1893/714
f 1117/1892/715 577/1893/715 1118/1894/715
f 1118/1894/715 577/1893/715 576/1895/715
f 1118/1894/716 576/1895/716 1119/1896/716
f 1119/1896/716 576/1895/716 575/1897/716
f 1119/1896/717 575/1897/717 1120/1898/717
f 1120/1898/717 575/1897/717 574/1899/717
f 1120/1898/718 574/1899/718 1121/1900/718
f 1121/1900/719 574/1899/719 573/1901/719
f 1121/1902/720 573/1903/720 1122/1904/720
f 1122/1904/720 573/1903/720 572/1905/720
f 1122/1904/721 572/1905/721 1123/1906/721
f 1123/1906/721 572/1905/721 571/1907/721
f 1123/1906/722 571/1907/722 1124/1908/722
f 1124/1908/722 571/1907/722 570/1909/722
f 1124/1908/723 570/1909/723 1125/1910/723
f 1125/1910/723 570/1909/723 569/1911/723
f 1125/1910/724 569/1911/724 1126/1912/724
f 1126/1912/724 569/1911/724 525/1913/724
f 1126/1912/725 525/1913/725 1127/1914/725
f 1127/1914/725 525/1913/725 524/1915/725
f 1127/1914/726 524/1915/726 1128/1916/726
f 1128/1916/726 524/1915/726 523/1917/726
f 1128/1916/727 523/1917/727 1129/1918/727
f 1129/1918/727 523/1917/727 568/1919/727
f 1129/1918/728 568/1919/728 1130/1920/728
f 1130/1920/728 568/1919/728 567/1921/728
f 1130/1920/729 567/1921/729 1131/1922/729
f 1131/1922/729 567/1921/729 566/1923/729
f 1131/1922/730 566/1923/730 1132/1924/730
f 1132/1924/730 566/1923/730 565/1925/730
f 1132/1924/731 565/1925/731 1133/1926/731
f 1133/1926/731 565/1925/731 564/1927/731
f 1133/1926/732 564/1927/732 1134/1928/732
f 1134/1928/732 564/1927/732 563/1929/732
f 1134/1928/733 563/1929/733 1135/1930/733
f 1135/1930/734 563/1929/734 562/1931/734
f 1135/1932/735 562/1933/735 1136/1934/735
f 1136/1934/736 562/1933/736 561/1935/736
f 1136/1934/737 561/1935/737 1137/1936/737
f 1137/1936/737 561/1935/737 560/1937/737
f 1137/1936/738 560/1937/738 1138/1938/738
f 1138/1938/738 560/1937/738 559/1939/738
f 1138/1938/739 559/1939/739 1139/1940/739
f 1139/1940/739 559/1939/739 558/1941/739
f 1139/1940/740 558/1941/740 1140/1942/740
f 1140/1942/740 558/1941/740 557/1943/740
f 1140/1942/741 557/1943/741 1141/1944/741
f 1141/1944/741 557/1943/741 556/1945/741
f 1141/1944/742 556/1945/742 1142/1946/742
f 1142/1946/742 556/1945/742 555/1947/742
f 1142/1946/743 555/1947/743 1143/1948/743
f 1143/1948/743 555/1947/743 554/1949/743
f 1143/1948/744 554/1949/744 1144/1950/744
f 1144/1950/744 554/1949/744 553/1951/744
f 1144/1950/745 553/1951/745 1145/1952/745
f 1145/1952/745 553/1951/745 526/1953/745
f 1145/1952/746 526/1953/746 1146/1954/746
f 1146/1954/746 526/1953/746 527/1955/746
f 1146/1954/747 527/1955/747 1147/1956/747
f 1147/1956/747 527/1955/747 528/1957/747
f 1147/1956/748 528/1957/748 1148/1958/748
f 1148/1958/748 528/1957/748 529/1959/748
f 1148/1958/749 529/1959/749 1149/1901/749
f 1149/1901/750 529/1959/750 530/1960/750
f 1149/1961/751 530/1962/751 1150/1963/751
f 1150/1963/752 530/1962/752 531/1297/752
f 1150/1963/753 531/1297/753 1151/1964/753
f 1151/1964/753 531/1297/753 532/1295/753
f 1151/1964/754 532/1295/754 1152/1965/754
f 1152/1965/754 532/1295/754 552/1293/754
f 1152/1965/755 552/1293/755 1153/1966/755
f 1153/1966/755 552/1293/755 551/1967/755
f 1153/1966/756 551/1967/756 1154/1968/756
f 1154/1968/756 551/1967/756 535/1969/756
f 1154/1968/757 535/1969/757 1155/1970/757
f 1155/1970/757 535/1969/757 534/1971/757
f 1155/1970/758 534/1971/758 1156/1972/758
f 1156/1972/758 534/1971/758 533/1973/758
f 1156/1972/759 533/1973/759 1157/1974/759
f 1157/1974/759 533/1973/759 550/1975/759
f 1157/1974/760 550/1975/760 1158/1976/760
f 1158/1976/760 550/1975/760 549/1977/760
f 1158/1976/761 549/1977/761 1159/1978/761
f 1159/1978/761 549/1977/761 548/1979/761
f 1159/1978/762 548/1979/762 1160/1980/762
f 1160/1980/762 548/1979/762 547/1981/762
f 1160/1980/763 547/1981/763 1161/1982/763
f 1161/1982/763 547/1981/763 536/1275/763
f 1161/1982/764 536/1275/764 1162/1983/764
f 1162/1983/764 536/1275/764 537/1984/764
f 1162/1983/765 537/1984/765 1163/1985/765
f 1163/1985/765 537/1984/765 538/1986/765
f 1163/1987/766 538/1988/766 1164/1989/766
f 1164/1989/767 538/1988/767 539/1990/767
f 1164/1989/768 539/1990/768 1165/1991/768
f 1165/1991/768 539/1990/768 540/1992/768
f 1165/1991/769 540/1992/769 1166/1993/769
f 1166/1993/769 540/1992/769 541/1994/769
f 1166/1993/770 541/1994/770 1167/1995/770
f 1167/1995/770 541/1994/770 542/1996/770
f 1167/1995/771 542/1996/771 1168/1997/771
f 1168/1997/771 542/1996/771 546/1998/771
f 1168/1997/772 546/1998/772 1113/1884/772
f 1113/1884/772 546/1998/772 545/1885/772
f 1113/1999/53 1114/2000/53 1072/2001/53
f 1072/2001/53 1114/2000/53 1115/2002/53
f 1072/2001/53 1115/2002/53 1071/2003/53
f 1071/2003/53 1115/2002/53 1116/2004/53
f 1071/2003/53 1116/2004/53 1112/2005/53
f 1112/2005/53 1116/2004/53 1117/2006/53
f 1112/2005/53 1117/2006/53 1111/2007/53
f 1111/2007/53 1117/2006/53 1118/2008/53
f 1111/2007/53 1118/2008/53 1119/2009/53
f 1111/2007/53 1119/2009/53 1110/2010/53
f 1110/2010/53 1119/2009/53 1120/2011/53
f 1110/2010/53 1120/2011/53 1109/2012/53
f 1109/2012/53 1120/2011/53 1121/2013/53
f 1109/2012/53 1121/2013/53 1108/2014/53
f 1108/2014/53 1121/2013/53 1122/2015/53
f 1108/2014/53 1122/2015/53 1123/2016/53
f 1108/2014/53 1123/2016/53 1107/2017/53
f 1107/2017/53 1123/2016/53 1124/2018/53
f 1107/2017/53 1124/2018/53 1106/2019/53
f 1106/2019/53 1124/2018/53 1125/2020/53
f 1106/2019/53 1125/2020/53 1105/2021/53
f 1105/2021/53 1125/2020/53 1126/2022/53
f 1105/2021/53 1126/2022/53 1127/2023/53
f 1105/2021/53 1127/2023/53 1104/2024/53
f 1104/2024/53 1127/2023/53 1128/2025/53
f 1104/2024/53 1128/2025/53 1103/2026/53
f 1103/2026/53 1128/2025/53 1129/2027/53
f 1103/2026/53 1129/2027/53 1102/2028/53
f 1102/2028/53 1129/2027/53 1130/2029/53
f 1102/2028/53 1130/2029/53 1131/2030/53
f 1102/2028/53 1131/2030/53 1101/2031/53
f 1101/2031/53 1131/2030/53 1132/2032/53
f 1101/2031/53 1132/2032/53 1100/2033/53
f 1100/2033/53 1132/2032/53 1133/2034/53
f 1100/2033/53 1133/2034/53 1099/2035/53
f 1099/2035/53 1133/2034/53 1134/2036/53
f 1099/2035/53 1134/2036/53 1135/2037/53
f 1099/2035/53 1135/2037/53 1098/2038/53
f 1098/2038/53 1135/2037/53 1136/2039/53
f 1098/2038/53 1136/2039/53 1097/2040/53
f 1097/2040/53 1136/2039/53 1137/2041/53
f 1097/2040/53 1137/2041/53 1096/2042/53
f 1096/2042/53 1137/2041/53 1138/2043/53
f 1096/2042/53 1138/2043/53 1139/2044/53
f 1096/2042/53 1139/2044/53 1095/2045/53
f 1095/2045/53 1139/2044/53 1140/2046/53
f 1095/2045/53 1140/2046/53 1094/2047/53
f 1094/2047/53 1140/2046/53 1141/2048/53
f 1094/2047/53 1141/2048/53 1093/2049/53
f 1093/2049/53 1141/2048/53 1142/2050/53
f 1093/2049/53 1142/2050/53 1143/2051/53
f 1093/2049/53 1143/2051/53 1092/2052/53
f 1092/2052/53 1143/2051/53 1144/2053/53
f 1092/2052/53 1144/2053/53 1091/2054/53
f 1091/2054/53 1144/2053/53 1145/2055/53
f 1091/2054/53 1145/2055/53 1090/2056/53
f 1090/2056/53 1145/2055/53 1146/2057/53
f 1090/2056/53 1146/2057/53 1147/2058/53
f 1090/2056/53 1147/2058/53 1089/2059/53
f 1089/2059/53 1147/2058/53 1148/2060/53
f 1089/2059/53 1148/2060/53 1088/2061/53
f 1088/2061/53 1148/2060/53 1149/2062/53
f 1088/2061/53 1149/2062/53 1087/2063/53
f 1087/2063/53 1149/2062/53 1150/2064/53
f 1087/2063/53 1150/2064/53 1151/2065/53
f 1087/2063/53 1151/2065/53 1086/2066/53
f 1086/2066/53 1151/2065/53 1152/2067/53
f 1086/2066/53 1152/2067/53 1085/2068/53
f 1085/2068/53 1152/2067/53 1153/2069/53
f 1085/2068/53 1153/2069/53 1084/2070/53
f 1084/2070/53 1153/2069/53 1154/2071/53
f 1084/2070/53 1154/2071/53 1155/2072/53
f 1084/2070/53 1155/2072/53 1083/2073/53
f 1083/2073/53 1155/2072/53 1156/2074/53
f 1083/2073/53 1156/2074/53 1082/2075/53
f 1082/2075/53 1156/2074/53 1157/2076/53
f 1082/2075/53 1157/2076/53 1081/2077/53
f 1081/2077/53 1157/2076/53 1158/2078/53
f 1081/2077/53 1158/2078/53 1159/2079/53
f 1081/2077/53 1159/2079/53 1080/2080/53
f 1080/2080/53 1159/2079/53 1160/2081/53
f 1080/2080/53 1160/2081/53 1079/2082/53
f 1079/2082/53 1160/2081/53 1161/2083/53
f 1079/2082/53 1161/2083/53 1078/2084/53
f 1078/2084/53 1161/2083/53 1162/2085/53
f 1078/2084/53 1162/2085/53 1163/2086/53
f 1078/2084/53 1163/2086/53 1077/2087/53
f 1077/2087/53 1163/2086/53 1164/2088/53
f 1077/2087/53 1164/2088/53 1076/2089/53
f 1076/2089/53 1164/2088/53 1165/2090/53
f 1076/2089/53 1165/2090/53 1075/2091/53
f 1075/2091/53 1165/2090/53 1166/2092/53
f 1075/2091/53 1166/2092/53 1167/2093/53
f 1075/2091/53 1167/2093/53 1074/2094/53
f 1074/2094/53 1167/2093/53 1168/2095/53
f 1074/2094/53 1168/2095/53 1073/2096/53
f 1073/2096/53 1168/2095/53 1113/1999/53
f 1073/2096/53 1113/1999/53 1072/2001/53
f 1169/2097/53 1170/2098/53 1171/2099/53
f 1171/2099/53 1170/2098/53 1172/2100/53
f 1171/2099/53 1172/2100/53 1173/2101/53
f 1173/2101/53 1172/2100/53 1174/2102/53
f 1174/2102/53 1172/2100/53 1175/2103/53
f 1175/2103/53 1172/2100/53 1176/2104/53
f 1176/2104/53 1172/2100/53 1177/2105/53
f 1177/2105/53 1172/2100/53 1178/2106/53
f 1178/2106/53 1172/2100/53 1179/2107/53
f 1179/2107/53 1172/2100/53 1180/2108/53
f 1180/2108/53 1172/2100/53 1181/2109/53
f 1180/2108/53 1181/2109/53 1182/2110/53
f 1182/2110/53 1181/2109/53 1183/2111/53
f 1183/2111/53 1181/2109/53 1184/2112/53
f 1184/2112/53 1181/2109/53 1185/2113/53
f 1185/2113/53 1181/2109/53 1186/2114/53
f 1186/2114/53 1181/2109/53 1187/2115/53
f 1187/2115/53 1181/2109/53 1188/2116/53
f 1188/2116/53 1181/2109/53 1189/2117/53
f 1189/2117/53 1181/2109/53 1190/2118/53
f 1190/2118/53 1181/2109/53 1191/2119/53
f 1190/2118/53 1191/2119/53 1192/2120/53
f 1192/2120/53 1191/2119/53 1193/2121/53
f 1193/2121/53 1191/2119/53 1194/2122/53
f 1194/2122/53 1191/2119/53 1195/2123/53
f 1195/2123/53 1191/2119/53 1196/2124/53
f 1196/2124/53 1191/2119/53 1197/2125/53
f 1197/2125/53 1191/2119/53 1198/2126/53
f 1198/2126/53 1191/2119/53 1199/2127/53
f 1199/2127/53 1191/2119/53 1200/2128/53
f 1199/2127/53 1200/2128/53 1201/2129/53
f 1201/2129/53 1200/2128/53 1202/2130/53
f 1202/2130/53 1200/2128/53 1203/2131/53
f 1203/2131/53 1200/2128/53 1204/2132/53
f 1204/2132/53 1200/2128/53 1205/2133/53
f 1205/2133/53 1200/2128/53 1206/2134/53
f 1206/2134/53 1200/2128/53 1207/2135/53
f 1207/2135/53 1200/2128/53 1208/2136/53
f 1208/2136/53 1200/2128/53 1209/2137/53
f 1208/2136/53 1209/2137/53 1210/2138/53
f 1210/2138/53 1209/2137/53 1211/2139/53
f 1211/2139/53 1209/2137/53 1212/2140/53
f 1212/2140/53 1209/2137/53 1213/2141/53
f 1213/2141/53 1209/2137/53 1214/2142/53
f 1214/2142/53 1209/2137/53 1215/2143/53
f 1215/2143/53 1209/2137/53 1216/2144/53
f 1216/2144/53 1209/2137/53 1217/2145/53
f 1217/2145/53 1209/2137/53 1218/2146/53
f 1218/2146/53 1209/2137/53 1170/2098/53
f 1218/2146/53 1170/2098/53 1219/2147/53
f 1219/2147/53 1170/2098/53 1220/2148/53
f 1220/2148/53 1170/2098/53 1221/2149/53
f 1221/2149/53 1170/2098/53 1222/2150/53
f 1222/2150/53 1170/2098/53 1223/2151/53
f 1223/2151/53 1170/2098/53 1224/2152/53
f 1224/2152/53 1170/2098/53 1169/2097/53
f 1225/2153/773 1226/2154/773 1171/2099/773
f 1171/2099/774 1226/2154/774 1227/2155/774
f 1171/2099/775 1227/2155/775 1169/2097/775
f 1169/2097/776 1227/2155/776 1228/2156/776
f 1169/2097/777 1228/2156/777 1224/2152/777
f 1224/2152/778 1228/2156/778 1229/2157/778
f 1224/2152/779 1229/2157/779 1223/2151/779
f 1223/2151/780 1229/2157/780 1230/2158/780
f 1223/2151/781 1230/2158/781 1222/2150/781
f 1222/2150/782 1230/2158/782 1231/2159/782
f 1222/2150/783 1231/2159/783 1221/2149/783
f 1221/2149/784 1231/2159/784 1232/2160/784
f 1221/2149/785 1232/2160/785 1220/2148/785
f 1220/2148/786 1232/2160/786 1233/2161/786
f 1220/2148/787 1233/2161/787 1219/2147/787
f 1219/2147/788 1233/2161/788 1234/2162/788
f 1219/2147/789 1234/2162/789 1218/2146/789
f 1218/2146/790 1234/2162/790 1235/2163/790
f 1218/2146/791 1235/2163/791 1217/2145/791
f 1217/2145/792 1235/2163/792 1236/2164/792
f 1217/2145/793 1236/2164/793 1216/2144/793
f 1216/2144/794 1236/2164/794 1237/2165/794
f 1216/2144/795 1237/2165/795 1215/2143/795
f 1215/2143/796 1237/2165/796 1238/2166/796
f 1215/2143/797 1238/2166/797 1214/2142/797
f 1214/2167/798 1238/2168/798 1239/2169/798
f 1214/2142/799 1239/2170/799 1213/2141/799
f 1213/2171/800 1239/2169/800 1240/2172/800
f 1213/2141/801 1240/2173/801 1212/2140/801
f 1212/2140/802 1240/2173/802 1241/2174/802
f 1212/2140/803 1241/2174/803 1211/2139/803
f 1211/2139/804 1241/2174/804 1242/2175/804
f 1211/2139/805 1242/2175/805 1210/2138/805
f 1210/2138/806 1242/2175/806 1243/2176/806
f 1210/2138/807 1243/2176/807 1208/2136/807
f 1208/2136/808 1243/2176/808 1244/2177/808
f 1208/2136/809 1244/2177/809 1245/2178/809
f 1208/2136/810 1245/2178/810 1207/2135/810
f 1207/2135/811 1245/2178/811 1246/2179/811
f 1207/2135/812 1246/2179/812 1206/2134/812
f 1206/2134/813 1246/2179/813 1247/2180/813
f 1206/2134/814 1247/2180/814 1205/2133/814
f 1205/2133/815 1247/2180/815 1248/2181/815
f 1205/2133/816 1248/2181/816 1204/2132/816
f 1204/2132/817 1248/2181/817 1249/2182/817
f 1204/2132/818 1249/2182/818 1203/2131/818
f 1203/2131/819 1249/2182/819 1250/2183/819
f 1203/2131/820 1250/2183/820 1202/2130/820
f 1202/2130/821 1250/2183/821 1251/2184/821
f 1202/2130/822 1251/2184/822 1201/2129/822
f 1201/2185/823 1251/2186/823 1252/2187/823
f 1201/2129/824 1252/2188/824 1199/2127/824
f 1199/2189/825 1252/2187/825 1253/2190/825
f 1199/2127/826 1253/2191/826 1198/2126/826
f 1198/2192/827 1253/2190/827 1254/2193/827
f 1198/2126/828 1254/2194/828 1197/2125/828
f 1197/2125/829 1254/2194/829 1255/2195/829
f 1197/2125/830 1255/2195/830 1196/2124/830
f 1196/2124/831 1255/2195/831 1256/2196/831
f 1196/2124/832 1256/2196/832 1195/2123/832
f 1195/2123/833 1256/2196/833 1257/2197/833
f 1195/2123/834 1257/2197/834 1194/2122/834
f 1194/2122/835 1257/2197/835 1258/2198/835
f 1194/2122/836 1258/2198/836 1193/2121/836
f 1193/2121/837 1258/2198/837 1259/2199/837
f 1193/2121/838 1259/2199/838 1192/2120/838
f 1192/2120/839 1259/2199/839 1260/2200/839
f 1192/2120/840 1260/2200/840 1190/2118/840
f 1190/2118/841 1260/2200/841 1261/2201/841
f 1190/2118/842 1261/2201/842 1262/2202/842
f 1190/2118/843 1262/2202/843 1189/2117/843
f 1189/2117/844 1262/2202/844 1263/2203/844
f 1189/2117/845 1263/2203/845 1188/2116/845
f 1188/2116/846 1263/2203/846 1264/2204/846
f 1188/2116/847 1264/2204/847 1187/2115/847
f 1187/2115/848 1264/2204/848 1265/2205/848
f 1187/2115/849 1265/2205/849 1186/2114/849
f 1186/2206/850 1265/2207/850 1266/2208/850
f 1186/2114/851 1266/2209/851 1185/2113/851
f 1185/2210/852 1266/2208/852 1267/2211/852
f 1185/2113/853 1267/2212/853 1184/2112/853
f 1184/2112/854 1267/2212/854 1268/2213/854
f 1184/2112/855 1268/2213/855 1183/2111/855
f 1183/2111/856 1268/2213/856 1269/2214/856
f 1183/2111/857 1269/2214/857 1182/2110/857
f 1182/2110/858 1269/2214/858 1270/2215/858
f 1182/2110/859 1270/2215/859 1180/2108/859
f 1180/2108/860 1270/2215/860 1271/2216/860
f 1180/2108/861 1271/2216/861 1179/2107/861
f 1179/2107/862 1271/2216/862 1272/2217/862
f 1179/2107/863 1272/2217/863 1178/2106/863
f 1178/2106/864 1272/2217/864 1273/2218/864
f 1178/2106/865 1273/2218/865 1177/2105/865
f 1177/2105/866 1273/2218/866 1274/2219/866
f 1177/2105/867 1274/2219/867 1176/2104/867
f 1176/2104/868 1274/2219/868 1275/2220/868
f 1176/2104/869 1275/2220/869 1175/2103/869
f 1175/2103/870 1275/2220/870 1276/2221/870
f 1175/2103/871 1276/2221/871 1174/2102/871
f 1174/2102/872 1276/2221/872 1277/2222/872
f 1174/2102/873 1277/2222/873 1173/2101/873
f 1173/2101/874 1277/2222/874 1225/2153/874
f 1173/2101/875 1225/2153/875 1171/2099/875
f 1278/2223/876 1226/2224/876 1279/2225/876
f 1279/2225/877 1226/2224/877 1225/2226/877
f 1279/2225/877 1225/2226/877 1280/2227/877
f 1280/2227/878 1225/2226/878 1277/2228/878
f 1280/2227/878 1277/2228/878 1281/2229/878
f 1281/2229/879 1277/2228/879 1276/2230/879
f 1281/2229/880 1276/2230/880 1282/2231/880
f 1282/2231/881 1276/2230/881 1275/2232/881
f 1282/2231/881 1275/2232/881 1283/2233/881
f 1283/2233/882 1275/2232/882 1274/2234/882
f 1283/2233/882 1274/2234/882 1284/2235/882
f 1284/2235/883 1274/2234/883 1273/2236/883
f 1284/2235/883 1273/2236/883 1285/2237/883
f 1285/2237/884 1273/2236/884 1272/2238/884
f 1285/2237/884 1272/2238/884 1286/2239/884
f 1286/2240/885 1272/2241/885 1271/2242/885
f 1286/2240/885 1271/2242/885 1287/2243/885
f 1287/2243/886 1271/2242/886 1270/2244/886
f 1287/2243/886 1270/2244/886 1288/2245/886
f 1288/2245/887 1270/2244/887 1269/2246/887
f 1288/2245/887 1269/2246/887 1289/2247/887
f 1289/2247/888 1269/2246/888 1268/2248/888
f 1289/2247/888 1268/2248/888 1290/2249/888
f 1290/2249/889 1268/2248/889 1267/2211/889
f 1290/2249/889 1267/2211/889 1291/2250/889
f 1291/2250/890 1267/2211/890 1266/2208/890
f 1291/2250/890 1266/2208/890 1292/2251/890
f 1292/2251/891 1266/2208/891 1265/2207/891
f 1292/2251/891 1265/2207/891 1293/2252/891
f 1293/2252/892 1265/2207/892 1264/2253/892
f 1293/2252/892 1264/2253/892 1294/2254/892
f 1294/2254/893 1264/2253/893 1263/2255/893
f 1294/2254/893 1263/2255/893 1295/2256/893
f 1295/2256/894 1263/2255/894 1262/2257/894
f 1295/2256/894 1262/2257/894 1296/2258/894
f 1296/2258/895 1262/2257/895 1261/2259/895
f 1296/2258/895 1261/2259/895 1297/2260/895
f 1297/2260/896 1261/2259/896 1260/2261/896
f 1297/2260/896 1260/2261/896 1298/2262/896
f 1298/2262/897 1260/2261/897 1259/2263/897
f 1298/2262/897 1259/2263/897 1299/2264/897
f 1299/2265/898 1259/2266/898 1258/2267/898
f 1299/2265/898 1258/2267/898 1300/2268/898
f 1300/2268/899 1258/2267/899 1257/2269/899
f 1300/2268/900 1257/2269/900 1301/2270/900
f 1301/2270/901 1257/2269/901 1256/2271/901
f 1301/2270/901 1256/2271/901 1302/2272/901
f 1302/2272/902 1256/2271/902 1255/2273/902
f 1302/2272/902 1255/2273/902 1303/2274/902
f 1303/2274/903 1255/2273/903 1254/2193/903
f 1303/2274/903 1254/2193/903 1304/2275/903
f 1304/2275/904 1254/2193/904 1253/2190/904
f 1304/2275/904 1253/2190/904 1305/2276/904
f 1305/2276/1 1253/2190/1 1252/2187/1
f 1305/2276/1 1252/2187/1 1306/2277/1
f 1306/2277/905 1252/2187/905 1251/2186/905
f 1306/2277/905 1251/2186/905 1307/2278/905
f 1307/2278/906 1251/2186/906 1250/2279/906
f 1307/2278/906 1250/2279/906 1308/2280/906
f 1308/2280/907 1250/2279/907 1249/2281/907
f 1308/2280/907 1249/2281/907 1309/2282/907
f 1309/2282/908 1249/2281/908 1248/2283/908
f 1309/2282/908 1248/2283/908 1310/2284/908
f 1310/2284/909 1248/2283/909 1247/2285/909
f 1310/2284/910 1247/2285/910 1311/2286/910
f 1311/2286/911 1247/2285/911 1246/2287/911
f 1311/2286/911 1246/2287/911 1312/2288/911
f 1312/2289/912 1246/2290/912 1245/2291/912
f 1312/2289/912 1245/2291/912 1313/2292/912
f 1313/2292/913 1245/2291/913 1244/2293/913
f 1313/2292/913 1244/2293/913 1314/2294/913
f 1314/2294/914 1244/2293/914 1243/2295/914
f 1314/2294/914 1243/2295/914 1315/2296/914
f 1315/2296/915 1243/2295/915 1242/2297/915
f 1315/2296/915 1242/2297/915 1316/2298/915
f 1316/2298/916 1242/2297/916 1241/2299/916
f 1316/2298/916 1241/2299/916 1317/2300/916
f 1317/2300/917 1241/2299/917 1240/2172/917
f 1317/2300/917 1240/2172/917 1318/2301/917
f 1318/2301/918 1240/2172/918 1239/2169/918
f 1318/2301/918 1239/2169/918 1319/2302/918
f 1319/2302/919 1239/2169/919 1238/2168/919
f 1319/2302/919 1238/2168/919 1320/2303/919
f 1320/2303/920 1238/2168/920 1237/2304/920
f 1320/2303/920 1237/2304/920 1321/2305/920
f 1321/2305/921 1237/2304/921 1236/2306/921
f 1321/2305/921 1236/2306/921 1322/2307/921
f 1322/2307/922 1236/2306/922 1235/2308/922
f 1322/2307/922 1235/2308/922 1323/2309/922
f 1323/2309/923 1235/2308/923 1234/2310/923
f 1323/2309/923 1234/2310/923 1324/2311/923
f 1324/2311/924 1234/2310/924 1233/2312/924
f 1324/2311/924 1233/2312/924 1325/2313/924
f 1325/2314/925 1233/2315/925 1232/2316/925
f 1325/2314/925 1232/2316/925 1326/2317/925
f 1326/2317/926 1232/2316/926 1231/2318/926
f 1326/2317/926 1231/2318/926 1327/2319/926
f 1327/2319/927 1231/2318/927 1230/2320/927
f 1327/2319/927 1230/2320/927 1328/2321/927
f 1328/2321/928 1230/2320/928 1229/2322/928
f 1328/2321/928 1229/2322/928 1329/2323/928
f 1329/2323/929 1229/2322/929 1228/2324/929
f 1329/2323/930 1228/2324/930 1330/2325/930
f 1330/2325/931 1228/2324/931 1227/2326/931
f 1330/2325/931 1227/2326/931 1278/2223/931
f 1278/2223/876 1227/2326/876 1226/2224/876
f 1278/2327/54 1279/2328/54 1331/2329/54
f 1331/2329/54 1279/2328/54 1280/2330/54
f 1331/2329/54 1280/2330/54 1332/2331/54
f 1332/2331/54 1280/2330/54 1281/2332/54
f 1332/2331/54 1281/2332/54 1333/2333/54
f 1333/2333/54 1281/2332/54 1282/2334/54
f 1333/2333/54 1282/2334/54 1334/2335/54
f 1334/2335/54 1282/2334/54 1283/2336/54
f 1334/2335/54 1283/2336/54 1284/2337/54
f 1334/2335/54 1284/2337/54 1335/2338/54
f 1335/2338/54 1284/2337/54 1285/2339/54
f 1335/2338/54 1285/2339/54 1336/2340/54
f 1336/2340/54 1285/2339/54 1286/2341/54
f 1336/2340/54 1286/2341/54 1337/2342/54
f 1337/2342/54 1286/2341/54 1287/2343/54
f 1337/2342/54 1287/2343/54 1288/2344/54
f 1337/2342/54 1288/2344/54 1338/2345/54
f 1338/2345/54 1288/2344/54 1289/2346/54
f 1338/2345/54 1289/2346/54 1339/2347/54
f 1339/2347/54 1289/2346/54 1290/2348/54
f 1339/2347/54 1290/2348/54 1340/2349/54
f 1340/2349/54 1290/2348/54 1291/2350/54
f 1340/2349/54 1291/2350/54 1292/2351/54
f 1340/2349/54 1292/2351/54 1341/2352/54
f 1341/2352/54 1292/2351/54 1293/2353/54
f 1341/2352/54 1293/2353/54 1342/2354/54
f 1342/2354/54 1293/2353/54 1294/2355/54
f 1342/2354/54 1294/2355/54 1343/2356/54
f 1343/2356/54 1294/2355/54 1295/2357/54
f 1343/2356/54 1295/2357/54 1296/2358/54
f 1343/2356/54 1296/2358/54 1344/2359/54
f 1344/2359/54 1296/2358/54 1297/2360/54
f 1344/2359/54 1297/2360/54 1345/2361/54
f 1345/2361/54 1297/2360/54 1298/2362/54
f 1345/2361/54 1298/2362/54 1346/2363/54
f 1346/2363/54 1298/2362/54 1299/2364/54
f 1346/2363/54 1299/2364/54 1300/2365/54
f 1346/2363/54 1300/2365/54 1347/2366/54
f 1347/2366/54 1300/2365/54 1301/2367/54
f 1347/2366/54 1301/2367/54 1348/2368/54
f 1348/2368/54 1301/2367/54 1302/2369/54
f 1348/2368/54 1302/2369/54 1349/2370/54
f 1349/2370/54 1302/2369/54 1303/2371/54
f 1349/2370/54 1303/2371/54 1304/2372/54
f 1349/2370/54 1304/2372/54 1350/2373/54
f 1350/2373/54 1304/2372/54 1305/2374/54
f 1350/2373/54 1305/2374/54 1351/2375/54
f 1351/2375/54 1305/2374/54 1306/2376/54
f 1351/2375/54 1306/2376/54 1352/2377/54
f 1352/2377/54 1306/2376/54 1307/2378/54
f 1352/2377/54 1307/2378/54 1353/2379/54
f 1353/2379/54 1307/2378/54 1308/2380/54
f 1353/2379/54 1308/2380/54 1309/2381/54
f 1353/2379/54 1309/2381/54 1354/2382/54
f 1354/2382/54 1309/2381/54 1310/2383/54
f 1354/2382/54 1310/2383/54 1355/2384/54
f 1355/2384/54 1310/2383/54 1311/2385/54
f 1355/2384/54 1311/2385/54 1356/2386/54
f 1356/2386/54 1311/2385/54 1312/2387/54
f 1356/2386/54 1312/2387/54 1313/2388/54
f 1356/2386/54 1313/2388/54 1357/2389/54
f 1357/2389/54 1313/2388/54 1314/2390/54
f 1357/2389/54 1314/2390/54 1358/2391/54
f 1358/2391/54 1314/2390/54 1315/2392/54
f 1358/2391/54 1315/2392/54 1359/2393/54
f 1359/2393/54 1315/2392/54 1316/2394/54
f 1359/2393/54 1316/2394/54 1317/2395/54
f 1359/2393/54 1317/2395/54 1360/2396/54
f 1360/2396/54 1317/2395/54 1318/2397/54
f 1360/2396/54 1318/2397/54 1361/2398/54
f 1361/2398/54 1318/2397/54 1319/2399/54
f 1361/2398/54 1319/2399/54 1362/2400/54
f 1362/2400/54 1319/2399/54 1320/2401/54
f 1362/2400/54 1320/2401/54 1321/2402/54
f 1362/2400/54 1321/2402/54 1363/2403/54
f 1363/2403/54 1321/2402/54 1322/2404/54
f 1363/2403/54 1322/2404/54 1364/2405/54
f 1364/2405/54 1322/2404/54 1323/2406/54
f 1364/2405/54 1323/2406/54 1365/2407/54
f 1365/2407/54 1323/2406/54 1324/2408/54
f 1365/2407/54 1324/2408/54 1325/2409/54
f 1365/2407/54 1325/2409/54 1366/2410/54
f 1366/2410/54 1325/2409/54 1326/2411/54
f 1366/2410/54 1326/2411/54 1367/2412/54
f 1367/2412/54 1326/2411/54 1327/2413/54
f 1367/2412/54 1327/2413/54 1368/2414/54
f 1368/2414/54 1327/2413/54 1328/2415/54
f 1368/2414/54 1328/2415/54 1329/2416/54
f 1368/2414/54 1329/2416/54 1369/2417/54
f 1369/2417/54 1329/2416/54 1330/2418/54
f 1369/2417/54 1330/2418/54 1370/2419/54
f 1370/2419/54 1330/2418/54 1278/2327/54
f 1370/2419/54 1278/2327/54 1331/2329/54
f 1371/2420/932 1372/2421/932 1373/2422/932
f 1373/2422/933 1372/2421/933 1374/2423/933
f 1373/2422/934 1374/2423/934 1375/2424/934
f 1375/2424/935 1374/2423/935 1376/2425/935
f 1375/2424/936 1376/2425/936 1377/2426/936
f 1377/2426/937 1376/2425/937 1378/2427/937
f 1377/2426/723 1378/2427/723 1379/2428/723
f 1379/2428/723 1378/2427/723 1380/2429/723
f 1379/2428/938 1380/2429/938 1381/2430/938
f 1381/2430/938 1380/2429/938 1382/2431/938
f 1381/2430/939 1382/2431/939 1383/2432/939
f 1383/2432/940 1382/2431/940 1384/2433/940
f 1383/2434/941 1384/2435/941 1385/2436/941
f 1385/2436/942 1384/2435/942 1386/2437/942
f 1385/2436/943 1386/2437/943 1387/2438/943
f 1387/2438/943 1386/2437/943 1388/2439/943
f 1387/2438/715 1388/2439/715 1389/2440/715
f 1389/2440/715 1388/2439/715 1390/2441/715
f 1389/2440/944 1390/2441/944 1391/2442/944
f 1391/2442/944 1390/2441/944 1392/2443/944
f 1391/2442/945 1392/2443/945 1393/2444/945
f 1393/2444/945 1392/2443/945 1394/2445/945
f 1393/2444/946 1394/2445/946 1395/2446/946
f 1395/2446/946 1394/2445/946 1396/2447/946
f 1395/2446/947 1396/2447/947 1397/2448/947
f 1397/2448/947 1396/2447/947 1398/2449/947
f 1397/2448/770 1398/2449/770 1399/2450/770
f 1399/2450/770 1398/2449/770 1400/2451/770
f 1399/2450/948 1400/2451/948 1401/2452/948
f 1401/2452/948 1400/2451/948 1402/2453/948
f 1401/2452/949 1402/2453/949 1403/2454/949
f 1403/2454/950 1402/2453/950 1404/2455/950
f 1403/2456/951 1404/2457/951 1405/2458/951
f 1405/2458/952 1404/2457/952 1406/2459/952
f 1405/2458/953 1406/2459/953 1407/2460/953
f 1407/2460/953 1406/2459/953 1408/2461/953
f 1407/2460/762 1408/2461/762 1409/2462/762
f 1409/2462/762 1408/2461/762 1410/2463/762
f 1409/2462/954 1410/2463/954 1411/2464/954
f 1411/2464/955 1410/2463/955 1412/2465/955
f 1411/2464/956 1412/2465/956 1413/2466/956
f 1413/2466/957 1412/2465/957 1414/2467/957
f 1413/2466/958 1414/2467/958 1415/2468/958
f 1415/2468/959 1414/2467/959 1416/2469/959
f 1415/2468/960 1416/2469/960 1417/2470/960
f 1417/2470/961 1416/2469/961 1418/2471/961
f 1417/2470/755 1418/2471/755 1419/2472/755
f 1419/2472/755 1418/2471/755 1420/2473/755
f 1419/2472/962 1420/2473/962 1421/2474/962
f 1421/2474/962 1420/2473/962 1422/2475/962
f 1421/2474/963 1422/2475/963 1423/2476/963
f 1423/2476/964 1422/2475/964 1424/2477/964
f 1423/2478/965 1424/2479/965 1425/2480/965
f 1425/2480/966 1424/2479/966 1426/2481/966
f 1425/2480/967 1426/2481/967 1427/2482/967
f 1427/2482/967 1426/2481/967 1428/2483/967
f 1427/2482/746 1428/2483/746 1429/2484/746
f 1429/2484/746 1428/2483/746 1430/2485/746
f 1429/2484/968 1430/2485/968 1431/2486/968
f 1431/2486/968 1430/2485/968 1432/2487/968
f 1431/2486/969 1432/2487/969 1433/2488/969
f 1433/2488/969 1432/2487/969 1434/2489/969
f 1433/2488/970 1434/2489/970 1435/2490/970
f 1435/2490/970 1434/2489/970 1436/2491/970
f 1435/2490/971 1436/2491/971 1437/2492/971
f 1437/2492/971 1436/2491/971 1438/2493/971
f 1437/2492/739 1438/2493/739 1439/2494/739
f 1439/2494/739 1438/2493/739 1440/2495/739
f 1439/2494/972 1440/2495/972 1441/2496/972
f 1441/2496/972 1440/2495/972 1442/2497/972
f 1441/2496/973 1442/2497/973 1443/2498/973
f 1443/2498/974 1442/2497/974 1444/2499/974
f 1443/2500/975 1444/2501/975 1445/2502/975
f 1445/2502/976 1444/2501/976 1446/2503/976
f 1445/2502/977 1446/2503/977 1447/2504/977
f 1447/2504/977 1446/2503/977 1448/2505/977
f 1447/2504/730 1448/2505/730 1449/2506/730
f 1449/2506/730 1448/2505/730 1450/2507/730
f 1449/2506/978 1450/2507/978 1371/2420/978
f 1371/2420/979 1450/2507/979 1372/2421/979
f 1332/2508/934 1376/2425/934 1331/2509/934
f 1331/2509/934 1376/2425/934 1374/2423/934
f 1331/2509/933 1374/2423/933 1370/2510/933
f 1370/2510/933 1374/2423/933 1372/2421/933
f 1370/2510/979 1372/2421/979 1369/2511/979
f 1369/2511/978 1372/2421/978 1450/2507/978
f 1369/2511/730 1450/2507/730 1368/2512/730
f 1368/2512/730 1450/2507/730 1448/2505/730
f 1368/2512/977 1448/2505/977 1367/2513/977
f 1367/2513/977 1448/2505/977 1446/2503/977
f 1367/2513/976 1446/2503/976 1366/2514/976
f 1366/2514/975 1446/2503/975 1444/2501/975
f 1366/2515/974 1444/2499/974 1365/2516/974
f 1365/2516/973 1444/2499/973 1442/2497/973
f 1365/2516/972 1442/2497/972 1364/2517/972
f 1364/2517/972 1442/2497/972 1440/2495/972
f 1364/2517/739 1440/2495/739 1363/2518/739
f 1363/2518/739 1440/2495/739 1438/2493/739
f 1363/2518/971 1438/2493/971 1362/2519/971
f 1362/2519/971 1438/2493/971 1436/2491/971
f 1362/2519/970 1436/2491/970 1361/2520/970
f 1361/2520/970 1436/2491/970 1434/2489/970
f 1361/2520/969 1434/2489/969 1360/2521/969
f 1360/2521/969 1434/2489/969 1432/2487/969
f 1360/2521/968 1432/2487/968 1359/2522/968
f 1359/2522/968 1432/2487/968 1430/2485/968
f 1359/2522/746 1430/2485/746 1358/2523/746
f 1358/2523/746 1430/2485/746 1428/2483/746
f 1358/2523/967 1428/2483/967 1357/2524/967
f 1357/2524/967 1428/2483/967 1426/2481/967
f 1357/2524/966 1426/2481/966 1356/2525/966
f 1356/2525/965 1426/2481/965 1424/2479/965
f 1356/2526/964 1424/2477/964 1355/2527/964
f 1355/2527/963 1424/2477/963 1422/2475/963
f 1355/2527/962 1422/2475/962 1354/2528/962
f 1354/2528/962 1422/2475/962 1420/2473/962
f 1354/2528/755 1420/2473/755 1353/2529/755
f 1353/2529/755 1420/2473/755 1418/2471/755
f 1353/2529/961 1418/2471/961 1352/2530/961
f 1352/2530/960 1418/2471/960 1416/2469/960
f 1352/2530/958 1416/2469/958 1351/2531/958
f 1351/2531/958 1416/2469/958 1414/2467/958
f 1351/2531/957 1414/2467/957 1350/2532/957
f 1350/2532/957 1414/2467/957 1412/2465/957
f 1350/2532/955 1412/2465/955 1349/2533/955
f 1349/2533/954 1412/2465/954 1410/2463/954
f 1349/2533/762 1410/2463/762 1348/2534/762
f 1348/2534/762 1410/2463/762 1408/2461/762
f 1348/2534/953 1408/2461/953 1347/2535/953
f 1347/2535/953 1408/2461/953 1406/2459/953
f 1347/2535/952 1406/2459/952 1346/2536/952
f 1346/2536/951 1406/2459/951 1404/2457/951
f 1346/2537/950 1404/2455/950 1345/2538/950
f 1345/2538/949 1404/2455/949 1402/2453/949
f 1345/2538/948 1402/2453/948 1344/2539/948
f 1344/2539/948 1402/2453/948 1400/2451/948
f 1344/2539/770 1400/2451/770 1343/2540/770
f 1343/2540/770 1400/2451/770 1398/2449/770
f 1343/2540/947 1398/2449/947 1342/2541/947
f 1342/2541/947 1398/2449/947 1396/2447/947
f 1342/2541/946 1396/2447/946 1341/2542/946
f 1341/2542/946 1396/2447/946 1394/2445/946
f 1341/2542/945 1394/2445/945 1340/2543/945
f 1340/2543/945 1394/2445/945 1392/2443/945
f 1340/2543/944 1392/2443/944 1339/2544/944
f 1339/2544/944 1392/2443/944 1390/2441/944
f 1339/2544/715 1390/2441/715 1338/2545/715
f 1338/2545/715 1390/2441/715 1388/2439/715
f 1338/2545/943 1388/2439/943 1337/2546/943
f 1337/2546/943 1388/2439/943 1386/2437/943
f 1337/2546/942 1386/2437/942 1336/2547/942
f 1336/2547/941 1386/2437/941 1384/2435/941
f 1336/2548/940 1384/2433/940 1335/2549/940
f 1335/2549/939 1384/2433/939 1382/2431/939
f 1335/2549/938 1382/2431/938 1334/2550/938
f 1334/2550/938 1382/2431/938 1380/2429/938
f 1334/2550/723 1380/2429/723 1333/2551/723
f 1333/2551/723 1380/2429/723 1378/2427/723
f 1333/2551/937 1378/2427/937 1332/2508/937
f 1332/2508/936 1378/2427/936 1376/2425/936
f 1451/2552/980 1371/2553/980 1452/2554/980
f 1452/2554/492 1371/2553/492 1373/2555/492
f 1452/2554/493 1373/2555/493 1375/2556/493
f 1371/2553/981 1451/2552/981 1449/2557/981
f 1449/2557/982 1451/2552/982 1453/2558/982
f 1449/2557/983 1453/2558/983 1447/2559/983
f 1447/2559/984 1453/2558/984 1454/2560/984
f 1447/2559/985 1454/2560/985 1445/2561/985
f 1445/2561/986 1454/2560/986 1455/2562/986
f 1445/2561/987 1455/2562/987 1443/2563/987
f 1443/2563/988 1455/2562/988 1456/2564/988
f 1443/2563/989 1456/2564/989 1441/2565/989
f 1441/2565/990 1456/2564/990 1457/2566/990
f 1441/2565/991 1457/2566/991 1439/2567/991
f 1439/2567/992 1457/2566/992 1458/2568/992
f 1439/2567/993 1458/2568/993 1437/2569/993
f 1437/2569/994 1458/2568/994 1435/2570/994
f 1435/2570/995 1458/2568/995 1459/2571/995
f 1435/2490/996 1459/2572/996 1433/2488/996
f 1433/2573/997 1459/2571/997 1460/2574/997
f 1433/2488/998 1460/2575/998 1431/2486/998
f 1431/2576/999 1460/2574/999 1461/2577/999
f 1431/2576/1000 1461/2577/1000 1429/2578/1000
f 1429/2578/1001 1461/2577/1001 1462/2579/1001
f 1429/2578/1002 1462/2579/1002 1427/2580/1002
f 1427/2580/1003 1462/2579/1003 1463/2581/1003
f 1427/2580/1004 1463/2581/1004 1425/2582/1004
f 1425/2582/1005 1463/2581/1005 1464/2583/1005
f 1425/2582/1006 1464/2583/1006 1423/2584/1006
f 1423/2584/1007 1464/2583/1007 1465/2585/1007
f 1423/2584/1008 1465/2585/1008 1421/2586/1008
f 1421/2586/1009 1465/2585/1009 1419/2587/1009
f 1419/2587/1010 1465/2585/1010 1466/2588/1010
f 1419/2587/1011 1466/2588/1011 1417/2589/1011
f 1417/2589/1012 1466/2588/1012 1467/2590/1012
f 1417/2589/1013 1467/2590/1013 1415/2591/1013
f 1415/2591/1014 1467/2590/1014 1468/2592/1014
f 1415/2468/1015 1468/2593/1015 1413/2466/1015
f 1413/2594/1016 1468/2592/1016 1469/2595/1016
f 1413/2466/1017 1469/2596/1017 1411/2464/1017
f 1411/2597/1018 1469/2595/1018 1470/2598/1018
f 1411/2597/1019 1470/2598/1019 1409/2599/1019
f 1409/2599/1020 1470/2598/1020 1471/2600/1020
f 1409/2599/1021 1471/2600/1021 1407/2601/1021
f 1407/2601/1022 1471/2600/1022 1472/2602/1022
f 1407/2601/1023 1472/2602/1023 1405/2603/1023
f 1405/2603/1024 1472/2602/1024 1403/2604/1024
f 1403/2604/1025 1472/2602/1025 1473/2605/1025
f 1403/2604/1026 1473/2605/1026 1401/2606/1026
f 1401/2606/1027 1473/2605/1027 1474/2607/1027
f 1401/2606/1028 1474/2607/1028 1399/2608/1028
f 1399/2608/1029 1474/2607/1029 1475/2609/1029
f 1399/2608/1030 1475/2609/1030 1397/2610/1030
f 1397/2610/1031 1475/2609/1031 1476/2611/1031
f 1397/2610/1032 1476/2611/1032 1395/2612/1032
f 1395/2612/1033 1476/2611/1033 1477/2613/1033
f 1395/2446/1034 1477/2614/1034 1393/2444/1034
f 1393/2615/1035 1477/2613/1035 1478/2616/1035
f 1393/2444/1036 1478/2617/1036 1391/2442/1036
f 1391/2618/1037 1478/2616/1037 1479/2619/1037
f 1391/2618/1038 1479/2619/1038 1389/2620/1038
f 1389/2620/1039 1479/2619/1039 1387/2621/1039
f 1387/2621/1040 1479/2619/1040 1480/2622/1040
f 1387/2621/1041 1480/2622/1041 1385/2623/1041
f 1385/2623/1042 1480/2622/1042 1481/2624/1042
f 1385/2623/1043 1481/2624/1043 1383/2625/1043
f 1383/2625/1044 1481/2624/1044 1482/2626/1044
f 1383/2625/1045 1482/2626/1045 1381/2627/1045
f 1381/2627/1046 1482/2626/1046 1483/2628/1046
f 1381/2627/1047 1483/2628/1047 1379/2629/1047
f 1379/2629/1048 1483/2628/1048 1484/2630/1048
f 1379/2629/1049 1484/2630/1049 1377/2631/1049
f 1377/2631/1050 1484/2630/1050 1485/2632/1050
f 1377/2631/1051 1485/2632/1051 1375/2556/1051
f 1375/2556/1052 1485/2632/1052 1452/2554/1052
f 1452/2554/54 1485/2632/54 1451/2552/54
f 1451/2552/54 1485/2632/54 1484/2630/54
f 1451/2552/54 1484/2630/54 1453/2558/54
f 1453/2558/54 1484/2630/54 1483/2628/54
f 1453/2558/54 1483/2628/54 1454/2560/54
f 1454/2560/54 1483/2628/54 1482/2626/54
f 1454/2560/54 1482/2626/54 1481/2624/54
f 1481/2624/54 1480/2622/54 1454/2560/54
f 1454/2560/54 1480/2622/54 1479/2619/54
f 1454/2560/54 1479/2619/54 1478/2616/54
f 1478/2616/54 1477/2613/54 1454/2560/54
f 1454/2560/54 1477/2613/54 1476/2611/54
f 1454/2560/54 1476/2611/54 1475/2609/54
f 1475/2609/54 1474/2607/54 1454/2560/54
f 1454/2560/54 1474/2607/54 1473/2605/54
f 1454/2560/54 1473/2605/54 1455/2562/54
f 1455/2562/54 1473/2605/54 1472/2602/54
f 1455/2562/54 1472/2602/54 1471/2600/54
f 1471/2600/54 1470/2598/54 1455/2562/54
f 1455/2562/54 1470/2598/54 1469/2595/54
f 1455/2562/54 1469/2595/54 1468/2592/54
f 1468/2592/54 1467/2590/54 1455/2562/54
f 1455/2562/54 1467/2590/54 1466/2588/54
f 1455/2562/54 1466/2588/54 1465/2585/54
f 1465/2585/54 1464/2583/54 1455/2562/54
f 1455/2562/54 1464/2583/54 1456/2564/54
f 1456/2564/54 1464/2583/54 1463/2581/54
f 1456/2564/54 1463/2581/54 1457/2566/54
f 1457/2566/54 1463/2581/54 1462/2579/54
f 1457/2566/54 1462/2579/54 1458/2568/54
f 1458/2568/54 1462/2579/54 1461/2577/54
f 1458/2568/54 1461/2577/54 1459/2571/54
f 1459/2571/54 1461/2577/54 1460/2574/54
f 1486/2633/3 1200/2634/3 1487/2635/3
f 1487/2635/3 1200/2634/3 1191/2636/3
f 1487/2635/3 1191/2636/3 1488/2637/3
f 1489/2638/1053 1209/2639/1053 1490/2640/1053
f 1490/2640/1053 1209/2639/1053 1200/2641/1053
f 1490/2640/1053 1200/2641/1053 1486/2642/1053
f 1491/2643/1054 1170/2644/1054 1492/2645/1054
f 1492/2645/1054 1170/2644/1054 1209/2639/1054
f 1492/2645/1054 1209/2639/1054 1489/2638/1054
f 1493/2646/1 1172/2647/1 1494/2648/1
f 1494/2648/1 1172/2647/1 1170/2649/1
f 1494/2648/1 1170/2649/1 1491/2650/1
f 1495/2651/1055 1181/2652/1055 1496/2653/1055
f 1496/2653/1055 1181/2652/1055 1172/2654/1055
f 1496/2653/1055 1172/2654/1055 1493/2655/1055
f 1488/2656/1056 1191/2657/1056 1497/2658/1056
f 1497/2658/1056 1191/2657/1056 1181/2652/1056
f 1497/2658/1056 1181/2652/1056 1495/2651/1056
f 1494/2659/1057 1498/2660/1057 1493/2661/1057
f 1493/2661/53 1498/2660/53 1499/2662/53
f 1493/2661/53 1499/2662/53 1500/2663/53
f 1500/2663/53 1501/2664/53 1493/2661/53
f 1493/2661/53 1501/2664/53 1502/2665/53
f 1493/2661/53 1502/2665/53 1496/2666/53
f 1496/2666/53 1503/2667/53 1495/2668/53
f 1495/2668/53 1503/2667/53 1504/2669/53
f 1495/2668/53 1504/2669/53 1505/2670/53
f 1505/2670/53 1506/2671/53 1495/2668/53
f 1495/2668/53 1506/2671/53 1507/2672/53
f 1495/2668/53 1507/2672/53 1497/2673/53
f 1497/2673/53 1508/2674/53 1488/2675/53
f 1488/2675/53 1508/2674/53 1509/2676/53
f 1488/2675/53 1509/2676/53 1510/2677/53
f 1510/2677/53 1511/2678/53 1488/2675/53
f 1488/2675/53 1511/2678/53 1512/2679/53
f 1488/2675/1058 1512/2679/1058 1487/2680/1058
f 1487/2680/1058 1513/2681/1058 1486/2682/1058
f 1486/2682/53 1513/2681/53 1514/2683/53
f 1486/2682/53 1514/2683/53 1515/2684/53
f 1515/2684/53 1516/2685/53 1486/2682/53
f 1486/2682/53 1516/2685/53 1517/2686/53
f 1486/2682/53 1517/2686/53 1490/2687/53
f 1490/2687/53 1518/2688/53 1489/2689/53
f 1489/2689/53 1518/2688/53 1519/2690/53
f 1489/2689/53 1519/2690/53 1520/2691/53
f 1520/2691/53 1521/2692/53 1489/2689/53
f 1489/2689/53 1521/2692/53 1522/2693/53
f 1489/2689/53 1522/2693/53 1492/2694/53
f 1492/2694/53 1523/2695/53 1491/2696/53
f 1491/2696/53 1523/2695/53 1524/2697/53
f 1491/2696/53 1524/2697/53 1525/2698/53
f 1525/2698/53 1526/2699/53 1491/2696/53
f 1491/2696/53 1526/2699/53 1527/2700/53
f 1491/2696/1057 1527/2700/1057 1494/2659/1057
f 1502/2665/1059 1528/2701/1059 1496/2666/1059
f 1500/2663/1060 1528/2701/1060 1501/2664/1060
f 1498/2660/1061 1528/2701/1061 1499/2662/1061
f 1498/2660/1062 1494/2659/1062 1528/2701/1062
f 1528/2701/1063 1494/2659/1063 1527/2700/1063
f 1527/2700/1064 1526/2699/1064 1528/2701/1064
f 1526/2699/1065 1525/2698/1065 1528/2701/1065
f 1525/2698/1066 1524/2697/1066 1528/2701/1066
f 1524/2697/1067 1523/2695/1067 1528/2701/1067
f 1523/2695/1068 1492/2694/1068 1528/2701/1068
f 1492/2694/1069 1522/2693/1069 1528/2701/1069
f 1522/2693/1070 1521/2692/1070 1528/2701/1070
f 1521/2692/1071 1520/2691/1071 1528/2701/1071
f 1520/2691/1072 1519/2690/1072 1528/2701/1072
f 1519/2690/1073 1518/2688/1073 1528/2701/1073
f 1518/2688/1074 1490/2687/1074 1528/2701/1074
f 1516/2685/1075 1528/2701/1075 1517/2686/1075
f 1514/2683/1076 1528/2701/1076 1515/2684/1076
f 1487/2680/1077 1528/2701/1077 1513/2681/1077
f 1511/2678/1078 1528/2701/1078 1512/2679/1078
f 1509/2676/1079 1528/2701/1079 1510/2677/1079
f 1497/2673/1080 1528/2701/1080 1508/2674/1080
f 1507/2672/1081 1528/2701/1081 1497/2673/1081
f 1505/2670/1082 1528/2701/1082 1506/2671/1082
f 1503/2667/1083 1528/2701/1083 1504/2669/1083
f 1499/2662/1084 1528/2701/1084 1500/2663/1084
f 1501/2664/1085 1528/2701/1085 1502/2665/1085
f 1496/2666/1086 1528/2701/1086 1503/2667/1086
f 1504/2669/1087 1528/2701/1087 1505/2670/1087
f 1506/2671/1088 1528/2701/1088 1507/2672/1088
f 1508/2674/1089 1528/2701/1089 1509/2676/1089
f 1510/2677/1090 1528/2701/1090 1511/2678/1090
f 1512/2679/1091 1528/2701/1091 1487/2680/1091
f 1513/2681/1092 1528/2701/1092 1514/2683/1092
f 1515/2684/1093 1528/2701/1093 1516/2685/1093
f 1517/2686/1094 1528/2701/1094 1490/2687/1094
f 1529/2702/4 1530/2703/4 1531/2704/4
f 1531/2704/4 1530/2703/4 1532/2705/4
f 1531/2704/4 1532/2705/4 1533/2706/4
f 1533/2706/4 1532/2705/4 1534/2707/4
f 1534/2707/4 1532/2705/4 1535/2708/4
f 1535/2708/4 1532/2705/4 1536/2709/4
f 1536/2709/4 1532/2705/4 1537/2710/4
f 1537/2710/4 1532/2705/4 1538/2711/4
f 1538/2711/4 1532/2705/4 1539/2712/4
f 1539/2712/4 1532/2705/4 1540/2713/4
f 1540/2713/4 1532/2705/4 1541/2714/4
f 1540/2713/4 1541/2714/4 1542/2715/4
f 1542/2715/4 1541/2714/4 1543/2716/4
f 1543/2716/4 1541/2714/4 1544/2717/4
f 1544/2717/4 1541/2714/4 1545/2718/4
f 1545/2718/4 1541/2714/4 1546/2719/4
f 1546/2719/4 1541/2714/4 1547/2720/4
f 1547/2720/4 1541/2714/4 1548/2721/4
f 1548/2721/4 1541/2714/4 1549/2722/4
f 1549/2722/4 1541/2714/4 1550/2723/4
f 1550/2723/4 1541/2714/4 1551/2724/4
f 1550/2723/4 1551/2724/4 1552/2725/4
f 1552/2725/4 1551/2724/4 1553/2726/4
f 1553/2726/4 1551/2724/4 1554/2727/4
f 1554/2727/4 1551/2724/4 1555/2728/4
f 1555/2728/4 1551/2724/4 1556/2729/4
f 1556/2729/4 1551/2724/4 1557/2730/4
f 1557/2730/4 1551/2724/4 1558/2731/4
f 1558/2731/4 1551/2724/4 1559/2732/4
f 1559/2732/4 1551/2724/4 1560/2733/4
f 1559/2732/4 1560/2733/4 1561/2734/4
f 1561/2734/4 1560/2733/4 1562/2735/4
f 1562/2735/4 1560/2733/4 1563/2736/4
f 1563/2736/4 1560/2733/4 1564/2737/4
f 1564/2737/4 1560/2733/4 1565/2738/4
f 1565/2738/4 1560/2733/4 1566/2739/4
f 1566/2739/4 1560/2733/4 1567/2740/4
f 1567/2740/4 1560/2733/4 1568/2741/4
f 1568/2741/4 1560/2733/4 1569/2742/4
f 1568/2741/4 1569/2742/4 1570/2743/4
f 1570/2743/4 1569/2742/4 1571/2744/4
f 1571/2744/4 1569/2742/4 1572/2745/4
f 1572/2745/4 1569/2742/4 1573/2746/4
f 1573/2746/4 1569/2742/4 1574/2747/4
f 1574/2747/4 1569/2742/4 1575/2748/4
f 1575/2748/4 1569/2742/4 1576/2749/4
f 1576/2749/4 1569/2742/4 1577/2750/4
f 1577/2750/4 1569/2742/4 1578/2751/4
f 1578/2751/4 1569/2742/4 1530/2703/4
f 1578/2751/4 1530/2703/4 1579/2752/4
f 1579/2752/4 1530/2703/4 1580/2753/4
f 1580/2753/4 1530/2703/4 1581/2754/4
f 1581/2754/4 1530/2703/4 1582/2755/4
f 1582/2755/4 1530/2703/4 1583/2756/4
f 1583/2756/4 1530/2703/4 1584/2757/4
f 1584/2757/4 1530/2703/4 1529/2702/4
f 1585/2758/1095 1586/2759/1095 1531/2704/1095
f 1531/2704/1096 1586/2759/1096 1587/2760/1096
f 1531/2704/1097 1587/2760/1097 1529/2702/1097
f 1529/2702/1098 1587/2760/1098 1588/2761/1098
f 1529/2702/1099 1588/2761/1099 1584/2757/1099
f 1584/2757/1100 1588/2761/1100 1589/2762/1100
f 1584/2757/1101 1589/2762/1101 1583/2756/1101
f 1583/2756/1102 1589/2762/1102 1590/2763/1102
f 1583/2756/1103 1590/2763/1103 1582/2755/1103
f 1582/2755/1104 1590/2763/1104 1591/2764/1104
f 1582/2755/1105 1591/2764/1105 1581/2754/1105
f 1581/2754/1106 1591/2764/1106 1592/2765/1106
f 1581/2754/1107 1592/2765/1107 1580/2753/1107
f 1580/2753/1108 1592/2765/1108 1593/2766/1108
f 1580/2753/1109 1593/2766/1109 1579/2752/1109
f 1579/2752/1110 1593/2766/1110 1594/2767/1110
f 1579/2752/1111 1594/2767/1111 1578/2751/1111
f 1578/2751/1112 1594/2767/1112 1595/2768/1112
f 1578/2751/1113 1595/2768/1113 1577/2750/1113
f 1577/2750/1114 1595/2768/1114 1596/2769/1114
f 1577/2750/1115 1596/2769/1115 1576/2749/1115
f 1576/2749/1116 1596/2769/1116 1597/2770/1116
f 1576/2749/1117 1597/2770/1117 1575/2748/1117
f 1575/2748/1118 1597/2770/1118 1598/2771/1118
f 1575/2748/1119 1598/2771/1119 1574/2747/1119
f 1574/2772/1120 1598/2773/1120 1599/2774/1120
f 1574/2747/1121 1599/2775/1121 1573/2746/1121
f 1573/2776/1122 1599/2774/1122 1600/2777/1122
f 1573/2746/1123 1600/2778/1123 1572/2745/1123
f 1572/2745/1124 1600/2778/1124 1601/2779/1124
f 1572/2745/1125 1601/2779/1125 1571/2744/1125
f 1571/2744/1126 1601/2779/1126 1602/2780/1126
f 1571/2744/1127 1602/2780/1127 1570/2743/1127
f 1570/2743/1128 1602/2780/1128 1603/2781/1128
f 1570/2743/1129 1603/2781/1129 1568/2741/1129
f 1568/2741/1130 1603/2781/1130 1604/2782/1130
f 1568/2741/1131 1604/2782/1131 1605/2783/1131
f 1568/2741/1132 1605/2783/1132 1567/2740/1132
f 1567/2740/1133 1605/2783/1133 1606/2784/1133
f 1567/2740/1134 1606/2784/1134 1566/2739/1134
f 1566/2739/1135 1606/2784/1135 1607/2785/1135
f 1566/2739/1136 1607/2785/1136 1565/2738/1136
f 1565/2738/1137 1607/2785/1137 1608/2786/1137
f 1565/2738/1138 1608/2786/1138 1564/2737/1138
f 1564/2737/1139 1608/2786/1139 1609/2787/1139
f 1564/2737/1140 1609/2787/1140 1563/2736/1140
f 1563/2736/1141 1609/2787/1141 1610/2788/1141
f 1563/2736/1142 1610/2788/1142 1562/2735/1142
f 1562/2735/1143 1610/2788/1143 1611/2789/1143
f 1562/2735/1144 1611/2789/1144 1561/2734/1144
f 1561/2192/1145 1611/2790/1145 1612/2791/1145
f 1561/2734/1146 1612/2792/1146 1559/2732/1146
f 1559/2793/1147 1612/2791/1147 1613/2794/1147
f 1559/2732/1148 1613/2795/1148 1558/2731/1148
f 1558/2796/1149 1613/2794/1149 1614/2797/1149
f 1558/2731/1150 1614/2798/1150 1557/2730/1150
f 1557/2730/1151 1614/2798/1151 1615/2799/1151
f 1557/2730/1152 1615/2799/1152 1556/2729/1152
f 1556/2729/1153 1615/2799/1153 1616/2800/1153
f 1556/2729/1154 1616/2800/1154 1555/2728/1154
f 1555/2728/1155 1616/2800/1155 1617/2801/1155
f 1555/2728/1156 1617/2801/1156 1554/2727/1156
f 1554/2727/1157 1617/2801/1157 1618/2802/1157
f 1554/2727/1158 1618/2802/1158 1553/2726/1158
f 1553/2726/1159 1618/2802/1159 1619/2803/1159
f 1553/2726/1160 1619/2803/1160 1552/2725/1160
f 1552/2725/1161 1619/2803/1161 1620/2804/1161
f 1552/2725/1162 1620/2804/1162 1550/2723/1162
f 1550/2723/1163 1620/2804/1163 1621/2805/1163
f 1550/2723/1164 1621/2805/1164 1622/2806/1164
f 1550/2723/1165 1622/2806/1165 1549/2722/1165
f 1549/2722/1166 1622/2806/1166 1623/2807/1166
f 1549/2722/1167 1623/2807/1167 1548/2721/1167
f 1548/2721/1168 1623/2807/1168 1624/2808/1168
f 1548/2721/1169 1624/2808/1169 1547/2720/1169
f 1547/2720/1170 1624/2808/1170 1625/2809/1170
f 1547/2720/1171 1625/2809/1171 1546/2719/1171
f 1546/2810/1172 1625/2811/1172 1626/2812/1172
f 1546/2719/1173 1626/2813/1173 1545/2718/1173
f 1545/2814/1174 1626/2812/1174 1627/2815/1174
f 1545/2718/1175 1627/2816/1175 1544/2717/1175
f 1544/2717/1176 1627/2816/1176 1628/2817/1176
f 1544/2717/1177 1628/2817/1177 1543/2716/1177
f 1543/2716/1178 1628/2817/1178 1629/2818/1178
f 1543/2716/1179 1629/2818/1179 1542/2715/1179
f 1542/2715/1180 1629/2818/1180 1630/2819/1180
f 1542/2715/1181 1630/2819/1181 1540/2713/1181
f 1540/2713/1182 1630/2819/1182 1631/2820/1182
f 1540/2713/1183 1631/2820/1183 1539/2712/1183
f 1539/2712/1184 1631/2820/1184 1632/2821/1184
f 1539/2712/1185 1632/2821/1185 1538/2711/1185
f 1538/2711/1186 1632/2821/1186 1633/2822/1186
f 1538/2711/1187 1633/2822/1187 1537/2710/1187
f 1537/2710/1188 1633/2822/1188 1634/2823/1188
f 1537/2710/1189 1634/2823/1189 1536/2709/1189
f 1536/2709/1190 1634/2823/1190 1635/2824/1190
f 1536/2709/1191 1635/2824/1191 1535/2708/1191
f 1535/2708/1192 1635/2824/1192 1636/2825/1192
f 1535/2708/1193 1636/2825/1193 1534/2707/1193
f 1534/2707/1194 1636/2825/1194 1637/2826/1194
f 1534/2707/1195 1637/2826/1195 1533/2706/1195
f 1533/2706/1196 1637/2826/1196 1585/2758/1196
f 1533/2706/1197 1585/2758/1197 1531/2704/1197
f 1638/2827/1198 1586/2828/1198 1639/2829/1198
f 1639/2829/1199 1586/2828/1199 1585/2830/1199
f 1639/2829/1199 1585/2830/1199 1640/2831/1199
f 1640/2831/1200 1585/2830/1200 1637/2832/1200
f 1640/2831/1200 1637/2832/1200 1641/2833/1200
f 1641/2833/1201 1637/2832/1201 1636/2834/1201
f 1641/2833/1201 1636/2834/1201 1642/2835/1201
f 1642/2835/1202 1636/2834/1202 1635/2836/1202
f 1642/2835/1202 1635/2836/1202 1643/2837/1202
f 1643/2837/1203 1635/2836/1203 1634/2838/1203
f 1643/2837/1203 1634/2838/1203 1644/2839/1203
f 1644/2839/1204 1634/2838/1204 1633/2840/1204
f 1644/2839/1204 1633/2840/1204 1645/2841/1204
f 1645/2841/1205 1633/2840/1205 1632/2842/1205
f 1645/2841/1206 1632/2842/1206 1646/2843/1206
f 1646/2844/1207 1632/2845/1207 1631/2846/1207
f 1646/2844/1207 1631/2846/1207 1647/2847/1207
f 1647/2847/1208 1631/2846/1208 1630/2848/1208
f 1647/2847/1208 1630/2848/1208 1648/2849/1208
f 1648/2849/1209 1630/2848/1209 1629/2850/1209
f 1648/2849/1209 1629/2850/1209 1649/2851/1209
f 1649/2851/1210 1629/2850/1210 1628/2852/1210
f 1649/2851/1210 1628/2852/1210 1650/2853/1210
f 1650/2853/1211 1628/2852/1211 1627/2815/1211
f 1650/2853/1211 1627/2815/1211 1651/2854/1211
f 1651/2854/1212 1627/2815/1212 1626/2812/1212
f 1651/2854/1213 1626/2812/1213 1652/2855/1213
f 1652/2855/1214 1626/2812/1214 1625/2811/1214
f 1652/2855/1214 1625/2811/1214 1653/2856/1214
f 1653/2856/1215 1625/2811/1215 1624/2857/1215
f 1653/2856/1215 1624/2857/1215 1654/2858/1215
f 1654/2858/1216 1624/2857/1216 1623/2859/1216
f 1654/2858/1216 1623/2859/1216 1655/2860/1216
f 1655/2860/1217 1623/2859/1217 1622/2861/1217
f 1655/2860/1217 1622/2861/1217 1656/2862/1217
f 1656/2862/1218 1622/2861/1218 1621/2863/1218
f 1656/2862/1218 1621/2863/1218 1657/2864/1218
f 1657/2864/1219 1621/2863/1219 1620/2865/1219
f 1657/2864/1219 1620/2865/1219 1658/2866/1219
f 1658/2866/1220 1620/2865/1220 1619/2867/1220
f 1658/2866/1220 1619/2867/1220 1659/2868/1220
f 1659/2869/1221 1619/2870/1221 1618/2871/1221
f 1659/2869/1221 1618/2871/1221 1660/2872/1221
f 1660/2872/1222 1618/2871/1222 1617/2873/1222
f 1660/2872/1222 1617/2873/1222 1661/2874/1222
f 1661/2874/1223 1617/2873/1223 1616/2875/1223
f 1661/2874/1223 1616/2875/1223 1662/2876/1223
f 1662/2876/1224 1616/2875/1224 1615/2877/1224
f 1662/2876/1224 1615/2877/1224 1663/2878/1224
f 1663/2878/1225 1615/2877/1225 1614/2797/1225
f 1663/2878/1225 1614/2797/1225 1664/2879/1225
f 1664/2879/1226 1614/2797/1226 1613/2794/1226
f 1664/2879/1226 1613/2794/1226 1665/2880/1226
f 1665/2880/1 1613/2794/1 1612/2791/1
f 1665/2880/1 1612/2791/1 1666/2881/1
f 1666/2881/1227 1612/2791/1227 1611/2790/1227
f 1666/2881/1227 1611/2790/1227 1667/2882/1227
f 1667/2882/1228 1611/2790/1228 1610/2883/1228
f 1667/2882/1228 1610/2883/1228 1668/2884/1228
f 1668/2884/1229 1610/2883/1229 1609/2885/1229
f 1668/2884/1229 1609/2885/1229 1669/2886/1229
f 1669/2886/1230 1609/2885/1230 1608/2887/1230
f 1669/2886/1230 1608/2887/1230 1670/2888/1230
f 1670/2888/1231 1608/2887/1231 1607/2889/1231
f 1670/2888/1231 1607/2889/1231 1671/2890/1231
f 1671/2890/1232 1607/2889/1232 1606/2891/1232
f 1671/2890/1232 1606/2891/1232 1672/2892/1232
f 1672/2893/1233 1606/2894/1233 1605/2895/1233
f 1672/2893/1233 1605/2895/1233 1673/2896/1233
f 1673/2896/1234 1605/2895/1234 1604/2897/1234
f 1673/2896/1234 1604/2897/1234 1674/2898/1234
f 1674/2898/1235 1604/2897/1235 1603/2899/1235
f 1674/2898/1235 1603/2899/1235 1675/2900/1235
f 1675/2900/1236 1603/2899/1236 1602/2901/1236
f 1675/2900/1236 1602/2901/1236 1676/2902/1236
f 1676/2902/1237 1602/2901/1237 1601/2903/1237
f 1676/2902/1237 1601/2903/1237 1677/2904/1237
f 1677/2904/1238 1601/2903/1238 1600/2777/1238
f 1677/2904/1238 1600/2777/1238 1678/2905/1238
f 1678/2905/1239 1600/2777/1239 1599/2774/1239
f 1678/2905/1239 1599/2774/1239 1679/2906/1239
f 1679/2906/1240 1599/2774/1240 1598/2773/1240
f 1679/2906/1240 1598/2773/1240 1680/2907/1240
f 1680/2907/1241 1598/2773/1241 1597/2908/1241
f 1680/2907/1241 1597/2908/1241 1681/2909/1241
f 1681/2909/1242 1597/2908/1242 1596/2910/1242
f 1681/2909/1242 1596/2910/1242 1682/2911/1242
f 1682/2911/1243 1596/2910/1243 1595/2912/1243
f 1682/2911/1243 1595/2912/1243 1683/2913/1243
f 1683/2913/1244 1595/2912/1244 1594/2914/1244
f 1683/2913/1244 1594/2914/1244 1684/2915/1244
f 1684/2915/1245 1594/2914/1245 1593/2916/1245
f 1684/2915/1245 1593/2916/1245 1685/2917/1245
f 1685/2918/1246 1593/2314/1246 1592/2919/1246
f 1685/2918/1246 1592/2919/1246 1686/2920/1246
f 1686/2920/1247 1592/2919/1247 1591/2921/1247
f 1686/2920/1247 1591/2921/1247 1687/2922/1247
f 1687/2922/1248 1591/2921/1248 1590/2923/1248
f 1687/2922/1248 1590/2923/1248 1688/2924/1248
f 1688/2924/1249 1590/2923/1249 1589/2925/1249
f 1688/2924/1249 1589/2925/1249 1689/2926/1249
f 1689/2926/1250 1589/2925/1250 1588/2927/1250
f 1689/2926/1250 1588/2927/1250 1690/2928/1250
f 1690/2928/1251 1588/2927/1251 1587/2929/1251
f 1690/2928/1251 1587/2929/1251 1638/2827/1251
f 1638/2827/1198 1587/2929/1198 1586/2828/1198
f 1638/2930/2 1639/2931/2 1691/2932/2
f 1691/2932/2 1639/2931/2 1640/2933/2
f 1691/2932/2 1640/2933/2 1692/2934/2
f 1692/2934/2 1640/2933/2 1641/2935/2
f 1692/2934/2 1641/2935/2 1693/2936/2
f 1693/2936/2 1641/2935/2 1642/2937/2
f 1693/2936/2 1642/2937/2 1694/2938/2
f 1694/2938/2 1642/2937/2 1643/2939/2
f 1694/2938/2 1643/2939/2 1644/2940/2
f 1694/2938/2 1644/2940/2 1695/2941/2
f 1695/2941/2 1644/2940/2 1645/2942/2
f 1695/2941/2 1645/2942/2 1696/2943/2
f 1696/2943/2 1645/2942/2 1646/2944/2
f 1696/2943/2 1646/2944/2 1697/2945/2
f 1697/2945/2 1646/2944/2 1647/2946/2
f 1697/2945/2 1647/2946/2 1648/2947/2
f 1697/2945/2 1648/2947/2 1698/2948/2
f 1698/2948/2 1648/2947/2 1649/2949/2
f 1698/2948/2 1649/2949/2 1699/2950/2
f 1699/2950/2 1649/2949/2 1650/2951/2
f 1699/2950/2 1650/2951/2 1700/2952/2
f 1700/2952/2 1650/2951/2 1651/2953/2
f 1700/2952/2 1651/2953/2 1652/2954/2
f 1700/2952/2 1652/2954/2 1701/2955/2
f 1701/2955/2 1652/2954/2 1653/2956/2
f 1701/2955/2 1653/2956/2 1702/2957/2
f 1702/2957/2 1653/2956/2 1654/2958/2
f 1702/2957/2 1654/2958/2 1703/2959/2
f 1703/2959/2 1654/2958/2 1655/2960/2
f 1703/2959/2 1655/2960/2 1656/2961/2
f 1703/2959/2 1656/2961/2 1704/2962/2
f 1704/2962/2 1656/2961/2 1657/2963/2
f 1704/2962/2 1657/2963/2 1705/2964/2
f 1705/2964/2 1657/2963/2 1658/2965/2
f 1705/2964/2 1658/2965/2 1706/2966/2
f 1706/2966/2 1658/2965/2 1659/2967/2
f 1706/2966/2 1659/2967/2 1660/2968/2
f 1706/2966/2 1660/2968/2 1707/2969/2
f 1707/2969/2 1660/2968/2 1661/2970/2
f 1707/2969/2 1661/2970/2 1708/2971/2
f 1708/2971/2 1661/2970/2 1662/2972/2
f 1708/2971/2 1662/2972/2 1709/2973/2
f 1709/2973/2 1662/2972/2 1663/2974/2
f 1709/2973/2 1663/2974/2 1664/2975/2
f 1709/2973/2 1664/2975/2 1710/2976/2
f 1710/2976/2 1664/2975/2 1665/2977/2
f 1710/2976/2 1665/2977/2 1711/2978/2
f 1711/2978/2 1665/2977/2 1666/2979/2
f 1711/2978/2 1666/2979/2 1712/2980/2
f 1712/2980/2 1666/2979/2 1667/2981/2
f 1712/2980/2 1667/2981/2 1713/2982/2
f 1713/2982/2 1667/2981/2 1668/2983/2
f 1713/2982/2 1668/2983/2 1669/2984/2
f 1713/2982/2 1669/2984/2 1714/2985/2
f 1714/2985/2 1669/2984/2 1670/2986/2
f 1714/2985/2 1670/2986/2 1715/2987/2
f 1715/2987/2 1670/2986/2 1671/2988/2
f 1715/2987/2 1671/2988/2 1716/2989/2
f 1716/2989/2 1671/2988/2 1672/2990/2
f 1716/2989/2 1672/2990/2 1673/2991/2
f 1716/2989/2 1673/2991/2 1717/2992/2
f 1717/2992/2 1673/2991/2 1674/2993/2
f 1717/2992/2 1674/2993/2 1718/2994/2
f 1718/2994/2 1674/2993/2 1675/2995/2
f 1718/2994/2 1675/2995/2 1719/2996/2
f 1719/2996/2 1675/2995/2 1676/2997/2
f 1719/2996/2 1676/2997/2 1677/2998/2
f 1719/2996/2 1677/2998/2 1720/2999/2
f 1720/2999/2 1677/2998/2 1678/3000/2
f 1720/2999/2 1678/3000/2 1721/3001/2
f 1721/3001/2 1678/3000/2 1679/3002/2
f 1721/3001/2 1679/3002/2 1722/3003/2
f 1722/3003/2 1679/3002/2 1680/3004/2
f 1722/3003/2 1680/3004/2 1681/3005/2
f 1722/3003/2 1681/3005/2 1723/3006/2
f 1723/3006/2 1681/3005/2 1682/3007/2
f 1723/3006/2 1682/3007/2 1724/3008/2
f 1724/3008/2 1682/3007/2 1683/3009/2
f 1724/3008/2 1683/3009/2 1725/3010/2
f 1725/3010/2 1683/3009/2 1684/3011/2
f 1725/3010/2 1684/3011/2 1685/3012/2
f 1725/3010/2 1685/3012/2 1726/3013/2
f 1726/3013/2 1685/3012/2 1686/3014/2
f 1726/3013/2 1686/3014/2 1727/3015/2
f 1727/3015/2 1686/3014/2 1687/3016/2
f 1727/3015/2 1687/3016/2 1728/3017/2
f 1728/3017/2 1687/3016/2 1688/3018/2
f 1728/3017/2 1688/3018/2 1689/3019/2
f 1728/3017/2 1689/3019/2 1729/3020/2
f 1729/3020/2 1689/3019/2 1690/3021/2
f 1729/3020/2 1690/3021/2 1730/3022/2
f 1730/3022/2 1690/3021/2 1638/2930/2
f 1730/3022/2 1638/2930/2 1691/2932/2
f 1731/3023/1252 1732/3024/1252 1733/3025/1252
f 1733/3025/1252 1732/3024/1252 1734/3026/1252
f 1733/3025/1253 1734/3026/1253 1735/3027/1253
f 1735/3027/1253 1734/3026/1253 1736/3028/1253
f 1735/3027/1254 1736/3028/1254 1737/3029/1254
f 1737/3029/1254 1736/3028/1254 1738/3030/1254
f 1737/3029/206 1738/3030/206 1739/3031/206
f 1739/3031/206 1738/3030/206 1740/3032/206
f 1739/3031/1255 1740/3032/1255 1741/3033/1255
f 1741/3033/1255 1740/3032/1255 1742/3034/1255
f 1741/3033/1256 1742/3034/1256 1743/3035/1256
f 1743/3035/1257 1742/3034/1257 1744/3036/1257
f 1743/3037/1258 1744/3038/1258 1745/3039/1258
f 1745/3039/1259 1744/3038/1259 1746/3040/1259
f 1745/3039/1260 1746/3040/1260 1747/3041/1260
f 1747/3041/1260 1746/3040/1260 1748/3042/1260
f 1747/3041/199 1748/3042/199 1749/3043/199
f 1749/3043/199 1748/3042/199 1750/3044/199
f 1749/3043/1261 1750/3044/1261 1751/3045/1261
f 1751/3045/1262 1750/3044/1262 1752/3046/1262
f 1751/3045/1263 1752/3046/1263 1753/3047/1263
f 1753/3047/1263 1752/3046/1263 1754/3048/1263
f 1753/3047/1264 1754/3048/1264 1755/3049/1264
f 1755/3049/1264 1754/3048/1264 1756/3050/1264
f 1755/3049/1265 1756/3050/1265 1757/3051/1265
f 1757/3051/1266 1756/3050/1266 1758/3052/1266
f 1757/3051/248 1758/3052/248 1759/3053/248
f 1759/3053/248 1758/3052/248 1760/3054/248
f 1759/3053/1267 1760/3054/1267 1761/3055/1267
f 1761/3055/1267 1760/3054/1267 1762/3056/1267
f 1761/3055/1268 1762/3056/1268 1763/3057/1268
f 1763/3057/1269 1762/3056/1269 1764/3058/1269
f 1763/3059/1270 1764/3060/1270 1765/3061/1270
f 1765/3061/1270 1764/3060/1270 1766/3062/1270
f 1765/3061/1271 1766/3062/1271 1767/3063/1271
f 1767/3063/1271 1766/3062/1271 1768/3064/1271
f 1767/3063/241 1768/3064/241 1769/3065/241
f 1769/3065/241 1768/3064/241 1770/3066/241
f 1769/3065/1272 1770/3066/1272 1771/3067/1272
f 1771/3067/1272 1770/3066/1272 1772/3068/1272
f 1771/3067/1273 1772/3068/1273 1773/3069/1273
f 1773/3069/1273 1772/3068/1273 1774/3070/1273
f 1773/3069/1274 1774/3070/1274 1775/3071/1274
f 1775/3071/1274 1774/3070/1274 1776/3072/1274
f 1775/3071/1275 1776/3072/1275 1777/3073/1275
f 1777/3073/1275 1776/3072/1275 1778/3074/1275
f 1777/3073/234 1778/3074/234 1779/3075/234
f 1779/3075/234 1778/3074/234 1780/3076/234
f 1779/3075/1276 1780/3076/1276 1781/3077/1276
f 1781/3077/1276 1780/3076/1276 1782/3078/1276
f 1781/3077/1277 1782/3078/1277 1783/3079/1277
f 1783/3079/1278 1782/3078/1278 1784/3080/1278
f 1783/3081/1279 1784/3082/1279 1785/3083/1279
f 1785/3083/1279 1784/3082/1279 1786/3084/1279
f 1785/3083/1280 1786/3084/1280 1787/3085/1280
f 1787/3085/1280 1786/3084/1280 1788/3086/1280
f 1787/3085/227 1788/3086/227 1789/3087/227
f 1789/3087/227 1788/3086/227 1790/3088/227
f 1789/3087/1281 1790/3088/1281 1791/3089/1281
f 1791/3089/1282 1790/3088/1282 1792/3090/1282
f 1791/3089/1283 1792/3090/1283 1793/3091/1283
f 1793/3091/1283 1792/3090/1283 1794/3092/1283
f 1793/3091/1284 1794/3092/1284 1795/3093/1284
f 1795/3093/1284 1794/3092/1284 1796/3094/1284
f 1795/3093/1285 1796/3094/1285 1797/3095/1285
f 1797/3095/1286 1796/3094/1286 1798/3096/1286
f 1797/3095/220 1798/3096/220 1799/3097/220
f 1799/3097/220 1798/3096/220 1800/3098/220
f 1799/3097/1287 1800/3098/1287 1801/3099/1287
f 1801/3099/1287 1800/3098/1287 1802/3100/1287
f 1801/3099/1288 1802/3100/1288 1803/3101/1288
f 1803/3101/1289 1802/3100/1289 1804/3102/1289
f 1803/3103/1290 1804/2501/1290 1805/3104/1290
f 1805/3104/1291 1804/2501/1291 1806/3105/1291
f 1805/3104/1292 1806/3105/1292 1807/3106/1292
f 1807/3106/1292 1806/3105/1292 1808/3107/1292
f 1807/3106/213 1808/3107/213 1809/3108/213
f 1809/3108/213 1808/3107/213 1810/3109/213
f 1809/3108/1293 1810/3109/1293 1731/3023/1293
f 1731/3023/1293 1810/3109/1293 1732/3024/1293
f 1692/3110/1253 1736/3028/1253 1691/3111/1253
f 1691/3111/1253 1736/3028/1253 1734/3026/1253
f 1691/3111/1252 1734/3026/1252 1730/3112/1252
f 1730/3112/1252 1734/3026/1252 1732/3024/1252
f 1730/3112/1293 1732/3024/1293 1729/3113/1293
f 1729/3113/1293 1732/3024/1293 1810/3109/1293
f 1729/3113/213 1810/3109/213 1728/3114/213
f 1728/3114/213 1810/3109/213 1808/3107/213
f 1728/3114/1292 1808/3107/1292 1727/3115/1292
f 1727/3115/1292 1808/3107/1292 1806/3105/1292
f 1727/3115/1291 1806/3105/1291 1726/3116/1291
f 1726/3116/1290 1806/3105/1290 1804/2501/1290
f 1726/3117/1289 1804/3102/1289 1725/3118/1289
f 1725/3118/1288 1804/3102/1288 1802/3100/1288
f 1725/3118/1287 1802/3100/1287 1724/3119/1287
f 1724/3119/1287 1802/3100/1287 1800/3098/1287
f 1724/3119/220 1800/3098/220 1723/3120/220
f 1723/3120/220 1800/3098/220 1798/3096/220
f 1723/3120/1286 1798/3096/1286 1722/3121/1286
f 1722/3121/1285 1798/3096/1285 1796/3094/1285
f 1722/3121/1284 1796/3094/1284 1721/3122/1284
f 1721/3122/1284 1796/3094/1284 1794/3092/1284
f 1721/3122/1283 1794/3092/1283 1720/3123/1283
f 1720/3123/1283 1794/3092/1283 1792/3090/1283
f 1720/3123/1282 1792/3090/1282 1719/3124/1282
f 1719/3124/1281 1792/3090/1281 1790/3088/1281
f 1719/3124/227 1790/3088/227 1718/3125/227
f 1718/3125/227 1790/3088/227 1788/3086/227
f 1718/3125/1280 1788/3086/1280 1717/3126/1280
f 1717/3126/1280 1788/3086/1280 1786/3084/1280
f 1717/3126/1279 1786/3084/1279 1716/3127/1279
f 1716/3127/1279 1786/3084/1279 1784/3082/1279
f 1716/3128/1278 1784/3080/1278 1715/3129/1278
f 1715/3129/1277 1784/3080/1277 1782/3078/1277
f 1715/3129/1276 1782/3078/1276 1714/3130/1276
f 1714/3130/1276 1782/3078/1276 1780/3076/1276
f 1714/3130/234 1780/3076/234 1713/3131/234
f 1713/3131/234 1780/3076/234 1778/3074/234
f 1713/3131/1275 1778/3074/1275 1712/3132/1275
f 1712/3132/1275 1778/3074/1275 1776/3072/1275
f 1712/3132/1274 1776/3072/1274 1711/3133/1274
f 1711/3133/1274 1776/3072/1274 1774/3070/1274
f 1711/3133/1273 1774/3070/1273 1710/3134/1273
f 1710/3134/1273 1774/3070/1273 1772/3068/1273
f 1710/3134/1272 1772/3068/1272 1709/3135/1272
f 1709/3135/1272 1772/3068/1272 1770/3066/1272
f 1709/3135/241 1770/3066/241 1708/3136/241
f 1708/3136/241 1770/3066/241 1768/3064/241
f 1708/3136/1271 1768/3064/1271 1707/3137/1271
f 1707/3137/1271 1768/3064/1271 1766/3062/1271
f 1707/3137/1270 1766/3062/1270 1706/3138/1270
f 1706/3138/1270 1766/3062/1270 1764/3060/1270
f 1706/3139/1269 1764/3058/1269 1705/3140/1269
f 1705/3140/1268 1764/3058/1268 1762/3056/1268
f 1705/3140/1267 1762/3056/1267 1704/3141/1267
f 1704/3141/1267 1762/3056/1267 1760/3054/1267
f 1704/3141/248 1760/3054/248 1703/3142/248
f 1703/3142/248 1760/3054/248 1758/3052/248
f 1703/3142/1266 1758/3052/1266 1702/3143/1266
f 1702/3143/1265 1758/3052/1265 1756/3050/1265
f 1702/3143/1264 1756/3050/1264 1701/3144/1264
f 1701/3144/1264 1756/3050/1264 1754/3048/1264
f 1701/3144/1263 1754/3048/1263 1700/3145/1263
f 1700/3145/1263 1754/3048/1263 1752/3046/1263
f 1700/3145/1262 1752/3046/1262 1699/3146/1262
f 1699/3146/1261 1752/3046/1261 1750/3044/1261
f 1699/3146/199 1750/3044/199 1698/3147/199
f 1698/3147/199 1750/3044/199 1748/3042/199
f 1698/3147/1260 1748/3042/1260 1697/3148/1260
f 1697/3148/1260 1748/3042/1260 1746/3040/1260
f 1697/3148/1259 1746/3040/1259 1696/3149/1259
f 1696/3149/1258 1746/3040/1258 1744/3038/1258
f 1696/3150/1257 1744/3036/1257 1695/3151/1257
f 1695/3151/1256 1744/3036/1256 1742/3034/1256
f 1695/3151/1255 1742/3034/1255 1694/3152/1255
f 1694/3152/1255 1742/3034/1255 1740/3032/1255
f 1694/3152/206 1740/3032/206 1693/3153/206
f 1693/3153/206 1740/3032/206 1738/3030/206
f 1693/3153/1254 1738/3030/1254 1692/3110/1254
f 1692/3110/1254 1738/3030/1254 1736/3028/1254
f 1811/3154/1294 1731/3155/1294 1812/3156/1294
f 1812/3156/420 1731/3155/420 1733/3157/420
f 1812/3156/421 1733/3157/421 1735/3158/421
f 1731/3155/1295 1811/3154/1295 1809/3159/1295
f 1809/3159/1296 1811/3154/1296 1813/3160/1296
f 1809/3159/1297 1813/3160/1297 1807/3161/1297
f 1807/3161/1298 1813/3160/1298 1814/3162/1298
f 1807/3161/1299 1814/3162/1299 1805/3163/1299
f 1805/3163/1300 1814/3162/1300 1815/3164/1300
f 1805/3163/1301 1815/3164/1301 1803/3165/1301
f 1803/3165/1302 1815/3164/1302 1816/3166/1302
f 1803/3165/1303 1816/3166/1303 1801/3167/1303
f 1801/3167/1304 1816/3166/1304 1817/3168/1304
f 1801/3167/1305 1817/3168/1305 1799/3169/1305
f 1799/3169/1306 1817/3168/1306 1818/3170/1306
f 1799/3169/1307 1818/3170/1307 1797/3171/1307
f 1797/3171/1308 1818/3170/1308 1795/3172/1308
f 1795/3172/1309 1818/3170/1309 1819/3173/1309
f 1795/3093/1310 1819/3174/1310 1793/3091/1310
f 1793/3175/1311 1819/3173/1311 1820/3176/1311
f 1793/3091/1312 1820/3177/1312 1791/3089/1312
f 1791/3178/1313 1820/3176/1313 1821/3179/1313
f 1791/3178/1314 1821/3179/1314 1789/3180/1314
f 1789/3180/1315 1821/3179/1315 1822/3181/1315
f 1789/3180/1316 1822/3181/1316 1787/3182/1316
f 1787/3182/1317 1822/3181/1317 1823/3183/1317
f 1787/3182/1318 1823/3183/1318 1785/3184/1318
f 1785/3184/1319 1823/3183/1319 1824/3185/1319
f 1785/3184/1320 1824/3185/1320 1783/3186/1320
f 1783/3186/1321 1824/3185/1321 1825/3187/1321
f 1783/3186/1322 1825/3187/1322 1781/3188/1322
f 1781/3188/1323 1825/3187/1323 1779/3189/1323
f 1779/3189/1324 1825/3187/1324 1826/3190/1324
f 1779/3189/1325 1826/3190/1325 1777/3191/1325
f 1777/3191/1326 1826/3190/1326 1827/3192/1326
f 1777/3191/1327 1827/3192/1327 1775/3193/1327
f 1775/3193/1328 1827/3192/1328 1828/3194/1328
f 1775/3071/1329 1828/3195/1329 1773/3069/1329
f 1773/3196/1330 1828/3194/1330 1829/3197/1330
f 1773/3069/1331 1829/3198/1331 1771/3067/1331
f 1771/3199/1332 1829/3197/1332 1830/3200/1332
f 1771/3199/1333 1830/3200/1333 1769/3201/1333
f 1769/3201/1334 1830/3200/1334 1831/3202/1334
f 1769/3201/1335 1831/3202/1335 1767/3203/1335
f 1767/3203/1336 1831/3202/1336 1832/3204/1336
f 1767/3203/1337 1832/3204/1337 1765/3205/1337
f 1765/3205/1338 1832/3204/1338 1763/3206/1338
f 1763/3206/1339 1832/3204/1339 1833/3207/1339
f 1763/3206/1340 1833/3207/1340 1761/3208/1340
f 1761/3208/1341 1833/3207/1341 1834/3209/1341
f 1761/3208/1342 1834/3209/1342 1759/3210/1342
f 1759/3210/1343 1834/3209/1343 1835/3211/1343
f 1759/3210/1344 1835/3211/1344 1757/3212/1344
f 1757/3212/1345 1835/3211/1345 1836/3213/1345
f 1757/3212/1346 1836/3213/1346 1755/3214/1346
f 1755/3214/1347 1836/3213/1347 1837/3215/1347
f 1755/3049/1348 1837/3216/1348 1753/3047/1348
f 1753/3217/1349 1837/3215/1349 1838/3218/1349
f 1753/3047/1350 1838/3219/1350 1751/3045/1350
f 1751/3220/1351 1838/3218/1351 1839/3221/1351
f 1751/3220/1352 1839/3221/1352 1749/3222/1352
f 1749/3222/1353 1839/3221/1353 1747/3223/1353
f 1747/3223/1354 1839/3221/1354 1840/3224/1354
f 1747/3223/1355 1840/3224/1355 1745/3225/1355
f 1745/3225/1356 1840/3224/1356 1841/3226/1356
f 1745/3225/1357 1841/3226/1357 1743/3227/1357
f 1743/3227/1358 1841/3226/1358 1842/3228/1358
f 1743/3227/1359 1842/3228/1359 1741/3229/1359
f 1741/3229/1360 1842/3228/1360 1843/3230/1360
f 1741/3229/1361 1843/3230/1361 1739/3231/1361
f 1739/3231/1362 1843/3230/1362 1844/3232/1362
f 1739/3231/1363 1844/3232/1363 1737/3233/1363
f 1737/3233/1364 1844/3232/1364 1845/3234/1364
f 1737/3233/1365 1845/3234/1365 1735/3158/1365
f 1735/3158/1366 1845/3234/1366 1812/3156/1366
f 1812/3156/2 1845/3234/2 1811/3154/2
f 1811/3154/2 1845/3234/2 1844/3232/2
f 1811/3154/2 1844/3232/2 1813/3160/2
f 1813/3160/2 1844/3232/2 1843/3230/2
f 1813/3160/2 1843/3230/2 1814/3162/2
f 1814/3162/2 1843/3230/2 1842/3228/2
f 1814/3162/2 1842/3228/2 1841/3226/2
f 1841/3226/2 1840/3224/2 1814/3162/2
f 1814/3162/2 1840/3224/2 1839/3221/2
f 1814/3162/2 1839/3221/2 1838/3218/2
f 1838/3218/2 1837/3215/2 1814/3162/2
f 1814/3162/2 1837/3215/2 1836/3213/2
f 1814/3162/2 1836/3213/2 1835/3211/2
f 1835/3211/2 1834/3209/2 1814/3162/2
f 1814/3162/2 1834/3209/2 1833/3207/2
f 1814/3162/2 1833/3207/2 1815/3164/2
f 1815/3164/2 1833/3207/2 1832/3204/2
f 1815/3164/2 1832/3204/2 1831/3202/2
f 1831/3202/2 1830/3200/2 1815/3164/2
f 1815/3164/2 1830/3200/2 1829/3197/2
f 1815/3164/2 1829/3197/2 1828/3194/2
f 1828/3194/2 1827/3192/2 1815/3164/2
f 1815/3164/2 1827/3192/2 1826/3190/2
f 1815/3164/2 1826/3190/2 1825/3187/2
f 1825/3187/2 1824/3185/2 1815/3164/2
f 1815/3164/2 1824/3185/2 1816/3166/2
f 1816/3166/2 1824/3185/2 1823/3183/2
f 1816/3166/2 1823/3183/2 1817/3168/2
f 1817/3168/2 1823/3183/2 1822/3181/2
f 1817/3168/2 1822/3181/2 1818/3170/2
f 1818/3170/2 1822/3181/2 1821/3179/2
f 1818/3170/2 1821/3179/2 1819/3173/2
f 1819/3173/2 1821/3179/2 1820/3176/2
f 1846/3235/3 1560/3236/3 1847/3237/3
f 1847/3237/3 1560/3236/3 1551/3238/3
f 1847/3237/3 1551/3238/3 1848/3239/3
f 1849/3240/1367 1569/3241/1367 1850/3242/1367
f 1850/3242/1367 1569/3241/1367 1560/3243/1367
f 1850/3242/1367 1560/3243/1367 1846/3244/1367
f 1851/3245/1368 1530/3246/1368 1852/3247/1368
f 1852/3247/1368 1530/3246/1368 1569/3241/1368
f 1852/3247/1368 1569/3241/1368 1849/3240/1368
f 1853/3248/1 1532/2646/1 1854/3249/1
f 1854/3249/1 1532/2646/1 1530/3250/1
f 1854/3249/1 1530/3250/1 1851/3251/1
f 1855/3252/1369 1541/3253/1369 1856/3254/1369
f 1856/3254/1369 1541/3253/1369 1532/3255/1369
f 1856/3254/1369 1532/3255/1369 1853/3256/1369
f 1848/3257/1370 1551/3258/1370 1857/3259/1370
f 1857/3259/1370 1551/3258/1370 1541/3253/1370
f 1857/3259/1370 1541/3253/1370 1855/3252/1370
f 1854/3260/4 1858/3261/4 1853/3262/4
f 1853/3262/4 1858/3261/4 1859/3263/4
f 1853/3262/4 1859/3263/4 1860/3264/4
f 1860/3264/4 1861/3265/4 1853/3262/4
f 1853/3262/4 1861/3265/4 1862/3266/4
f 1853/3262/4 1862/3266/4 1856/3267/4
f 1856/3267/4 1863/3268/4 1855/3269/4
f 1855/3269/4 1863/3268/4 1864/3270/4
f 1855/3269/4 1864/3270/4 1865/3271/4
f 1865/3271/4 1866/3272/4 1855/3269/4
f 1855/3269/4 1866/3272/4 1867/3273/4
f 1855/3269/4 1867/3273/4 1857/3274/4
f 1857/3274/4 1868/3275/4 1848/3276/4
f 1848/3276/4 1868/3275/4 1869/3277/4
f 1848/3276/4 1869/3277/4 1870/3278/4
f 1870/3278/4 1871/3279/4 1848/3276/4
f 1848/3276/4 1871/3279/4 1872/3280/4
f 1848/3276/4 1872/3280/4 1847/3281/4
f 1847/3281/4 1873/3282/4 1846/3283/4
f 1846/3283/4 1873/3282/4 1874/3284/4
f 1846/3283/4 1874/3284/4 1875/3285/4
f 1875/3285/4 1876/3286/4 1846/3283/4
f 1846/3283/4 1876/3286/4 1877/3287/4
f 1846/3283/4 1877/3287/4 1850/3288/4
f 1850/3288/4 1878/3289/4 1849/3290/4
f 1849/3290/4 1878/3289/4 1879/3291/4
f 1849/3290/4 1879/3291/4 1880/3292/4
f 1880/3292/4 1881/3293/4 1849/3290/4
f 1849/3290/4 1881/3293/4 1882/3294/4
f 1849/3290/4 1882/3294/4 1852/3295/4
f 1852/3295/4 1883/3296/4 1851/3297/4
f 1851/3297/4 1883/3296/4 1884/3298/4
f 1851/3297/4 1884/3298/4 1885/3299/4
f 1885/3299/4 1886/3300/4 1851/3297/4
f 1851/3297/4 1886/3300/4 1887/3301/4
f 1851/3297/4 1887/3301/4 1854/3260/4
f 1862/3266/1371 1888/3302/1371 1856/3267/1371
f 1860/3264/1372 1888/3302/1372 1861/3265/1372
f 1858/3261/1373 1888/3302/1373 1859/3263/1373
f 1858/3261/1374 1854/3260/1374 1888/3302/1374
f 1888/3302/1375 1854/3260/1375 1887/3301/1375
f 1887/3301/1376 1886/3300/1376 1888/3302/1376
f 1886/3300/1377 1885/3299/1377 1888/3302/1377
f 1885/3299/1378 1884/3298/1378 1888/3302/1378
f 1884/3298/1379 1883/3296/1379 1888/3302/1379
f 1883/3296/1380 1852/3295/1380 1888/3302/1380
f 1852/3295/1381 1882/3294/1381 1888/3302/1381
f 1882/3294/1382 1881/3293/1382 1888/3302/1382
f 1881/3293/1383 1880/3292/1383 1888/3302/1383
f 1880/3292/1384 1879/3291/1384 1888/3302/1384
f 1879/3291/1385 1878/3289/1385 1888/3302/1385
f 1878/3289/1386 1850/3288/1386 1888/3302/1386
f 1876/3286/1387 1888/3302/1387 1877/3287/1387
f 1874/3284/1388 1888/3302/1388 1875/3285/1388
f 1847/3281/1389 1888/3302/1389 1873/3282/1389
f 1871/3279/1390 1888/3302/1390 1872/3280/1390
f 1869/3277/1391 1888/3302/1391 1870/3278/1391
f 1857/3274/1392 1888/3302/1392 1868/3275/1392
f 1867/3273/1393 1888/3302/1393 1857/3274/1393
f 1865/3271/1394 1888/3302/1394 1866/3272/1394
f 1863/3268/1395 1888/3302/1395 1864/3270/1395
f 1859/3263/1396 1888/3302/1396 1860/3264/1396
f 1861/3265/1397 1888/3302/1397 1862/3266/1397
f 1856/3267/1398 1888/3302/1398 1863/3268/1398
f 1864/3270/1399 1888/3302/1399 1865/3271/1399
f 1866/3272/1400 1888/3302/1400 1867/3273/1400
f 1868/3275/1401 1888/3302/1401 1869/3277/1401
f 1870/3278/1402 1888/3302/1402 1871/3279/1402
f 1872/3280/1403 1888/3302/1403 1847/3281/1403
f 1873/3282/1404 1888/3302/1404 1874/3284/1404
f 1875/3285/1405 1888/3302/1405 1876/3286/1405
f 1877/3287/1406 1888/3302/1406 1850/3288/1406
