=== 2026-05-23T22:04:45+09:00 launch_isaac_foundationpose.sh ===
Log file: /home/wonny/ur3_control/logs/launch_isaac_foundationpose.log
Launching Isaac FoundationPose (Ctrl+C to stop)...
[INFO] [launch]: All log files can be found below /home/wonny/.ros/log/2026-05-23-22-04-45-996626-wonny-15762
[INFO] [launch]: Default logging verbosity is set to INFO
[INFO] [launch.user]: LD_LIBRARY_PATH includes CUDA runtime: /usr/local/cuda-12.6/targets/x86_64-linux/lib
[INFO] [launch.user]: Isaac FoundationPose: mesh=/home/wonny/ur3_control/src/ROS2_MuJoCo_UR3/install/ur3_mujoco_sim/share/ur3_mujoco_sim/meshes/foundationpose/square_1.obj texture=/home/wonny/ur3_control/src/ROS2_MuJoCo_UR3/install/ur3_mujoco_sim/share/ur3_mujoco_sim/meshes/foundationpose/square_1_texture.jpg
[INFO] [launch.user]:   refine=/home/wonny/isaac_ros_assets/models/foundationpose/refine_trt_engine.plan
[INFO] [launch.user]:   score=/home/wonny/isaac_ros_assets/models/foundationpose/score_trt_engine.plan
[INFO] [launch.user]: Nitros bridges: rl_camera sensor_msgs -> /rgb/* and /depth_registered/* (topic_tools relay is NOT Nitros-compatible)
[INFO] [component_container_mt-1]: process started with pid [15776]
[INFO] [component_container_mt-2]: process started with pid [15778]
[INFO] [relay-3]: process started with pid [15780]
[INFO] [foundation_pose_output_tf_node-4]: process started with pid [15782]
[foundation_pose_output_tf_node-4] [INFO] [1779541486.294492064] [foundation_pose_output_tf]: Republishing TF fp_object from /output (score >= 0.0)
[component_container_mt-1] [INFO] [1779541486.323818999] [foundationpose_container.foundationpose_container]: Load Library: /opt/ros/humble/lib/libfoundationpose_node.so
[component_container_mt-2] [INFO] [1779541486.332378339] [fp_nitros_bridge_container]: Load Library: /opt/ros/humble/lib/libresize_node.so
[component_container_mt-1] [INFO] [1779541486.338216003] [foundationpose_container.foundationpose_container]: Found class: rclcpp_components::NodeFactoryTemplate<nvidia::isaac_ros::foundationpose::FoundationPoseNode>
[component_container_mt-1] [INFO] [1779541486.338240112] [foundationpose_container.foundationpose_container]: Instantiate class: rclcpp_components::NodeFactoryTemplate<nvidia::isaac_ros::foundationpose::FoundationPoseNode>
[component_container_mt-1] [INFO] [1779541486.340788920] [foundationpose]: [NitrosNode] Initializing NitrosNode
[component_container_mt-1] [INFO] [1779541486.341009354] [NitrosContext]: [NitrosContext] Loading extension: gxf/lib/std/libgxf_std.so
[component_container_mt-1] [INFO] [1779541486.343072037] [NitrosContext]: [NitrosContext] Loading extension: gxf/lib/libgxf_isaac_gxf_helpers.so
[component_container_mt-1] [INFO] [1779541486.344554610] [NitrosContext]: [NitrosContext] Loading extension: gxf/lib/libgxf_isaac_sight.so
[component_container_mt-2] [INFO] [1779541486.345160580] [fp_nitros_bridge_container]: Found class: rclcpp_components::NodeFactoryTemplate<nvidia::isaac_ros::image_proc::ResizeNode>
[component_container_mt-2] [INFO] [1779541486.345183315] [fp_nitros_bridge_container]: Instantiate class: rclcpp_components::NodeFactoryTemplate<nvidia::isaac_ros::image_proc::ResizeNode>
[component_container_mt-1] [INFO] [1779541486.346218904] [NitrosContext]: [NitrosContext] Loading extension: gxf/lib/libgxf_isaac_atlas.so
[component_container_mt-2] [INFO] [1779541486.348519967] [rgb_nitros_bridge]: [NitrosNode] Initializing NitrosNode
[component_container_mt-2] [INFO] [1779541486.348790408] [NitrosContext]: [NitrosContext] Loading extension: gxf/lib/std/libgxf_std.so
[component_container_mt-1] [33m2026-05-23 22:04:46.351 WARN  external/com_nvidia_gxf/gxf/std/program.cpp@532: No GXF scheduler specified.[0m
[component_container_mt-2] [INFO] [1779541486.351740370] [NitrosContext]: [NitrosContext] Loading extension: gxf/lib/libgxf_isaac_gxf_helpers.so
[component_container_mt-1] [INFO] [1779541486.352120714] [foundationpose]: [NitrosNode] Starting NitrosNode
[component_container_mt-2] [INFO] [1779541486.353269980] [NitrosContext]: [NitrosContext] Loading extension: gxf/lib/libgxf_isaac_sight.so
[component_container_mt-1] [INFO] [1779541486.354161753] [foundationpose]: [NitrosNode] Loading extensions
[component_container_mt-1] [INFO] [1779541486.354232099] [foundationpose]: [NitrosContext] Loading extension: gxf/lib/multimedia/libgxf_multimedia.so
[component_container_mt-2] [INFO] [1779541486.354890318] [NitrosContext]: [NitrosContext] Loading extension: gxf/lib/libgxf_isaac_atlas.so
[component_container_mt-1] [INFO] [1779541486.355521132] [foundationpose]: [NitrosContext] Loading extension: gxf/lib/libgxf_isaac_message_compositor.so
[component_container_mt-1] [INFO] [1779541486.356165933] [foundationpose]: [NitrosContext] Loading extension: gxf/lib/serialization/libgxf_serialization.so
[component_container_mt-1] [INFO] [1779541486.357977288] [foundationpose]: [NitrosContext] Loading extension: gxf/lib/cuda/libgxf_cuda.so
[component_container_mt-1] [INFO] [1779541486.359282105] [foundationpose]: [NitrosContext] Loading extension: gxf/lib/libgxf_isaac_depth_image_proc.so
[component_container_mt-2] [33m2026-05-23 22:04:46.361 WARN  gxf/std/program.cpp@532: No GXF scheduler specified.[0m
=== 2026-05-23T22:05:31+09:00 launch_isaac_foundationpose.sh ===
Log file: /home/wonny/ur3_control/logs/launch_isaac_foundationpose.log
Launching Isaac FoundationPose (Ctrl+C to stop)...
[INFO] [launch]: All log files can be found below /home/wonny/.ros/log/2026-05-23-22-05-32-208710-wonny-16160
[INFO] [launch]: Default logging verbosity is set to INFO
[INFO] [launch.user]: LD_LIBRARY_PATH includes CUDA runtime: /usr/local/cuda-12.6/targets/x86_64-linux/lib
[INFO] [launch.user]: Isaac FoundationPose: mesh=/home/wonny/ur3_control/src/ROS2_MuJoCo_UR3/install/ur3_mujoco_sim/share/ur3_mujoco_sim/meshes/foundationpose/square_1.obj texture=/home/wonny/ur3_control/src/ROS2_MuJoCo_UR3/install/ur3_mujoco_sim/share/ur3_mujoco_sim/meshes/foundationpose/square_1_texture.jpg
[INFO] [launch.user]:   refine=/home/wonny/isaac_ros_assets/models/foundationpose/refine_trt_engine.plan
[INFO] [launch.user]:   score=/home/wonny/isaac_ros_assets/models/foundationpose/score_trt_engine.plan
[INFO] [launch.user]: Nitros bridges: rl_camera sensor_msgs -> /rgb/* and /depth_registered/* (topic_tools relay is NOT Nitros-compatible)
[INFO] [component_container_mt-1]: process started with pid [16174]
[INFO] [component_container_mt-2]: process started with pid [16176]
[INFO] [relay-3]: process started with pid [16178]
[INFO] [foundation_pose_output_tf_node-4]: process started with pid [16180]
[foundation_pose_output_tf_node-4] [INFO] [1779541532.518806858] [foundation_pose_output_tf]: Republishing TF fp_object from /output (score >= 0.0)
[component_container_mt-2] [INFO] [1779541533.543892542] [fp_nitros_bridge_container]: Load Library: /opt/ros/humble/lib/libresize_node.so
[component_container_mt-2] [INFO] [1779541533.560809676] [fp_nitros_bridge_container]: Found class: rclcpp_components::NodeFactoryTemplate<nvidia::isaac_ros::image_proc::ResizeNode>
[component_container_mt-2] [INFO] [1779541533.560839625] [fp_nitros_bridge_container]: Instantiate class: rclcpp_components::NodeFactoryTemplate<nvidia::isaac_ros::image_proc::ResizeNode>
[component_container_mt-2] [INFO] [1779541533.566706506] [rgb_nitros_bridge]: [NitrosNode] Initializing NitrosNode
[component_container_mt-2] [INFO] [1779541533.567119058] [NitrosContext]: [NitrosContext] Loading extension: gxf/lib/std/libgxf_std.so
[component_container_mt-2] [INFO] [1779541533.570282386] [NitrosContext]: [NitrosContext] Loading extension: gxf/lib/libgxf_isaac_gxf_helpers.so
[component_container_mt-2] [INFO] [1779541533.572957773] [NitrosContext]: [NitrosContext] Loading extension: gxf/lib/libgxf_isaac_sight.so
[component_container_mt-2] [INFO] [1779541533.576129678] [NitrosContext]: [NitrosContext] Loading extension: gxf/lib/libgxf_isaac_atlas.so
[component_container_mt-2] [33m2026-05-23 22:05:33.584 WARN  gxf/std/program.cpp@532: No GXF scheduler specified.[0m
[component_container_mt-2] [INFO] [1779541533.585413794] [rgb_nitros_bridge]: [NitrosNode] Starting NitrosNode
[component_container_mt-2] [INFO] [1779541533.590929799] [rgb_nitros_bridge]: [NitrosNode] Loading extensions
[component_container_mt-2] [INFO] [1779541533.591066323] [rgb_nitros_bridge]: [NitrosContext] Loading extension: gxf/lib/multimedia/libgxf_multimedia.so
[component_container_mt-2] [INFO] [1779541533.593221525] [rgb_nitros_bridge]: [NitrosContext] Loading extension: gxf/lib/libgxf_isaac_message_compositor.so
[component_container_mt-2] [INFO] [1779541533.593800472] [rgb_nitros_bridge]: [NitrosContext] Loading extension: gxf/lib/cuda/libgxf_cuda.so
[component_container_mt-2] [INFO] [1779541533.596042447] [rgb_nitros_bridge]: [NitrosContext] Loading extension: gxf/lib/libgxf_isaac_tensorops.so
[component_container_mt-2] [1;31m2026-05-23 22:05:33.596 ERROR gxf/std/extension_loader.cpp@114: Failed to load extension /opt/ros/humble/share/gxf_isaac_tensorops/gxf/lib/libgxf_isaac_tensorops.so Error: libnppial.so.12: cannot open shared object file: No such file or directory[0m
[component_container_mt-2] [ERROR] [1779541533.596331677] [rgb_nitros_bridge]: [NitrosContext] GxfLoadExtensions Error: GXF_EXTENSION_FILE_NOT_FOUND
[component_container_mt-2] [ERROR] [1779541533.596351205] [rgb_nitros_bridge]: [NitrosNode] loadExtensions Error: GXF_EXTENSION_FILE_NOT_FOUND
[component_container_mt-2] [INFO] [1779541533.596388816] [rgb_nitros_bridge]: [NitrosNode] Terminating the running application
[component_container_mt-2] [INFO] [1779541533.596397991] [rgb_nitros_bridge]: [NitrosContext] Interrupting GXF...
[component_container_mt-2] [1;31m2026-05-23 22:05:33.596 ERROR gxf/std/program.cpp@551: Attempted interrupting when not running (state=0).[0m
[component_container_mt-2] [1;31m2026-05-23 22:05:33.596 ERROR gxf/core/runtime.cpp@1468: Graph interrupt failed with error: GXF_INVALID_EXECUTION_SEQUENCE[0m
[component_container_mt-2] [ERROR] [1779541533.596411947] [rgb_nitros_bridge]: [NitrosContext] GxfGraphInterrupt Error: GXF_INVALID_EXECUTION_SEQUENCE
[component_container_mt-2] [INFO] [1779541533.596418256] [rgb_nitros_bridge]: [NitrosContext] Waiting on GXF...
[component_container_mt-2] [INFO] [1779541533.596425391] [rgb_nitros_bridge]: [NitrosContext] Deinitializing...
[component_container_mt-2] [INFO] [1779541533.596432682] [rgb_nitros_bridge]: [NitrosContext] Destroying context
[component_container_mt-2] [INFO] [1779541533.596467161] [rgb_nitros_bridge]: [NitrosNode] Application termination done
[component_container_mt-2] [ERROR] [1779541533.599957081] [fp_nitros_bridge_container]: Component constructor threw an exception: [NitrosNode] loadExtensions Error: GXF_EXTENSION_FILE_NOT_FOUND
[ERROR] [launch_ros.actions.load_composable_nodes]: Failed to load node 'rgb_nitros_bridge' of type 'nvidia::isaac_ros::image_proc::ResizeNode' in container '/fp_nitros_bridge_container': Component constructor threw an exception: [NitrosNode] loadExtensions Error: GXF_EXTENSION_FILE_NOT_FOUND
[component_container_mt-2] [INFO] [1779541533.601391374] [fp_nitros_bridge_container]: Load Library: /opt/ros/humble/lib/libconvert_metric_node.so
[component_container_mt-2] [INFO] [1779541533.604153765] [fp_nitros_bridge_container]: Found class: rclcpp_components::NodeFactoryTemplate<nvidia::isaac_ros::depth_image_proc::ConvertMetricNode>
[component_container_mt-2] [INFO] [1779541533.604172260] [fp_nitros_bridge_container]: Instantiate class: rclcpp_components::NodeFactoryTemplate<nvidia::isaac_ros::depth_image_proc::ConvertMetricNode>
[component_container_mt-2] [INFO] [1779541533.608916857] [depth_nitros_bridge.ManagedNitrosSubscriber]: Starting Managed Nitros Subscriber
[component_container_mt-2] [INFO] [1779541533.610188766] [depth_nitros_bridge.ManagedNitrosPublisher]: Starting Managed Nitros Publisher
[INFO] [launch_ros.actions.load_composable_nodes]: Loaded node '/depth_nitros_bridge' in container '/fp_nitros_bridge_container'
[component_container_mt-2] [ERROR] [1779541533.690462136] [depth_nitros_bridge]: Input image format is not MONO16 image. This node only supports MONO16 image.The current image input is 32FC1
[component_container_mt-2] [ERROR] [1779541533.691359917] [depth_nitros_bridge]: Input image format is not MONO16 image. This node only supports MONO16 image.The current image input is 32FC1
[component_container_mt-2] [ERROR] [1779541533.695102360] [depth_nitros_bridge]: Input image format is not MONO16 image. This node only supports MONO16 image.The current image input is 32FC1
[component_container_mt-2] [ERROR] [1779541533.740155000] [depth_nitros_bridge]: Input image format is not MONO16 image. This node only supports MONO16 image.The current image input is 32FC1
[component_container_mt-2] [ERROR] [1779541533.770993495] [depth_nitros_bridge]: Input image format is not MONO16 image. This node only supports MONO16 image.The current image input is 32FC1
[component_container_mt-2] [ERROR] [1779541533.813225338] [depth_nitros_bridge]: Input image format is not MONO16 image. This node only supports MONO16 image.The current image input is 32FC1
[component_container_mt-2] [ERROR] [1779541533.826918192] [depth_nitros_bridge]: Input image format is not MONO16 image. This node only supports MONO16 image.The current image input is 32FC1
[component_container_mt-2] [ERROR] [1779541533.859610907] [depth_nitros_bridge]: Input image format is not MONO16 image. This node only supports MONO16 image.The current image input is 32FC1
[component_container_mt-2] [ERROR] [1779541533.893314997] [depth_nitros_bridge]: Input image format is not MONO16 image. This node only supports MONO16 image.The current image input is 32FC1
[component_container_mt-2] [ERROR] [1779541533.928863409] [depth_nitros_bridge]: Input image format is not MONO16 image. This node only supports MONO16 image.The current image input is 32FC1
[component_container_mt-2] [ERROR] [1779541533.979944027] [depth_nitros_bridge]: Input image format is not MONO16 image. This node only supports MONO16 image.The current image input is 32FC1
[component_container_mt-2] [ERROR] [1779541534.014093077] [depth_nitros_bridge]: Input image format is not MONO16 image. This node only supports MONO16 image.The current image input is 32FC1
[component_container_mt-2] [ERROR] [1779541534.036807795] [depth_nitros_bridge]: Input image format is not MONO16 image. This node only supports MONO16 image.The current image input is 32FC1
[component_container_mt-2] [ERROR] [1779541534.078222190] [depth_nitros_bridge]: Input image format is not MONO16 image. This node only supports MONO16 image.The current image input is 32FC1
[component_container_mt-2] [ERROR] [1779541534.100340246] [depth_nitros_bridge]: Input image format is not MONO16 image. This node only supports MONO16 image.The current image input is 32FC1
[component_container_mt-2] [ERROR] [1779541534.138403090] [depth_nitros_bridge]: Input image format is not MONO16 image. This node only supports MONO16 image.The current image input is 32FC1
[component_container_mt-2] [ERROR] [1779541534.183502139] [depth_nitros_bridge]: Input image format is not MONO16 image. This node only supports MONO16 image.The current image input is 32FC1
[component_container_mt-2] [ERROR] [1779541534.215396648] [depth_nitros_bridge]: Input image format is not MONO16 image. This node only supports MONO16 image.The current image input is 32FC1
[component_container_mt-2] [ERROR] [1779541534.246931008] [depth_nitros_bridge]: Input image format is not MONO16 image. This node only supports MONO16 image.The current image input is 32FC1
[component_container_mt-2] [ERROR] [1779541534.270378490] [depth_nitros_bridge]: Input image format is not MONO16 image. This node only supports MONO16 image.The current image input is 32FC1
[component_container_mt-2] [ERROR] [1779541534.315176074] [depth_nitros_bridge]: Input image format is not MONO16 image. This node only supports MONO16 image.The current image input is 32FC1
[component_container_mt-2] [ERROR] [1779541534.338765068] [depth_nitros_bridge]: Input image format is not MONO16 image. This node only supports MONO16 image.The current image input is 32FC1
[component_container_mt-2] [ERROR] [1779541534.373397516] [depth_nitros_bridge]: Input image format is not MONO16 image. This node only supports MONO16 image.The current image input is 32FC1
[component_container_mt-2] [ERROR] [1779541534.393098868] [depth_nitros_bridge]: Input image format is not MONO16 image. This node only supports MONO16 image.The current image input is 32FC1
[component_container_mt-2] [ERROR] [1779541534.446914571] [depth_nitros_bridge]: Input image format is not MONO16 image. This node only supports MONO16 image.The current image input is 32FC1
[component_container_mt-2] [ERROR] [1779541534.488797835] [depth_nitros_bridge]: Input image format is not MONO16 image. This node only supports MONO16 image.The current image input is 32FC1
[component_container_mt-2] [ERROR] [1779541534.518501830] [depth_nitros_bridge]: Input image format is not MONO16 image. This node only supports MONO16 image.The current image input is 32FC1
[component_container_mt-2] [ERROR] [1779541534.550187246] [depth_nitros_bridge]: Input image format is not MONO16 image. This node only supports MONO16 image.The current image input is 32FC1
[component_container_mt-2] [ERROR] [1779541534.598327576] [depth_nitros_bridge]: Input image format is not MONO16 image. This node only supports MONO16 image.The current image input is 32FC1
[component_container_mt-2] [ERROR] [1779541534.627918850] [depth_nitros_bridge]: Input image format is not MONO16 image. This node only supports MONO16 image.The current image input is 32FC1
[component_container_mt-2] [ERROR] [1779541534.661557210] [depth_nitros_bridge]: Input image format is not MONO16 image. This node only supports MONO16 image.The current image input is 32FC1
[component_container_mt-2] [ERROR] [1779541534.703157883] [depth_nitros_bridge]: Input image format is not MONO16 image. This node only supports MONO16 image.The current image input is 32FC1
[component_container_mt-2] [ERROR] [1779541534.736276543] [depth_nitros_bridge]: Input image format is not MONO16 image. This node only supports MONO16 image.The current image input is 32FC1
[component_container_mt-2] [ERROR] [1779541534.759712426] [depth_nitros_bridge]: Input image format is not MONO16 image. This node only supports MONO16 image.The current image input is 32FC1
[component_container_mt-2] [ERROR] [1779541534.793299395] [depth_nitros_bridge]: Input image format is not MONO16 image. This node only supports MONO16 image.The current image input is 32FC1
[component_container_mt-2] [ERROR] [1779541534.828192087] [depth_nitros_bridge]: Input image format is not MONO16 image. This node only supports MONO16 image.The current image input is 32FC1
[component_container_mt-2] [ERROR] [1779541534.870089995] [depth_nitros_bridge]: Input image format is not MONO16 image. This node only supports MONO16 image.The current image input is 32FC1
[component_container_mt-2] [ERROR] [1779541534.903842468] [depth_nitros_bridge]: Input image format is not MONO16 image. This node only supports MONO16 image.The current image input is 32FC1
[component_container_mt-2] [ERROR] [1779541534.941754758] [depth_nitros_bridge]: Input image format is not MONO16 image. This node only supports MONO16 image.The current image input is 32FC1
[component_container_mt-2] [ERROR] [1779541534.969855205] [depth_nitros_bridge]: Input image format is not MONO16 image. This node only supports MONO16 image.The current image input is 32FC1
[component_container_mt-2] [ERROR] [1779541534.997408540] [depth_nitros_bridge]: Input image format is not MONO16 image. This node only supports MONO16 image.The current image input is 32FC1
[component_container_mt-2] [ERROR] [1779541535.041324814] [depth_nitros_bridge]: Input image format is not MONO16 image. This node only supports MONO16 image.The current image input is 32FC1
[component_container_mt-2] [ERROR] [1779541535.062982822] [depth_nitros_bridge]: Input image format is not MONO16 image. This node only supports MONO16 image.The current image input is 32FC1
[component_container_mt-2] [ERROR] [1779541535.108425673] [depth_nitros_bridge]: Input image format is not MONO16 image. This node only supports MONO16 image.The current image input is 32FC1
[component_container_mt-2] [ERROR] [1779541535.137857301] [depth_nitros_bridge]: Input image format is not MONO16 image. This node only supports MONO16 image.The current image input is 32FC1
[component_container_mt-2] [ERROR] [1779541535.161742713] [depth_nitros_bridge]: Input image format is not MONO16 image. This node only supports MONO16 image.The current image input is 32FC1
[component_container_mt-2] [ERROR] [1779541535.204039232] [depth_nitros_bridge]: Input image format is not MONO16 image. This node only supports MONO16 image.The current image input is 32FC1
[component_container_mt-2] [ERROR] [1779541535.247524884] [depth_nitros_bridge]: Input image format is not MONO16 image. This node only supports MONO16 image.The current image input is 32FC1
[component_container_mt-2] [ERROR] [1779541535.280348001] [depth_nitros_bridge]: Input image format is not MONO16 image. This node only supports MONO16 image.The current image input is 32FC1
[component_container_mt-2] [ERROR] [1779541535.313513228] [depth_nitros_bridge]: Input image format is not MONO16 image. This node only supports MONO16 image.The current image input is 32FC1
[component_container_mt-2] [ERROR] [1779541535.327937771] [depth_nitros_bridge]: Input image format is not MONO16 image. This node only supports MONO16 image.The current image input is 32FC1
[component_container_mt-2] [ERROR] [1779541535.370298256] [depth_nitros_bridge]: Input image format is not MONO16 image. This node only supports MONO16 image.The current image input is 32FC1
[component_container_mt-2] [ERROR] [1779541535.398886052] [depth_nitros_bridge]: Input image format is not MONO16 image. This node only supports MONO16 image.The current image input is 32FC1
[component_container_mt-2] [ERROR] [1779541535.429150785] [depth_nitros_bridge]: Input image format is not MONO16 image. This node only supports MONO16 image.The current image input is 32FC1
[component_container_mt-2] [ERROR] [1779541535.461823447] [depth_nitros_bridge]: Input image format is not MONO16 image. This node only supports MONO16 image.The current image input is 32FC1
[component_container_mt-2] [ERROR] [1779541535.503601614] [depth_nitros_bridge]: Input image format is not MONO16 image. This node only supports MONO16 image.The current image input is 32FC1
[component_container_mt-2] [ERROR] [1779541535.518090816] [depth_nitros_bridge]: Input image format is not MONO16 image. This node only supports MONO16 image.The current image input is 32FC1
[component_container_mt-2] [ERROR] [1779541535.580992150] [depth_nitros_bridge]: Input image format is not MONO16 image. This node only supports MONO16 image.The current image input is 32FC1
[component_container_mt-2] [ERROR] [1779541535.606643046] [depth_nitros_bridge]: Input image format is not MONO16 image. This node only supports MONO16 image.The current image input is 32FC1
[component_container_mt-2] [ERROR] [1779541535.639296839] [depth_nitros_bridge]: Input image format is not MONO16 image. This node only supports MONO16 image.The current image input is 32FC1
[component_container_mt-2] [ERROR] [1779541535.661055495] [depth_nitros_bridge]: Input image format is not MONO16 image. This node only supports MONO16 image.The current image input is 32FC1
[component_container_mt-2] [ERROR] [1779541535.703398064] [depth_nitros_bridge]: Input image format is not MONO16 image. This node only supports MONO16 image.The current image input is 32FC1
[component_container_mt-2] [ERROR] [1779541535.726549431] [depth_nitros_bridge]: Input image format is not MONO16 image. This node only supports MONO16 image.The current image input is 32FC1
[component_container_mt-2] [ERROR] [1779541535.770751766] [depth_nitros_bridge]: Input image format is not MONO16 image. This node only supports MONO16 image.The current image input is 32FC1
[component_container_mt-2] [ERROR] [1779541535.796346848] [depth_nitros_bridge]: Input image format is not MONO16 image. This node only supports MONO16 image.The current image input is 32FC1
[component_container_mt-2] [ERROR] [1779541535.827022331] [depth_nitros_bridge]: Input image format is not MONO16 image. This node only supports MONO16 image.The current image input is 32FC1
[component_container_mt-2] [ERROR] [1779541535.869351591] [depth_nitros_bridge]: Input image format is not MONO16 image. This node only supports MONO16 image.The current image input is 32FC1
[component_container_mt-2] [ERROR] [1779541535.904439745] [depth_nitros_bridge]: Input image format is not MONO16 image. This node only supports MONO16 image.The current image input is 32FC1
[component_container_mt-2] [ERROR] [1779541535.938232683] [depth_nitros_bridge]: Input image format is not MONO16 image. This node only supports MONO16 image.The current image input is 32FC1
[component_container_mt-2] [ERROR] [1779541535.972565783] [depth_nitros_bridge]: Input image format is not MONO16 image. This node only supports MONO16 image.The current image input is 32FC1
[component_container_mt-2] [ERROR] [1779541535.994101286] [depth_nitros_bridge]: Input image format is not MONO16 image. This node only supports MONO16 image.The current image input is 32FC1
[component_container_mt-2] [ERROR] [1779541536.027908923] [depth_nitros_bridge]: Input image format is not MONO16 image. This node only supports MONO16 image.The current image input is 32FC1
[component_container_mt-2] [ERROR] [1779541536.071961577] [depth_nitros_bridge]: Input image format is not MONO16 image. This node only supports MONO16 image.The current image input is 32FC1
[component_container_mt-2] [ERROR] [1779541536.104450363] [depth_nitros_bridge]: Input image format is not MONO16 image. This node only supports MONO16 image.The current image input is 32FC1
[component_container_mt-2] [ERROR] [1779541536.146788250] [depth_nitros_bridge]: Input image format is not MONO16 image. This node only supports MONO16 image.The current image input is 32FC1
[component_container_mt-2] [ERROR] [1779541536.178922956] [depth_nitros_bridge]: Input image format is not MONO16 image. This node only supports MONO16 image.The current image input is 32FC1
[component_container_mt-2] [ERROR] [1779541536.201333783] [depth_nitros_bridge]: Input image format is not MONO16 image. This node only supports MONO16 image.The current image input is 32FC1
[component_container_mt-2] [ERROR] [1779541536.226452327] [depth_nitros_bridge]: Input image format is not MONO16 image. This node only supports MONO16 image.The current image input is 32FC1
[component_container_mt-2] [ERROR] [1779541536.259334772] [depth_nitros_bridge]: Input image format is not MONO16 image. This node only supports MONO16 image.The current image input is 32FC1
[component_container_mt-2] [ERROR] [1779541536.297571792] [depth_nitros_bridge]: Input image format is not MONO16 image. This node only supports MONO16 image.The current image input is 32FC1
[component_container_mt-2] [ERROR] [1779541536.338932609] [depth_nitros_bridge]: Input image format is not MONO16 image. This node only supports MONO16 image.The current image input is 32FC1
[component_container_mt-2] [ERROR] [1779541536.374317440] [depth_nitros_bridge]: Input image format is not MONO16 image. This node only supports MONO16 image.The current image input is 32FC1
[component_container_mt-2] [ERROR] [1779541536.402748579] [depth_nitros_bridge]: Input image format is not MONO16 image. This node only supports MONO16 image.The current image input is 32FC1
[component_container_mt-2] [ERROR] [1779541536.447142393] [depth_nitros_bridge]: Input image format is not MONO16 image. This node only supports MONO16 image.The current image input is 32FC1
[component_container_mt-2] [ERROR] [1779541536.470188416] [depth_nitros_bridge]: Input image format is not MONO16 image. This node only supports MONO16 image.The current image input is 32FC1
[component_container_mt-2] [ERROR] [1779541536.487197201] [depth_nitros_bridge]: Input image format is not MONO16 image. This node only supports MONO16 image.The current image input is 32FC1
[component_container_mt-2] [ERROR] [1779541536.537014160] [depth_nitros_bridge]: Input image format is not MONO16 image. This node only supports MONO16 image.The current image input is 32FC1
[component_container_mt-2] [ERROR] [1779541536.561843887] [depth_nitros_bridge]: Input image format is not MONO16 image. This node only supports MONO16 image.The current image input is 32FC1
[component_container_mt-2] [ERROR] [1779541536.604338118] [depth_nitros_bridge]: Input image format is not MONO16 image. This node only supports MONO16 image.The current image input is 32FC1
[component_container_mt-2] [ERROR] [1779541536.639485012] [depth_nitros_bridge]: Input image format is not MONO16 image. This node only supports MONO16 image.The current image input is 32FC1
[component_container_mt-2] [ERROR] [1779541536.669670428] [depth_nitros_bridge]: Input image format is not MONO16 image. This node only supports MONO16 image.The current image input is 32FC1
[component_container_mt-2] [ERROR] [1779541536.704313535] [depth_nitros_bridge]: Input image format is not MONO16 image. This node only supports MONO16 image.The current image input is 32FC1
[component_container_mt-2] [ERROR] [1779541536.747595186] [depth_nitros_bridge]: Input image format is not MONO16 image. This node only supports MONO16 image.The current image input is 32FC1
[component_container_mt-2] [ERROR] [1779541536.780794084] [depth_nitros_bridge]: Input image format is not MONO16 image. This node only supports MONO16 image.The current image input is 32FC1
[component_container_mt-2] [ERROR] [1779541536.803026381] [depth_nitros_bridge]: Input image format is not MONO16 image. This node only supports MONO16 image.The current image input is 32FC1
[component_container_mt-2] [ERROR] [1779541536.847284905] [depth_nitros_bridge]: Input image format is not MONO16 image. This node only supports MONO16 image.The current image input is 32FC1
[component_container_mt-2] [ERROR] [1779541536.872588648] [depth_nitros_bridge]: Input image format is not MONO16 image. This node only supports MONO16 image.The current image input is 32FC1
[component_container_mt-2] [ERROR] [1779541536.892887010] [depth_nitros_bridge]: Input image format is not MONO16 image. This node only supports MONO16 image.The current image input is 32FC1
[component_container_mt-2] [ERROR] [1779541536.938210271] [depth_nitros_bridge]: Input image format is not MONO16 image. This node only supports MONO16 image.The current image input is 32FC1
[component_container_mt-2] [ERROR] [1779541536.980116562] [depth_nitros_bridge]: Input image format is not MONO16 image. This node only supports MONO16 image.The current image input is 32FC1
[component_container_mt-2] [ERROR] [1779541537.019675561] [depth_nitros_bridge]: Input image format is not MONO16 image. This node only supports MONO16 image.The current image input is 32FC1
[component_container_mt-2] [ERROR] [1779541537.046646735] [depth_nitros_bridge]: Input image format is not MONO16 image. This node only supports MONO16 image.The current image input is 32FC1
[component_container_mt-2] [ERROR] [1779541537.061550305] [depth_nitros_bridge]: Input image format is not MONO16 image. This node only supports MONO16 image.The current image input is 32FC1
[component_container_mt-2] [ERROR] [1779541537.093924633] [depth_nitros_bridge]: Input image format is not MONO16 image. This node only supports MONO16 image.The current image input is 32FC1
[component_container_mt-2] [ERROR] [1779541537.127893773] [depth_nitros_bridge]: Input image format is not MONO16 image. This node only supports MONO16 image.The current image input is 32FC1
[component_container_mt-2] [ERROR] [1779541537.177918478] [depth_nitros_bridge]: Input image format is not MONO16 image. This node only supports MONO16 image.The current image input is 32FC1
[component_container_mt-2] [ERROR] [1779541537.194957219] [depth_nitros_bridge]: Input image format is not MONO16 image. This node only supports MONO16 image.The current image input is 32FC1
[component_container_mt-2] [ERROR] [1779541537.236497004] [depth_nitros_bridge]: Input image format is not MONO16 image. This node only supports MONO16 image.The current image input is 32FC1
[component_container_mt-2] [ERROR] [1779541537.259519057] [depth_nitros_bridge]: Input image format is not MONO16 image. This node only supports MONO16 image.The current image input is 32FC1
[component_container_mt-2] [ERROR] [1779541537.303373905] [depth_nitros_bridge]: Input image format is not MONO16 image. This node only supports MONO16 image.The current image input is 32FC1
[component_container_mt-2] [ERROR] [1779541537.326504195] [depth_nitros_bridge]: Input image format is not MONO16 image. This node only supports MONO16 image.The current image input is 32FC1
[component_container_mt-2] [ERROR] [1779541537.359281810] [depth_nitros_bridge]: Input image format is not MONO16 image. This node only supports MONO16 image.The current image input is 32FC1
[component_container_mt-2] [ERROR] [1779541537.396695581] [depth_nitros_bridge]: Input image format is not MONO16 image. This node only supports MONO16 image.The current image input is 32FC1
[component_container_mt-2] [ERROR] [1779541537.438485508] [depth_nitros_bridge]: Input image format is not MONO16 image. This node only supports MONO16 image.The current image input is 32FC1
[component_container_mt-2] [ERROR] [1779541537.473686959] [depth_nitros_bridge]: Input image format is not MONO16 image. This node only supports MONO16 image.The current image input is 32FC1
[component_container_mt-2] [ERROR] [1779541537.503612039] [depth_nitros_bridge]: Input image format is not MONO16 image. This node only supports MONO16 image.The current image input is 32FC1
[component_container_mt-2] [ERROR] [1779541537.535985883] [depth_nitros_bridge]: Input image format is not MONO16 image. This node only supports MONO16 image.The current image input is 32FC1
[component_container_mt-2] [ERROR] [1779541537.566298063] [depth_nitros_bridge]: Input image format is not MONO16 image. This node only supports MONO16 image.The current image input is 32FC1
[component_container_mt-2] [ERROR] [1779541537.596728765] [depth_nitros_bridge]: Input image format is not MONO16 image. This node only supports MONO16 image.The current image input is 32FC1
[component_container_mt-2] [ERROR] [1779541537.636917249] [depth_nitros_bridge]: Input image format is not MONO16 image. This node only supports MONO16 image.The current image input is 32FC1
[component_container_mt-2] [ERROR] [1779541537.670343788] [depth_nitros_bridge]: Input image format is not MONO16 image. This node only supports MONO16 image.The current image input is 32FC1
[component_container_mt-2] [ERROR] [1779541537.714433487] [depth_nitros_bridge]: Input image format is not MONO16 image. This node only supports MONO16 image.The current image input is 32FC1
[component_container_mt-2] [ERROR] [1779541537.727613878] [depth_nitros_bridge]: Input image format is not MONO16 image. This node only supports MONO16 image.The current image input is 32FC1
[component_container_mt-2] [ERROR] [1779541537.760831333] [depth_nitros_bridge]: Input image format is not MONO16 image. This node only supports MONO16 image.The current image input is 32FC1
[component_container_mt-2] [ERROR] [1779541537.804187876] [depth_nitros_bridge]: Input image format is not MONO16 image. This node only supports MONO16 image.The current image input is 32FC1
[component_container_mt-2] [ERROR] [1779541537.837916310] [depth_nitros_bridge]: Input image format is not MONO16 image. This node only supports MONO16 image.The current image input is 32FC1
[component_container_mt-2] [ERROR] [1779541537.871011165] [depth_nitros_bridge]: Input image format is not MONO16 image. This node only supports MONO16 image.The current image input is 32FC1
[component_container_mt-2] [ERROR] [1779541537.893220697] [depth_nitros_bridge]: Input image format is not MONO16 image. This node only supports MONO16 image.The current image input is 32FC1
[component_container_mt-2] [ERROR] [1779541537.936754486] [depth_nitros_bridge]: Input image format is not MONO16 image. This node only supports MONO16 image.The current image input is 32FC1
[component_container_mt-2] [ERROR] [1779541537.981275468] [depth_nitros_bridge]: Input image format is not MONO16 image. This node only supports MONO16 image.The current image input is 32FC1
[component_container_mt-2] [ERROR] [1779541538.008818612] [depth_nitros_bridge]: Input image format is not MONO16 image. This node only supports MONO16 image.The current image input is 32FC1
[component_container_mt-2] [ERROR] [1779541538.040137789] [depth_nitros_bridge]: Input image format is not MONO16 image. This node only supports MONO16 image.The current image input is 32FC1
[component_container_mt-2] [ERROR] [1779541538.064953280] [depth_nitros_bridge]: Input image format is not MONO16 image. This node only supports MONO16 image.The current image input is 32FC1
[component_container_mt-2] [ERROR] [1779541538.094427229] [depth_nitros_bridge]: Input image format is not MONO16 image. This node only supports MONO16 image.The current image input is 32FC1
[component_container_mt-2] [ERROR] [1779541538.127574426] [depth_nitros_bridge]: Input image format is not MONO16 image. This node only supports MONO16 image.The current image input is 32FC1
[component_container_mt-2] [ERROR] [1779541538.160896461] [depth_nitros_bridge]: Input image format is not MONO16 image. This node only supports MONO16 image.The current image input is 32FC1
[component_container_mt-2] [ERROR] [1779541538.193743948] [depth_nitros_bridge]: Input image format is not MONO16 image. This node only supports MONO16 image.The current image input is 32FC1
[component_container_mt-2] [ERROR] [1779541538.236801958] [depth_nitros_bridge]: Input image format is not MONO16 image. This node only supports MONO16 image.The current image input is 32FC1
[component_container_mt-2] [ERROR] [1779541538.275655864] [depth_nitros_bridge]: Input image format is not MONO16 image. This node only supports MONO16 image.The current image input is 32FC1
[component_container_mt-2] [ERROR] [1779541538.304030696] [depth_nitros_bridge]: Input image format is not MONO16 image. This node only supports MONO16 image.The current image input is 32FC1
[component_container_mt-2] [ERROR] [1779541538.349338283] [depth_nitros_bridge]: Input image format is not MONO16 image. This node only supports MONO16 image.The current image input is 32FC1
[component_container_mt-2] [ERROR] [1779541538.370022505] [depth_nitros_bridge]: Input image format is not MONO16 image. This node only supports MONO16 image.The current image input is 32FC1
[component_container_mt-2] [ERROR] [1779541538.408090272] [depth_nitros_bridge]: Input image format is not MONO16 image. This node only supports MONO16 image.The current image input is 32FC1
[component_container_mt-2] [ERROR] [1779541538.438157555] [depth_nitros_bridge]: Input image format is not MONO16 image. This node only supports MONO16 image.The current image input is 32FC1
[component_container_mt-2] [ERROR] [1779541538.470066416] [depth_nitros_bridge]: Input image format is not MONO16 image. This node only supports MONO16 image.The current image input is 32FC1
[component_container_mt-2] [ERROR] [1779541538.506979547] [depth_nitros_bridge]: Input image format is not MONO16 image. This node only supports MONO16 image.The current image input is 32FC1
[component_container_mt-2] [ERROR] [1779541538.527674679] [depth_nitros_bridge]: Input image format is not MONO16 image. This node only supports MONO16 image.The current image input is 32FC1
[component_container_mt-2] [ERROR] [1779541538.576233189] [depth_nitros_bridge]: Input image format is not MONO16 image. This node only supports MONO16 image.The current image input is 32FC1
[component_container_mt-2] [ERROR] [1779541538.606829067] [depth_nitros_bridge]: Input image format is not MONO16 image. This node only supports MONO16 image.The current image input is 32FC1
[component_container_mt-2] [ERROR] [1779541538.641291787] [depth_nitros_bridge]: Input image format is not MONO16 image. This node only supports MONO16 image.The current image input is 32FC1
[component_container_mt-2] [ERROR] [1779541538.662862477] [depth_nitros_bridge]: Input image format is not MONO16 image. This node only supports MONO16 image.The current image input is 32FC1
[component_container_mt-2] [ERROR] [1779541538.694172451] [depth_nitros_bridge]: Input image format is not MONO16 image. This node only supports MONO16 image.The current image input is 32FC1
[component_container_mt-2] [ERROR] [1779541538.726510506] [depth_nitros_bridge]: Input image format is not MONO16 image. This node only supports MONO16 image.The current image input is 32FC1
[component_container_mt-2] [ERROR] [1779541538.771759616] [depth_nitros_bridge]: Input image format is not MONO16 image. This node only supports MONO16 image.The current image input is 32FC1
[component_container_mt-2] [ERROR] [1779541538.804341466] [depth_nitros_bridge]: Input image format is not MONO16 image. This node only supports MONO16 image.The current image input is 32FC1
[component_container_mt-2] [ERROR] [1779541538.836909053] [depth_nitros_bridge]: Input image format is not MONO16 image. This node only supports MONO16 image.The current image input is 32FC1
[component_container_mt-2] [ERROR] [1779541538.859537343] [depth_nitros_bridge]: Input image format is not MONO16 image. This node only supports MONO16 image.The current image input is 32FC1
[component_container_mt-2] [ERROR] [1779541538.903724703] [depth_nitros_bridge]: Input image format is not MONO16 image. This node only supports MONO16 image.The current image input is 32FC1
[component_container_mt-2] [ERROR] [1779541538.937077242] [depth_nitros_bridge]: Input image format is not MONO16 image. This node only supports MONO16 image.The current image input is 32FC1
[component_container_mt-2] [ERROR] [1779541538.959606874] [depth_nitros_bridge]: Input image format is not MONO16 image. This node only supports MONO16 image.The current image input is 32FC1
[component_container_mt-2] [ERROR] [1779541539.003647627] [depth_nitros_bridge]: Input image format is not MONO16 image. This node only supports MONO16 image.The current image input is 32FC1
[component_container_mt-2] [ERROR] [1779541539.036457454] [depth_nitros_bridge]: Input image format is not MONO16 image. This node only supports MONO16 image.The current image input is 32FC1
[component_container_mt-2] [ERROR] [1779541539.069709927] [depth_nitros_bridge]: Input image format is not MONO16 image. This node only supports MONO16 image.The current image input is 32FC1
[component_container_mt-2] [ERROR] [1779541539.104056052] [depth_nitros_bridge]: Input image format is not MONO16 image. This node only supports MONO16 image.The current image input is 32FC1
[component_container_mt-2] [ERROR] [1779541539.127663271] [depth_nitros_bridge]: Input image format is not MONO16 image. This node only supports MONO16 image.The current image input is 32FC1
[component_container_mt-2] [ERROR] [1779541539.163754762] [depth_nitros_bridge]: Input image format is not MONO16 image. This node only supports MONO16 image.The current image input is 32FC1
[component_container_mt-2] [ERROR] [1779541539.195448953] [depth_nitros_bridge]: Input image format is not MONO16 image. This node only supports MONO16 image.The current image input is 32FC1
[component_container_mt-2] [ERROR] [1779541539.241535025] [depth_nitros_bridge]: Input image format is not MONO16 image. This node only supports MONO16 image.The current image input is 32FC1
[component_container_mt-2] [ERROR] [1779541539.271172243] [depth_nitros_bridge]: Input image format is not MONO16 image. This node only supports MONO16 image.The current image input is 32FC1
[component_container_mt-2] [ERROR] [1779541539.294192692] [depth_nitros_bridge]: Input image format is not MONO16 image. This node only supports MONO16 image.The current image input is 32FC1
[component_container_mt-2] [ERROR] [1779541539.328016993] [depth_nitros_bridge]: Input image format is not MONO16 image. This node only supports MONO16 image.The current image input is 32FC1
[component_container_mt-2] [ERROR] [1779541539.368366282] [depth_nitros_bridge]: Input image format is not MONO16 image. This node only supports MONO16 image.The current image input is 32FC1
[component_container_mt-2] [ERROR] [1779541539.397842670] [depth_nitros_bridge]: Input image format is not MONO16 image. This node only supports MONO16 image.The current image input is 32FC1
[component_container_mt-2] [ERROR] [1779541539.428409952] [depth_nitros_bridge]: Input image format is not MONO16 image. This node only supports MONO16 image.The current image input is 32FC1
[component_container_mt-2] [ERROR] [1779541539.474597798] [depth_nitros_bridge]: Input image format is not MONO16 image. This node only supports MONO16 image.The current image input is 32FC1
[component_container_mt-2] [ERROR] [1779541539.494047482] [depth_nitros_bridge]: Input image format is not MONO16 image. This node only supports MONO16 image.The current image input is 32FC1
[component_container_mt-2] [ERROR] [1779541539.538376326] [depth_nitros_bridge]: Input image format is not MONO16 image. This node only supports MONO16 image.The current image input is 32FC1
[component_container_mt-2] [ERROR] [1779541539.580825343] [depth_nitros_bridge]: Input image format is not MONO16 image. This node only supports MONO16 image.The current image input is 32FC1
[component_container_mt-2] [ERROR] [1779541539.615180174] [depth_nitros_bridge]: Input image format is not MONO16 image. This node only supports MONO16 image.The current image input is 32FC1
[component_container_mt-2] [ERROR] [1779541539.646701405] [depth_nitros_bridge]: Input image format is not MONO16 image. This node only supports MONO16 image.The current image input is 32FC1
[component_container_mt-2] [ERROR] [1779541539.649797961] [depth_nitros_bridge]: Input image format is not MONO16 image. This node only supports MONO16 image.The current image input is 32FC1
[component_container_mt-2] [ERROR] [1779541539.694299961] [depth_nitros_bridge]: Input image format is not MONO16 image. This node only supports MONO16 image.The current image input is 32FC1
[component_container_mt-2] [ERROR] [1779541539.747047284] [depth_nitros_bridge]: Input image format is not MONO16 image. This node only supports MONO16 image.The current image input is 32FC1
[component_container_mt-2] [ERROR] [1779541539.780120264] [depth_nitros_bridge]: Input image format is not MONO16 image. This node only supports MONO16 image.The current image input is 32FC1
[component_container_mt-2] [ERROR] [1779541539.806523796] [depth_nitros_bridge]: Input image format is not MONO16 image. This node only supports MONO16 image.The current image input is 32FC1
[component_container_mt-2] [ERROR] [1779541539.843932417] [depth_nitros_bridge]: Input image format is not MONO16 image. This node only supports MONO16 image.The current image input is 32FC1
[component_container_mt-2] [ERROR] [1779541539.883043241] [depth_nitros_bridge]: Input image format is not MONO16 image. This node only supports MONO16 image.The current image input is 32FC1
[component_container_mt-2] [ERROR] [1779541539.903627354] [depth_nitros_bridge]: Input image format is not MONO16 image. This node only supports MONO16 image.The current image input is 32FC1
[component_container_mt-2] [ERROR] [1779541539.916996045] [depth_nitros_bridge]: Input image format is not MONO16 image. This node only supports MONO16 image.The current image input is 32FC1
[component_container_mt-2] [ERROR] [1779541539.970319207] [depth_nitros_bridge]: Input image format is not MONO16 image. This node only supports MONO16 image.The current image input is 32FC1
[component_container_mt-2] [ERROR] [1779541539.983411713] [depth_nitros_bridge]: Input image format is not MONO16 image. This node only supports MONO16 image.The current image input is 32FC1
[component_container_mt-2] [ERROR] [1779541540.029937368] [depth_nitros_bridge]: Input image format is not MONO16 image. This node only supports MONO16 image.The current image input is 32FC1
[component_container_mt-2] [ERROR] [1779541540.069237018] [depth_nitros_bridge]: Input image format is not MONO16 image. This node only supports MONO16 image.The current image input is 32FC1
[component_container_mt-2] [ERROR] [1779541540.103736168] [depth_nitros_bridge]: Input image format is not MONO16 image. This node only supports MONO16 image.The current image input is 32FC1
[component_container_mt-2] [ERROR] [1779541540.136752876] [depth_nitros_bridge]: Input image format is not MONO16 image. This node only supports MONO16 image.The current image input is 32FC1
[component_container_mt-2] [ERROR] [1779541540.163425003] [depth_nitros_bridge]: Input image format is not MONO16 image. This node only supports MONO16 image.The current image input is 32FC1
[component_container_mt-2] [ERROR] [1779541540.204194035] [depth_nitros_bridge]: Input image format is not MONO16 image. This node only supports MONO16 image.The current image input is 32FC1
[component_container_mt-2] [ERROR] [1779541540.231445309] [depth_nitros_bridge]: Input image format is not MONO16 image. This node only supports MONO16 image.The current image input is 32FC1
[component_container_mt-2] [ERROR] [1779541540.274498216] [depth_nitros_bridge]: Input image format is not MONO16 image. This node only supports MONO16 image.The current image input is 32FC1
[component_container_mt-2] [ERROR] [1779541540.305078027] [depth_nitros_bridge]: Input image format is not MONO16 image. This node only supports MONO16 image.The current image input is 32FC1
[component_container_mt-2] [ERROR] [1779541540.347485082] [depth_nitros_bridge]: Input image format is not MONO16 image. This node only supports MONO16 image.The current image input is 32FC1
[component_container_mt-2] [ERROR] [1779541540.366506324] [depth_nitros_bridge]: Input image format is not MONO16 image. This node only supports MONO16 image.The current image input is 32FC1
[component_container_mt-2] [ERROR] [1779541540.401876342] [depth_nitros_bridge]: Input image format is not MONO16 image. This node only supports MONO16 image.The current image input is 32FC1
[component_container_mt-2] [ERROR] [1779541540.438535237] [depth_nitros_bridge]: Input image format is not MONO16 image. This node only supports MONO16 image.The current image input is 32FC1
[component_container_mt-2] [ERROR] [1779541540.459650867] [depth_nitros_bridge]: Input image format is not MONO16 image. This node only supports MONO16 image.The current image input is 32FC1
[component_container_mt-2] [ERROR] [1779541540.503239660] [depth_nitros_bridge]: Input image format is not MONO16 image. This node only supports MONO16 image.The current image input is 32FC1
[component_container_mt-2] [ERROR] [1779541540.537792486] [depth_nitros_bridge]: Input image format is not MONO16 image. This node only supports MONO16 image.The current image input is 32FC1
[component_container_mt-2] [ERROR] [1779541540.561673627] [depth_nitros_bridge]: Input image format is not MONO16 image. This node only supports MONO16 image.The current image input is 32FC1
[component_container_mt-2] [ERROR] [1779541540.599174248] [depth_nitros_bridge]: Input image format is not MONO16 image. This node only supports MONO16 image.The current image input is 32FC1
[component_container_mt-2] [ERROR] [1779541540.619276635] [depth_nitros_bridge]: Input image format is not MONO16 image. This node only supports MONO16 image.The current image input is 32FC1
[component_container_mt-2] [ERROR] [1779541540.682659861] [depth_nitros_bridge]: Input image format is not MONO16 image. This node only supports MONO16 image.The current image input is 32FC1
[component_container_mt-2] [ERROR] [1779541540.713618507] [depth_nitros_bridge]: Input image format is not MONO16 image. This node only supports MONO16 image.The current image input is 32FC1
[component_container_mt-2] [ERROR] [1779541540.736833014] [depth_nitros_bridge]: Input image format is not MONO16 image. This node only supports MONO16 image.The current image input is 32FC1
[component_container_mt-2] [ERROR] [1779541540.772015725] [depth_nitros_bridge]: Input image format is not MONO16 image. This node only supports MONO16 image.The current image input is 32FC1
[component_container_mt-2] [ERROR] [1779541540.803984095] [depth_nitros_bridge]: Input image format is not MONO16 image. This node only supports MONO16 image.The current image input is 32FC1
[component_container_mt-2] [ERROR] [1779541540.827479718] [depth_nitros_bridge]: Input image format is not MONO16 image. This node only supports MONO16 image.The current image input is 32FC1
[component_container_mt-2] [ERROR] [1779541540.860251974] [depth_nitros_bridge]: Input image format is not MONO16 image. This node only supports MONO16 image.The current image input is 32FC1
[component_container_mt-2] [ERROR] [1779541540.903282937] [depth_nitros_bridge]: Input image format is not MONO16 image. This node only supports MONO16 image.The current image input is 32FC1
[component_container_mt-2] [ERROR] [1779541540.938997026] [depth_nitros_bridge]: Input image format is not MONO16 image. This node only supports MONO16 image.The current image input is 32FC1
[component_container_mt-2] [ERROR] [1779541540.972442975] [depth_nitros_bridge]: Input image format is not MONO16 image. This node only supports MONO16 image.The current image input is 32FC1
[component_container_mt-2] [ERROR] [1779541541.013672755] [depth_nitros_bridge]: Input image format is not MONO16 image. This node only supports MONO16 image.The current image input is 32FC1
[component_container_mt-2] [ERROR] [1779541541.040841413] [depth_nitros_bridge]: Input image format is not MONO16 image. This node only supports MONO16 image.The current image input is 32FC1
[component_container_mt-2] [ERROR] [1779541541.061979528] [depth_nitros_bridge]: Input image format is not MONO16 image. This node only supports MONO16 image.The current image input is 32FC1
[component_container_mt-2] [ERROR] [1779541541.096837757] [depth_nitros_bridge]: Input image format is not MONO16 image. This node only supports MONO16 image.The current image input is 32FC1
[component_container_mt-2] [ERROR] [1779541541.138561241] [depth_nitros_bridge]: Input image format is not MONO16 image. This node only supports MONO16 image.The current image input is 32FC1
[component_container_mt-2] [ERROR] [1779541541.171010002] [depth_nitros_bridge]: Input image format is not MONO16 image. This node only supports MONO16 image.The current image input is 32FC1
[component_container_mt-2] [ERROR] [1779541541.204269485] [depth_nitros_bridge]: Input image format is not MONO16 image. This node only supports MONO16 image.The current image input is 32FC1
[component_container_mt-2] [ERROR] [1779541541.228064696] [depth_nitros_bridge]: Input image format is not MONO16 image. This node only supports MONO16 image.The current image input is 32FC1
[component_container_mt-2] [ERROR] [1779541541.259573819] [depth_nitros_bridge]: Input image format is not MONO16 image. This node only supports MONO16 image.The current image input is 32FC1
[component_container_mt-2] [ERROR] [1779541541.292832684] [depth_nitros_bridge]: Input image format is not MONO16 image. This node only supports MONO16 image.The current image input is 32FC1
[component_container_mt-2] [ERROR] [1779541541.337310009] [depth_nitros_bridge]: Input image format is not MONO16 image. This node only supports MONO16 image.The current image input is 32FC1
[component_container_mt-2] [ERROR] [1779541541.373654636] [depth_nitros_bridge]: Input image format is not MONO16 image. This node only supports MONO16 image.The current image input is 32FC1
[component_container_mt-2] [ERROR] [1779541541.393148814] [depth_nitros_bridge]: Input image format is not MONO16 image. This node only supports MONO16 image.The current image input is 32FC1
[component_container_mt-2] [ERROR] [1779541541.434145528] [depth_nitros_bridge]: Input image format is not MONO16 image. This node only supports MONO16 image.The current image input is 32FC1
[component_container_mt-2] [ERROR] [1779541541.475243633] [depth_nitros_bridge]: Input image format is not MONO16 image. This node only supports MONO16 image.The current image input is 32FC1
[component_container_mt-2] [ERROR] [1779541541.514048773] [depth_nitros_bridge]: Input image format is not MONO16 image. This node only supports MONO16 image.The current image input is 32FC1
[component_container_mt-2] [ERROR] [1779541541.546162073] [depth_nitros_bridge]: Input image format is not MONO16 image. This node only supports MONO16 image.The current image input is 32FC1
[component_container_mt-2] [ERROR] [1779541541.569516820] [depth_nitros_bridge]: Input image format is not MONO16 image. This node only supports MONO16 image.The current image input is 32FC1
[component_container_mt-2] [ERROR] [1779541541.613626832] [depth_nitros_bridge]: Input image format is not MONO16 image. This node only supports MONO16 image.The current image input is 32FC1
[component_container_mt-2] [ERROR] [1779541541.628454406] [depth_nitros_bridge]: Input image format is not MONO16 image. This node only supports MONO16 image.The current image input is 32FC1
[component_container_mt-2] [ERROR] [1779541541.670438563] [depth_nitros_bridge]: Input image format is not MONO16 image. This node only supports MONO16 image.The current image input is 32FC1
[component_container_mt-2] [ERROR] [1779541541.700838466] [depth_nitros_bridge]: Input image format is not MONO16 image. This node only supports MONO16 image.The current image input is 32FC1
[component_container_mt-2] [ERROR] [1779541541.738043616] [depth_nitros_bridge]: Input image format is not MONO16 image. This node only supports MONO16 image.The current image input is 32FC1
[component_container_mt-2] [ERROR] [1779541541.780479684] [depth_nitros_bridge]: Input image format is not MONO16 image. This node only supports MONO16 image.The current image input is 32FC1
[component_container_mt-2] [ERROR] [1779541541.803657584] [depth_nitros_bridge]: Input image format is not MONO16 image. This node only supports MONO16 image.The current image input is 32FC1
[component_container_mt-2] [ERROR] [1779541541.840286063] [depth_nitros_bridge]: Input image format is not MONO16 image. This node only supports MONO16 image.The current image input is 32FC1
[component_container_mt-2] [ERROR] [1779541541.863553556] [depth_nitros_bridge]: Input image format is not MONO16 image. This node only supports MONO16 image.The current image input is 32FC1
[component_container_mt-2] [ERROR] [1779541541.914273488] [depth_nitros_bridge]: Input image format is not MONO16 image. This node only supports MONO16 image.The current image input is 32FC1
[component_container_mt-2] [ERROR] [1779541541.938588275] [depth_nitros_bridge]: Input image format is not MONO16 image. This node only supports MONO16 image.The current image input is 32FC1
[component_container_mt-2] [ERROR] [1779541541.960071799] [depth_nitros_bridge]: Input image format is not MONO16 image. This node only supports MONO16 image.The current image input is 32FC1
[component_container_mt-2] [ERROR] [1779541541.995281370] [depth_nitros_bridge]: Input image format is not MONO16 image. This node only supports MONO16 image.The current image input is 32FC1
[component_container_mt-2] [ERROR] [1779541542.026624845] [depth_nitros_bridge]: Input image format is not MONO16 image. This node only supports MONO16 image.The current image input is 32FC1
[component_container_mt-2] [ERROR] [1779541542.069800583] [depth_nitros_bridge]: Input image format is not MONO16 image. This node only supports MONO16 image.The current image input is 32FC1
[component_container_mt-2] [ERROR] [1779541542.090392474] [depth_nitros_bridge]: Input image format is not MONO16 image. This node only supports MONO16 image.The current image input is 32FC1
[component_container_mt-2] [ERROR] [1779541542.146381440] [depth_nitros_bridge]: Input image format is not MONO16 image. This node only supports MONO16 image.The current image input is 32FC1
[component_container_mt-2] [ERROR] [1779541542.180184588] [depth_nitros_bridge]: Input image format is not MONO16 image. This node only supports MONO16 image.The current image input is 32FC1
[component_container_mt-2] [ERROR] [1779541542.195465257] [depth_nitros_bridge]: Input image format is not MONO16 image. This node only supports MONO16 image.The current image input is 32FC1
[component_container_mt-2] [ERROR] [1779541542.239923880] [depth_nitros_bridge]: Input image format is not MONO16 image. This node only supports MONO16 image.The current image input is 32FC1
[component_container_mt-2] [ERROR] [1779541542.273414723] [depth_nitros_bridge]: Input image format is not MONO16 image. This node only supports MONO16 image.The current image input is 32FC1
[component_container_mt-2] [ERROR] [1779541542.294353232] [depth_nitros_bridge]: Input image format is not MONO16 image. This node only supports MONO16 image.The current image input is 32FC1
[component_container_mt-2] [ERROR] [1779541542.352373718] [depth_nitros_bridge]: Input image format is not MONO16 image. This node only supports MONO16 image.The current image input is 32FC1
[component_container_mt-2] [ERROR] [1779541542.374931093] [depth_nitros_bridge]: Input image format is not MONO16 image. This node only supports MONO16 image.The current image input is 32FC1
[component_container_mt-2] [ERROR] [1779541542.414093450] [depth_nitros_bridge]: Input image format is not MONO16 image. This node only supports MONO16 image.The current image input is 32FC1
[component_container_mt-2] [ERROR] [1779541542.437298517] [depth_nitros_bridge]: Input image format is not MONO16 image. This node only supports MONO16 image.The current image input is 32FC1
[component_container_mt-2] [ERROR] [1779541542.470793943] [depth_nitros_bridge]: Input image format is not MONO16 image. This node only supports MONO16 image.The current image input is 32FC1
[component_container_mt-2] [ERROR] [1779541542.503586604] [depth_nitros_bridge]: Input image format is not MONO16 image. This node only supports MONO16 image.The current image input is 32FC1
[component_container_mt-2] [ERROR] [1779541542.526394602] [depth_nitros_bridge]: Input image format is not MONO16 image. This node only supports MONO16 image.The current image input is 32FC1
[component_container_mt-2] [ERROR] [1779541542.559674400] [depth_nitros_bridge]: Input image format is not MONO16 image. This node only supports MONO16 image.The current image input is 32FC1
[component_container_mt-2] [ERROR] [1779541542.592997111] [depth_nitros_bridge]: Input image format is not MONO16 image. This node only supports MONO16 image.The current image input is 32FC1
[component_container_mt-2] [ERROR] [1779541542.626503969] [depth_nitros_bridge]: Input image format is not MONO16 image. This node only supports MONO16 image.The current image input is 32FC1
[component_container_mt-2] [ERROR] [1779541542.660348313] [depth_nitros_bridge]: Input image format is not MONO16 image. This node only supports MONO16 image.The current image input is 32FC1
[component_container_mt-2] [ERROR] [1779541542.703425672] [depth_nitros_bridge]: Input image format is not MONO16 image. This node only supports MONO16 image.The current image input is 32FC1
[component_container_mt-2] [ERROR] [1779541542.736469204] [depth_nitros_bridge]: Input image format is not MONO16 image. This node only supports MONO16 image.The current image input is 32FC1
[component_container_mt-2] [ERROR] [1779541542.779856417] [depth_nitros_bridge]: Input image format is not MONO16 image. This node only supports MONO16 image.The current image input is 32FC1
[component_container_mt-2] [ERROR] [1779541542.784527336] [depth_nitros_bridge]: Input image format is not MONO16 image. This node only supports MONO16 image.The current image input is 32FC1
[component_container_mt-2] [ERROR] [1779541542.831869170] [depth_nitros_bridge]: Input image format is not MONO16 image. This node only supports MONO16 image.The current image input is 32FC1
[component_container_mt-2] [ERROR] [1779541542.871580752] [depth_nitros_bridge]: Input image format is not MONO16 image. This node only supports MONO16 image.The current image input is 32FC1
[component_container_mt-2] [ERROR] [1779541542.904437890] [depth_nitros_bridge]: Input image format is not MONO16 image. This node only supports MONO16 image.The current image input is 32FC1
[component_container_mt-2] [ERROR] [1779541542.943787439] [depth_nitros_bridge]: Input image format is not MONO16 image. This node only supports MONO16 image.The current image input is 32FC1
[component_container_mt-2] [ERROR] [1779541542.973695984] [depth_nitros_bridge]: Input image format is not MONO16 image. This node only supports MONO16 image.The current image input is 32FC1
[component_container_mt-2] [ERROR] [1779541543.006919250] [depth_nitros_bridge]: Input image format is not MONO16 image. This node only supports MONO16 image.The current image input is 32FC1
[component_container_mt-2] [ERROR] [1779541543.036255086] [depth_nitros_bridge]: Input image format is not MONO16 image. This node only supports MONO16 image.The current image input is 32FC1
[component_container_mt-2] [ERROR] [1779541543.070204940] [depth_nitros_bridge]: Input image format is not MONO16 image. This node only supports MONO16 image.The current image input is 32FC1
[component_container_mt-2] [ERROR] [1779541543.093661245] [depth_nitros_bridge]: Input image format is not MONO16 image. This node only supports MONO16 image.The current image input is 32FC1
[component_container_mt-2] [ERROR] [1779541543.136876854] [depth_nitros_bridge]: Input image format is not MONO16 image. This node only supports MONO16 image.The current image input is 32FC1
[component_container_mt-2] [ERROR] [1779541543.174449611] [depth_nitros_bridge]: Input image format is not MONO16 image. This node only supports MONO16 image.The current image input is 32FC1
[component_container_mt-2] [ERROR] [1779541543.213115620] [depth_nitros_bridge]: Input image format is not MONO16 image. This node only supports MONO16 image.The current image input is 32FC1
[component_container_mt-2] [ERROR] [1779541543.237003160] [depth_nitros_bridge]: Input image format is not MONO16 image. This node only supports MONO16 image.The current image input is 32FC1
[component_container_mt-2] [ERROR] [1779541543.269787120] [depth_nitros_bridge]: Input image format is not MONO16 image. This node only supports MONO16 image.The current image input is 32FC1
[component_container_mt-2] [ERROR] [1779541543.297093009] [depth_nitros_bridge]: Input image format is not MONO16 image. This node only supports MONO16 image.The current image input is 32FC1
[component_container_mt-2] [ERROR] [1779541543.337522833] [depth_nitros_bridge]: Input image format is not MONO16 image. This node only supports MONO16 image.The current image input is 32FC1
[component_container_mt-2] [ERROR] [1779541543.361522251] [depth_nitros_bridge]: Input image format is not MONO16 image. This node only supports MONO16 image.The current image input is 32FC1
[component_container_mt-2] [ERROR] [1779541543.395119856] [depth_nitros_bridge]: Input image format is not MONO16 image. This node only supports MONO16 image.The current image input is 32FC1
[component_container_mt-2] [ERROR] [1779541543.438188725] [depth_nitros_bridge]: Input image format is not MONO16 image. This node only supports MONO16 image.The current image input is 32FC1
[component_container_mt-2] [ERROR] [1779541543.471732640] [depth_nitros_bridge]: Input image format is not MONO16 image. This node only supports MONO16 image.The current image input is 32FC1
[component_container_mt-2] [ERROR] [1779541543.498741229] [depth_nitros_bridge]: Input image format is not MONO16 image. This node only supports MONO16 image.The current image input is 32FC1
[component_container_mt-2] [ERROR] [1779541543.529195365] [depth_nitros_bridge]: Input image format is not MONO16 image. This node only supports MONO16 image.The current image input is 32FC1
[component_container_mt-2] [ERROR] [1779541543.561288718] [depth_nitros_bridge]: Input image format is not MONO16 image. This node only supports MONO16 image.The current image input is 32FC1
[component_container_mt-2] [ERROR] [1779541543.603593116] [depth_nitros_bridge]: Input image format is not MONO16 image. This node only supports MONO16 image.The current image input is 32FC1
[component_container_mt-2] [ERROR] [1779541543.636519314] [depth_nitros_bridge]: Input image format is not MONO16 image. This node only supports MONO16 image.The current image input is 32FC1
[component_container_mt-2] [ERROR] [1779541543.660041912] [depth_nitros_bridge]: Input image format is not MONO16 image. This node only supports MONO16 image.The current image input is 32FC1
[component_container_mt-2] [ERROR] [1779541543.694016657] [depth_nitros_bridge]: Input image format is not MONO16 image. This node only supports MONO16 image.The current image input is 32FC1
[component_container_mt-2] [ERROR] [1779541543.743787607] [depth_nitros_bridge]: Input image format is not MONO16 image. This node only supports MONO16 image.The current image input is 32FC1
[component_container_mt-2] [ERROR] [1779541543.781268394] [depth_nitros_bridge]: Input image format is not MONO16 image. This node only supports MONO16 image.The current image input is 32FC1
[component_container_mt-2] [ERROR] [1779541543.795740133] [depth_nitros_bridge]: Input image format is not MONO16 image. This node only supports MONO16 image.The current image input is 32FC1
[component_container_mt-2] [ERROR] [1779541543.837740847] [depth_nitros_bridge]: Input image format is not MONO16 image. This node only supports MONO16 image.The current image input is 32FC1
[component_container_mt-2] [ERROR] [1779541543.872114848] [depth_nitros_bridge]: Input image format is not MONO16 image. This node only supports MONO16 image.The current image input is 32FC1
[component_container_mt-2] [ERROR] [1779541543.916535644] [depth_nitros_bridge]: Input image format is not MONO16 image. This node only supports MONO16 image.The current image input is 32FC1
[component_container_mt-2] [ERROR] [1779541543.927494190] [depth_nitros_bridge]: Input image format is not MONO16 image. This node only supports MONO16 image.The current image input is 32FC1
[component_container_mt-2] [ERROR] [1779541543.980035361] [depth_nitros_bridge]: Input image format is not MONO16 image. This node only supports MONO16 image.The current image input is 32FC1
[component_container_mt-2] [ERROR] [1779541544.013636047] [depth_nitros_bridge]: Input image format is not MONO16 image. This node only supports MONO16 image.The current image input is 32FC1
[component_container_mt-2] [ERROR] [1779541544.027954255] [depth_nitros_bridge]: Input image format is not MONO16 image. This node only supports MONO16 image.The current image input is 32FC1
[component_container_mt-2] [ERROR] [1779541544.071345860] [depth_nitros_bridge]: Input image format is not MONO16 image. This node only supports MONO16 image.The current image input is 32FC1
[component_container_mt-2] [ERROR] [1779541544.107746602] [depth_nitros_bridge]: Input image format is not MONO16 image. This node only supports MONO16 image.The current image input is 32FC1
[component_container_mt-2] [ERROR] [1779541544.137552092] [depth_nitros_bridge]: Input image format is not MONO16 image. This node only supports MONO16 image.The current image input is 32FC1
[component_container_mt-2] [ERROR] [1779541544.183333235] [depth_nitros_bridge]: Input image format is not MONO16 image. This node only supports MONO16 image.The current image input is 32FC1
[component_container_mt-2] [ERROR] [1779541544.210233485] [depth_nitros_bridge]: Input image format is not MONO16 image. This node only supports MONO16 image.The current image input is 32FC1
[component_container_mt-2] [ERROR] [1779541544.240544869] [depth_nitros_bridge]: Input image format is not MONO16 image. This node only supports MONO16 image.The current image input is 32FC1
[component_container_mt-2] [ERROR] [1779541544.259960415] [depth_nitros_bridge]: Input image format is not MONO16 image. This node only supports MONO16 image.The current image input is 32FC1
[component_container_mt-2] [ERROR] [1779541544.302864592] [depth_nitros_bridge]: Input image format is not MONO16 image. This node only supports MONO16 image.The current image input is 32FC1
[component_container_mt-2] [ERROR] [1779541544.336120828] [depth_nitros_bridge]: Input image format is not MONO16 image. This node only supports MONO16 image.The current image input is 32FC1
[component_container_mt-2] [ERROR] [1779541544.359896771] [depth_nitros_bridge]: Input image format is not MONO16 image. This node only supports MONO16 image.The current image input is 32FC1
[component_container_mt-2] [ERROR] [1779541544.413614502] [depth_nitros_bridge]: Input image format is not MONO16 image. This node only supports MONO16 image.The current image input is 32FC1
[component_container_mt-2] [ERROR] [1779541544.446937458] [depth_nitros_bridge]: Input image format is not MONO16 image. This node only supports MONO16 image.The current image input is 32FC1
[component_container_mt-2] [ERROR] [1779541544.461835724] [depth_nitros_bridge]: Input image format is not MONO16 image. This node only supports MONO16 image.The current image input is 32FC1
[component_container_mt-2] [ERROR] [1779541544.493927788] [depth_nitros_bridge]: Input image format is not MONO16 image. This node only supports MONO16 image.The current image input is 32FC1
[component_container_mt-2] [ERROR] [1779541544.527886611] [depth_nitros_bridge]: Input image format is not MONO16 image. This node only supports MONO16 image.The current image input is 32FC1
[component_container_mt-2] [ERROR] [1779541544.573554968] [depth_nitros_bridge]: Input image format is not MONO16 image. This node only supports MONO16 image.The current image input is 32FC1
[component_container_mt-2] [ERROR] [1779541544.614447181] [depth_nitros_bridge]: Input image format is not MONO16 image. This node only supports MONO16 image.The current image input is 32FC1
[component_container_mt-2] [ERROR] [1779541544.643513072] [depth_nitros_bridge]: Input image format is not MONO16 image. This node only supports MONO16 image.The current image input is 32FC1
[component_container_mt-2] [ERROR] [1779541544.670120851] [depth_nitros_bridge]: Input image format is not MONO16 image. This node only supports MONO16 image.The current image input is 32FC1
[component_container_mt-2] [ERROR] [1779541544.692804199] [depth_nitros_bridge]: Input image format is not MONO16 image. This node only supports MONO16 image.The current image input is 32FC1
[component_container_mt-2] [ERROR] [1779541544.727408862] [depth_nitros_bridge]: Input image format is not MONO16 image. This node only supports MONO16 image.The current image input is 32FC1
[component_container_mt-2] [ERROR] [1779541544.760497033] [depth_nitros_bridge]: Input image format is not MONO16 image. This node only supports MONO16 image.The current image input is 32FC1
[component_container_mt-2] [ERROR] [1779541544.806978281] [depth_nitros_bridge]: Input image format is not MONO16 image. This node only supports MONO16 image.The current image input is 32FC1
[component_container_mt-2] [ERROR] [1779541544.836761679] [depth_nitros_bridge]: Input image format is not MONO16 image. This node only supports MONO16 image.The current image input is 32FC1
[component_container_mt-2] [ERROR] [1779541544.882132639] [depth_nitros_bridge]: Input image format is not MONO16 image. This node only supports MONO16 image.The current image input is 32FC1
[component_container_mt-2] [ERROR] [1779541544.903847902] [depth_nitros_bridge]: Input image format is not MONO16 image. This node only supports MONO16 image.The current image input is 32FC1
[component_container_mt-2] [ERROR] [1779541544.938591043] [depth_nitros_bridge]: Input image format is not MONO16 image. This node only supports MONO16 image.The current image input is 32FC1
[component_container_mt-2] [ERROR] [1779541544.975295469] [depth_nitros_bridge]: Input image format is not MONO16 image. This node only supports MONO16 image.The current image input is 32FC1
[component_container_mt-2] [ERROR] [1779541545.005158951] [depth_nitros_bridge]: Input image format is not MONO16 image. This node only supports MONO16 image.The current image input is 32FC1
[component_container_mt-2] [ERROR] [1779541545.027363873] [depth_nitros_bridge]: Input image format is not MONO16 image. This node only supports MONO16 image.The current image input is 32FC1
[component_container_mt-2] [ERROR] [1779541545.071279090] [depth_nitros_bridge]: Input image format is not MONO16 image. This node only supports MONO16 image.The current image input is 32FC1
[component_container_mt-2] [ERROR] [1779541545.110362365] [depth_nitros_bridge]: Input image format is not MONO16 image. This node only supports MONO16 image.The current image input is 32FC1
[component_container_mt-2] [ERROR] [1779541545.133253328] [depth_nitros_bridge]: Input image format is not MONO16 image. This node only supports MONO16 image.The current image input is 32FC1
[component_container_mt-2] [ERROR] [1779541545.168174871] [depth_nitros_bridge]: Input image format is not MONO16 image. This node only supports MONO16 image.The current image input is 32FC1
[component_container_mt-2] [ERROR] [1779541545.204767896] [depth_nitros_bridge]: Input image format is not MONO16 image. This node only supports MONO16 image.The current image input is 32FC1
[component_container_mt-2] [ERROR] [1779541545.237621651] [depth_nitros_bridge]: Input image format is not MONO16 image. This node only supports MONO16 image.The current image input is 32FC1
[component_container_mt-2] [ERROR] [1779541545.253414304] [depth_nitros_bridge]: Input image format is not MONO16 image. This node only supports MONO16 image.The current image input is 32FC1
[component_container_mt-2] [ERROR] [1779541545.296010551] [depth_nitros_bridge]: Input image format is not MONO16 image. This node only supports MONO16 image.The current image input is 32FC1
[component_container_mt-2] [ERROR] [1779541545.330001854] [depth_nitros_bridge]: Input image format is not MONO16 image. This node only supports MONO16 image.The current image input is 32FC1
[component_container_mt-2] [ERROR] [1779541545.373358809] [depth_nitros_bridge]: Input image format is not MONO16 image. This node only supports MONO16 image.The current image input is 32FC1
[component_container_mt-2] [ERROR] [1779541545.400932511] [depth_nitros_bridge]: Input image format is not MONO16 image. This node only supports MONO16 image.The current image input is 32FC1
[component_container_mt-2] [ERROR] [1779541545.432281118] [depth_nitros_bridge]: Input image format is not MONO16 image. This node only supports MONO16 image.The current image input is 32FC1
[component_container_mt-2] [ERROR] [1779541545.459618274] [depth_nitros_bridge]: Input image format is not MONO16 image. This node only supports MONO16 image.The current image input is 32FC1
[component_container_mt-2] [ERROR] [1779541545.502970936] [depth_nitros_bridge]: Input image format is not MONO16 image. This node only supports MONO16 image.The current image input is 32FC1
[component_container_mt-2] [ERROR] [1779541545.549358914] [depth_nitros_bridge]: Input image format is not MONO16 image. This node only supports MONO16 image.The current image input is 32FC1
[component_container_mt-2] [ERROR] [1779541545.572293258] [depth_nitros_bridge]: Input image format is not MONO16 image. This node only supports MONO16 image.The current image input is 32FC1
[component_container_mt-2] [ERROR] [1779541545.594141062] [depth_nitros_bridge]: Input image format is not MONO16 image. This node only supports MONO16 image.The current image input is 32FC1
[component_container_mt-2] [ERROR] [1779541545.637714271] [depth_nitros_bridge]: Input image format is not MONO16 image. This node only supports MONO16 image.The current image input is 32FC1
[component_container_mt-2] [ERROR] [1779541545.670734604] [depth_nitros_bridge]: Input image format is not MONO16 image. This node only supports MONO16 image.The current image input is 32FC1
[component_container_mt-2] [ERROR] [1779541545.709425369] [depth_nitros_bridge]: Input image format is not MONO16 image. This node only supports MONO16 image.The current image input is 32FC1
[component_container_mt-2] [ERROR] [1779541545.741866833] [depth_nitros_bridge]: Input image format is not MONO16 image. This node only supports MONO16 image.The current image input is 32FC1
[component_container_mt-2] [ERROR] [1779541545.762673827] [depth_nitros_bridge]: Input image format is not MONO16 image. This node only supports MONO16 image.The current image input is 32FC1
[component_container_mt-2] [ERROR] [1779541545.793357924] [depth_nitros_bridge]: Input image format is not MONO16 image. This node only supports MONO16 image.The current image input is 32FC1
[component_container_mt-2] [ERROR] [1779541545.826955686] [depth_nitros_bridge]: Input image format is not MONO16 image. This node only supports MONO16 image.The current image input is 32FC1
[component_container_mt-2] [ERROR] [1779541545.870175729] [depth_nitros_bridge]: Input image format is not MONO16 image. This node only supports MONO16 image.The current image input is 32FC1
[component_container_mt-2] [ERROR] [1779541545.903674012] [depth_nitros_bridge]: Input image format is not MONO16 image. This node only supports MONO16 image.The current image input is 32FC1
[component_container_mt-2] [ERROR] [1779541545.947990589] [depth_nitros_bridge]: Input image format is not MONO16 image. This node only supports MONO16 image.The current image input is 32FC1
[component_container_mt-2] [ERROR] [1779541545.969966338] [depth_nitros_bridge]: Input image format is not MONO16 image. This node only supports MONO16 image.The current image input is 32FC1
[component_container_mt-2] [ERROR] [1779541545.993028787] [depth_nitros_bridge]: Input image format is not MONO16 image. This node only supports MONO16 image.The current image input is 32FC1
[component_container_mt-2] [ERROR] [1779541546.038647176] [depth_nitros_bridge]: Input image format is not MONO16 image. This node only supports MONO16 image.The current image input is 32FC1
[component_container_mt-2] [ERROR] [1779541546.060500153] [depth_nitros_bridge]: Input image format is not MONO16 image. This node only supports MONO16 image.The current image input is 32FC1
[component_container_mt-2] [ERROR] [1779541546.096314893] [depth_nitros_bridge]: Input image format is not MONO16 image. This node only supports MONO16 image.The current image input is 32FC1
[component_container_mt-2] [ERROR] [1779541546.127446366] [depth_nitros_bridge]: Input image format is not MONO16 image. This node only supports MONO16 image.The current image input is 32FC1
[component_container_mt-2] [ERROR] [1779541546.160834915] [depth_nitros_bridge]: Input image format is not MONO16 image. This node only supports MONO16 image.The current image input is 32FC1
[component_container_mt-2] [ERROR] [1779541546.206784518] [depth_nitros_bridge]: Input image format is not MONO16 image. This node only supports MONO16 image.The current image input is 32FC1
[component_container_mt-2] [ERROR] [1779541546.227093295] [depth_nitros_bridge]: Input image format is not MONO16 image. This node only supports MONO16 image.The current image input is 32FC1
[component_container_mt-2] [ERROR] [1779541546.273472673] [depth_nitros_bridge]: Input image format is not MONO16 image. This node only supports MONO16 image.The current image input is 32FC1
[component_container_mt-2] [ERROR] [1779541546.303409432] [depth_nitros_bridge]: Input image format is not MONO16 image. This node only supports MONO16 image.The current image input is 32FC1
[component_container_mt-2] [ERROR] [1779541546.328535206] [depth_nitros_bridge]: Input image format is not MONO16 image. This node only supports MONO16 image.The current image input is 32FC1
[component_container_mt-2] [ERROR] [1779541546.382597136] [depth_nitros_bridge]: Input image format is not MONO16 image. This node only supports MONO16 image.The current image input is 32FC1
[component_container_mt-2] [ERROR] [1779541546.405449577] [depth_nitros_bridge]: Input image format is not MONO16 image. This node only supports MONO16 image.The current image input is 32FC1
[component_container_mt-2] [ERROR] [1779541546.448432047] [depth_nitros_bridge]: Input image format is not MONO16 image. This node only supports MONO16 image.The current image input is 32FC1
[component_container_mt-2] [ERROR] [1779541546.471245248] [depth_nitros_bridge]: Input image format is not MONO16 image. This node only supports MONO16 image.The current image input is 32FC1
[component_container_mt-2] [ERROR] [1779541546.484096861] [depth_nitros_bridge]: Input image format is not MONO16 image. This node only supports MONO16 image.The current image input is 32FC1
[component_container_mt-2] [ERROR] [1779541546.527676371] [depth_nitros_bridge]: Input image format is not MONO16 image. This node only supports MONO16 image.The current image input is 32FC1
[component_container_mt-2] [ERROR] [1779541546.570544553] [depth_nitros_bridge]: Input image format is not MONO16 image. This node only supports MONO16 image.The current image input is 32FC1
[component_container_mt-2] [ERROR] [1779541546.604493805] [depth_nitros_bridge]: Input image format is not MONO16 image. This node only supports MONO16 image.The current image input is 32FC1
[component_container_mt-2] [ERROR] [1779541546.642947904] [depth_nitros_bridge]: Input image format is not MONO16 image. This node only supports MONO16 image.The current image input is 32FC1
[component_container_mt-2] [ERROR] [1779541546.671053548] [depth_nitros_bridge]: Input image format is not MONO16 image. This node only supports MONO16 image.The current image input is 32FC1
[component_container_mt-2] [ERROR] [1779541546.697553893] [depth_nitros_bridge]: Input image format is not MONO16 image. This node only supports MONO16 image.The current image input is 32FC1
[component_container_mt-2] [ERROR] [1779541546.737870970] [depth_nitros_bridge]: Input image format is not MONO16 image. This node only supports MONO16 image.The current image input is 32FC1
[component_container_mt-2] [ERROR] [1779541546.780965345] [depth_nitros_bridge]: Input image format is not MONO16 image. This node only supports MONO16 image.The current image input is 32FC1
[component_container_mt-2] [ERROR] [1779541546.804078369] [depth_nitros_bridge]: Input image format is not MONO16 image. This node only supports MONO16 image.The current image input is 32FC1
[component_container_mt-2] [ERROR] [1779541546.837838060] [depth_nitros_bridge]: Input image format is not MONO16 image. This node only supports MONO16 image.The current image input is 32FC1
[component_container_mt-2] [ERROR] [1779541546.873840034] [depth_nitros_bridge]: Input image format is not MONO16 image. This node only supports MONO16 image.The current image input is 32FC1
[component_container_mt-2] [ERROR] [1779541546.904845847] [depth_nitros_bridge]: Input image format is not MONO16 image. This node only supports MONO16 image.The current image input is 32FC1
[component_container_mt-2] [ERROR] [1779541546.940610901] [depth_nitros_bridge]: Input image format is not MONO16 image. This node only supports MONO16 image.The current image input is 32FC1
[component_container_mt-2] [ERROR] [1779541546.979718767] [depth_nitros_bridge]: Input image format is not MONO16 image. This node only supports MONO16 image.The current image input is 32FC1
[component_container_mt-2] [ERROR] [1779541547.010802279] [depth_nitros_bridge]: Input image format is not MONO16 image. This node only supports MONO16 image.The current image input is 32FC1
[component_container_mt-2] [ERROR] [1779541547.047954190] [depth_nitros_bridge]: Input image format is not MONO16 image. This node only supports MONO16 image.The current image input is 32FC1
[component_container_mt-2] [ERROR] [1779541547.072596794] [depth_nitros_bridge]: Input image format is not MONO16 image. This node only supports MONO16 image.The current image input is 32FC1
[component_container_mt-2] [ERROR] [1779541547.104548577] [depth_nitros_bridge]: Input image format is not MONO16 image. This node only supports MONO16 image.The current image input is 32FC1
[component_container_mt-2] [ERROR] [1779541547.137551361] [depth_nitros_bridge]: Input image format is not MONO16 image. This node only supports MONO16 image.The current image input is 32FC1
[component_container_mt-2] [ERROR] [1779541547.170009052] [depth_nitros_bridge]: Input image format is not MONO16 image. This node only supports MONO16 image.The current image input is 32FC1
[component_container_mt-2] [ERROR] [1779541547.192892421] [depth_nitros_bridge]: Input image format is not MONO16 image. This node only supports MONO16 image.The current image input is 32FC1
[component_container_mt-2] [ERROR] [1779541547.226600679] [depth_nitros_bridge]: Input image format is not MONO16 image. This node only supports MONO16 image.The current image input is 32FC1
[component_container_mt-2] [ERROR] [1779541547.263093158] [depth_nitros_bridge]: Input image format is not MONO16 image. This node only supports MONO16 image.The current image input is 32FC1
[component_container_mt-2] [ERROR] [1779541547.315807070] [depth_nitros_bridge]: Input image format is not MONO16 image. This node only supports MONO16 image.The current image input is 32FC1
[component_container_mt-2] [ERROR] [1779541547.349475729] [depth_nitros_bridge]: Input image format is not MONO16 image. This node only supports MONO16 image.The current image input is 32FC1
[component_container_mt-2] [ERROR] [1779541547.372683649] [depth_nitros_bridge]: Input image format is not MONO16 image. This node only supports MONO16 image.The current image input is 32FC1
[component_container_mt-2] [ERROR] [1779541547.407907423] [depth_nitros_bridge]: Input image format is not MONO16 image. This node only supports MONO16 image.The current image input is 32FC1
[component_container_mt-2] [ERROR] [1779541547.442824491] [depth_nitros_bridge]: Input image format is not MONO16 image. This node only supports MONO16 image.The current image input is 32FC1
[component_container_mt-2] [ERROR] [1779541547.471574560] [depth_nitros_bridge]: Input image format is not MONO16 image. This node only supports MONO16 image.The current image input is 32FC1
[component_container_mt-2] [ERROR] [1779541547.510312513] [depth_nitros_bridge]: Input image format is not MONO16 image. This node only supports MONO16 image.The current image input is 32FC1
[component_container_mt-2] [ERROR] [1779541547.518577359] [depth_nitros_bridge]: Input image format is not MONO16 image. This node only supports MONO16 image.The current image input is 32FC1
[component_container_mt-2] [ERROR] [1779541547.570026124] [depth_nitros_bridge]: Input image format is not MONO16 image. This node only supports MONO16 image.The current image input is 32FC1
[component_container_mt-2] [ERROR] [1779541547.603480994] [depth_nitros_bridge]: Input image format is not MONO16 image. This node only supports MONO16 image.The current image input is 32FC1
[component_container_mt-2] [ERROR] [1779541547.636180451] [depth_nitros_bridge]: Input image format is not MONO16 image. This node only supports MONO16 image.The current image input is 32FC1
[component_container_mt-2] [ERROR] [1779541547.670834920] [depth_nitros_bridge]: Input image format is not MONO16 image. This node only supports MONO16 image.The current image input is 32FC1
[component_container_mt-2] [ERROR] [1779541547.704071292] [depth_nitros_bridge]: Input image format is not MONO16 image. This node only supports MONO16 image.The current image input is 32FC1
[component_container_mt-2] [ERROR] [1779541547.727442032] [depth_nitros_bridge]: Input image format is not MONO16 image. This node only supports MONO16 image.The current image input is 32FC1
[component_container_mt-2] [ERROR] [1779541547.769798264] [depth_nitros_bridge]: Input image format is not MONO16 image. This node only supports MONO16 image.The current image input is 32FC1
[component_container_mt-2] [ERROR] [1779541547.812221366] [depth_nitros_bridge]: Input image format is not MONO16 image. This node only supports MONO16 image.The current image input is 32FC1
[component_container_mt-2] [ERROR] [1779541547.841777555] [depth_nitros_bridge]: Input image format is not MONO16 image. This node only supports MONO16 image.The current image input is 32FC1
[component_container_mt-2] [ERROR] [1779541547.864862039] [depth_nitros_bridge]: Input image format is not MONO16 image. This node only supports MONO16 image.The current image input is 32FC1
[component_container_mt-2] [ERROR] [1779541547.909116416] [depth_nitros_bridge]: Input image format is not MONO16 image. This node only supports MONO16 image.The current image input is 32FC1
[component_container_mt-2] [ERROR] [1779541547.927519331] [depth_nitros_bridge]: Input image format is not MONO16 image. This node only supports MONO16 image.The current image input is 32FC1
[component_container_mt-2] [ERROR] [1779541547.969967835] [depth_nitros_bridge]: Input image format is not MONO16 image. This node only supports MONO16 image.The current image input is 32FC1
[component_container_mt-2] [ERROR] [1779541547.993490056] [depth_nitros_bridge]: Input image format is not MONO16 image. This node only supports MONO16 image.The current image input is 32FC1
[component_container_mt-2] [ERROR] [1779541548.036875366] [depth_nitros_bridge]: Input image format is not MONO16 image. This node only supports MONO16 image.The current image input is 32FC1
[component_container_mt-2] [ERROR] [1779541548.069536000] [depth_nitros_bridge]: Input image format is not MONO16 image. This node only supports MONO16 image.The current image input is 32FC1
[component_container_mt-2] [ERROR] [1779541548.102722555] [depth_nitros_bridge]: Input image format is not MONO16 image. This node only supports MONO16 image.The current image input is 32FC1
[component_container_mt-2] [ERROR] [1779541548.136386291] [depth_nitros_bridge]: Input image format is not MONO16 image. This node only supports MONO16 image.The current image input is 32FC1
[component_container_mt-2] [ERROR] [1779541548.173291324] [depth_nitros_bridge]: Input image format is not MONO16 image. This node only supports MONO16 image.The current image input is 32FC1
[component_container_mt-2] [ERROR] [1779541548.205474356] [depth_nitros_bridge]: Input image format is not MONO16 image. This node only supports MONO16 image.The current image input is 32FC1
[component_container_mt-2] [ERROR] [1779541548.229328081] [depth_nitros_bridge]: Input image format is not MONO16 image. This node only supports MONO16 image.The current image input is 32FC1
[component_container_mt-2] [ERROR] [1779541548.274498660] [depth_nitros_bridge]: Input image format is not MONO16 image. This node only supports MONO16 image.The current image input is 32FC1
[component_container_mt-2] [ERROR] [1779541548.304844564] [depth_nitros_bridge]: Input image format is not MONO16 image. This node only supports MONO16 image.The current image input is 32FC1
[component_container_mt-2] [ERROR] [1779541548.325840341] [depth_nitros_bridge]: Input image format is not MONO16 image. This node only supports MONO16 image.The current image input is 32FC1
[component_container_mt-2] [ERROR] [1779541548.363387062] [depth_nitros_bridge]: Input image format is not MONO16 image. This node only supports MONO16 image.The current image input is 32FC1
[component_container_mt-2] [ERROR] [1779541548.403984654] [depth_nitros_bridge]: Input image format is not MONO16 image. This node only supports MONO16 image.The current image input is 32FC1
[component_container_mt-2] [ERROR] [1779541548.438958152] [depth_nitros_bridge]: Input image format is not MONO16 image. This node only supports MONO16 image.The current image input is 32FC1
[component_container_mt-2] [ERROR] [1779541548.480539137] [depth_nitros_bridge]: Input image format is not MONO16 image. This node only supports MONO16 image.The current image input is 32FC1
[component_container_mt-2] [ERROR] [1779541548.513204998] [depth_nitros_bridge]: Input image format is not MONO16 image. This node only supports MONO16 image.The current image input is 32FC1
[component_container_mt-2] [ERROR] [1779541548.540253548] [depth_nitros_bridge]: Input image format is not MONO16 image. This node only supports MONO16 image.The current image input is 32FC1
[component_container_mt-2] [ERROR] [1779541548.579821371] [depth_nitros_bridge]: Input image format is not MONO16 image. This node only supports MONO16 image.The current image input is 32FC1
[component_container_mt-2] [ERROR] [1779541548.608509867] [depth_nitros_bridge]: Input image format is not MONO16 image. This node only supports MONO16 image.The current image input is 32FC1
[component_container_mt-2] [ERROR] [1779541548.648571701] [depth_nitros_bridge]: Input image format is not MONO16 image. This node only supports MONO16 image.The current image input is 32FC1
[component_container_mt-2] [ERROR] [1779541548.674690190] [depth_nitros_bridge]: Input image format is not MONO16 image. This node only supports MONO16 image.The current image input is 32FC1
[component_container_mt-2] [ERROR] [1779541548.707348490] [depth_nitros_bridge]: Input image format is not MONO16 image. This node only supports MONO16 image.The current image input is 32FC1
[component_container_mt-2] [ERROR] [1779541548.737132870] [depth_nitros_bridge]: Input image format is not MONO16 image. This node only supports MONO16 image.The current image input is 32FC1
[component_container_mt-2] [ERROR] [1779541548.771766091] [depth_nitros_bridge]: Input image format is not MONO16 image. This node only supports MONO16 image.The current image input is 32FC1
[component_container_mt-2] [ERROR] [1779541548.796000423] [depth_nitros_bridge]: Input image format is not MONO16 image. This node only supports MONO16 image.The current image input is 32FC1
[component_container_mt-2] [ERROR] [1779541548.846650486] [depth_nitros_bridge]: Input image format is not MONO16 image. This node only supports MONO16 image.The current image input is 32FC1
[component_container_mt-2] [ERROR] [1779541548.881842878] [depth_nitros_bridge]: Input image format is not MONO16 image. This node only supports MONO16 image.The current image input is 32FC1
[component_container_mt-2] [ERROR] [1779541548.893804801] [depth_nitros_bridge]: Input image format is not MONO16 image. This node only supports MONO16 image.The current image input is 32FC1
[component_container_mt-2] [ERROR] [1779541548.937226842] [depth_nitros_bridge]: Input image format is not MONO16 image. This node only supports MONO16 image.The current image input is 32FC1
[component_container_mt-2] [ERROR] [1779541548.970469593] [depth_nitros_bridge]: Input image format is not MONO16 image. This node only supports MONO16 image.The current image input is 32FC1
[component_container_mt-2] [ERROR] [1779541549.013277374] [depth_nitros_bridge]: Input image format is not MONO16 image. This node only supports MONO16 image.The current image input is 32FC1
[component_container_mt-2] [ERROR] [1779541549.037133422] [depth_nitros_bridge]: Input image format is not MONO16 image. This node only supports MONO16 image.The current image input is 32FC1
[component_container_mt-2] [ERROR] [1779541549.070144884] [depth_nitros_bridge]: Input image format is not MONO16 image. This node only supports MONO16 image.The current image input is 32FC1
[component_container_mt-2] [ERROR] [1779541549.094689235] [depth_nitros_bridge]: Input image format is not MONO16 image. This node only supports MONO16 image.The current image input is 32FC1
[component_container_mt-2] [ERROR] [1779541549.128594982] [depth_nitros_bridge]: Input image format is not MONO16 image. This node only supports MONO16 image.The current image input is 32FC1
[component_container_mt-2] [ERROR] [1779541549.168110224] [depth_nitros_bridge]: Input image format is not MONO16 image. This node only supports MONO16 image.The current image input is 32FC1
[component_container_mt-2] [ERROR] [1779541549.205756789] [depth_nitros_bridge]: Input image format is not MONO16 image. This node only supports MONO16 image.The current image input is 32FC1
[component_container_mt-2] [ERROR] [1779541549.237655219] [depth_nitros_bridge]: Input image format is not MONO16 image. This node only supports MONO16 image.The current image input is 32FC1
[component_container_mt-2] [ERROR] [1779541549.250334332] [depth_nitros_bridge]: Input image format is not MONO16 image. This node only supports MONO16 image.The current image input is 32FC1
[component_container_mt-2] [ERROR] [1779541549.303109318] [depth_nitros_bridge]: Input image format is not MONO16 image. This node only supports MONO16 image.The current image input is 32FC1
[component_container_mt-2] [ERROR] [1779541549.316741333] [depth_nitros_bridge]: Input image format is not MONO16 image. This node only supports MONO16 image.The current image input is 32FC1
[component_container_mt-2] [ERROR] [1779541549.372498093] [depth_nitros_bridge]: Input image format is not MONO16 image. This node only supports MONO16 image.The current image input is 32FC1
[component_container_mt-2] [ERROR] [1779541549.403038512] [depth_nitros_bridge]: Input image format is not MONO16 image. This node only supports MONO16 image.The current image input is 32FC1
[component_container_mt-2] [ERROR] [1779541549.438565613] [depth_nitros_bridge]: Input image format is not MONO16 image. This node only supports MONO16 image.The current image input is 32FC1
[component_container_mt-2] [ERROR] [1779541549.467187976] [depth_nitros_bridge]: Input image format is not MONO16 image. This node only supports MONO16 image.The current image input is 32FC1
[component_container_mt-2] [ERROR] [1779541549.511091123] [depth_nitros_bridge]: Input image format is not MONO16 image. This node only supports MONO16 image.The current image input is 32FC1
[component_container_mt-2] [ERROR] [1779541549.547338099] [depth_nitros_bridge]: Input image format is not MONO16 image. This node only supports MONO16 image.The current image input is 32FC1
[component_container_mt-2] [ERROR] [1779541549.572846158] [depth_nitros_bridge]: Input image format is not MONO16 image. This node only supports MONO16 image.The current image input is 32FC1
[component_container_mt-2] [ERROR] [1779541549.582999983] [depth_nitros_bridge]: Input image format is not MONO16 image. This node only supports MONO16 image.The current image input is 32FC1
[component_container_mt-2] [ERROR] [1779541549.628685788] [depth_nitros_bridge]: Input image format is not MONO16 image. This node only supports MONO16 image.The current image input is 32FC1
[component_container_mt-2] [ERROR] [1779541549.659387703] [depth_nitros_bridge]: Input image format is not MONO16 image. This node only supports MONO16 image.The current image input is 32FC1
[component_container_mt-2] [ERROR] [1779541549.694763213] [depth_nitros_bridge]: Input image format is not MONO16 image. This node only supports MONO16 image.The current image input is 32FC1
[component_container_mt-2] [ERROR] [1779541549.726460176] [depth_nitros_bridge]: Input image format is not MONO16 image. This node only supports MONO16 image.The current image input is 32FC1
[component_container_mt-2] [ERROR] [1779541549.759707792] [depth_nitros_bridge]: Input image format is not MONO16 image. This node only supports MONO16 image.The current image input is 32FC1
[component_container_mt-2] [ERROR] [1779541549.799206460] [depth_nitros_bridge]: Input image format is not MONO16 image. This node only supports MONO16 image.The current image input is 32FC1
[component_container_mt-2] [ERROR] [1779541549.839937374] [depth_nitros_bridge]: Input image format is not MONO16 image. This node only supports MONO16 image.The current image input is 32FC1
[component_container_mt-2] [ERROR] [1779541549.863113669] [depth_nitros_bridge]: Input image format is not MONO16 image. This node only supports MONO16 image.The current image input is 32FC1
[component_container_mt-2] [ERROR] [1779541549.910205542] [depth_nitros_bridge]: Input image format is not MONO16 image. This node only supports MONO16 image.The current image input is 32FC1
[component_container_mt-2] [ERROR] [1779541549.926765476] [depth_nitros_bridge]: Input image format is not MONO16 image. This node only supports MONO16 image.The current image input is 32FC1
[component_container_mt-2] [ERROR] [1779541549.969800580] [depth_nitros_bridge]: Input image format is not MONO16 image. This node only supports MONO16 image.The current image input is 32FC1
[component_container_mt-2] [ERROR] [1779541550.010999333] [depth_nitros_bridge]: Input image format is not MONO16 image. This node only supports MONO16 image.The current image input is 32FC1
[component_container_mt-2] [ERROR] [1779541550.033259219] [depth_nitros_bridge]: Input image format is not MONO16 image. This node only supports MONO16 image.The current image input is 32FC1
[component_container_mt-2] [ERROR] [1779541550.069514570] [depth_nitros_bridge]: Input image format is not MONO16 image. This node only supports MONO16 image.The current image input is 32FC1
[component_container_mt-2] [ERROR] [1779541550.106009188] [depth_nitros_bridge]: Input image format is not MONO16 image. This node only supports MONO16 image.The current image input is 32FC1
[component_container_mt-2] [ERROR] [1779541550.139016812] [depth_nitros_bridge]: Input image format is not MONO16 image. This node only supports MONO16 image.The current image input is 32FC1
[component_container_mt-2] [ERROR] [1779541550.167271276] [depth_nitros_bridge]: Input image format is not MONO16 image. This node only supports MONO16 image.The current image input is 32FC1
[component_container_mt-2] [ERROR] [1779541550.194013096] [depth_nitros_bridge]: Input image format is not MONO16 image. This node only supports MONO16 image.The current image input is 32FC1
[component_container_mt-2] [ERROR] [1779541550.232660074] [depth_nitros_bridge]: Input image format is not MONO16 image. This node only supports MONO16 image.The current image input is 32FC1
[component_container_mt-2] [ERROR] [1779541550.280234264] [depth_nitros_bridge]: Input image format is not MONO16 image. This node only supports MONO16 image.The current image input is 32FC1
[component_container_mt-2] [ERROR] [1779541550.322347931] [depth_nitros_bridge]: Input image format is not MONO16 image. This node only supports MONO16 image.The current image input is 32FC1
[component_container_mt-2] [ERROR] [1779541550.339094435] [depth_nitros_bridge]: Input image format is not MONO16 image. This node only supports MONO16 image.The current image input is 32FC1
[component_container_mt-2] [ERROR] [1779541550.374540308] [depth_nitros_bridge]: Input image format is not MONO16 image. This node only supports MONO16 image.The current image input is 32FC1
[component_container_mt-2] [ERROR] [1779541550.392922643] [depth_nitros_bridge]: Input image format is not MONO16 image. This node only supports MONO16 image.The current image input is 32FC1
[component_container_mt-2] [ERROR] [1779541550.432974843] [depth_nitros_bridge]: Input image format is not MONO16 image. This node only supports MONO16 image.The current image input is 32FC1
[component_container_mt-2] [ERROR] [1779541550.480401419] [depth_nitros_bridge]: Input image format is not MONO16 image. This node only supports MONO16 image.The current image input is 32FC1
[component_container_mt-2] [ERROR] [1779541550.496643896] [depth_nitros_bridge]: Input image format is not MONO16 image. This node only supports MONO16 image.The current image input is 32FC1
[component_container_mt-2] [ERROR] [1779541550.535916794] [depth_nitros_bridge]: Input image format is not MONO16 image. This node only supports MONO16 image.The current image input is 32FC1
[component_container_mt-2] [ERROR] [1779541550.572140127] [depth_nitros_bridge]: Input image format is not MONO16 image. This node only supports MONO16 image.The current image input is 32FC1
[component_container_mt-2] [ERROR] [1779541550.595949150] [depth_nitros_bridge]: Input image format is not MONO16 image. This node only supports MONO16 image.The current image input is 32FC1
[component_container_mt-2] [ERROR] [1779541550.638513183] [depth_nitros_bridge]: Input image format is not MONO16 image. This node only supports MONO16 image.The current image input is 32FC1
[component_container_mt-2] [ERROR] [1779541550.670182783] [depth_nitros_bridge]: Input image format is not MONO16 image. This node only supports MONO16 image.The current image input is 32FC1
[component_container_mt-2] [ERROR] [1779541550.705746116] [depth_nitros_bridge]: Input image format is not MONO16 image. This node only supports MONO16 image.The current image input is 32FC1
[component_container_mt-2] [ERROR] [1779541550.747581486] [depth_nitros_bridge]: Input image format is not MONO16 image. This node only supports MONO16 image.The current image input is 32FC1
[component_container_mt-2] [ERROR] [1779541550.779423538] [depth_nitros_bridge]: Input image format is not MONO16 image. This node only supports MONO16 image.The current image input is 32FC1
[component_container_mt-2] [ERROR] [1779541550.813563941] [depth_nitros_bridge]: Input image format is not MONO16 image. This node only supports MONO16 image.The current image input is 32FC1
[component_container_mt-2] [ERROR] [1779541550.837947025] [depth_nitros_bridge]: Input image format is not MONO16 image. This node only supports MONO16 image.The current image input is 32FC1
[component_container_mt-2] [ERROR] [1779541550.860760744] [depth_nitros_bridge]: Input image format is not MONO16 image. This node only supports MONO16 image.The current image input is 32FC1
[component_container_mt-2] [ERROR] [1779541550.894215221] [depth_nitros_bridge]: Input image format is not MONO16 image. This node only supports MONO16 image.The current image input is 32FC1
[component_container_mt-2] [ERROR] [1779541550.926707182] [depth_nitros_bridge]: Input image format is not MONO16 image. This node only supports MONO16 image.The current image input is 32FC1
[component_container_mt-2] [ERROR] [1779541550.969693801] [depth_nitros_bridge]: Input image format is not MONO16 image. This node only supports MONO16 image.The current image input is 32FC1
[component_container_mt-2] [ERROR] [1779541550.995752185] [depth_nitros_bridge]: Input image format is not MONO16 image. This node only supports MONO16 image.The current image input is 32FC1
[component_container_mt-2] [ERROR] [1779541551.027564084] [depth_nitros_bridge]: Input image format is not MONO16 image. This node only supports MONO16 image.The current image input is 32FC1
[component_container_mt-2] [ERROR] [1779541551.070607839] [depth_nitros_bridge]: Input image format is not MONO16 image. This node only supports MONO16 image.The current image input is 32FC1
[component_container_mt-2] [ERROR] [1779541551.094451307] [depth_nitros_bridge]: Input image format is not MONO16 image. This node only supports MONO16 image.The current image input is 32FC1
[component_container_mt-2] [ERROR] [1779541551.136214245] [depth_nitros_bridge]: Input image format is not MONO16 image. This node only supports MONO16 image.The current image input is 32FC1
[component_container_mt-2] [ERROR] [1779541551.169865661] [depth_nitros_bridge]: Input image format is not MONO16 image. This node only supports MONO16 image.The current image input is 32FC1
[component_container_mt-2] [ERROR] [1779541551.194406063] [depth_nitros_bridge]: Input image format is not MONO16 image. This node only supports MONO16 image.The current image input is 32FC1
[component_container_mt-2] [ERROR] [1779541551.239443984] [depth_nitros_bridge]: Input image format is not MONO16 image. This node only supports MONO16 image.The current image input is 32FC1
[component_container_mt-2] [ERROR] [1779541551.262529056] [depth_nitros_bridge]: Input image format is not MONO16 image. This node only supports MONO16 image.The current image input is 32FC1
[component_container_mt-2] [ERROR] [1779541551.304518590] [depth_nitros_bridge]: Input image format is not MONO16 image. This node only supports MONO16 image.The current image input is 32FC1
[component_container_mt-2] [ERROR] [1779541551.327619428] [depth_nitros_bridge]: Input image format is not MONO16 image. This node only supports MONO16 image.The current image input is 32FC1
[component_container_mt-2] [ERROR] [1779541551.372145724] [depth_nitros_bridge]: Input image format is not MONO16 image. This node only supports MONO16 image.The current image input is 32FC1
[component_container_mt-2] [ERROR] [1779541551.403196651] [depth_nitros_bridge]: Input image format is not MONO16 image. This node only supports MONO16 image.The current image input is 32FC1
[component_container_mt-2] [ERROR] [1779541551.436473932] [depth_nitros_bridge]: Input image format is not MONO16 image. This node only supports MONO16 image.The current image input is 32FC1
[component_container_mt-2] [ERROR] [1779541551.480235174] [depth_nitros_bridge]: Input image format is not MONO16 image. This node only supports MONO16 image.The current image input is 32FC1
[component_container_mt-2] [ERROR] [1779541551.516152416] [depth_nitros_bridge]: Input image format is not MONO16 image. This node only supports MONO16 image.The current image input is 32FC1
[component_container_mt-2] [ERROR] [1779541551.543293181] [depth_nitros_bridge]: Input image format is not MONO16 image. This node only supports MONO16 image.The current image input is 32FC1
[component_container_mt-2] [ERROR] [1779541551.570890912] [depth_nitros_bridge]: Input image format is not MONO16 image. This node only supports MONO16 image.The current image input is 32FC1
[component_container_mt-2] [ERROR] [1779541551.583748577] [depth_nitros_bridge]: Input image format is not MONO16 image. This node only supports MONO16 image.The current image input is 32FC1
[component_container_mt-2] [ERROR] [1779541551.628268186] [depth_nitros_bridge]: Input image format is not MONO16 image. This node only supports MONO16 image.The current image input is 32FC1
[component_container_mt-2] [ERROR] [1779541551.670468538] [depth_nitros_bridge]: Input image format is not MONO16 image. This node only supports MONO16 image.The current image input is 32FC1
[component_container_mt-2] [ERROR] [1779541551.709076121] [depth_nitros_bridge]: Input image format is not MONO16 image. This node only supports MONO16 image.The current image input is 32FC1
[component_container_mt-2] [ERROR] [1779541551.728200177] [depth_nitros_bridge]: Input image format is not MONO16 image. This node only supports MONO16 image.The current image input is 32FC1
[component_container_mt-2] [ERROR] [1779541551.764712833] [depth_nitros_bridge]: Input image format is not MONO16 image. This node only supports MONO16 image.The current image input is 32FC1
[component_container_mt-2] [ERROR] [1779541551.797129836] [depth_nitros_bridge]: Input image format is not MONO16 image. This node only supports MONO16 image.The current image input is 32FC1
[component_container_mt-2] [ERROR] [1779541551.826647809] [depth_nitros_bridge]: Input image format is not MONO16 image. This node only supports MONO16 image.The current image input is 32FC1
[component_container_mt-2] [ERROR] [1779541551.860332345] [depth_nitros_bridge]: Input image format is not MONO16 image. This node only supports MONO16 image.The current image input is 32FC1
[component_container_mt-2] [ERROR] [1779541551.903832983] [depth_nitros_bridge]: Input image format is not MONO16 image. This node only supports MONO16 image.The current image input is 32FC1
[component_container_mt-2] [ERROR] [1779541551.936275291] [depth_nitros_bridge]: Input image format is not MONO16 image. This node only supports MONO16 image.The current image input is 32FC1
[component_container_mt-2] [ERROR] [1779541551.970949309] [depth_nitros_bridge]: Input image format is not MONO16 image. This node only supports MONO16 image.The current image input is 32FC1
[component_container_mt-2] [ERROR] [1779541552.005945022] [depth_nitros_bridge]: Input image format is not MONO16 image. This node only supports MONO16 image.The current image input is 32FC1
[component_container_mt-2] [ERROR] [1779541552.036228670] [depth_nitros_bridge]: Input image format is not MONO16 image. This node only supports MONO16 image.The current image input is 32FC1
[component_container_mt-2] [ERROR] [1779541552.081767751] [depth_nitros_bridge]: Input image format is not MONO16 image. This node only supports MONO16 image.The current image input is 32FC1
[component_container_mt-2] [ERROR] [1779541552.103173276] [depth_nitros_bridge]: Input image format is not MONO16 image. This node only supports MONO16 image.The current image input is 32FC1
[component_container_mt-2] [ERROR] [1779541552.136209106] [depth_nitros_bridge]: Input image format is not MONO16 image. This node only supports MONO16 image.The current image input is 32FC1
[component_container_mt-2] [ERROR] [1779541552.180167375] [depth_nitros_bridge]: Input image format is not MONO16 image. This node only supports MONO16 image.The current image input is 32FC1
[component_container_mt-2] [ERROR] [1779541552.213328838] [depth_nitros_bridge]: Input image format is not MONO16 image. This node only supports MONO16 image.The current image input is 32FC1
[component_container_mt-2] [ERROR] [1779541552.240445432] [depth_nitros_bridge]: Input image format is not MONO16 image. This node only supports MONO16 image.The current image input is 32FC1
[component_container_mt-2] [ERROR] [1779541552.280419975] [depth_nitros_bridge]: Input image format is not MONO16 image. This node only supports MONO16 image.The current image input is 32FC1
[component_container_mt-2] [ERROR] [1779541552.314601526] [depth_nitros_bridge]: Input image format is not MONO16 image. This node only supports MONO16 image.The current image input is 32FC1
[component_container_mt-2] [ERROR] [1779541552.348947614] [depth_nitros_bridge]: Input image format is not MONO16 image. This node only supports MONO16 image.The current image input is 32FC1
[component_container_mt-2] [ERROR] [1779541552.385036946] [depth_nitros_bridge]: Input image format is not MONO16 image. This node only supports MONO16 image.The current image input is 32FC1
[component_container_mt-2] [ERROR] [1779541552.394055228] [depth_nitros_bridge]: Input image format is not MONO16 image. This node only supports MONO16 image.The current image input is 32FC1
[component_container_mt-2] [ERROR] [1779541552.449366097] [depth_nitros_bridge]: Input image format is not MONO16 image. This node only supports MONO16 image.The current image input is 32FC1
[component_container_mt-2] [ERROR] [1779541552.460204750] [depth_nitros_bridge]: Input image format is not MONO16 image. This node only supports MONO16 image.The current image input is 32FC1
[component_container_mt-2] [ERROR] [1779541552.505626867] [depth_nitros_bridge]: Input image format is not MONO16 image. This node only supports MONO16 image.The current image input is 32FC1
[component_container_mt-2] [ERROR] [1779541552.546224517] [depth_nitros_bridge]: Input image format is not MONO16 image. This node only supports MONO16 image.The current image input is 32FC1
[component_container_mt-2] [ERROR] [1779541552.572872480] [depth_nitros_bridge]: Input image format is not MONO16 image. This node only supports MONO16 image.The current image input is 32FC1
[component_container_mt-2] [ERROR] [1779541552.617490761] [depth_nitros_bridge]: Input image format is not MONO16 image. This node only supports MONO16 image.The current image input is 32FC1
[component_container_mt-2] [ERROR] [1779541552.647009872] [depth_nitros_bridge]: Input image format is not MONO16 image. This node only supports MONO16 image.The current image input is 32FC1
[component_container_mt-2] [ERROR] [1779541552.670770547] [depth_nitros_bridge]: Input image format is not MONO16 image. This node only supports MONO16 image.The current image input is 32FC1
[component_container_mt-2] [ERROR] [1779541552.706115755] [depth_nitros_bridge]: Input image format is not MONO16 image. This node only supports MONO16 image.The current image input is 32FC1
[component_container_mt-2] [ERROR] [1779541552.736637676] [depth_nitros_bridge]: Input image format is not MONO16 image. This node only supports MONO16 image.The current image input is 32FC1
[component_container_mt-2] [ERROR] [1779541552.770047737] [depth_nitros_bridge]: Input image format is not MONO16 image. This node only supports MONO16 image.The current image input is 32FC1
[component_container_mt-2] [ERROR] [1779541552.814187773] [depth_nitros_bridge]: Input image format is not MONO16 image. This node only supports MONO16 image.The current image input is 32FC1
[component_container_mt-2] [ERROR] [1779541552.846662945] [depth_nitros_bridge]: Input image format is not MONO16 image. This node only supports MONO16 image.The current image input is 32FC1
[component_container_mt-2] [ERROR] [1779541552.882803289] [depth_nitros_bridge]: Input image format is not MONO16 image. This node only supports MONO16 image.The current image input is 32FC1
[component_container_mt-2] [ERROR] [1779541552.903007427] [depth_nitros_bridge]: Input image format is not MONO16 image. This node only supports MONO16 image.The current image input is 32FC1
[component_container_mt-2] [ERROR] [1779541552.936817254] [depth_nitros_bridge]: Input image format is not MONO16 image. This node only supports MONO16 image.The current image input is 32FC1
[component_container_mt-2] [ERROR] [1779541552.963175554] [depth_nitros_bridge]: Input image format is not MONO16 image. This node only supports MONO16 image.The current image input is 32FC1
[component_container_mt-2] [ERROR] [1779541553.013403336] [depth_nitros_bridge]: Input image format is not MONO16 image. This node only supports MONO16 image.The current image input is 32FC1
[component_container_mt-2] [ERROR] [1779541553.043644170] [depth_nitros_bridge]: Input image format is not MONO16 image. This node only supports MONO16 image.The current image input is 32FC1
[component_container_mt-2] [ERROR] [1779541553.078822109] [depth_nitros_bridge]: Input image format is not MONO16 image. This node only supports MONO16 image.The current image input is 32FC1
[component_container_mt-2] [ERROR] [1779541553.099729357] [depth_nitros_bridge]: Input image format is not MONO16 image. This node only supports MONO16 image.The current image input is 32FC1
[component_container_mt-2] [ERROR] [1779541553.138381266] [depth_nitros_bridge]: Input image format is not MONO16 image. This node only supports MONO16 image.The current image input is 32FC1
[component_container_mt-2] [ERROR] [1779541553.174138958] [depth_nitros_bridge]: Input image format is not MONO16 image. This node only supports MONO16 image.The current image input is 32FC1
[component_container_mt-2] [ERROR] [1779541553.192779632] [depth_nitros_bridge]: Input image format is not MONO16 image. This node only supports MONO16 image.The current image input is 32FC1
[component_container_mt-2] [ERROR] [1779541553.231831125] [depth_nitros_bridge]: Input image format is not MONO16 image. This node only supports MONO16 image.The current image input is 32FC1
[component_container_mt-2] [ERROR] [1779541553.270415792] [depth_nitros_bridge]: Input image format is not MONO16 image. This node only supports MONO16 image.The current image input is 32FC1
[component_container_mt-2] [ERROR] [1779541553.317045987] [depth_nitros_bridge]: Input image format is not MONO16 image. This node only supports MONO16 image.The current image input is 32FC1
[component_container_mt-2] [ERROR] [1779541553.347831134] [depth_nitros_bridge]: Input image format is not MONO16 image. This node only supports MONO16 image.The current image input is 32FC1
[component_container_mt-2] [ERROR] [1779541553.363632439] [depth_nitros_bridge]: Input image format is not MONO16 image. This node only supports MONO16 image.The current image input is 32FC1
[component_container_mt-2] [ERROR] [1779541553.414873501] [depth_nitros_bridge]: Input image format is not MONO16 image. This node only supports MONO16 image.The current image input is 32FC1
[component_container_mt-2] [ERROR] [1779541553.452846531] [depth_nitros_bridge]: Input image format is not MONO16 image. This node only supports MONO16 image.The current image input is 32FC1
[component_container_mt-2] [ERROR] [1779541553.469788439] [depth_nitros_bridge]: Input image format is not MONO16 image. This node only supports MONO16 image.The current image input is 32FC1
[component_container_mt-2] [ERROR] [1779541553.494246421] [depth_nitros_bridge]: Input image format is not MONO16 image. This node only supports MONO16 image.The current image input is 32FC1
[component_container_mt-2] [ERROR] [1779541553.528108151] [depth_nitros_bridge]: Input image format is not MONO16 image. This node only supports MONO16 image.The current image input is 32FC1
[component_container_mt-2] [ERROR] [1779541553.572675345] [depth_nitros_bridge]: Input image format is not MONO16 image. This node only supports MONO16 image.The current image input is 32FC1
[component_container_mt-2] [ERROR] [1779541553.595120617] [depth_nitros_bridge]: Input image format is not MONO16 image. This node only supports MONO16 image.The current image input is 32FC1
[component_container_mt-2] [ERROR] [1779541553.637211261] [depth_nitros_bridge]: Input image format is not MONO16 image. This node only supports MONO16 image.The current image input is 32FC1
[component_container_mt-2] [ERROR] [1779541553.662535841] [depth_nitros_bridge]: Input image format is not MONO16 image. This node only supports MONO16 image.The current image input is 32FC1
[component_container_mt-2] [ERROR] [1779541553.706004052] [depth_nitros_bridge]: Input image format is not MONO16 image. This node only supports MONO16 image.The current image input is 32FC1
[component_container_mt-2] [ERROR] [1779541553.736032249] [depth_nitros_bridge]: Input image format is not MONO16 image. This node only supports MONO16 image.The current image input is 32FC1
[component_container_mt-2] [ERROR] [1779541553.773673735] [depth_nitros_bridge]: Input image format is not MONO16 image. This node only supports MONO16 image.The current image input is 32FC1
[component_container_mt-2] [ERROR] [1779541553.795434215] [depth_nitros_bridge]: Input image format is not MONO16 image. This node only supports MONO16 image.The current image input is 32FC1
[component_container_mt-2] [ERROR] [1779541553.836423207] [depth_nitros_bridge]: Input image format is not MONO16 image. This node only supports MONO16 image.The current image input is 32FC1
[component_container_mt-2] [ERROR] [1779541553.882339916] [depth_nitros_bridge]: Input image format is not MONO16 image. This node only supports MONO16 image.The current image input is 32FC1
[component_container_mt-2] [ERROR] [1779541553.917528850] [depth_nitros_bridge]: Input image format is not MONO16 image. This node only supports MONO16 image.The current image input is 32FC1
[component_container_mt-2] [ERROR] [1779541553.936697294] [depth_nitros_bridge]: Input image format is not MONO16 image. This node only supports MONO16 image.The current image input is 32FC1
[component_container_mt-2] [ERROR] [1779541553.969631885] [depth_nitros_bridge]: Input image format is not MONO16 image. This node only supports MONO16 image.The current image input is 32FC1
[component_container_mt-2] [ERROR] [1779541554.003231609] [depth_nitros_bridge]: Input image format is not MONO16 image. This node only supports MONO16 image.The current image input is 32FC1
[component_container_mt-2] [ERROR] [1779541554.042100101] [depth_nitros_bridge]: Input image format is not MONO16 image. This node only supports MONO16 image.The current image input is 32FC1
[component_container_mt-2] [ERROR] [1779541554.070750723] [depth_nitros_bridge]: Input image format is not MONO16 image. This node only supports MONO16 image.The current image input is 32FC1
[component_container_mt-2] [ERROR] [1779541554.094198915] [depth_nitros_bridge]: Input image format is not MONO16 image. This node only supports MONO16 image.The current image input is 32FC1
[component_container_mt-2] [ERROR] [1779541554.136521544] [depth_nitros_bridge]: Input image format is not MONO16 image. This node only supports MONO16 image.The current image input is 32FC1
[component_container_mt-2] [ERROR] [1779541554.166975947] [depth_nitros_bridge]: Input image format is not MONO16 image. This node only supports MONO16 image.The current image input is 32FC1
[component_container_mt-2] [ERROR] [1779541554.195332592] [depth_nitros_bridge]: Input image format is not MONO16 image. This node only supports MONO16 image.The current image input is 32FC1
[component_container_mt-2] [ERROR] [1779541554.244583223] [depth_nitros_bridge]: Input image format is not MONO16 image. This node only supports MONO16 image.The current image input is 32FC1
[component_container_mt-2] [ERROR] [1779541554.271355662] [depth_nitros_bridge]: Input image format is not MONO16 image. This node only supports MONO16 image.The current image input is 32FC1
[component_container_mt-2] [ERROR] [1779541554.303022128] [depth_nitros_bridge]: Input image format is not MONO16 image. This node only supports MONO16 image.The current image input is 32FC1
[component_container_mt-2] [ERROR] [1779541554.336488235] [depth_nitros_bridge]: Input image format is not MONO16 image. This node only supports MONO16 image.The current image input is 32FC1
[component_container_mt-2] [ERROR] [1779541554.377302446] [depth_nitros_bridge]: Input image format is not MONO16 image. This node only supports MONO16 image.The current image input is 32FC1
[component_container_mt-2] [ERROR] [1779541554.410019368] [depth_nitros_bridge]: Input image format is not MONO16 image. This node only supports MONO16 image.The current image input is 32FC1
[component_container_mt-2] [ERROR] [1779541554.437509407] [depth_nitros_bridge]: Input image format is not MONO16 image. This node only supports MONO16 image.The current image input is 32FC1
[component_container_mt-2] [ERROR] [1779541554.480601519] [depth_nitros_bridge]: Input image format is not MONO16 image. This node only supports MONO16 image.The current image input is 32FC1
[component_container_mt-2] [ERROR] [1779541554.494137432] [depth_nitros_bridge]: Input image format is not MONO16 image. This node only supports MONO16 image.The current image input is 32FC1
[component_container_mt-2] [ERROR] [1779541554.516840850] [depth_nitros_bridge]: Input image format is not MONO16 image. This node only supports MONO16 image.The current image input is 32FC1
[component_container_mt-2] [ERROR] [1779541554.581973079] [depth_nitros_bridge]: Input image format is not MONO16 image. This node only supports MONO16 image.The current image input is 32FC1
[component_container_mt-2] [ERROR] [1779541554.614135283] [depth_nitros_bridge]: Input image format is not MONO16 image. This node only supports MONO16 image.The current image input is 32FC1
[component_container_mt-2] [ERROR] [1779541554.640839416] [depth_nitros_bridge]: Input image format is not MONO16 image. This node only supports MONO16 image.The current image input is 32FC1
[component_container_mt-2] [ERROR] [1779541554.682380181] [depth_nitros_bridge]: Input image format is not MONO16 image. This node only supports MONO16 image.The current image input is 32FC1
[component_container_mt-2] [ERROR] [1779541554.709271139] [depth_nitros_bridge]: Input image format is not MONO16 image. This node only supports MONO16 image.The current image input is 32FC1
[component_container_mt-2] [ERROR] [1779541554.738041142] [depth_nitros_bridge]: Input image format is not MONO16 image. This node only supports MONO16 image.The current image input is 32FC1
[component_container_mt-2] [ERROR] [1779541554.777111866] [depth_nitros_bridge]: Input image format is not MONO16 image. This node only supports MONO16 image.The current image input is 32FC1
[component_container_mt-2] [ERROR] [1779541554.807813465] [depth_nitros_bridge]: Input image format is not MONO16 image. This node only supports MONO16 image.The current image input is 32FC1
[component_container_mt-2] [ERROR] [1779541554.828582992] [depth_nitros_bridge]: Input image format is not MONO16 image. This node only supports MONO16 image.The current image input is 32FC1
[component_container_mt-2] [ERROR] [1779541554.850683723] [depth_nitros_bridge]: Input image format is not MONO16 image. This node only supports MONO16 image.The current image input is 32FC1
[component_container_mt-2] [ERROR] [1779541554.893663875] [depth_nitros_bridge]: Input image format is not MONO16 image. This node only supports MONO16 image.The current image input is 32FC1
[component_container_mt-2] [ERROR] [1779541554.944835270] [depth_nitros_bridge]: Input image format is not MONO16 image. This node only supports MONO16 image.The current image input is 32FC1
[component_container_mt-2] [ERROR] [1779541554.968689016] [depth_nitros_bridge]: Input image format is not MONO16 image. This node only supports MONO16 image.The current image input is 32FC1
[component_container_mt-2] [ERROR] [1779541555.009411362] [depth_nitros_bridge]: Input image format is not MONO16 image. This node only supports MONO16 image.The current image input is 32FC1
[component_container_mt-2] [ERROR] [1779541555.037915042] [depth_nitros_bridge]: Input image format is not MONO16 image. This node only supports MONO16 image.The current image input is 32FC1
[component_container_mt-2] [ERROR] [1779541555.082469827] [depth_nitros_bridge]: Input image format is not MONO16 image. This node only supports MONO16 image.The current image input is 32FC1
[component_container_mt-2] [ERROR] [1779541555.109908577] [depth_nitros_bridge]: Input image format is not MONO16 image. This node only supports MONO16 image.The current image input is 32FC1
[component_container_mt-2] [ERROR] [1779541555.134709066] [depth_nitros_bridge]: Input image format is not MONO16 image. This node only supports MONO16 image.The current image input is 32FC1
[component_container_mt-2] [ERROR] [1779541555.165684308] [depth_nitros_bridge]: Input image format is not MONO16 image. This node only supports MONO16 image.The current image input is 32FC1
[component_container_mt-2] [ERROR] [1779541555.207356998] [depth_nitros_bridge]: Input image format is not MONO16 image. This node only supports MONO16 image.The current image input is 32FC1
[component_container_mt-2] [ERROR] [1779541555.239240838] [depth_nitros_bridge]: Input image format is not MONO16 image. This node only supports MONO16 image.The current image input is 32FC1
[component_container_mt-2] [ERROR] [1779541555.262142987] [depth_nitros_bridge]: Input image format is not MONO16 image. This node only supports MONO16 image.The current image input is 32FC1
[component_container_mt-2] [ERROR] [1779541555.304537492] [depth_nitros_bridge]: Input image format is not MONO16 image. This node only supports MONO16 image.The current image input is 32FC1
[component_container_mt-2] [ERROR] [1779541555.326935699] [depth_nitros_bridge]: Input image format is not MONO16 image. This node only supports MONO16 image.The current image input is 32FC1
[component_container_mt-2] [ERROR] [1779541555.371517171] [depth_nitros_bridge]: Input image format is not MONO16 image. This node only supports MONO16 image.The current image input is 32FC1
[component_container_mt-2] [ERROR] [1779541555.411900060] [depth_nitros_bridge]: Input image format is not MONO16 image. This node only supports MONO16 image.The current image input is 32FC1
[component_container_mt-2] [ERROR] [1779541555.447306247] [depth_nitros_bridge]: Input image format is not MONO16 image. This node only supports MONO16 image.The current image input is 32FC1
[component_container_mt-2] [ERROR] [1779541555.450991271] [depth_nitros_bridge]: Input image format is not MONO16 image. This node only supports MONO16 image.The current image input is 32FC1
[component_container_mt-2] [ERROR] [1779541555.493621592] [depth_nitros_bridge]: Input image format is not MONO16 image. This node only supports MONO16 image.The current image input is 32FC1
[component_container_mt-2] [ERROR] [1779541555.530607089] [depth_nitros_bridge]: Input image format is not MONO16 image. This node only supports MONO16 image.The current image input is 32FC1
[component_container_mt-2] [ERROR] [1779541555.573270936] [depth_nitros_bridge]: Input image format is not MONO16 image. This node only supports MONO16 image.The current image input is 32FC1
[component_container_mt-2] [ERROR] [1779541555.596191863] [depth_nitros_bridge]: Input image format is not MONO16 image. This node only supports MONO16 image.The current image input is 32FC1
[component_container_mt-2] [ERROR] [1779541555.640643396] [depth_nitros_bridge]: Input image format is not MONO16 image. This node only supports MONO16 image.The current image input is 32FC1
[component_container_mt-2] [ERROR] [1779541555.681053676] [depth_nitros_bridge]: Input image format is not MONO16 image. This node only supports MONO16 image.The current image input is 32FC1
[component_container_mt-2] [ERROR] [1779541555.698897353] [depth_nitros_bridge]: Input image format is not MONO16 image. This node only supports MONO16 image.The current image input is 32FC1
[component_container_mt-2] [ERROR] [1779541555.739070546] [depth_nitros_bridge]: Input image format is not MONO16 image. This node only supports MONO16 image.The current image input is 32FC1
[component_container_mt-2] [ERROR] [1779541555.764894415] [depth_nitros_bridge]: Input image format is not MONO16 image. This node only supports MONO16 image.The current image input is 32FC1
[component_container_mt-2] [ERROR] [1779541555.808115806] [depth_nitros_bridge]: Input image format is not MONO16 image. This node only supports MONO16 image.The current image input is 32FC1
[component_container_mt-2] [ERROR] [1779541555.827389626] [depth_nitros_bridge]: Input image format is not MONO16 image. This node only supports MONO16 image.The current image input is 32FC1
[component_container_mt-2] [ERROR] [1779541555.861054884] [depth_nitros_bridge]: Input image format is not MONO16 image. This node only supports MONO16 image.The current image input is 32FC1
[component_container_mt-2] [ERROR] [1779541555.911379971] [depth_nitros_bridge]: Input image format is not MONO16 image. This node only supports MONO16 image.The current image input is 32FC1
[component_container_mt-2] [ERROR] [1779541555.937166838] [depth_nitros_bridge]: Input image format is not MONO16 image. This node only supports MONO16 image.The current image input is 32FC1
[component_container_mt-2] [ERROR] [1779541555.973470633] [depth_nitros_bridge]: Input image format is not MONO16 image. This node only supports MONO16 image.The current image input is 32FC1
[component_container_mt-2] [ERROR] [1779541555.983144544] [depth_nitros_bridge]: Input image format is not MONO16 image. This node only supports MONO16 image.The current image input is 32FC1
[component_container_mt-2] [ERROR] [1779541556.037135925] [depth_nitros_bridge]: Input image format is not MONO16 image. This node only supports MONO16 image.The current image input is 32FC1
[component_container_mt-2] [ERROR] [1779541556.075049632] [depth_nitros_bridge]: Input image format is not MONO16 image. This node only supports MONO16 image.The current image input is 32FC1
[component_container_mt-2] [ERROR] [1779541556.103656556] [depth_nitros_bridge]: Input image format is not MONO16 image. This node only supports MONO16 image.The current image input is 32FC1
[component_container_mt-2] [ERROR] [1779541556.146740683] [depth_nitros_bridge]: Input image format is not MONO16 image. This node only supports MONO16 image.The current image input is 32FC1
[component_container_mt-2] [ERROR] [1779541556.169784625] [depth_nitros_bridge]: Input image format is not MONO16 image. This node only supports MONO16 image.The current image input is 32FC1
[component_container_mt-2] [ERROR] [1779541556.206354515] [depth_nitros_bridge]: Input image format is not MONO16 image. This node only supports MONO16 image.The current image input is 32FC1
[component_container_mt-2] [ERROR] [1779541556.237632765] [depth_nitros_bridge]: Input image format is not MONO16 image. This node only supports MONO16 image.The current image input is 32FC1
[component_container_mt-2] [ERROR] [1779541556.269883322] [depth_nitros_bridge]: Input image format is not MONO16 image. This node only supports MONO16 image.The current image input is 32FC1
[component_container_mt-2] [ERROR] [1779541556.313831339] [depth_nitros_bridge]: Input image format is not MONO16 image. This node only supports MONO16 image.The current image input is 32FC1
[component_container_mt-2] [ERROR] [1779541556.338486038] [depth_nitros_bridge]: Input image format is not MONO16 image. This node only supports MONO16 image.The current image input is 32FC1
[component_container_mt-2] [ERROR] [1779541556.369765091] [depth_nitros_bridge]: Input image format is not MONO16 image. This node only supports MONO16 image.The current image input is 32FC1
[component_container_mt-2] [ERROR] [1779541556.393017941] [depth_nitros_bridge]: Input image format is not MONO16 image. This node only supports MONO16 image.The current image input is 32FC1
[component_container_mt-2] [ERROR] [1779541556.427924089] [depth_nitros_bridge]: Input image format is not MONO16 image. This node only supports MONO16 image.The current image input is 32FC1
[component_container_mt-2] [ERROR] [1779541556.459805007] [depth_nitros_bridge]: Input image format is not MONO16 image. This node only supports MONO16 image.The current image input is 32FC1
[component_container_mt-2] [ERROR] [1779541556.502968158] [depth_nitros_bridge]: Input image format is not MONO16 image. This node only supports MONO16 image.The current image input is 32FC1
[component_container_mt-2] [ERROR] [1779541556.538369069] [depth_nitros_bridge]: Input image format is not MONO16 image. This node only supports MONO16 image.The current image input is 32FC1
[component_container_mt-2] [ERROR] [1779541556.574747703] [depth_nitros_bridge]: Input image format is not MONO16 image. This node only supports MONO16 image.The current image input is 32FC1
[component_container_mt-2] [ERROR] [1779541556.618975111] [depth_nitros_bridge]: Input image format is not MONO16 image. This node only supports MONO16 image.The current image input is 32FC1
[component_container_mt-2] [ERROR] [1779541556.647726573] [depth_nitros_bridge]: Input image format is not MONO16 image. This node only supports MONO16 image.The current image input is 32FC1
[component_container_mt-2] [ERROR] [1779541556.670531485] [depth_nitros_bridge]: Input image format is not MONO16 image. This node only supports MONO16 image.The current image input is 32FC1
[component_container_mt-2] [ERROR] [1779541556.702871701] [depth_nitros_bridge]: Input image format is not MONO16 image. This node only supports MONO16 image.The current image input is 32FC1
[component_container_mt-2] [ERROR] [1779541556.737364250] [depth_nitros_bridge]: Input image format is not MONO16 image. This node only supports MONO16 image.The current image input is 32FC1
[component_container_mt-2] [ERROR] [1779541556.761526091] [depth_nitros_bridge]: Input image format is not MONO16 image. This node only supports MONO16 image.The current image input is 32FC1
[component_container_mt-2] [ERROR] [1779541556.794939440] [depth_nitros_bridge]: Input image format is not MONO16 image. This node only supports MONO16 image.The current image input is 32FC1
[component_container_mt-2] [ERROR] [1779541556.836843834] [depth_nitros_bridge]: Input image format is not MONO16 image. This node only supports MONO16 image.The current image input is 32FC1
[component_container_mt-2] [ERROR] [1779541556.872731074] [depth_nitros_bridge]: Input image format is not MONO16 image. This node only supports MONO16 image.The current image input is 32FC1
[component_container_mt-2] [ERROR] [1779541556.893646153] [depth_nitros_bridge]: Input image format is not MONO16 image. This node only supports MONO16 image.The current image input is 32FC1
[component_container_mt-2] [ERROR] [1779541556.939830507] [depth_nitros_bridge]: Input image format is not MONO16 image. This node only supports MONO16 image.The current image input is 32FC1
[component_container_mt-2] [ERROR] [1779541556.972463756] [depth_nitros_bridge]: Input image format is not MONO16 image. This node only supports MONO16 image.The current image input is 32FC1
[component_container_mt-2] [ERROR] [1779541557.006401880] [depth_nitros_bridge]: Input image format is not MONO16 image. This node only supports MONO16 image.The current image input is 32FC1
[component_container_mt-2] [ERROR] [1779541557.027204736] [depth_nitros_bridge]: Input image format is not MONO16 image. This node only supports MONO16 image.The current image input is 32FC1
[component_container_mt-2] [ERROR] [1779541557.077141479] [depth_nitros_bridge]: Input image format is not MONO16 image. This node only supports MONO16 image.The current image input is 32FC1
[component_container_mt-2] [ERROR] [1779541557.104705933] [depth_nitros_bridge]: Input image format is not MONO16 image. This node only supports MONO16 image.The current image input is 32FC1
[component_container_mt-2] [ERROR] [1779541557.138370707] [depth_nitros_bridge]: Input image format is not MONO16 image. This node only supports MONO16 image.The current image input is 32FC1
[component_container_mt-2] [ERROR] [1779541557.173544912] [depth_nitros_bridge]: Input image format is not MONO16 image. This node only supports MONO16 image.The current image input is 32FC1
[component_container_mt-2] [ERROR] [1779541557.208873736] [depth_nitros_bridge]: Input image format is not MONO16 image. This node only supports MONO16 image.The current image input is 32FC1
[component_container_mt-2] [ERROR] [1779541557.237543259] [depth_nitros_bridge]: Input image format is not MONO16 image. This node only supports MONO16 image.The current image input is 32FC1
[component_container_mt-2] [ERROR] [1779541557.275512762] [depth_nitros_bridge]: Input image format is not MONO16 image. This node only supports MONO16 image.The current image input is 32FC1
[component_container_mt-2] [ERROR] [1779541557.294434844] [depth_nitros_bridge]: Input image format is not MONO16 image. This node only supports MONO16 image.The current image input is 32FC1
[component_container_mt-2] [ERROR] [1779541557.332852437] [depth_nitros_bridge]: Input image format is not MONO16 image. This node only supports MONO16 image.The current image input is 32FC1
[component_container_mt-2] [ERROR] [1779541557.360466091] [depth_nitros_bridge]: Input image format is not MONO16 image. This node only supports MONO16 image.The current image input is 32FC1
[component_container_mt-2] [ERROR] [1779541557.404006730] [depth_nitros_bridge]: Input image format is not MONO16 image. This node only supports MONO16 image.The current image input is 32FC1
[component_container_mt-2] [ERROR] [1779541557.427471512] [depth_nitros_bridge]: Input image format is not MONO16 image. This node only supports MONO16 image.The current image input is 32FC1
[component_container_mt-2] [ERROR] [1779541557.469790392] [depth_nitros_bridge]: Input image format is not MONO16 image. This node only supports MONO16 image.The current image input is 32FC1
[component_container_mt-2] [ERROR] [1779541557.493604736] [depth_nitros_bridge]: Input image format is not MONO16 image. This node only supports MONO16 image.The current image input is 32FC1
[component_container_mt-2] [ERROR] [1779541557.527062467] [depth_nitros_bridge]: Input image format is not MONO16 image. This node only supports MONO16 image.The current image input is 32FC1
[component_container_mt-2] [ERROR] [1779541557.561246637] [depth_nitros_bridge]: Input image format is not MONO16 image. This node only supports MONO16 image.The current image input is 32FC1
[component_container_mt-2] [ERROR] [1779541557.596421198] [depth_nitros_bridge]: Input image format is not MONO16 image. This node only supports MONO16 image.The current image input is 32FC1
[component_container_mt-2] [ERROR] [1779541557.637462019] [depth_nitros_bridge]: Input image format is not MONO16 image. This node only supports MONO16 image.The current image input is 32FC1
[component_container_mt-2] [ERROR] [1779541557.663931621] [depth_nitros_bridge]: Input image format is not MONO16 image. This node only supports MONO16 image.The current image input is 32FC1
[component_container_mt-2] [ERROR] [1779541557.706891308] [depth_nitros_bridge]: Input image format is not MONO16 image. This node only supports MONO16 image.The current image input is 32FC1
[component_container_mt-2] [ERROR] [1779541557.747665267] [depth_nitros_bridge]: Input image format is not MONO16 image. This node only supports MONO16 image.The current image input is 32FC1
[component_container_mt-2] [ERROR] [1779541557.770684563] [depth_nitros_bridge]: Input image format is not MONO16 image. This node only supports MONO16 image.The current image input is 32FC1
[component_container_mt-2] [ERROR] [1779541557.793075140] [depth_nitros_bridge]: Input image format is not MONO16 image. This node only supports MONO16 image.The current image input is 32FC1
[component_container_mt-2] [ERROR] [1779541557.842581316] [depth_nitros_bridge]: Input image format is not MONO16 image. This node only supports MONO16 image.The current image input is 32FC1
[component_container_mt-2] [ERROR] [1779541557.876892047] [depth_nitros_bridge]: Input image format is not MONO16 image. This node only supports MONO16 image.The current image input is 32FC1
[component_container_mt-2] [ERROR] [1779541557.914020795] [depth_nitros_bridge]: Input image format is not MONO16 image. This node only supports MONO16 image.The current image input is 32FC1
[component_container_mt-2] [ERROR] [1779541557.940725605] [depth_nitros_bridge]: Input image format is not MONO16 image. This node only supports MONO16 image.The current image input is 32FC1
[component_container_mt-2] [ERROR] [1779541557.975476881] [depth_nitros_bridge]: Input image format is not MONO16 image. This node only supports MONO16 image.The current image input is 32FC1
[component_container_mt-2] [ERROR] [1779541557.986575115] [depth_nitros_bridge]: Input image format is not MONO16 image. This node only supports MONO16 image.The current image input is 32FC1
[component_container_mt-2] [ERROR] [1779541558.041397657] [depth_nitros_bridge]: Input image format is not MONO16 image. This node only supports MONO16 image.The current image input is 32FC1
[component_container_mt-2] [ERROR] [1779541558.069948664] [depth_nitros_bridge]: Input image format is not MONO16 image. This node only supports MONO16 image.The current image input is 32FC1
[component_container_mt-2] [ERROR] [1779541558.106953578] [depth_nitros_bridge]: Input image format is not MONO16 image. This node only supports MONO16 image.The current image input is 32FC1
[component_container_mt-2] [ERROR] [1779541558.140522307] [depth_nitros_bridge]: Input image format is not MONO16 image. This node only supports MONO16 image.The current image input is 32FC1
[component_container_mt-2] [ERROR] [1779541558.181564090] [depth_nitros_bridge]: Input image format is not MONO16 image. This node only supports MONO16 image.The current image input is 32FC1
[component_container_mt-2] [ERROR] [1779541558.194524456] [depth_nitros_bridge]: Input image format is not MONO16 image. This node only supports MONO16 image.The current image input is 32FC1
[component_container_mt-2] [ERROR] [1779541558.240849374] [depth_nitros_bridge]: Input image format is not MONO16 image. This node only supports MONO16 image.The current image input is 32FC1
[component_container_mt-2] [ERROR] [1779541558.260050090] [depth_nitros_bridge]: Input image format is not MONO16 image. This node only supports MONO16 image.The current image input is 32FC1
[component_container_mt-2] [ERROR] [1779541558.308059041] [depth_nitros_bridge]: Input image format is not MONO16 image. This node only supports MONO16 image.The current image input is 32FC1
[component_container_mt-2] [ERROR] [1779541558.338417361] [depth_nitros_bridge]: Input image format is not MONO16 image. This node only supports MONO16 image.The current image input is 32FC1
[component_container_mt-2] [ERROR] [1779541558.371615355] [depth_nitros_bridge]: Input image format is not MONO16 image. This node only supports MONO16 image.The current image input is 32FC1
[component_container_mt-2] [ERROR] [1779541558.403413685] [depth_nitros_bridge]: Input image format is not MONO16 image. This node only supports MONO16 image.The current image input is 32FC1
[component_container_mt-2] [ERROR] [1779541558.436362674] [depth_nitros_bridge]: Input image format is not MONO16 image. This node only supports MONO16 image.The current image input is 32FC1
[component_container_mt-2] [ERROR] [1779541558.470266608] [depth_nitros_bridge]: Input image format is not MONO16 image. This node only supports MONO16 image.The current image input is 32FC1
[component_container_mt-2] [ERROR] [1779541558.503710212] [depth_nitros_bridge]: Input image format is not MONO16 image. This node only supports MONO16 image.The current image input is 32FC1
[component_container_mt-2] [ERROR] [1779541558.526217131] [depth_nitros_bridge]: Input image format is not MONO16 image. This node only supports MONO16 image.The current image input is 32FC1
[component_container_mt-2] [ERROR] [1779541558.563244387] [depth_nitros_bridge]: Input image format is not MONO16 image. This node only supports MONO16 image.The current image input is 32FC1
[component_container_mt-2] [ERROR] [1779541558.614751813] [depth_nitros_bridge]: Input image format is not MONO16 image. This node only supports MONO16 image.The current image input is 32FC1
[component_container_mt-2] [ERROR] [1779541558.644407166] [depth_nitros_bridge]: Input image format is not MONO16 image. This node only supports MONO16 image.The current image input is 32FC1
[component_container_mt-2] [ERROR] [1779541558.675081377] [depth_nitros_bridge]: Input image format is not MONO16 image. This node only supports MONO16 image.The current image input is 32FC1
[component_container_mt-2] [ERROR] [1779541558.703184635] [depth_nitros_bridge]: Input image format is not MONO16 image. This node only supports MONO16 image.The current image input is 32FC1
[component_container_mt-2] [ERROR] [1779541558.736407216] [depth_nitros_bridge]: Input image format is not MONO16 image. This node only supports MONO16 image.The current image input is 32FC1
[component_container_mt-2] [ERROR] [1779541558.759739720] [depth_nitros_bridge]: Input image format is not MONO16 image. This node only supports MONO16 image.The current image input is 32FC1
[component_container_mt-2] [ERROR] [1779541558.803189317] [depth_nitros_bridge]: Input image format is not MONO16 image. This node only supports MONO16 image.The current image input is 32FC1
[component_container_mt-2] [ERROR] [1779541558.826673190] [depth_nitros_bridge]: Input image format is not MONO16 image. This node only supports MONO16 image.The current image input is 32FC1
[component_container_mt-2] [ERROR] [1779541558.861045544] [depth_nitros_bridge]: Input image format is not MONO16 image. This node only supports MONO16 image.The current image input is 32FC1
[component_container_mt-2] [ERROR] [1779541558.894664257] [depth_nitros_bridge]: Input image format is not MONO16 image. This node only supports MONO16 image.The current image input is 32FC1
[component_container_mt-2] [ERROR] [1779541558.939068312] [depth_nitros_bridge]: Input image format is not MONO16 image. This node only supports MONO16 image.The current image input is 32FC1
[component_container_mt-2] [ERROR] [1779541558.976558092] [depth_nitros_bridge]: Input image format is not MONO16 image. This node only supports MONO16 image.The current image input is 32FC1
[component_container_mt-2] [ERROR] [1779541559.018256121] [depth_nitros_bridge]: Input image format is not MONO16 image. This node only supports MONO16 image.The current image input is 32FC1
[component_container_mt-2] [ERROR] [1779541559.037675650] [depth_nitros_bridge]: Input image format is not MONO16 image. This node only supports MONO16 image.The current image input is 32FC1
[component_container_mt-2] [ERROR] [1779541559.069981669] [depth_nitros_bridge]: Input image format is not MONO16 image. This node only supports MONO16 image.The current image input is 32FC1
[component_container_mt-2] [ERROR] [1779541559.104774892] [depth_nitros_bridge]: Input image format is not MONO16 image. This node only supports MONO16 image.The current image input is 32FC1
[component_container_mt-2] [ERROR] [1779541559.151089045] [depth_nitros_bridge]: Input image format is not MONO16 image. This node only supports MONO16 image.The current image input is 32FC1
[component_container_mt-2] [ERROR] [1779541559.181391456] [depth_nitros_bridge]: Input image format is not MONO16 image. This node only supports MONO16 image.The current image input is 32FC1
[component_container_mt-2] [ERROR] [1779541559.213128136] [depth_nitros_bridge]: Input image format is not MONO16 image. This node only supports MONO16 image.The current image input is 32FC1
[component_container_mt-2] [ERROR] [1779541559.239195370] [depth_nitros_bridge]: Input image format is not MONO16 image. This node only supports MONO16 image.The current image input is 32FC1
[component_container_mt-2] [ERROR] [1779541559.286059140] [depth_nitros_bridge]: Input image format is not MONO16 image. This node only supports MONO16 image.The current image input is 32FC1
[component_container_mt-2] [ERROR] [1779541559.314953931] [depth_nitros_bridge]: Input image format is not MONO16 image. This node only supports MONO16 image.The current image input is 32FC1
[component_container_mt-2] [ERROR] [1779541559.337063020] [depth_nitros_bridge]: Input image format is not MONO16 image. This node only supports MONO16 image.The current image input is 32FC1
[component_container_mt-2] [ERROR] [1779541559.380160242] [depth_nitros_bridge]: Input image format is not MONO16 image. This node only supports MONO16 image.The current image input is 32FC1
[component_container_mt-2] [ERROR] [1779541559.413404247] [depth_nitros_bridge]: Input image format is not MONO16 image. This node only supports MONO16 image.The current image input is 32FC1
[component_container_mt-2] [ERROR] [1779541559.451563876] [depth_nitros_bridge]: Input image format is not MONO16 image. This node only supports MONO16 image.The current image input is 32FC1
[component_container_mt-2] [ERROR] [1779541559.460916339] [depth_nitros_bridge]: Input image format is not MONO16 image. This node only supports MONO16 image.The current image input is 32FC1
[component_container_mt-2] [ERROR] [1779541559.500947318] [depth_nitros_bridge]: Input image format is not MONO16 image. This node only supports MONO16 image.The current image input is 32FC1
[component_container_mt-2] [ERROR] [1779541559.527994701] [depth_nitros_bridge]: Input image format is not MONO16 image. This node only supports MONO16 image.The current image input is 32FC1
[component_container_mt-2] [ERROR] [1779541559.570476717] [depth_nitros_bridge]: Input image format is not MONO16 image. This node only supports MONO16 image.The current image input is 32FC1
[component_container_mt-2] [ERROR] [1779541559.606607087] [depth_nitros_bridge]: Input image format is not MONO16 image. This node only supports MONO16 image.The current image input is 32FC1
[component_container_mt-2] [ERROR] [1779541559.639740917] [depth_nitros_bridge]: Input image format is not MONO16 image. This node only supports MONO16 image.The current image input is 32FC1
[component_container_mt-2] [ERROR] [1779541559.675264971] [depth_nitros_bridge]: Input image format is not MONO16 image. This node only supports MONO16 image.The current image input is 32FC1
[component_container_mt-2] [ERROR] [1779541559.715567104] [depth_nitros_bridge]: Input image format is not MONO16 image. This node only supports MONO16 image.The current image input is 32FC1
[component_container_mt-2] [ERROR] [1779541559.736322941] [depth_nitros_bridge]: Input image format is not MONO16 image. This node only supports MONO16 image.The current image input is 32FC1
[component_container_mt-2] [ERROR] [1779541559.772342915] [depth_nitros_bridge]: Input image format is not MONO16 image. This node only supports MONO16 image.The current image input is 32FC1
[component_container_mt-2] [ERROR] [1779541559.806446205] [depth_nitros_bridge]: Input image format is not MONO16 image. This node only supports MONO16 image.The current image input is 32FC1
[component_container_mt-2] [ERROR] [1779541559.836666206] [depth_nitros_bridge]: Input image format is not MONO16 image. This node only supports MONO16 image.The current image input is 32FC1
[component_container_mt-2] [ERROR] [1779541559.862969878] [depth_nitros_bridge]: Input image format is not MONO16 image. This node only supports MONO16 image.The current image input is 32FC1
[component_container_mt-2] [ERROR] [1779541559.903648766] [depth_nitros_bridge]: Input image format is not MONO16 image. This node only supports MONO16 image.The current image input is 32FC1
[component_container_mt-2] [ERROR] [1779541559.937813373] [depth_nitros_bridge]: Input image format is not MONO16 image. This node only supports MONO16 image.The current image input is 32FC1
[component_container_mt-2] [ERROR] [1779541559.978194114] [depth_nitros_bridge]: Input image format is not MONO16 image. This node only supports MONO16 image.The current image input is 32FC1
[component_container_mt-2] [ERROR] [1779541560.005603254] [depth_nitros_bridge]: Input image format is not MONO16 image. This node only supports MONO16 image.The current image input is 32FC1
[component_container_mt-2] [ERROR] [1779541560.047141932] [depth_nitros_bridge]: Input image format is not MONO16 image. This node only supports MONO16 image.The current image input is 32FC1
[component_container_mt-2] [ERROR] [1779541560.078913886] [depth_nitros_bridge]: Input image format is not MONO16 image. This node only supports MONO16 image.The current image input is 32FC1
[component_container_mt-2] [ERROR] [1779541560.114851329] [depth_nitros_bridge]: Input image format is not MONO16 image. This node only supports MONO16 image.The current image input is 32FC1
[component_container_mt-2] [ERROR] [1779541560.155104480] [depth_nitros_bridge]: Input image format is not MONO16 image. This node only supports MONO16 image.The current image input is 32FC1
[component_container_mt-2] [ERROR] [1779541560.171600176] [depth_nitros_bridge]: Input image format is not MONO16 image. This node only supports MONO16 image.The current image input is 32FC1
[component_container_mt-2] [ERROR] [1779541560.199552366] [depth_nitros_bridge]: Input image format is not MONO16 image. This node only supports MONO16 image.The current image input is 32FC1
[component_container_mt-2] [ERROR] [1779541560.228937070] [depth_nitros_bridge]: Input image format is not MONO16 image. This node only supports MONO16 image.The current image input is 32FC1
[component_container_mt-2] [ERROR] [1779541560.269880508] [depth_nitros_bridge]: Input image format is not MONO16 image. This node only supports MONO16 image.The current image input is 32FC1
[component_container_mt-2] [ERROR] [1779541560.305003741] [depth_nitros_bridge]: Input image format is not MONO16 image. This node only supports MONO16 image.The current image input is 32FC1
[component_container_mt-2] [ERROR] [1779541560.336567300] [depth_nitros_bridge]: Input image format is not MONO16 image. This node only supports MONO16 image.The current image input is 32FC1
[component_container_mt-2] [ERROR] [1779541560.371426591] [depth_nitros_bridge]: Input image format is not MONO16 image. This node only supports MONO16 image.The current image input is 32FC1
[component_container_mt-2] [ERROR] [1779541560.397164478] [depth_nitros_bridge]: Input image format is not MONO16 image. This node only supports MONO16 image.The current image input is 32FC1
[component_container_mt-2] [ERROR] [1779541560.433223597] [depth_nitros_bridge]: Input image format is not MONO16 image. This node only supports MONO16 image.The current image input is 32FC1
[component_container_mt-2] [ERROR] [1779541560.473887768] [depth_nitros_bridge]: Input image format is not MONO16 image. This node only supports MONO16 image.The current image input is 32FC1
[component_container_mt-2] [ERROR] [1779541560.492999822] [depth_nitros_bridge]: Input image format is not MONO16 image. This node only supports MONO16 image.The current image input is 32FC1
[component_container_mt-2] [ERROR] [1779541560.538050698] [depth_nitros_bridge]: Input image format is not MONO16 image. This node only supports MONO16 image.The current image input is 32FC1
[component_container_mt-2] [ERROR] [1779541560.578574771] [depth_nitros_bridge]: Input image format is not MONO16 image. This node only supports MONO16 image.The current image input is 32FC1
[component_container_mt-2] [ERROR] [1779541560.614184986] [depth_nitros_bridge]: Input image format is not MONO16 image. This node only supports MONO16 image.The current image input is 32FC1
[component_container_mt-2] [ERROR] [1779541560.649039497] [depth_nitros_bridge]: Input image format is not MONO16 image. This node only supports MONO16 image.The current image input is 32FC1
[component_container_mt-2] [ERROR] [1779541560.686514436] [depth_nitros_bridge]: Input image format is not MONO16 image. This node only supports MONO16 image.The current image input is 32FC1
[component_container_mt-2] [ERROR] [1779541560.710088339] [depth_nitros_bridge]: Input image format is not MONO16 image. This node only supports MONO16 image.The current image input is 32FC1
[component_container_mt-2] [ERROR] [1779541560.729202091] [depth_nitros_bridge]: Input image format is not MONO16 image. This node only supports MONO16 image.The current image input is 32FC1
[component_container_mt-2] [ERROR] [1779541560.776718621] [depth_nitros_bridge]: Input image format is not MONO16 image. This node only supports MONO16 image.The current image input is 32FC1
[component_container_mt-2] [ERROR] [1779541560.803642101] [depth_nitros_bridge]: Input image format is not MONO16 image. This node only supports MONO16 image.The current image input is 32FC1
[component_container_mt-2] [ERROR] [1779541560.830791398] [depth_nitros_bridge]: Input image format is not MONO16 image. This node only supports MONO16 image.The current image input is 32FC1
[component_container_mt-2] [ERROR] [1779541560.872581144] [depth_nitros_bridge]: Input image format is not MONO16 image. This node only supports MONO16 image.The current image input is 32FC1
[component_container_mt-2] [ERROR] [1779541560.882842801] [depth_nitros_bridge]: Input image format is not MONO16 image. This node only supports MONO16 image.The current image input is 32FC1
[component_container_mt-2] [ERROR] [1779541560.933798855] [depth_nitros_bridge]: Input image format is not MONO16 image. This node only supports MONO16 image.The current image input is 32FC1
[component_container_mt-2] [ERROR] [1779541560.960590015] [depth_nitros_bridge]: Input image format is not MONO16 image. This node only supports MONO16 image.The current image input is 32FC1
[component_container_mt-2] [ERROR] [1779541560.997037416] [depth_nitros_bridge]: Input image format is not MONO16 image. This node only supports MONO16 image.The current image input is 32FC1
[component_container_mt-2] [ERROR] [1779541561.046779824] [depth_nitros_bridge]: Input image format is not MONO16 image. This node only supports MONO16 image.The current image input is 32FC1
[component_container_mt-2] [ERROR] [1779541561.080385516] [depth_nitros_bridge]: Input image format is not MONO16 image. This node only supports MONO16 image.The current image input is 32FC1
[component_container_mt-2] [ERROR] [1779541561.113093684] [depth_nitros_bridge]: Input image format is not MONO16 image. This node only supports MONO16 image.The current image input is 32FC1
[component_container_mt-2] [ERROR] [1779541561.128389806] [depth_nitros_bridge]: Input image format is not MONO16 image. This node only supports MONO16 image.The current image input is 32FC1
[component_container_mt-2] [ERROR] [1779541561.161427051] [depth_nitros_bridge]: Input image format is not MONO16 image. This node only supports MONO16 image.The current image input is 32FC1
[component_container_mt-2] [ERROR] [1779541561.195393899] [depth_nitros_bridge]: Input image format is not MONO16 image. This node only supports MONO16 image.The current image input is 32FC1
[component_container_mt-2] [ERROR] [1779541561.242363095] [depth_nitros_bridge]: Input image format is not MONO16 image. This node only supports MONO16 image.The current image input is 32FC1
[component_container_mt-2] [ERROR] [1779541561.276693430] [depth_nitros_bridge]: Input image format is not MONO16 image. This node only supports MONO16 image.The current image input is 32FC1
[component_container_mt-2] [ERROR] [1779541561.314769380] [depth_nitros_bridge]: Input image format is not MONO16 image. This node only supports MONO16 image.The current image input is 32FC1
[component_container_mt-2] [ERROR] [1779541561.354878837] [depth_nitros_bridge]: Input image format is not MONO16 image. This node only supports MONO16 image.The current image input is 32FC1
[component_container_mt-2] [ERROR] [1779541561.381857859] [depth_nitros_bridge]: Input image format is not MONO16 image. This node only supports MONO16 image.The current image input is 32FC1
[component_container_mt-2] [ERROR] [1779541561.405198056] [depth_nitros_bridge]: Input image format is not MONO16 image. This node only supports MONO16 image.The current image input is 32FC1
[component_container_mt-2] [ERROR] [1779541561.438785323] [depth_nitros_bridge]: Input image format is not MONO16 image. This node only supports MONO16 image.The current image input is 32FC1
[component_container_mt-2] [ERROR] [1779541561.460810914] [depth_nitros_bridge]: Input image format is not MONO16 image. This node only supports MONO16 image.The current image input is 32FC1
[component_container_mt-2] [ERROR] [1779541561.514525488] [depth_nitros_bridge]: Input image format is not MONO16 image. This node only supports MONO16 image.The current image input is 32FC1
[component_container_mt-2] [ERROR] [1779541561.541322841] [depth_nitros_bridge]: Input image format is not MONO16 image. This node only supports MONO16 image.The current image input is 32FC1
[component_container_mt-2] [ERROR] [1779541561.571407349] [depth_nitros_bridge]: Input image format is not MONO16 image. This node only supports MONO16 image.The current image input is 32FC1
[component_container_mt-2] [ERROR] [1779541561.603661736] [depth_nitros_bridge]: Input image format is not MONO16 image. This node only supports MONO16 image.The current image input is 32FC1
[component_container_mt-2] [ERROR] [1779541561.636890167] [depth_nitros_bridge]: Input image format is not MONO16 image. This node only supports MONO16 image.The current image input is 32FC1
[component_container_mt-2] [ERROR] [1779541561.669680906] [depth_nitros_bridge]: Input image format is not MONO16 image. This node only supports MONO16 image.The current image input is 32FC1
[component_container_mt-2] [ERROR] [1779541561.703064964] [depth_nitros_bridge]: Input image format is not MONO16 image. This node only supports MONO16 image.The current image input is 32FC1
[component_container_mt-2] [ERROR] [1779541561.726385715] [depth_nitros_bridge]: Input image format is not MONO16 image. This node only supports MONO16 image.The current image input is 32FC1
[component_container_mt-2] [ERROR] [1779541561.769717062] [depth_nitros_bridge]: Input image format is not MONO16 image. This node only supports MONO16 image.The current image input is 32FC1
[component_container_mt-2] [ERROR] [1779541561.793022353] [depth_nitros_bridge]: Input image format is not MONO16 image. This node only supports MONO16 image.The current image input is 32FC1
[component_container_mt-2] [ERROR] [1779541561.826471870] [depth_nitros_bridge]: Input image format is not MONO16 image. This node only supports MONO16 image.The current image input is 32FC1
[component_container_mt-2] [ERROR] [1779541561.869784067] [depth_nitros_bridge]: Input image format is not MONO16 image. This node only supports MONO16 image.The current image input is 32FC1
[component_container_mt-2] [ERROR] [1779541561.903280668] [depth_nitros_bridge]: Input image format is not MONO16 image. This node only supports MONO16 image.The current image input is 32FC1
[component_container_mt-2] [ERROR] [1779541561.926578100] [depth_nitros_bridge]: Input image format is not MONO16 image. This node only supports MONO16 image.The current image input is 32FC1
[component_container_mt-2] [ERROR] [1779541561.971320551] [depth_nitros_bridge]: Input image format is not MONO16 image. This node only supports MONO16 image.The current image input is 32FC1
[component_container_mt-2] [ERROR] [1779541562.003872176] [depth_nitros_bridge]: Input image format is not MONO16 image. This node only supports MONO16 image.The current image input is 32FC1
[component_container_mt-2] [ERROR] [1779541562.026529341] [depth_nitros_bridge]: Input image format is not MONO16 image. This node only supports MONO16 image.The current image input is 32FC1
[component_container_mt-2] [ERROR] [1779541562.069201961] [depth_nitros_bridge]: Input image format is not MONO16 image. This node only supports MONO16 image.The current image input is 32FC1
[component_container_mt-2] [ERROR] [1779541562.109461893] [depth_nitros_bridge]: Input image format is not MONO16 image. This node only supports MONO16 image.The current image input is 32FC1
[component_container_mt-2] [ERROR] [1779541562.147694276] [depth_nitros_bridge]: Input image format is not MONO16 image. This node only supports MONO16 image.The current image input is 32FC1
[component_container_mt-2] [ERROR] [1779541562.181192620] [depth_nitros_bridge]: Input image format is not MONO16 image. This node only supports MONO16 image.The current image input is 32FC1
[component_container_mt-2] [ERROR] [1779541562.204154138] [depth_nitros_bridge]: Input image format is not MONO16 image. This node only supports MONO16 image.The current image input is 32FC1
[component_container_mt-2] [ERROR] [1779541562.242345812] [depth_nitros_bridge]: Input image format is not MONO16 image. This node only supports MONO16 image.The current image input is 32FC1
[component_container_mt-2] [ERROR] [1779541562.261266808] [depth_nitros_bridge]: Input image format is not MONO16 image. This node only supports MONO16 image.The current image input is 32FC1
[component_container_mt-2] [ERROR] [1779541562.320927226] [depth_nitros_bridge]: Input image format is not MONO16 image. This node only supports MONO16 image.The current image input is 32FC1
[component_container_mt-2] [ERROR] [1779541562.347318410] [depth_nitros_bridge]: Input image format is not MONO16 image. This node only supports MONO16 image.The current image input is 32FC1
[component_container_mt-2] [ERROR] [1779541562.369679487] [depth_nitros_bridge]: Input image format is not MONO16 image. This node only supports MONO16 image.The current image input is 32FC1
[component_container_mt-2] [ERROR] [1779541562.413074533] [depth_nitros_bridge]: Input image format is not MONO16 image. This node only supports MONO16 image.The current image input is 32FC1
[component_container_mt-2] [ERROR] [1779541562.436530483] [depth_nitros_bridge]: Input image format is not MONO16 image. This node only supports MONO16 image.The current image input is 32FC1
[component_container_mt-2] [ERROR] [1779541562.466519955] [depth_nitros_bridge]: Input image format is not MONO16 image. This node only supports MONO16 image.The current image input is 32FC1
[component_container_mt-2] [ERROR] [1779541562.502832909] [depth_nitros_bridge]: Input image format is not MONO16 image. This node only supports MONO16 image.The current image input is 32FC1
[component_container_mt-2] [ERROR] [1779541562.537235577] [depth_nitros_bridge]: Input image format is not MONO16 image. This node only supports MONO16 image.The current image input is 32FC1
[component_container_mt-2] [ERROR] [1779541562.572172666] [depth_nitros_bridge]: Input image format is not MONO16 image. This node only supports MONO16 image.The current image input is 32FC1
[component_container_mt-2] [ERROR] [1779541562.606153944] [depth_nitros_bridge]: Input image format is not MONO16 image. This node only supports MONO16 image.The current image input is 32FC1
[component_container_mt-2] [ERROR] [1779541562.641290964] [depth_nitros_bridge]: Input image format is not MONO16 image. This node only supports MONO16 image.The current image input is 32FC1
[component_container_mt-2] [ERROR] [1779541562.673025938] [depth_nitros_bridge]: Input image format is not MONO16 image. This node only supports MONO16 image.The current image input is 32FC1
[component_container_mt-2] [ERROR] [1779541562.718491502] [depth_nitros_bridge]: Input image format is not MONO16 image. This node only supports MONO16 image.The current image input is 32FC1
[component_container_mt-2] [ERROR] [1779541562.736896197] [depth_nitros_bridge]: Input image format is not MONO16 image. This node only supports MONO16 image.The current image input is 32FC1
[component_container_mt-2] [ERROR] [1779541562.770866995] [depth_nitros_bridge]: Input image format is not MONO16 image. This node only supports MONO16 image.The current image input is 32FC1
[component_container_mt-2] [ERROR] [1779541562.794505543] [depth_nitros_bridge]: Input image format is not MONO16 image. This node only supports MONO16 image.The current image input is 32FC1
[component_container_mt-2] [ERROR] [1779541562.843687589] [depth_nitros_bridge]: Input image format is not MONO16 image. This node only supports MONO16 image.The current image input is 32FC1
[component_container_mt-2] [ERROR] [1779541562.870129510] [depth_nitros_bridge]: Input image format is not MONO16 image. This node only supports MONO16 image.The current image input is 32FC1
[component_container_mt-2] [ERROR] [1779541562.902906680] [depth_nitros_bridge]: Input image format is not MONO16 image. This node only supports MONO16 image.The current image input is 32FC1
[component_container_mt-2] [ERROR] [1779541562.941535315] [depth_nitros_bridge]: Input image format is not MONO16 image. This node only supports MONO16 image.The current image input is 32FC1
[component_container_mt-2] [ERROR] [1779541562.982651766] [depth_nitros_bridge]: Input image format is not MONO16 image. This node only supports MONO16 image.The current image input is 32FC1
[component_container_mt-2] [ERROR] [1779541562.993509347] [depth_nitros_bridge]: Input image format is not MONO16 image. This node only supports MONO16 image.The current image input is 32FC1
[component_container_mt-2] [ERROR] [1779541563.040535397] [depth_nitros_bridge]: Input image format is not MONO16 image. This node only supports MONO16 image.The current image input is 32FC1
[component_container_mt-2] [ERROR] [1779541563.070101665] [depth_nitros_bridge]: Input image format is not MONO16 image. This node only supports MONO16 image.The current image input is 32FC1
[component_container_mt-2] [ERROR] [1779541563.095777935] [depth_nitros_bridge]: Input image format is not MONO16 image. This node only supports MONO16 image.The current image input is 32FC1
[component_container_mt-2] [ERROR] [1779541563.127461360] [depth_nitros_bridge]: Input image format is not MONO16 image. This node only supports MONO16 image.The current image input is 32FC1
[component_container_mt-2] [ERROR] [1779541563.161807477] [depth_nitros_bridge]: Input image format is not MONO16 image. This node only supports MONO16 image.The current image input is 32FC1
[component_container_mt-2] [ERROR] [1779541563.203270018] [depth_nitros_bridge]: Input image format is not MONO16 image. This node only supports MONO16 image.The current image input is 32FC1
[component_container_mt-2] [ERROR] [1779541563.230276659] [depth_nitros_bridge]: Input image format is not MONO16 image. This node only supports MONO16 image.The current image input is 32FC1
[component_container_mt-2] [ERROR] [1779541563.274371485] [depth_nitros_bridge]: Input image format is not MONO16 image. This node only supports MONO16 image.The current image input is 32FC1
[component_container_mt-2] [ERROR] [1779541563.297854586] [depth_nitros_bridge]: Input image format is not MONO16 image. This node only supports MONO16 image.The current image input is 32FC1
[component_container_mt-2] [ERROR] [1779541563.331492887] [depth_nitros_bridge]: Input image format is not MONO16 image. This node only supports MONO16 image.The current image input is 32FC1
[component_container_mt-2] [ERROR] [1779541563.362709075] [depth_nitros_bridge]: Input image format is not MONO16 image. This node only supports MONO16 image.The current image input is 32FC1
[component_container_mt-2] [ERROR] [1779541563.399329116] [depth_nitros_bridge]: Input image format is not MONO16 image. This node only supports MONO16 image.The current image input is 32FC1
[component_container_mt-2] [ERROR] [1779541563.433219265] [depth_nitros_bridge]: Input image format is not MONO16 image. This node only supports MONO16 image.The current image input is 32FC1
[component_container_mt-2] [ERROR] [1779541563.466296616] [depth_nitros_bridge]: Input image format is not MONO16 image. This node only supports MONO16 image.The current image input is 32FC1
[component_container_mt-2] [ERROR] [1779541563.518234572] [depth_nitros_bridge]: Input image format is not MONO16 image. This node only supports MONO16 image.The current image input is 32FC1
[component_container_mt-2] [ERROR] [1779541563.535065215] [depth_nitros_bridge]: Input image format is not MONO16 image. This node only supports MONO16 image.The current image input is 32FC1
[component_container_mt-2] [ERROR] [1779541563.569901711] [depth_nitros_bridge]: Input image format is not MONO16 image. This node only supports MONO16 image.The current image input is 32FC1
[component_container_mt-2] [ERROR] [1779541563.605511722] [depth_nitros_bridge]: Input image format is not MONO16 image. This node only supports MONO16 image.The current image input is 32FC1
[component_container_mt-2] [ERROR] [1779541563.627395758] [depth_nitros_bridge]: Input image format is not MONO16 image. This node only supports MONO16 image.The current image input is 32FC1
[component_container_mt-2] [ERROR] [1779541563.661602868] [depth_nitros_bridge]: Input image format is not MONO16 image. This node only supports MONO16 image.The current image input is 32FC1
[component_container_mt-2] [ERROR] [1779541563.694475762] [depth_nitros_bridge]: Input image format is not MONO16 image. This node only supports MONO16 image.The current image input is 32FC1
[component_container_mt-2] [ERROR] [1779541563.729378686] [depth_nitros_bridge]: Input image format is not MONO16 image. This node only supports MONO16 image.The current image input is 32FC1
[component_container_mt-2] [ERROR] [1779541563.762522354] [depth_nitros_bridge]: Input image format is not MONO16 image. This node only supports MONO16 image.The current image input is 32FC1
[component_container_mt-2] [ERROR] [1779541563.795743165] [depth_nitros_bridge]: Input image format is not MONO16 image. This node only supports MONO16 image.The current image input is 32FC1
[component_container_mt-2] [ERROR] [1779541563.832215678] [depth_nitros_bridge]: Input image format is not MONO16 image. This node only supports MONO16 image.The current image input is 32FC1
[component_container_mt-2] [ERROR] [1779541563.870641778] [depth_nitros_bridge]: Input image format is not MONO16 image. This node only supports MONO16 image.The current image input is 32FC1
[component_container_mt-2] [ERROR] [1779541563.906681326] [depth_nitros_bridge]: Input image format is not MONO16 image. This node only supports MONO16 image.The current image input is 32FC1
[component_container_mt-2] [ERROR] [1779541563.927033134] [depth_nitros_bridge]: Input image format is not MONO16 image. This node only supports MONO16 image.The current image input is 32FC1
[component_container_mt-2] [ERROR] [1779541563.961539744] [depth_nitros_bridge]: Input image format is not MONO16 image. This node only supports MONO16 image.The current image input is 32FC1
[component_container_mt-2] [ERROR] [1779541564.003263990] [depth_nitros_bridge]: Input image format is not MONO16 image. This node only supports MONO16 image.The current image input is 32FC1
[component_container_mt-2] [ERROR] [1779541564.027617782] [depth_nitros_bridge]: Input image format is not MONO16 image. This node only supports MONO16 image.The current image input is 32FC1
[component_container_mt-2] [ERROR] [1779541564.073166006] [depth_nitros_bridge]: Input image format is not MONO16 image. This node only supports MONO16 image.The current image input is 32FC1
[component_container_mt-2] [ERROR] [1779541564.095125662] [depth_nitros_bridge]: Input image format is not MONO16 image. This node only supports MONO16 image.The current image input is 32FC1
[component_container_mt-2] [ERROR] [1779541564.140636248] [depth_nitros_bridge]: Input image format is not MONO16 image. This node only supports MONO16 image.The current image input is 32FC1
[component_container_mt-2] [ERROR] [1779541564.170601650] [depth_nitros_bridge]: Input image format is not MONO16 image. This node only supports MONO16 image.The current image input is 32FC1
[component_container_mt-2] [ERROR] [1779541564.208005258] [depth_nitros_bridge]: Input image format is not MONO16 image. This node only supports MONO16 image.The current image input is 32FC1
[component_container_mt-2] [ERROR] [1779541564.233599495] [depth_nitros_bridge]: Input image format is not MONO16 image. This node only supports MONO16 image.The current image input is 32FC1
[component_container_mt-2] [ERROR] [1779541564.266602828] [depth_nitros_bridge]: Input image format is not MONO16 image. This node only supports MONO16 image.The current image input is 32FC1
[component_container_mt-2] [ERROR] [1779541564.296975106] [depth_nitros_bridge]: Input image format is not MONO16 image. This node only supports MONO16 image.The current image input is 32FC1
[component_container_mt-2] [ERROR] [1779541564.328242701] [depth_nitros_bridge]: Input image format is not MONO16 image. This node only supports MONO16 image.The current image input is 32FC1
[component_container_mt-2] [ERROR] [1779541564.370934790] [depth_nitros_bridge]: Input image format is not MONO16 image. This node only supports MONO16 image.The current image input is 32FC1
[component_container_mt-2] [ERROR] [1779541564.406749311] [depth_nitros_bridge]: Input image format is not MONO16 image. This node only supports MONO16 image.The current image input is 32FC1
[component_container_mt-2] [ERROR] [1779541564.438790442] [depth_nitros_bridge]: Input image format is not MONO16 image. This node only supports MONO16 image.The current image input is 32FC1
[component_container_mt-2] [ERROR] [1779541564.460022584] [depth_nitros_bridge]: Input image format is not MONO16 image. This node only supports MONO16 image.The current image input is 32FC1
[component_container_mt-2] [ERROR] [1779541564.509597757] [depth_nitros_bridge]: Input image format is not MONO16 image. This node only supports MONO16 image.The current image input is 32FC1
[component_container_mt-2] [ERROR] [1779541564.548595677] [depth_nitros_bridge]: Input image format is not MONO16 image. This node only supports MONO16 image.The current image input is 32FC1
[component_container_mt-2] [ERROR] [1779541564.553749947] [depth_nitros_bridge]: Input image format is not MONO16 image. This node only supports MONO16 image.The current image input is 32FC1
[component_container_mt-2] [ERROR] [1779541564.606473511] [depth_nitros_bridge]: Input image format is not MONO16 image. This node only supports MONO16 image.The current image input is 32FC1
[component_container_mt-2] [ERROR] [1779541564.638621875] [depth_nitros_bridge]: Input image format is not MONO16 image. This node only supports MONO16 image.The current image input is 32FC1
[component_container_mt-2] [ERROR] [1779541564.660403409] [depth_nitros_bridge]: Input image format is not MONO16 image. This node only supports MONO16 image.The current image input is 32FC1
[component_container_mt-2] [ERROR] [1779541564.698522076] [depth_nitros_bridge]: Input image format is not MONO16 image. This node only supports MONO16 image.The current image input is 32FC1
[component_container_mt-2] [ERROR] [1779541564.730038583] [depth_nitros_bridge]: Input image format is not MONO16 image. This node only supports MONO16 image.The current image input is 32FC1
[component_container_mt-2] [ERROR] [1779541564.767317015] [depth_nitros_bridge]: Input image format is not MONO16 image. This node only supports MONO16 image.The current image input is 32FC1
[component_container_mt-2] [ERROR] [1779541564.803261329] [depth_nitros_bridge]: Input image format is not MONO16 image. This node only supports MONO16 image.The current image input is 32FC1
[component_container_mt-2] [ERROR] [1779541564.844304475] [depth_nitros_bridge]: Input image format is not MONO16 image. This node only supports MONO16 image.The current image input is 32FC1
[component_container_mt-2] [ERROR] [1779541564.875503106] [depth_nitros_bridge]: Input image format is not MONO16 image. This node only supports MONO16 image.The current image input is 32FC1
[component_container_mt-2] [ERROR] [1779541564.907770145] [depth_nitros_bridge]: Input image format is not MONO16 image. This node only supports MONO16 image.The current image input is 32FC1
[component_container_mt-2] [ERROR] [1779541564.927738237] [depth_nitros_bridge]: Input image format is not MONO16 image. This node only supports MONO16 image.The current image input is 32FC1
[component_container_mt-2] [ERROR] [1779541564.960965477] [depth_nitros_bridge]: Input image format is not MONO16 image. This node only supports MONO16 image.The current image input is 32FC1
[component_container_mt-2] [ERROR] [1779541564.983552289] [depth_nitros_bridge]: Input image format is not MONO16 image. This node only supports MONO16 image.The current image input is 32FC1
[component_container_mt-2] [ERROR] [1779541565.028592141] [depth_nitros_bridge]: Input image format is not MONO16 image. This node only supports MONO16 image.The current image input is 32FC1
[component_container_mt-2] [ERROR] [1779541565.070196005] [depth_nitros_bridge]: Input image format is not MONO16 image. This node only supports MONO16 image.The current image input is 32FC1
[component_container_mt-2] [ERROR] [1779541565.103400604] [depth_nitros_bridge]: Input image format is not MONO16 image. This node only supports MONO16 image.The current image input is 32FC1
[component_container_mt-2] [ERROR] [1779541565.132650385] [depth_nitros_bridge]: Input image format is not MONO16 image. This node only supports MONO16 image.The current image input is 32FC1
[component_container_mt-2] [ERROR] [1779541565.170302603] [depth_nitros_bridge]: Input image format is not MONO16 image. This node only supports MONO16 image.The current image input is 32FC1
[component_container_mt-2] [ERROR] [1779541565.203439692] [depth_nitros_bridge]: Input image format is not MONO16 image. This node only supports MONO16 image.The current image input is 32FC1
[component_container_mt-2] [ERROR] [1779541565.226522387] [depth_nitros_bridge]: Input image format is not MONO16 image. This node only supports MONO16 image.The current image input is 32FC1
[component_container_mt-2] [ERROR] [1779541565.260169611] [depth_nitros_bridge]: Input image format is not MONO16 image. This node only supports MONO16 image.The current image input is 32FC1
[component_container_mt-2] [ERROR] [1779541565.293368316] [depth_nitros_bridge]: Input image format is not MONO16 image. This node only supports MONO16 image.The current image input is 32FC1
[component_container_mt-2] [ERROR] [1779541565.347220337] [depth_nitros_bridge]: Input image format is not MONO16 image. This node only supports MONO16 image.The current image input is 32FC1
[component_container_mt-2] [ERROR] [1779541565.384341333] [depth_nitros_bridge]: Input image format is not MONO16 image. This node only supports MONO16 image.The current image input is 32FC1
[component_container_mt-2] [ERROR] [1779541565.404315910] [depth_nitros_bridge]: Input image format is not MONO16 image. This node only supports MONO16 image.The current image input is 32FC1
[component_container_mt-2] [ERROR] [1779541565.448390145] [depth_nitros_bridge]: Input image format is not MONO16 image. This node only supports MONO16 image.The current image input is 32FC1
[component_container_mt-2] [ERROR] [1779541565.449909329] [depth_nitros_bridge]: Input image format is not MONO16 image. This node only supports MONO16 image.The current image input is 32FC1
[component_container_mt-2] [ERROR] [1779541565.514235199] [depth_nitros_bridge]: Input image format is not MONO16 image. This node only supports MONO16 image.The current image input is 32FC1
[component_container_mt-2] [ERROR] [1779541565.546762330] [depth_nitros_bridge]: Input image format is not MONO16 image. This node only supports MONO16 image.The current image input is 32FC1
[component_container_mt-2] [ERROR] [1779541565.569733537] [depth_nitros_bridge]: Input image format is not MONO16 image. This node only supports MONO16 image.The current image input is 32FC1
[component_container_mt-2] [ERROR] [1779541565.604026364] [depth_nitros_bridge]: Input image format is not MONO16 image. This node only supports MONO16 image.The current image input is 32FC1
[component_container_mt-2] [ERROR] [1779541565.646786936] [depth_nitros_bridge]: Input image format is not MONO16 image. This node only supports MONO16 image.The current image input is 32FC1
[component_container_mt-2] [ERROR] [1779541565.663441864] [depth_nitros_bridge]: Input image format is not MONO16 image. This node only supports MONO16 image.The current image input is 32FC1
[component_container_mt-2] [ERROR] [1779541565.697114770] [depth_nitros_bridge]: Input image format is not MONO16 image. This node only supports MONO16 image.The current image input is 32FC1
[component_container_mt-2] [ERROR] [1779541565.736670596] [depth_nitros_bridge]: Input image format is not MONO16 image. This node only supports MONO16 image.The current image input is 32FC1
[component_container_mt-2] [ERROR] [1779541565.761663128] [depth_nitros_bridge]: Input image format is not MONO16 image. This node only supports MONO16 image.The current image input is 32FC1
[component_container_mt-2] [ERROR] [1779541565.795551749] [depth_nitros_bridge]: Input image format is not MONO16 image. This node only supports MONO16 image.The current image input is 32FC1
[component_container_mt-2] [ERROR] [1779541565.840664803] [depth_nitros_bridge]: Input image format is not MONO16 image. This node only supports MONO16 image.The current image input is 32FC1
[component_container_mt-2] [ERROR] [1779541565.882727755] [depth_nitros_bridge]: Input image format is not MONO16 image. This node only supports MONO16 image.The current image input is 32FC1
[component_container_mt-2] [ERROR] [1779541565.909004186] [depth_nitros_bridge]: Input image format is not MONO16 image. This node only supports MONO16 image.The current image input is 32FC1
[component_container_mt-2] [ERROR] [1779541565.938339439] [depth_nitros_bridge]: Input image format is not MONO16 image. This node only supports MONO16 image.The current image input is 32FC1
[component_container_mt-2] [ERROR] [1779541565.969832743] [depth_nitros_bridge]: Input image format is not MONO16 image. This node only supports MONO16 image.The current image input is 32FC1
[component_container_mt-2] [ERROR] [1779541566.003640515] [depth_nitros_bridge]: Input image format is not MONO16 image. This node only supports MONO16 image.The current image input is 32FC1
[component_container_mt-2] [ERROR] [1779541566.036897776] [depth_nitros_bridge]: Input image format is not MONO16 image. This node only supports MONO16 image.The current image input is 32FC1
[component_container_mt-2] [ERROR] [1779541566.074291225] [depth_nitros_bridge]: Input image format is not MONO16 image. This node only supports MONO16 image.The current image input is 32FC1
[component_container_mt-2] [ERROR] [1779541566.096740724] [depth_nitros_bridge]: Input image format is not MONO16 image. This node only supports MONO16 image.The current image input is 32FC1
[component_container_mt-2] [ERROR] [1779541566.139043063] [depth_nitros_bridge]: Input image format is not MONO16 image. This node only supports MONO16 image.The current image input is 32FC1
[component_container_mt-2] [ERROR] [1779541566.179802978] [depth_nitros_bridge]: Input image format is not MONO16 image. This node only supports MONO16 image.The current image input is 32FC1
[component_container_mt-2] [ERROR] [1779541566.221402297] [depth_nitros_bridge]: Input image format is not MONO16 image. This node only supports MONO16 image.The current image input is 32FC1
[component_container_mt-2] [ERROR] [1779541566.253125636] [depth_nitros_bridge]: Input image format is not MONO16 image. This node only supports MONO16 image.The current image input is 32FC1
[component_container_mt-2] [ERROR] [1779541566.271739825] [depth_nitros_bridge]: Input image format is not MONO16 image. This node only supports MONO16 image.The current image input is 32FC1
[component_container_mt-2] [ERROR] [1779541566.293022722] [depth_nitros_bridge]: Input image format is not MONO16 image. This node only supports MONO16 image.The current image input is 32FC1
[component_container_mt-2] [ERROR] [1779541566.331493025] [depth_nitros_bridge]: Input image format is not MONO16 image. This node only supports MONO16 image.The current image input is 32FC1
[component_container_mt-2] [ERROR] [1779541566.368330673] [depth_nitros_bridge]: Input image format is not MONO16 image. This node only supports MONO16 image.The current image input is 32FC1
[component_container_mt-2] [ERROR] [1779541566.394478712] [depth_nitros_bridge]: Input image format is not MONO16 image. This node only supports MONO16 image.The current image input is 32FC1
[component_container_mt-2] [ERROR] [1779541566.427738994] [depth_nitros_bridge]: Input image format is not MONO16 image. This node only supports MONO16 image.The current image input is 32FC1
[component_container_mt-2] [ERROR] [1779541566.484965264] [depth_nitros_bridge]: Input image format is not MONO16 image. This node only supports MONO16 image.The current image input is 32FC1
[component_container_mt-2] [ERROR] [1779541566.494164498] [depth_nitros_bridge]: Input image format is not MONO16 image. This node only supports MONO16 image.The current image input is 32FC1
[component_container_mt-2] [ERROR] [1779541566.536778689] [depth_nitros_bridge]: Input image format is not MONO16 image. This node only supports MONO16 image.The current image input is 32FC1
[component_container_mt-2] [ERROR] [1779541566.570872330] [depth_nitros_bridge]: Input image format is not MONO16 image. This node only supports MONO16 image.The current image input is 32FC1
[component_container_mt-2] [ERROR] [1779541566.604536194] [depth_nitros_bridge]: Input image format is not MONO16 image. This node only supports MONO16 image.The current image input is 32FC1
[component_container_mt-2] [ERROR] [1779541566.639436155] [depth_nitros_bridge]: Input image format is not MONO16 image. This node only supports MONO16 image.The current image input is 32FC1
[component_container_mt-2] [ERROR] [1779541566.680153454] [depth_nitros_bridge]: Input image format is not MONO16 image. This node only supports MONO16 image.The current image input is 32FC1
[component_container_mt-2] [ERROR] [1779541566.713423445] [depth_nitros_bridge]: Input image format is not MONO16 image. This node only supports MONO16 image.The current image input is 32FC1
[component_container_mt-2] [ERROR] [1779541566.736199951] [depth_nitros_bridge]: Input image format is not MONO16 image. This node only supports MONO16 image.The current image input is 32FC1
[component_container_mt-2] [ERROR] [1779541566.760633386] [depth_nitros_bridge]: Input image format is not MONO16 image. This node only supports MONO16 image.The current image input is 32FC1
[component_container_mt-2] [ERROR] [1779541566.793959021] [depth_nitros_bridge]: Input image format is not MONO16 image. This node only supports MONO16 image.The current image input is 32FC1
[component_container_mt-2] [ERROR] [1779541566.836800183] [depth_nitros_bridge]: Input image format is not MONO16 image. This node only supports MONO16 image.The current image input is 32FC1
[component_container_mt-2] [ERROR] [1779541566.860352521] [depth_nitros_bridge]: Input image format is not MONO16 image. This node only supports MONO16 image.The current image input is 32FC1
[component_container_mt-2] [ERROR] [1779541566.893504659] [depth_nitros_bridge]: Input image format is not MONO16 image. This node only supports MONO16 image.The current image input is 32FC1
[component_container_mt-2] [ERROR] [1779541566.946883238] [depth_nitros_bridge]: Input image format is not MONO16 image. This node only supports MONO16 image.The current image input is 32FC1
[component_container_mt-2] [ERROR] [1779541566.984624053] [depth_nitros_bridge]: Input image format is not MONO16 image. This node only supports MONO16 image.The current image input is 32FC1
[component_container_mt-2] [ERROR] [1779541567.007078167] [depth_nitros_bridge]: Input image format is not MONO16 image. This node only supports MONO16 image.The current image input is 32FC1
[component_container_mt-2] [ERROR] [1779541567.040908199] [depth_nitros_bridge]: Input image format is not MONO16 image. This node only supports MONO16 image.The current image input is 32FC1
[component_container_mt-2] [ERROR] [1779541567.071874505] [depth_nitros_bridge]: Input image format is not MONO16 image. This node only supports MONO16 image.The current image input is 32FC1
[component_container_mt-2] [ERROR] [1779541567.115223362] [depth_nitros_bridge]: Input image format is not MONO16 image. This node only supports MONO16 image.The current image input is 32FC1
[component_container_mt-2] [ERROR] [1779541567.149442265] [depth_nitros_bridge]: Input image format is not MONO16 image. This node only supports MONO16 image.The current image input is 32FC1
[component_container_mt-2] [ERROR] [1779541567.183106129] [depth_nitros_bridge]: Input image format is not MONO16 image. This node only supports MONO16 image.The current image input is 32FC1
[component_container_mt-2] [ERROR] [1779541567.202879133] [depth_nitros_bridge]: Input image format is not MONO16 image. This node only supports MONO16 image.The current image input is 32FC1
[component_container_mt-2] [ERROR] [1779541567.246714778] [depth_nitros_bridge]: Input image format is not MONO16 image. This node only supports MONO16 image.The current image input is 32FC1
[component_container_mt-2] [ERROR] [1779541567.279973213] [depth_nitros_bridge]: Input image format is not MONO16 image. This node only supports MONO16 image.The current image input is 32FC1
[component_container_mt-2] [ERROR] [1779541567.303544807] [depth_nitros_bridge]: Input image format is not MONO16 image. This node only supports MONO16 image.The current image input is 32FC1
[component_container_mt-2] [ERROR] [1779541567.326684933] [depth_nitros_bridge]: Input image format is not MONO16 image. This node only supports MONO16 image.The current image input is 32FC1
[component_container_mt-2] [ERROR] [1779541567.359532161] [depth_nitros_bridge]: Input image format is not MONO16 image. This node only supports MONO16 image.The current image input is 32FC1
[component_container_mt-2] [ERROR] [1779541567.404636903] [depth_nitros_bridge]: Input image format is not MONO16 image. This node only supports MONO16 image.The current image input is 32FC1
[component_container_mt-2] [ERROR] [1779541567.427049713] [depth_nitros_bridge]: Input image format is not MONO16 image. This node only supports MONO16 image.The current image input is 32FC1
[component_container_mt-2] [ERROR] [1779541567.459652148] [depth_nitros_bridge]: Input image format is not MONO16 image. This node only supports MONO16 image.The current image input is 32FC1
[component_container_mt-2] [ERROR] [1779541567.493572828] [depth_nitros_bridge]: Input image format is not MONO16 image. This node only supports MONO16 image.The current image input is 32FC1
[component_container_mt-2] [ERROR] [1779541567.536238254] [depth_nitros_bridge]: Input image format is not MONO16 image. This node only supports MONO16 image.The current image input is 32FC1
[component_container_mt-2] [ERROR] [1779541567.571881079] [depth_nitros_bridge]: Input image format is not MONO16 image. This node only supports MONO16 image.The current image input is 32FC1
[component_container_mt-2] [ERROR] [1779541567.619774364] [depth_nitros_bridge]: Input image format is not MONO16 image. This node only supports MONO16 image.The current image input is 32FC1
[component_container_mt-2] [ERROR] [1779541567.639491178] [depth_nitros_bridge]: Input image format is not MONO16 image. This node only supports MONO16 image.The current image input is 32FC1
[component_container_mt-2] [ERROR] [1779541567.660737320] [depth_nitros_bridge]: Input image format is not MONO16 image. This node only supports MONO16 image.The current image input is 32FC1
[component_container_mt-2] [ERROR] [1779541567.703998486] [depth_nitros_bridge]: Input image format is not MONO16 image. This node only supports MONO16 image.The current image input is 32FC1
[component_container_mt-2] [ERROR] [1779541567.738808703] [depth_nitros_bridge]: Input image format is not MONO16 image. This node only supports MONO16 image.The current image input is 32FC1
[component_container_mt-2] [ERROR] [1779541567.769812593] [depth_nitros_bridge]: Input image format is not MONO16 image. This node only supports MONO16 image.The current image input is 32FC1
[component_container_mt-2] [ERROR] [1779541567.816862537] [depth_nitros_bridge]: Input image format is not MONO16 image. This node only supports MONO16 image.The current image input is 32FC1
[component_container_mt-2] [ERROR] [1779541567.848194518] [depth_nitros_bridge]: Input image format is not MONO16 image. This node only supports MONO16 image.The current image input is 32FC1
[component_container_mt-2] [ERROR] [1779541567.871423112] [depth_nitros_bridge]: Input image format is not MONO16 image. This node only supports MONO16 image.The current image input is 32FC1
[component_container_mt-2] [ERROR] [1779541567.893790984] [depth_nitros_bridge]: Input image format is not MONO16 image. This node only supports MONO16 image.The current image input is 32FC1
[component_container_mt-2] [ERROR] [1779541567.942324905] [depth_nitros_bridge]: Input image format is not MONO16 image. This node only supports MONO16 image.The current image input is 32FC1
[component_container_mt-2] [ERROR] [1779541567.977407299] [depth_nitros_bridge]: Input image format is not MONO16 image. This node only supports MONO16 image.The current image input is 32FC1
[component_container_mt-2] [ERROR] [1779541568.012907815] [depth_nitros_bridge]: Input image format is not MONO16 image. This node only supports MONO16 image.The current image input is 32FC1
[component_container_mt-2] [ERROR] [1779541568.036738125] [depth_nitros_bridge]: Input image format is not MONO16 image. This node only supports MONO16 image.The current image input is 32FC1
[component_container_mt-2] [ERROR] [1779541568.070299241] [depth_nitros_bridge]: Input image format is not MONO16 image. This node only supports MONO16 image.The current image input is 32FC1
[component_container_mt-2] [ERROR] [1779541568.095097849] [depth_nitros_bridge]: Input image format is not MONO16 image. This node only supports MONO16 image.The current image input is 32FC1
[component_container_mt-2] [ERROR] [1779541568.141964809] [depth_nitros_bridge]: Input image format is not MONO16 image. This node only supports MONO16 image.The current image input is 32FC1
[component_container_mt-2] [ERROR] [1779541568.160573613] [depth_nitros_bridge]: Input image format is not MONO16 image. This node only supports MONO16 image.The current image input is 32FC1
[component_container_mt-2] [ERROR] [1779541568.209255273] [depth_nitros_bridge]: Input image format is not MONO16 image. This node only supports MONO16 image.The current image input is 32FC1
[component_container_mt-2] [ERROR] [1779541568.228016427] [depth_nitros_bridge]: Input image format is not MONO16 image. This node only supports MONO16 image.The current image input is 32FC1
[component_container_mt-2] [ERROR] [1779541568.269618943] [depth_nitros_bridge]: Input image format is not MONO16 image. This node only supports MONO16 image.The current image input is 32FC1
[component_container_mt-2] [ERROR] [1779541568.308367623] [depth_nitros_bridge]: Input image format is not MONO16 image. This node only supports MONO16 image.The current image input is 32FC1
[component_container_mt-2] [ERROR] [1779541568.337294490] [depth_nitros_bridge]: Input image format is not MONO16 image. This node only supports MONO16 image.The current image input is 32FC1
[component_container_mt-2] [ERROR] [1779541568.379348227] [depth_nitros_bridge]: Input image format is not MONO16 image. This node only supports MONO16 image.The current image input is 32FC1
[component_container_mt-2] [ERROR] [1779541568.403015970] [depth_nitros_bridge]: Input image format is not MONO16 image. This node only supports MONO16 image.The current image input is 32FC1
[component_container_mt-2] [ERROR] [1779541568.438856967] [depth_nitros_bridge]: Input image format is not MONO16 image. This node only supports MONO16 image.The current image input is 32FC1
[component_container_mt-2] [ERROR] [1779541568.474536896] [depth_nitros_bridge]: Input image format is not MONO16 image. This node only supports MONO16 image.The current image input is 32FC1
[component_container_mt-2] [ERROR] [1779541568.503051128] [depth_nitros_bridge]: Input image format is not MONO16 image. This node only supports MONO16 image.The current image input is 32FC1
[component_container_mt-2] [ERROR] [1779541568.555812222] [depth_nitros_bridge]: Input image format is not MONO16 image. This node only supports MONO16 image.The current image input is 32FC1
[component_container_mt-2] [ERROR] [1779541568.572448963] [depth_nitros_bridge]: Input image format is not MONO16 image. This node only supports MONO16 image.The current image input is 32FC1
[component_container_mt-2] [ERROR] [1779541568.615417268] [depth_nitros_bridge]: Input image format is not MONO16 image. This node only supports MONO16 image.The current image input is 32FC1
[component_container_mt-2] [ERROR] [1779541568.637100503] [depth_nitros_bridge]: Input image format is not MONO16 image. This node only supports MONO16 image.The current image input is 32FC1
[component_container_mt-2] [ERROR] [1779541568.680868169] [depth_nitros_bridge]: Input image format is not MONO16 image. This node only supports MONO16 image.The current image input is 32FC1
[component_container_mt-2] [ERROR] [1779541568.695446055] [depth_nitros_bridge]: Input image format is not MONO16 image. This node only supports MONO16 image.The current image input is 32FC1
[component_container_mt-2] [ERROR] [1779541568.738472268] [depth_nitros_bridge]: Input image format is not MONO16 image. This node only supports MONO16 image.The current image input is 32FC1
[component_container_mt-2] [ERROR] [1779541568.778908612] [depth_nitros_bridge]: Input image format is not MONO16 image. This node only supports MONO16 image.The current image input is 32FC1
[component_container_mt-2] [ERROR] [1779541568.807185607] [depth_nitros_bridge]: Input image format is not MONO16 image. This node only supports MONO16 image.The current image input is 32FC1
[component_container_mt-2] [ERROR] [1779541568.848634356] [depth_nitros_bridge]: Input image format is not MONO16 image. This node only supports MONO16 image.The current image input is 32FC1
[component_container_mt-2] [ERROR] [1779541568.875274163] [depth_nitros_bridge]: Input image format is not MONO16 image. This node only supports MONO16 image.The current image input is 32FC1
[component_container_mt-2] [ERROR] [1779541568.913618589] [depth_nitros_bridge]: Input image format is not MONO16 image. This node only supports MONO16 image.The current image input is 32FC1
[component_container_mt-2] [ERROR] [1779541568.941711820] [depth_nitros_bridge]: Input image format is not MONO16 image. This node only supports MONO16 image.The current image input is 32FC1
[component_container_mt-2] [ERROR] [1779541568.975889599] [depth_nitros_bridge]: Input image format is not MONO16 image. This node only supports MONO16 image.The current image input is 32FC1
[component_container_mt-2] [ERROR] [1779541569.013432085] [depth_nitros_bridge]: Input image format is not MONO16 image. This node only supports MONO16 image.The current image input is 32FC1
[component_container_mt-2] [ERROR] [1779541569.033580401] [depth_nitros_bridge]: Input image format is not MONO16 image. This node only supports MONO16 image.The current image input is 32FC1
[component_container_mt-2] [ERROR] [1779541569.069843003] [depth_nitros_bridge]: Input image format is not MONO16 image. This node only supports MONO16 image.The current image input is 32FC1
[component_container_mt-2] [ERROR] [1779541569.108985480] [depth_nitros_bridge]: Input image format is not MONO16 image. This node only supports MONO16 image.The current image input is 32FC1
[component_container_mt-2] [ERROR] [1779541569.147349970] [depth_nitros_bridge]: Input image format is not MONO16 image. This node only supports MONO16 image.The current image input is 32FC1
[component_container_mt-2] [ERROR] [1779541569.170440517] [depth_nitros_bridge]: Input image format is not MONO16 image. This node only supports MONO16 image.The current image input is 32FC1
[component_container_mt-2] [ERROR] [1779541569.196844094] [depth_nitros_bridge]: Input image format is not MONO16 image. This node only supports MONO16 image.The current image input is 32FC1
[component_container_mt-2] [ERROR] [1779541569.242169412] [depth_nitros_bridge]: Input image format is not MONO16 image. This node only supports MONO16 image.The current image input is 32FC1
[component_container_mt-2] [ERROR] [1779541569.269860462] [depth_nitros_bridge]: Input image format is not MONO16 image. This node only supports MONO16 image.The current image input is 32FC1
[component_container_mt-2] [ERROR] [1779541569.292633125] [depth_nitros_bridge]: Input image format is not MONO16 image. This node only supports MONO16 image.The current image input is 32FC1
[component_container_mt-2] [ERROR] [1779541569.336010175] [depth_nitros_bridge]: Input image format is not MONO16 image. This node only supports MONO16 image.The current image input is 32FC1
[component_container_mt-2] [ERROR] [1779541569.379867270] [depth_nitros_bridge]: Input image format is not MONO16 image. This node only supports MONO16 image.The current image input is 32FC1
[component_container_mt-2] [ERROR] [1779541569.415817745] [depth_nitros_bridge]: Input image format is not MONO16 image. This node only supports MONO16 image.The current image input is 32FC1
[component_container_mt-2] [ERROR] [1779541569.450396392] [depth_nitros_bridge]: Input image format is not MONO16 image. This node only supports MONO16 image.The current image input is 32FC1
[component_container_mt-2] [ERROR] [1779541569.480259617] [depth_nitros_bridge]: Input image format is not MONO16 image. This node only supports MONO16 image.The current image input is 32FC1
[component_container_mt-2] [ERROR] [1779541569.513056021] [depth_nitros_bridge]: Input image format is not MONO16 image. This node only supports MONO16 image.The current image input is 32FC1
[component_container_mt-2] [ERROR] [1779541569.545625502] [depth_nitros_bridge]: Input image format is not MONO16 image. This node only supports MONO16 image.The current image input is 32FC1
[component_container_mt-2] [ERROR] [1779541569.555875139] [depth_nitros_bridge]: Input image format is not MONO16 image. This node only supports MONO16 image.The current image input is 32FC1
[component_container_mt-2] [ERROR] [1779541569.605894693] [depth_nitros_bridge]: Input image format is not MONO16 image. This node only supports MONO16 image.The current image input is 32FC1
[component_container_mt-2] [ERROR] [1779541569.636514979] [depth_nitros_bridge]: Input image format is not MONO16 image. This node only supports MONO16 image.The current image input is 32FC1
[component_container_mt-2] [ERROR] [1779541569.670281646] [depth_nitros_bridge]: Input image format is not MONO16 image. This node only supports MONO16 image.The current image input is 32FC1
[component_container_mt-2] [ERROR] [1779541569.714491787] [depth_nitros_bridge]: Input image format is not MONO16 image. This node only supports MONO16 image.The current image input is 32FC1
[component_container_mt-2] [ERROR] [1779541569.746554642] [depth_nitros_bridge]: Input image format is not MONO16 image. This node only supports MONO16 image.The current image input is 32FC1
[component_container_mt-2] [ERROR] [1779541569.769979993] [depth_nitros_bridge]: Input image format is not MONO16 image. This node only supports MONO16 image.The current image input is 32FC1
[component_container_mt-2] [ERROR] [1779541569.802974476] [depth_nitros_bridge]: Input image format is not MONO16 image. This node only supports MONO16 image.The current image input is 32FC1
[component_container_mt-2] [ERROR] [1779541569.825961173] [depth_nitros_bridge]: Input image format is not MONO16 image. This node only supports MONO16 image.The current image input is 32FC1
[component_container_mt-2] [ERROR] [1779541569.870203452] [depth_nitros_bridge]: Input image format is not MONO16 image. This node only supports MONO16 image.The current image input is 32FC1
[component_container_mt-2] [ERROR] [1779541569.893141107] [depth_nitros_bridge]: Input image format is not MONO16 image. This node only supports MONO16 image.The current image input is 32FC1
[component_container_mt-2] [ERROR] [1779541569.926194068] [depth_nitros_bridge]: Input image format is not MONO16 image. This node only supports MONO16 image.The current image input is 32FC1
[component_container_mt-2] [ERROR] [1779541569.983524965] [depth_nitros_bridge]: Input image format is not MONO16 image. This node only supports MONO16 image.The current image input is 32FC1
[component_container_mt-2] [ERROR] [1779541570.013983879] [depth_nitros_bridge]: Input image format is not MONO16 image. This node only supports MONO16 image.The current image input is 32FC1
[component_container_mt-2] [ERROR] [1779541570.046514837] [depth_nitros_bridge]: Input image format is not MONO16 image. This node only supports MONO16 image.The current image input is 32FC1
[component_container_mt-2] [ERROR] [1779541570.061702232] [depth_nitros_bridge]: Input image format is not MONO16 image. This node only supports MONO16 image.The current image input is 32FC1
[component_container_mt-2] [ERROR] [1779541570.108606597] [depth_nitros_bridge]: Input image format is not MONO16 image. This node only supports MONO16 image.The current image input is 32FC1
[component_container_mt-2] [ERROR] [1779541570.129244532] [depth_nitros_bridge]: Input image format is not MONO16 image. This node only supports MONO16 image.The current image input is 32FC1
[component_container_mt-2] [ERROR] [1779541570.162547036] [depth_nitros_bridge]: Input image format is not MONO16 image. This node only supports MONO16 image.The current image input is 32FC1
[component_container_mt-2] [ERROR] [1779541570.197294712] [depth_nitros_bridge]: Input image format is not MONO16 image. This node only supports MONO16 image.The current image input is 32FC1
[component_container_mt-2] [ERROR] [1779541570.243361946] [depth_nitros_bridge]: Input image format is not MONO16 image. This node only supports MONO16 image.The current image input is 32FC1
[component_container_mt-2] [ERROR] [1779541570.265868180] [depth_nitros_bridge]: Input image format is not MONO16 image. This node only supports MONO16 image.The current image input is 32FC1
[component_container_mt-2] [ERROR] [1779541570.296416849] [depth_nitros_bridge]: Input image format is not MONO16 image. This node only supports MONO16 image.The current image input is 32FC1
[component_container_mt-2] [ERROR] [1779541570.334393112] [depth_nitros_bridge]: Input image format is not MONO16 image. This node only supports MONO16 image.The current image input is 32FC1
[component_container_mt-2] [ERROR] [1779541570.377696551] [depth_nitros_bridge]: Input image format is not MONO16 image. This node only supports MONO16 image.The current image input is 32FC1
[component_container_mt-2] [ERROR] [1779541570.412518172] [depth_nitros_bridge]: Input image format is not MONO16 image. This node only supports MONO16 image.The current image input is 32FC1
[component_container_mt-2] [ERROR] [1779541570.431056629] [depth_nitros_bridge]: Input image format is not MONO16 image. This node only supports MONO16 image.The current image input is 32FC1
[component_container_mt-2] [ERROR] [1779541570.464942831] [depth_nitros_bridge]: Input image format is not MONO16 image. This node only supports MONO16 image.The current image input is 32FC1
[component_container_mt-2] [ERROR] [1779541570.493510322] [depth_nitros_bridge]: Input image format is not MONO16 image. This node only supports MONO16 image.The current image input is 32FC1
[component_container_mt-2] [ERROR] [1779541570.539122853] [depth_nitros_bridge]: Input image format is not MONO16 image. This node only supports MONO16 image.The current image input is 32FC1
[component_container_mt-2] [ERROR] [1779541570.569446145] [depth_nitros_bridge]: Input image format is not MONO16 image. This node only supports MONO16 image.The current image input is 32FC1
[component_container_mt-2] [ERROR] [1779541570.596693966] [depth_nitros_bridge]: Input image format is not MONO16 image. This node only supports MONO16 image.The current image input is 32FC1
[component_container_mt-2] [ERROR] [1779541570.633514090] [depth_nitros_bridge]: Input image format is not MONO16 image. This node only supports MONO16 image.The current image input is 32FC1
[component_container_mt-2] [ERROR] [1779541570.661255556] [depth_nitros_bridge]: Input image format is not MONO16 image. This node only supports MONO16 image.The current image input is 32FC1
[component_container_mt-2] [ERROR] [1779541570.705041121] [depth_nitros_bridge]: Input image format is not MONO16 image. This node only supports MONO16 image.The current image input is 32FC1
[component_container_mt-2] [ERROR] [1779541570.736979872] [depth_nitros_bridge]: Input image format is not MONO16 image. This node only supports MONO16 image.The current image input is 32FC1
[component_container_mt-2] [ERROR] [1779541570.749542295] [depth_nitros_bridge]: Input image format is not MONO16 image. This node only supports MONO16 image.The current image input is 32FC1
[component_container_mt-2] [ERROR] [1779541570.805419486] [depth_nitros_bridge]: Input image format is not MONO16 image. This node only supports MONO16 image.The current image input is 32FC1
[component_container_mt-2] [ERROR] [1779541570.838321573] [depth_nitros_bridge]: Input image format is not MONO16 image. This node only supports MONO16 image.The current image input is 32FC1
[component_container_mt-2] [ERROR] [1779541570.871826728] [depth_nitros_bridge]: Input image format is not MONO16 image. This node only supports MONO16 image.The current image input is 32FC1
[component_container_mt-2] [ERROR] [1779541570.883463294] [depth_nitros_bridge]: Input image format is not MONO16 image. This node only supports MONO16 image.The current image input is 32FC1
[component_container_mt-2] [ERROR] [1779541570.926578346] [depth_nitros_bridge]: Input image format is not MONO16 image. This node only supports MONO16 image.The current image input is 32FC1
[component_container_mt-2] [ERROR] [1779541570.969826868] [depth_nitros_bridge]: Input image format is not MONO16 image. This node only supports MONO16 image.The current image input is 32FC1
[component_container_mt-2] [ERROR] [1779541570.996077045] [depth_nitros_bridge]: Input image format is not MONO16 image. This node only supports MONO16 image.The current image input is 32FC1
[component_container_mt-2] [ERROR] [1779541571.027369892] [depth_nitros_bridge]: Input image format is not MONO16 image. This node only supports MONO16 image.The current image input is 32FC1
[component_container_mt-2] [ERROR] [1779541571.070967176] [depth_nitros_bridge]: Input image format is not MONO16 image. This node only supports MONO16 image.The current image input is 32FC1
[component_container_mt-2] [ERROR] [1779541571.091210158] [depth_nitros_bridge]: Input image format is not MONO16 image. This node only supports MONO16 image.The current image input is 32FC1
[component_container_mt-2] [ERROR] [1779541571.137300621] [depth_nitros_bridge]: Input image format is not MONO16 image. This node only supports MONO16 image.The current image input is 32FC1
[component_container_mt-2] [ERROR] [1779541571.162690842] [depth_nitros_bridge]: Input image format is not MONO16 image. This node only supports MONO16 image.The current image input is 32FC1
[component_container_mt-2] [ERROR] [1779541571.192916238] [depth_nitros_bridge]: Input image format is not MONO16 image. This node only supports MONO16 image.The current image input is 32FC1
[component_container_mt-2] [ERROR] [1779541571.247677602] [depth_nitros_bridge]: Input image format is not MONO16 image. This node only supports MONO16 image.The current image input is 32FC1
[component_container_mt-2] [ERROR] [1779541571.280281861] [depth_nitros_bridge]: Input image format is not MONO16 image. This node only supports MONO16 image.The current image input is 32FC1
[component_container_mt-2] [ERROR] [1779541571.303242635] [depth_nitros_bridge]: Input image format is not MONO16 image. This node only supports MONO16 image.The current image input is 32FC1
[component_container_mt-2] [ERROR] [1779541571.346681392] [depth_nitros_bridge]: Input image format is not MONO16 image. This node only supports MONO16 image.The current image input is 32FC1
[component_container_mt-2] [ERROR] [1779541571.372293448] [depth_nitros_bridge]: Input image format is not MONO16 image. This node only supports MONO16 image.The current image input is 32FC1
[component_container_mt-2] [ERROR] [1779541571.396375659] [depth_nitros_bridge]: Input image format is not MONO16 image. This node only supports MONO16 image.The current image input is 32FC1
[component_container_mt-2] [ERROR] [1779541571.428521306] [depth_nitros_bridge]: Input image format is not MONO16 image. This node only supports MONO16 image.The current image input is 32FC1
[component_container_mt-2] [ERROR] [1779541571.464750331] [depth_nitros_bridge]: Input image format is not MONO16 image. This node only supports MONO16 image.The current image input is 32FC1
[component_container_mt-2] [ERROR] [1779541571.509624905] [depth_nitros_bridge]: Input image format is not MONO16 image. This node only supports MONO16 image.The current image input is 32FC1
[component_container_mt-2] [ERROR] [1779541571.536857733] [depth_nitros_bridge]: Input image format is not MONO16 image. This node only supports MONO16 image.The current image input is 32FC1
[component_container_mt-2] [ERROR] [1779541571.569983127] [depth_nitros_bridge]: Input image format is not MONO16 image. This node only supports MONO16 image.The current image input is 32FC1
[component_container_mt-2] [ERROR] [1779541571.615366854] [depth_nitros_bridge]: Input image format is not MONO16 image. This node only supports MONO16 image.The current image input is 32FC1
[component_container_mt-2] [ERROR] [1779541571.647363252] [depth_nitros_bridge]: Input image format is not MONO16 image. This node only supports MONO16 image.The current image input is 32FC1
[component_container_mt-2] [ERROR] [1779541571.669213565] [depth_nitros_bridge]: Input image format is not MONO16 image. This node only supports MONO16 image.The current image input is 32FC1
[component_container_mt-2] [ERROR] [1779541571.683130567] [depth_nitros_bridge]: Input image format is not MONO16 image. This node only supports MONO16 image.The current image input is 32FC1
[component_container_mt-2] [ERROR] [1779541571.746329128] [depth_nitros_bridge]: Input image format is not MONO16 image. This node only supports MONO16 image.The current image input is 32FC1
[component_container_mt-2] [ERROR] [1779541571.784940616] [depth_nitros_bridge]: Input image format is not MONO16 image. This node only supports MONO16 image.The current image input is 32FC1
[component_container_mt-2] [ERROR] [1779541571.795957384] [depth_nitros_bridge]: Input image format is not MONO16 image. This node only supports MONO16 image.The current image input is 32FC1
[component_container_mt-2] [ERROR] [1779541571.840064769] [depth_nitros_bridge]: Input image format is not MONO16 image. This node only supports MONO16 image.The current image input is 32FC1
[component_container_mt-2] [ERROR] [1779541571.870792445] [depth_nitros_bridge]: Input image format is not MONO16 image. This node only supports MONO16 image.The current image input is 32FC1
[component_container_mt-2] [ERROR] [1779541571.904044162] [depth_nitros_bridge]: Input image format is not MONO16 image. This node only supports MONO16 image.The current image input is 32FC1
[component_container_mt-2] [ERROR] [1779541571.936678381] [depth_nitros_bridge]: Input image format is not MONO16 image. This node only supports MONO16 image.The current image input is 32FC1
[component_container_mt-2] [ERROR] [1779541571.972225049] [depth_nitros_bridge]: Input image format is not MONO16 image. This node only supports MONO16 image.The current image input is 32FC1
[component_container_mt-2] [ERROR] [1779541571.993568023] [depth_nitros_bridge]: Input image format is not MONO16 image. This node only supports MONO16 image.The current image input is 32FC1
[component_container_mt-2] [ERROR] [1779541572.038914605] [depth_nitros_bridge]: Input image format is not MONO16 image. This node only supports MONO16 image.The current image input is 32FC1
[component_container_mt-2] [ERROR] [1779541572.070282605] [depth_nitros_bridge]: Input image format is not MONO16 image. This node only supports MONO16 image.The current image input is 32FC1
[component_container_mt-2] [ERROR] [1779541572.103510417] [depth_nitros_bridge]: Input image format is not MONO16 image. This node only supports MONO16 image.The current image input is 32FC1
[component_container_mt-2] [ERROR] [1779541572.136945612] [depth_nitros_bridge]: Input image format is not MONO16 image. This node only supports MONO16 image.The current image input is 32FC1
[component_container_mt-2] [ERROR] [1779541572.160766233] [depth_nitros_bridge]: Input image format is not MONO16 image. This node only supports MONO16 image.The current image input is 32FC1
[component_container_mt-2] [ERROR] [1779541572.204200365] [depth_nitros_bridge]: Input image format is not MONO16 image. This node only supports MONO16 image.The current image input is 32FC1
[component_container_mt-2] [ERROR] [1779541572.236703225] [depth_nitros_bridge]: Input image format is not MONO16 image. This node only supports MONO16 image.The current image input is 32FC1
[component_container_mt-2] [ERROR] [1779541572.260961625] [depth_nitros_bridge]: Input image format is not MONO16 image. This node only supports MONO16 image.The current image input is 32FC1
[component_container_mt-2] [ERROR] [1779541572.302413752] [depth_nitros_bridge]: Input image format is not MONO16 image. This node only supports MONO16 image.The current image input is 32FC1
[component_container_mt-2] [ERROR] [1779541572.327878022] [depth_nitros_bridge]: Input image format is not MONO16 image. This node only supports MONO16 image.The current image input is 32FC1
[component_container_mt-2] [ERROR] [1779541572.380444772] [depth_nitros_bridge]: Input image format is not MONO16 image. This node only supports MONO16 image.The current image input is 32FC1
[component_container_mt-2] [ERROR] [1779541572.403657484] [depth_nitros_bridge]: Input image format is not MONO16 image. This node only supports MONO16 image.The current image input is 32FC1
[component_container_mt-2] [ERROR] [1779541572.446172241] [depth_nitros_bridge]: Input image format is not MONO16 image. This node only supports MONO16 image.The current image input is 32FC1
[component_container_mt-2] [ERROR] [1779541572.470052004] [depth_nitros_bridge]: Input image format is not MONO16 image. This node only supports MONO16 image.The current image input is 32FC1
[component_container_mt-2] [ERROR] [1779541572.504109634] [depth_nitros_bridge]: Input image format is not MONO16 image. This node only supports MONO16 image.The current image input is 32FC1
[component_container_mt-2] [ERROR] [1779541572.537609675] [depth_nitros_bridge]: Input image format is not MONO16 image. This node only supports MONO16 image.The current image input is 32FC1
[component_container_mt-2] [ERROR] [1779541572.571379115] [depth_nitros_bridge]: Input image format is not MONO16 image. This node only supports MONO16 image.The current image input is 32FC1
[component_container_mt-2] [ERROR] [1779541572.606754170] [depth_nitros_bridge]: Input image format is not MONO16 image. This node only supports MONO16 image.The current image input is 32FC1
[component_container_mt-2] [ERROR] [1779541572.642334477] [depth_nitros_bridge]: Input image format is not MONO16 image. This node only supports MONO16 image.The current image input is 32FC1
[component_container_mt-2] [ERROR] [1779541572.663437198] [depth_nitros_bridge]: Input image format is not MONO16 image. This node only supports MONO16 image.The current image input is 32FC1
[component_container_mt-2] [ERROR] [1779541572.706031278] [depth_nitros_bridge]: Input image format is not MONO16 image. This node only supports MONO16 image.The current image input is 32FC1
[component_container_mt-2] [ERROR] [1779541572.740421384] [depth_nitros_bridge]: Input image format is not MONO16 image. This node only supports MONO16 image.The current image input is 32FC1
[component_container_mt-2] [ERROR] [1779541572.761253606] [depth_nitros_bridge]: Input image format is not MONO16 image. This node only supports MONO16 image.The current image input is 32FC1
[component_container_mt-2] [ERROR] [1779541572.806479221] [depth_nitros_bridge]: Input image format is not MONO16 image. This node only supports MONO16 image.The current image input is 32FC1
[component_container_mt-2] [ERROR] [1779541572.836539842] [depth_nitros_bridge]: Input image format is not MONO16 image. This node only supports MONO16 image.The current image input is 32FC1
[component_container_mt-2] [ERROR] [1779541572.859258010] [depth_nitros_bridge]: Input image format is not MONO16 image. This node only supports MONO16 image.The current image input is 32FC1
[component_container_mt-2] [ERROR] [1779541572.892779936] [depth_nitros_bridge]: Input image format is not MONO16 image. This node only supports MONO16 image.The current image input is 32FC1
[component_container_mt-2] [ERROR] [1779541572.936530051] [depth_nitros_bridge]: Input image format is not MONO16 image. This node only supports MONO16 image.The current image input is 32FC1
[component_container_mt-2] [ERROR] [1779541572.985176042] [depth_nitros_bridge]: Input image format is not MONO16 image. This node only supports MONO16 image.The current image input is 32FC1
[component_container_mt-2] [ERROR] [1779541573.003838194] [depth_nitros_bridge]: Input image format is not MONO16 image. This node only supports MONO16 image.The current image input is 32FC1
[component_container_mt-2] [ERROR] [1779541573.028158087] [depth_nitros_bridge]: Input image format is not MONO16 image. This node only supports MONO16 image.The current image input is 32FC1
[component_container_mt-2] [ERROR] [1779541573.073096904] [depth_nitros_bridge]: Input image format is not MONO16 image. This node only supports MONO16 image.The current image input is 32FC1
[component_container_mt-2] [ERROR] [1779541573.107102303] [depth_nitros_bridge]: Input image format is not MONO16 image. This node only supports MONO16 image.The current image input is 32FC1
[component_container_mt-2] [ERROR] [1779541573.136183836] [depth_nitros_bridge]: Input image format is not MONO16 image. This node only supports MONO16 image.The current image input is 32FC1
[component_container_mt-2] [ERROR] [1779541573.159619165] [depth_nitros_bridge]: Input image format is not MONO16 image. This node only supports MONO16 image.The current image input is 32FC1
[component_container_mt-2] [ERROR] [1779541573.217113320] [depth_nitros_bridge]: Input image format is not MONO16 image. This node only supports MONO16 image.The current image input is 32FC1
[component_container_mt-2] [ERROR] [1779541573.236028022] [depth_nitros_bridge]: Input image format is not MONO16 image. This node only supports MONO16 image.The current image input is 32FC1
[component_container_mt-2] [ERROR] [1779541573.280707386] [depth_nitros_bridge]: Input image format is not MONO16 image. This node only supports MONO16 image.The current image input is 32FC1
[component_container_mt-2] [ERROR] [1779541573.307028641] [depth_nitros_bridge]: Input image format is not MONO16 image. This node only supports MONO16 image.The current image input is 32FC1
[component_container_mt-2] [ERROR] [1779541573.330598429] [depth_nitros_bridge]: Input image format is not MONO16 image. This node only supports MONO16 image.The current image input is 32FC1
[component_container_mt-2] [ERROR] [1779541573.379782366] [depth_nitros_bridge]: Input image format is not MONO16 image. This node only supports MONO16 image.The current image input is 32FC1
[component_container_mt-2] [ERROR] [1779541573.406144469] [depth_nitros_bridge]: Input image format is not MONO16 image. This node only supports MONO16 image.The current image input is 32FC1
[component_container_mt-2] [ERROR] [1779541573.435940002] [depth_nitros_bridge]: Input image format is not MONO16 image. This node only supports MONO16 image.The current image input is 32FC1
[component_container_mt-2] [ERROR] [1779541573.471721628] [depth_nitros_bridge]: Input image format is not MONO16 image. This node only supports MONO16 image.The current image input is 32FC1
[component_container_mt-2] [ERROR] [1779541573.503970275] [depth_nitros_bridge]: Input image format is not MONO16 image. This node only supports MONO16 image.The current image input is 32FC1
[component_container_mt-2] [ERROR] [1779541573.536057842] [depth_nitros_bridge]: Input image format is not MONO16 image. This node only supports MONO16 image.The current image input is 32FC1
[component_container_mt-2] [ERROR] [1779541573.579644386] [depth_nitros_bridge]: Input image format is not MONO16 image. This node only supports MONO16 image.The current image input is 32FC1
[component_container_mt-2] [ERROR] [1779541573.613449301] [depth_nitros_bridge]: Input image format is not MONO16 image. This node only supports MONO16 image.The current image input is 32FC1
[component_container_mt-2] [ERROR] [1779541573.638035254] [depth_nitros_bridge]: Input image format is not MONO16 image. This node only supports MONO16 image.The current image input is 32FC1
[component_container_mt-2] [ERROR] [1779541573.671172450] [depth_nitros_bridge]: Input image format is not MONO16 image. This node only supports MONO16 image.The current image input is 32FC1
[component_container_mt-2] [ERROR] [1779541573.707941981] [depth_nitros_bridge]: Input image format is not MONO16 image. This node only supports MONO16 image.The current image input is 32FC1
[component_container_mt-2] [ERROR] [1779541573.735857714] [depth_nitros_bridge]: Input image format is not MONO16 image. This node only supports MONO16 image.The current image input is 32FC1
[component_container_mt-2] [ERROR] [1779541573.771515607] [depth_nitros_bridge]: Input image format is not MONO16 image. This node only supports MONO16 image.The current image input is 32FC1
[component_container_mt-2] [ERROR] [1779541573.804482268] [depth_nitros_bridge]: Input image format is not MONO16 image. This node only supports MONO16 image.The current image input is 32FC1
[component_container_mt-2] [ERROR] [1779541573.837811824] [depth_nitros_bridge]: Input image format is not MONO16 image. This node only supports MONO16 image.The current image input is 32FC1
[component_container_mt-2] [ERROR] [1779541573.870934708] [depth_nitros_bridge]: Input image format is not MONO16 image. This node only supports MONO16 image.The current image input is 32FC1
[component_container_mt-2] [ERROR] [1779541573.894367735] [depth_nitros_bridge]: Input image format is not MONO16 image. This node only supports MONO16 image.The current image input is 32FC1
[component_container_mt-2] [ERROR] [1779541573.937170157] [depth_nitros_bridge]: Input image format is not MONO16 image. This node only supports MONO16 image.The current image input is 32FC1
[component_container_mt-2] [ERROR] [1779541573.959829142] [depth_nitros_bridge]: Input image format is not MONO16 image. This node only supports MONO16 image.The current image input is 32FC1
[component_container_mt-2] [ERROR] [1779541574.015377966] [depth_nitros_bridge]: Input image format is not MONO16 image. This node only supports MONO16 image.The current image input is 32FC1
[component_container_mt-2] [ERROR] [1779541574.047698503] [depth_nitros_bridge]: Input image format is not MONO16 image. This node only supports MONO16 image.The current image input is 32FC1
[component_container_mt-2] [ERROR] [1779541574.071374876] [depth_nitros_bridge]: Input image format is not MONO16 image. This node only supports MONO16 image.The current image input is 32FC1
[component_container_mt-2] [ERROR] [1779541574.103880085] [depth_nitros_bridge]: Input image format is not MONO16 image. This node only supports MONO16 image.The current image input is 32FC1
[component_container_mt-2] [ERROR] [1779541574.146732375] [depth_nitros_bridge]: Input image format is not MONO16 image. This node only supports MONO16 image.The current image input is 32FC1
[component_container_mt-2] [ERROR] [1779541574.183201298] [depth_nitros_bridge]: Input image format is not MONO16 image. This node only supports MONO16 image.The current image input is 32FC1
[component_container_mt-2] [ERROR] [1779541574.219594055] [depth_nitros_bridge]: Input image format is not MONO16 image. This node only supports MONO16 image.The current image input is 32FC1
[component_container_mt-2] [ERROR] [1779541574.238125217] [depth_nitros_bridge]: Input image format is not MONO16 image. This node only supports MONO16 image.The current image input is 32FC1
[component_container_mt-2] [ERROR] [1779541574.263726364] [depth_nitros_bridge]: Input image format is not MONO16 image. This node only supports MONO16 image.The current image input is 32FC1
[component_container_mt-2] [ERROR] [1779541574.292837247] [depth_nitros_bridge]: Input image format is not MONO16 image. This node only supports MONO16 image.The current image input is 32FC1
[component_container_mt-2] [ERROR] [1779541574.347529182] [depth_nitros_bridge]: Input image format is not MONO16 image. This node only supports MONO16 image.The current image input is 32FC1
[component_container_mt-2] [ERROR] [1779541574.372144938] [depth_nitros_bridge]: Input image format is not MONO16 image. This node only supports MONO16 image.The current image input is 32FC1
[component_container_mt-2] [ERROR] [1779541574.413514701] [depth_nitros_bridge]: Input image format is not MONO16 image. This node only supports MONO16 image.The current image input is 32FC1
[component_container_mt-2] [ERROR] [1779541574.438041173] [depth_nitros_bridge]: Input image format is not MONO16 image. This node only supports MONO16 image.The current image input is 32FC1
[component_container_mt-2] [ERROR] [1779541574.470180618] [depth_nitros_bridge]: Input image format is not MONO16 image. This node only supports MONO16 image.The current image input is 32FC1
[component_container_mt-2] [ERROR] [1779541574.507811022] [depth_nitros_bridge]: Input image format is not MONO16 image. This node only supports MONO16 image.The current image input is 32FC1
[component_container_mt-2] [ERROR] [1779541574.527967334] [depth_nitros_bridge]: Input image format is not MONO16 image. This node only supports MONO16 image.The current image input is 32FC1
[component_container_mt-2] [ERROR] [1779541574.570755796] [depth_nitros_bridge]: Input image format is not MONO16 image. This node only supports MONO16 image.The current image input is 32FC1
[component_container_mt-2] [ERROR] [1779541574.594751211] [depth_nitros_bridge]: Input image format is not MONO16 image. This node only supports MONO16 image.The current image input is 32FC1
[component_container_mt-2] [ERROR] [1779541574.638833303] [depth_nitros_bridge]: Input image format is not MONO16 image. This node only supports MONO16 image.The current image input is 32FC1
[component_container_mt-2] [ERROR] [1779541574.663033590] [depth_nitros_bridge]: Input image format is not MONO16 image. This node only supports MONO16 image.The current image input is 32FC1
[component_container_mt-2] [ERROR] [1779541574.694456238] [depth_nitros_bridge]: Input image format is not MONO16 image. This node only supports MONO16 image.The current image input is 32FC1
[component_container_mt-2] [ERROR] [1779541574.739151403] [depth_nitros_bridge]: Input image format is not MONO16 image. This node only supports MONO16 image.The current image input is 32FC1
[component_container_mt-2] [ERROR] [1779541574.764392238] [depth_nitros_bridge]: Input image format is not MONO16 image. This node only supports MONO16 image.The current image input is 32FC1
[component_container_mt-2] [ERROR] [1779541574.793404502] [depth_nitros_bridge]: Input image format is not MONO16 image. This node only supports MONO16 image.The current image input is 32FC1
[component_container_mt-2] [ERROR] [1779541574.826582838] [depth_nitros_bridge]: Input image format is not MONO16 image. This node only supports MONO16 image.The current image input is 32FC1
[component_container_mt-2] [ERROR] [1779541574.861384767] [depth_nitros_bridge]: Input image format is not MONO16 image. This node only supports MONO16 image.The current image input is 32FC1
[component_container_mt-2] [ERROR] [1779541574.904363323] [depth_nitros_bridge]: Input image format is not MONO16 image. This node only supports MONO16 image.The current image input is 32FC1
[component_container_mt-2] [ERROR] [1779541574.940717038] [depth_nitros_bridge]: Input image format is not MONO16 image. This node only supports MONO16 image.The current image input is 32FC1
[component_container_mt-2] [ERROR] [1779541574.970906154] [depth_nitros_bridge]: Input image format is not MONO16 image. This node only supports MONO16 image.The current image input is 32FC1
[component_container_mt-2] [ERROR] [1779541575.006522458] [depth_nitros_bridge]: Input image format is not MONO16 image. This node only supports MONO16 image.The current image input is 32FC1
[component_container_mt-2] [ERROR] [1779541575.039832177] [depth_nitros_bridge]: Input image format is not MONO16 image. This node only supports MONO16 image.The current image input is 32FC1
[component_container_mt-2] [ERROR] [1779541575.072804907] [depth_nitros_bridge]: Input image format is not MONO16 image. This node only supports MONO16 image.The current image input is 32FC1
[component_container_mt-2] [ERROR] [1779541575.101763316] [depth_nitros_bridge]: Input image format is not MONO16 image. This node only supports MONO16 image.The current image input is 32FC1
[component_container_mt-2] [ERROR] [1779541575.133900600] [depth_nitros_bridge]: Input image format is not MONO16 image. This node only supports MONO16 image.The current image input is 32FC1
[component_container_mt-2] [ERROR] [1779541575.162962244] [depth_nitros_bridge]: Input image format is not MONO16 image. This node only supports MONO16 image.The current image input is 32FC1
[component_container_mt-2] [ERROR] [1779541575.196553825] [depth_nitros_bridge]: Input image format is not MONO16 image. This node only supports MONO16 image.The current image input is 32FC1
[component_container_mt-2] [ERROR] [1779541575.247149845] [depth_nitros_bridge]: Input image format is not MONO16 image. This node only supports MONO16 image.The current image input is 32FC1
[component_container_mt-2] [ERROR] [1779541575.282534556] [depth_nitros_bridge]: Input image format is not MONO16 image. This node only supports MONO16 image.The current image input is 32FC1
[component_container_mt-2] [ERROR] [1779541575.283370775] [depth_nitros_bridge]: Input image format is not MONO16 image. This node only supports MONO16 image.The current image input is 32FC1
[component_container_mt-2] [ERROR] [1779541575.346887233] [depth_nitros_bridge]: Input image format is not MONO16 image. This node only supports MONO16 image.The current image input is 32FC1
[component_container_mt-2] [ERROR] [1779541575.379976733] [depth_nitros_bridge]: Input image format is not MONO16 image. This node only supports MONO16 image.The current image input is 32FC1
[component_container_mt-2] [ERROR] [1779541575.413872016] [depth_nitros_bridge]: Input image format is not MONO16 image. This node only supports MONO16 image.The current image input is 32FC1
[component_container_mt-2] [ERROR] [1779541575.438397151] [depth_nitros_bridge]: Input image format is not MONO16 image. This node only supports MONO16 image.The current image input is 32FC1
[component_container_mt-2] [ERROR] [1779541575.466149191] [depth_nitros_bridge]: Input image format is not MONO16 image. This node only supports MONO16 image.The current image input is 32FC1
[component_container_mt-2] [ERROR] [1779541575.508207094] [depth_nitros_bridge]: Input image format is not MONO16 image. This node only supports MONO16 image.The current image input is 32FC1
[component_container_mt-2] [ERROR] [1779541575.532029297] [depth_nitros_bridge]: Input image format is not MONO16 image. This node only supports MONO16 image.The current image input is 32FC1
[component_container_mt-2] [ERROR] [1779541575.571716866] [depth_nitros_bridge]: Input image format is not MONO16 image. This node only supports MONO16 image.The current image input is 32FC1
[component_container_mt-2] [ERROR] [1779541575.604754526] [depth_nitros_bridge]: Input image format is not MONO16 image. This node only supports MONO16 image.The current image input is 32FC1
[component_container_mt-2] [ERROR] [1779541575.641823252] [depth_nitros_bridge]: Input image format is not MONO16 image. This node only supports MONO16 image.The current image input is 32FC1
[component_container_mt-2] [ERROR] [1779541575.660687236] [depth_nitros_bridge]: Input image format is not MONO16 image. This node only supports MONO16 image.The current image input is 32FC1
[component_container_mt-2] [ERROR] [1779541575.695823972] [depth_nitros_bridge]: Input image format is not MONO16 image. This node only supports MONO16 image.The current image input is 32FC1
[component_container_mt-2] [ERROR] [1779541575.748986408] [depth_nitros_bridge]: Input image format is not MONO16 image. This node only supports MONO16 image.The current image input is 32FC1
[component_container_mt-2] [ERROR] [1779541575.772731492] [depth_nitros_bridge]: Input image format is not MONO16 image. This node only supports MONO16 image.The current image input is 32FC1
[component_container_mt-2] [ERROR] [1779541575.806928217] [depth_nitros_bridge]: Input image format is not MONO16 image. This node only supports MONO16 image.The current image input is 32FC1
[component_container_mt-2] [ERROR] [1779541575.826589718] [depth_nitros_bridge]: Input image format is not MONO16 image. This node only supports MONO16 image.The current image input is 32FC1
[component_container_mt-2] [ERROR] [1779541575.875740113] [depth_nitros_bridge]: Input image format is not MONO16 image. This node only supports MONO16 image.The current image input is 32FC1
[component_container_mt-2] [ERROR] [1779541575.905406993] [depth_nitros_bridge]: Input image format is not MONO16 image. This node only supports MONO16 image.The current image input is 32FC1
[component_container_mt-2] [ERROR] [1779541575.939208839] [depth_nitros_bridge]: Input image format is not MONO16 image. This node only supports MONO16 image.The current image input is 32FC1
[component_container_mt-2] [ERROR] [1779541575.970191188] [depth_nitros_bridge]: Input image format is not MONO16 image. This node only supports MONO16 image.The current image input is 32FC1
[component_container_mt-2] [ERROR] [1779541575.993486328] [depth_nitros_bridge]: Input image format is not MONO16 image. This node only supports MONO16 image.The current image input is 32FC1
[component_container_mt-2] [ERROR] [1779541576.031783188] [depth_nitros_bridge]: Input image format is not MONO16 image. This node only supports MONO16 image.The current image input is 32FC1
[component_container_mt-2] [ERROR] [1779541576.055881988] [depth_nitros_bridge]: Input image format is not MONO16 image. This node only supports MONO16 image.The current image input is 32FC1
[component_container_mt-2] [ERROR] [1779541576.106013076] [depth_nitros_bridge]: Input image format is not MONO16 image. This node only supports MONO16 image.The current image input is 32FC1
[component_container_mt-2] [ERROR] [1779541576.130709924] [depth_nitros_bridge]: Input image format is not MONO16 image. This node only supports MONO16 image.The current image input is 32FC1
[component_container_mt-2] [ERROR] [1779541576.171817050] [depth_nitros_bridge]: Input image format is not MONO16 image. This node only supports MONO16 image.The current image input is 32FC1
[component_container_mt-2] [ERROR] [1779541576.203698900] [depth_nitros_bridge]: Input image format is not MONO16 image. This node only supports MONO16 image.The current image input is 32FC1
[component_container_mt-2] [ERROR] [1779541576.236171972] [depth_nitros_bridge]: Input image format is not MONO16 image. This node only supports MONO16 image.The current image input is 32FC1
[component_container_mt-2] [ERROR] [1779541576.259604692] [depth_nitros_bridge]: Input image format is not MONO16 image. This node only supports MONO16 image.The current image input is 32FC1
[component_container_mt-2] [ERROR] [1779541576.311170701] [depth_nitros_bridge]: Input image format is not MONO16 image. This node only supports MONO16 image.The current image input is 32FC1
[component_container_mt-2] [ERROR] [1779541576.343571820] [depth_nitros_bridge]: Input image format is not MONO16 image. This node only supports MONO16 image.The current image input is 32FC1
[component_container_mt-2] [ERROR] [1779541576.374001327] [depth_nitros_bridge]: Input image format is not MONO16 image. This node only supports MONO16 image.The current image input is 32FC1
[component_container_mt-2] [ERROR] [1779541576.393790182] [depth_nitros_bridge]: Input image format is not MONO16 image. This node only supports MONO16 image.The current image input is 32FC1
[component_container_mt-2] [ERROR] [1779541576.428103296] [depth_nitros_bridge]: Input image format is not MONO16 image. This node only supports MONO16 image.The current image input is 32FC1
[component_container_mt-2] [ERROR] [1779541576.470963852] [depth_nitros_bridge]: Input image format is not MONO16 image. This node only supports MONO16 image.The current image input is 32FC1
[component_container_mt-2] [ERROR] [1779541576.503936132] [depth_nitros_bridge]: Input image format is not MONO16 image. This node only supports MONO16 image.The current image input is 32FC1
[component_container_mt-2] [ERROR] [1779541576.537565636] [depth_nitros_bridge]: Input image format is not MONO16 image. This node only supports MONO16 image.The current image input is 32FC1
[component_container_mt-2] [ERROR] [1779541576.570295567] [depth_nitros_bridge]: Input image format is not MONO16 image. This node only supports MONO16 image.The current image input is 32FC1
[component_container_mt-2] [ERROR] [1779541576.585159725] [depth_nitros_bridge]: Input image format is not MONO16 image. This node only supports MONO16 image.The current image input is 32FC1
[component_container_mt-2] [ERROR] [1779541576.638825046] [depth_nitros_bridge]: Input image format is not MONO16 image. This node only supports MONO16 image.The current image input is 32FC1
[component_container_mt-2] [ERROR] [1779541576.659919297] [depth_nitros_bridge]: Input image format is not MONO16 image. This node only supports MONO16 image.The current image input is 32FC1
[component_container_mt-2] [ERROR] [1779541576.705122162] [depth_nitros_bridge]: Input image format is not MONO16 image. This node only supports MONO16 image.The current image input is 32FC1
[component_container_mt-2] [ERROR] [1779541576.737311108] [depth_nitros_bridge]: Input image format is not MONO16 image. This node only supports MONO16 image.The current image input is 32FC1
[component_container_mt-2] [ERROR] [1779541576.769534893] [depth_nitros_bridge]: Input image format is not MONO16 image. This node only supports MONO16 image.The current image input is 32FC1
[component_container_mt-2] [ERROR] [1779541576.807016805] [depth_nitros_bridge]: Input image format is not MONO16 image. This node only supports MONO16 image.The current image input is 32FC1
[component_container_mt-2] [ERROR] [1779541576.832372629] [depth_nitros_bridge]: Input image format is not MONO16 image. This node only supports MONO16 image.The current image input is 32FC1
[component_container_mt-2] [ERROR] [1779541576.866591678] [depth_nitros_bridge]: Input image format is not MONO16 image. This node only supports MONO16 image.The current image input is 32FC1
[component_container_mt-2] [ERROR] [1779541576.893862443] [depth_nitros_bridge]: Input image format is not MONO16 image. This node only supports MONO16 image.The current image input is 32FC1
[component_container_mt-2] [ERROR] [1779541576.934305466] [depth_nitros_bridge]: Input image format is not MONO16 image. This node only supports MONO16 image.The current image input is 32FC1
[component_container_mt-2] [ERROR] [1779541576.960709817] [depth_nitros_bridge]: Input image format is not MONO16 image. This node only supports MONO16 image.The current image input is 32FC1
[component_container_mt-2] [ERROR] [1779541576.999863925] [depth_nitros_bridge]: Input image format is not MONO16 image. This node only supports MONO16 image.The current image input is 32FC1
[component_container_mt-2] [ERROR] [1779541577.032342199] [depth_nitros_bridge]: Input image format is not MONO16 image. This node only supports MONO16 image.The current image input is 32FC1
[component_container_mt-2] [ERROR] [1779541577.072028703] [depth_nitros_bridge]: Input image format is not MONO16 image. This node only supports MONO16 image.The current image input is 32FC1
[component_container_mt-2] [ERROR] [1779541577.094717810] [depth_nitros_bridge]: Input image format is not MONO16 image. This node only supports MONO16 image.The current image input is 32FC1
[component_container_mt-2] [ERROR] [1779541577.136999282] [depth_nitros_bridge]: Input image format is not MONO16 image. This node only supports MONO16 image.The current image input is 32FC1
[component_container_mt-2] [ERROR] [1779541577.173647637] [depth_nitros_bridge]: Input image format is not MONO16 image. This node only supports MONO16 image.The current image input is 32FC1
[component_container_mt-2] [ERROR] [1779541577.197000370] [depth_nitros_bridge]: Input image format is not MONO16 image. This node only supports MONO16 image.The current image input is 32FC1
[component_container_mt-2] [ERROR] [1779541577.247685660] [depth_nitros_bridge]: Input image format is not MONO16 image. This node only supports MONO16 image.The current image input is 32FC1
[component_container_mt-2] [ERROR] [1779541577.274688581] [depth_nitros_bridge]: Input image format is not MONO16 image. This node only supports MONO16 image.The current image input is 32FC1
[component_container_mt-2] [ERROR] [1779541577.300806174] [depth_nitros_bridge]: Input image format is not MONO16 image. This node only supports MONO16 image.The current image input is 32FC1
[component_container_mt-2] [ERROR] [1779541577.347141825] [depth_nitros_bridge]: Input image format is not MONO16 image. This node only supports MONO16 image.The current image input is 32FC1
[component_container_mt-2] [ERROR] [1779541577.383789525] [depth_nitros_bridge]: Input image format is not MONO16 image. This node only supports MONO16 image.The current image input is 32FC1
[component_container_mt-2] [ERROR] [1779541577.417842223] [depth_nitros_bridge]: Input image format is not MONO16 image. This node only supports MONO16 image.The current image input is 32FC1
[component_container_mt-2] [ERROR] [1779541577.439490724] [depth_nitros_bridge]: Input image format is not MONO16 image. This node only supports MONO16 image.The current image input is 32FC1
[component_container_mt-2] [ERROR] [1779541577.474657226] [depth_nitros_bridge]: Input image format is not MONO16 image. This node only supports MONO16 image.The current image input is 32FC1
[component_container_mt-2] [ERROR] [1779541577.503994561] [depth_nitros_bridge]: Input image format is not MONO16 image. This node only supports MONO16 image.The current image input is 32FC1
[component_container_mt-2] [ERROR] [1779541577.542841541] [depth_nitros_bridge]: Input image format is not MONO16 image. This node only supports MONO16 image.The current image input is 32FC1
[component_container_mt-2] [ERROR] [1779541577.570289802] [depth_nitros_bridge]: Input image format is not MONO16 image. This node only supports MONO16 image.The current image input is 32FC1
[component_container_mt-2] [ERROR] [1779541577.614351060] [depth_nitros_bridge]: Input image format is not MONO16 image. This node only supports MONO16 image.The current image input is 32FC1
[component_container_mt-2] [ERROR] [1779541577.639456832] [depth_nitros_bridge]: Input image format is not MONO16 image. This node only supports MONO16 image.The current image input is 32FC1
[component_container_mt-2] [ERROR] [1779541577.674113524] [depth_nitros_bridge]: Input image format is not MONO16 image. This node only supports MONO16 image.The current image input is 32FC1
[component_container_mt-2] [ERROR] [1779541577.693715853] [depth_nitros_bridge]: Input image format is not MONO16 image. This node only supports MONO16 image.The current image input is 32FC1
[component_container_mt-2] [ERROR] [1779541577.726961408] [depth_nitros_bridge]: Input image format is not MONO16 image. This node only supports MONO16 image.The current image input is 32FC1
[component_container_mt-2] [ERROR] [1779541577.766211477] [depth_nitros_bridge]: Input image format is not MONO16 image. This node only supports MONO16 image.The current image input is 32FC1
[component_container_mt-2] [ERROR] [1779541577.795626237] [depth_nitros_bridge]: Input image format is not MONO16 image. This node only supports MONO16 image.The current image input is 32FC1
[component_container_mt-2] [ERROR] [1779541577.826475807] [depth_nitros_bridge]: Input image format is not MONO16 image. This node only supports MONO16 image.The current image input is 32FC1
[component_container_mt-2] [ERROR] [1779541577.870894575] [depth_nitros_bridge]: Input image format is not MONO16 image. This node only supports MONO16 image.The current image input is 32FC1
[component_container_mt-2] [ERROR] [1779541577.907947293] [depth_nitros_bridge]: Input image format is not MONO16 image. This node only supports MONO16 image.The current image input is 32FC1
[component_container_mt-2] [ERROR] [1779541577.927263324] [depth_nitros_bridge]: Input image format is not MONO16 image. This node only supports MONO16 image.The current image input is 32FC1
[component_container_mt-2] [ERROR] [1779541577.960191521] [depth_nitros_bridge]: Input image format is not MONO16 image. This node only supports MONO16 image.The current image input is 32FC1
[component_container_mt-2] [ERROR] [1779541578.008463641] [depth_nitros_bridge]: Input image format is not MONO16 image. This node only supports MONO16 image.The current image input is 32FC1
[component_container_mt-2] [ERROR] [1779541578.045946586] [depth_nitros_bridge]: Input image format is not MONO16 image. This node only supports MONO16 image.The current image input is 32FC1
[component_container_mt-2] [ERROR] [1779541578.072079378] [depth_nitros_bridge]: Input image format is not MONO16 image. This node only supports MONO16 image.The current image input is 32FC1
[component_container_mt-2] [ERROR] [1779541578.113327201] [depth_nitros_bridge]: Input image format is not MONO16 image. This node only supports MONO16 image.The current image input is 32FC1
[component_container_mt-2] [ERROR] [1779541578.136636556] [depth_nitros_bridge]: Input image format is not MONO16 image. This node only supports MONO16 image.The current image input is 32FC1
[component_container_mt-2] [ERROR] [1779541578.184970490] [depth_nitros_bridge]: Input image format is not MONO16 image. This node only supports MONO16 image.The current image input is 32FC1
[component_container_mt-2] [ERROR] [1779541578.201537725] [depth_nitros_bridge]: Input image format is not MONO16 image. This node only supports MONO16 image.The current image input is 32FC1
[component_container_mt-2] [ERROR] [1779541578.228407883] [depth_nitros_bridge]: Input image format is not MONO16 image. This node only supports MONO16 image.The current image input is 32FC1
[component_container_mt-2] [ERROR] [1779541578.259456118] [depth_nitros_bridge]: Input image format is not MONO16 image. This node only supports MONO16 image.The current image input is 32FC1
[component_container_mt-2] [ERROR] [1779541578.299266584] [depth_nitros_bridge]: Input image format is not MONO16 image. This node only supports MONO16 image.The current image input is 32FC1
[component_container_mt-2] [ERROR] [1779541578.334236344] [depth_nitros_bridge]: Input image format is not MONO16 image. This node only supports MONO16 image.The current image input is 32FC1
[component_container_mt-2] [ERROR] [1779541578.368469781] [depth_nitros_bridge]: Input image format is not MONO16 image. This node only supports MONO16 image.The current image input is 32FC1
[component_container_mt-2] [ERROR] [1779541578.411523454] [depth_nitros_bridge]: Input image format is not MONO16 image. This node only supports MONO16 image.The current image input is 32FC1
[component_container_mt-2] [ERROR] [1779541578.433286037] [depth_nitros_bridge]: Input image format is not MONO16 image. This node only supports MONO16 image.The current image input is 32FC1
[component_container_mt-2] [ERROR] [1779541578.460494873] [depth_nitros_bridge]: Input image format is not MONO16 image. This node only supports MONO16 image.The current image input is 32FC1
[component_container_mt-2] [ERROR] [1779541578.506828083] [depth_nitros_bridge]: Input image format is not MONO16 image. This node only supports MONO16 image.The current image input is 32FC1
[component_container_mt-2] [ERROR] [1779541578.537738005] [depth_nitros_bridge]: Input image format is not MONO16 image. This node only supports MONO16 image.The current image input is 32FC1
[component_container_mt-2] [ERROR] [1779541578.573397609] [depth_nitros_bridge]: Input image format is not MONO16 image. This node only supports MONO16 image.The current image input is 32FC1
[component_container_mt-2] [ERROR] [1779541578.608658806] [depth_nitros_bridge]: Input image format is not MONO16 image. This node only supports MONO16 image.The current image input is 32FC1
[component_container_mt-2] [ERROR] [1779541578.631721726] [depth_nitros_bridge]: Input image format is not MONO16 image. This node only supports MONO16 image.The current image input is 32FC1
[component_container_mt-2] [ERROR] [1779541578.660002605] [depth_nitros_bridge]: Input image format is not MONO16 image. This node only supports MONO16 image.The current image input is 32FC1
[component_container_mt-2] [ERROR] [1779541578.711572571] [depth_nitros_bridge]: Input image format is not MONO16 image. This node only supports MONO16 image.The current image input is 32FC1
[component_container_mt-2] [ERROR] [1779541578.732523448] [depth_nitros_bridge]: Input image format is not MONO16 image. This node only supports MONO16 image.The current image input is 32FC1
[component_container_mt-2] [ERROR] [1779541578.771328328] [depth_nitros_bridge]: Input image format is not MONO16 image. This node only supports MONO16 image.The current image input is 32FC1
[component_container_mt-2] [ERROR] [1779541578.804218650] [depth_nitros_bridge]: Input image format is not MONO16 image. This node only supports MONO16 image.The current image input is 32FC1
[component_container_mt-2] [ERROR] [1779541578.833745812] [depth_nitros_bridge]: Input image format is not MONO16 image. This node only supports MONO16 image.The current image input is 32FC1
[component_container_mt-2] [ERROR] [1779541578.870219944] [depth_nitros_bridge]: Input image format is not MONO16 image. This node only supports MONO16 image.The current image input is 32FC1
[component_container_mt-2] [ERROR] [1779541578.903528431] [depth_nitros_bridge]: Input image format is not MONO16 image. This node only supports MONO16 image.The current image input is 32FC1
[component_container_mt-2] [ERROR] [1779541578.946127851] [depth_nitros_bridge]: Input image format is not MONO16 image. This node only supports MONO16 image.The current image input is 32FC1
[component_container_mt-2] [ERROR] [1779541578.972392450] [depth_nitros_bridge]: Input image format is not MONO16 image. This node only supports MONO16 image.The current image input is 32FC1
[component_container_mt-2] [ERROR] [1779541579.015575930] [depth_nitros_bridge]: Input image format is not MONO16 image. This node only supports MONO16 image.The current image input is 32FC1
[component_container_mt-2] [ERROR] [1779541579.048321759] [depth_nitros_bridge]: Input image format is not MONO16 image. This node only supports MONO16 image.The current image input is 32FC1
[component_container_mt-2] [ERROR] [1779541579.072677877] [depth_nitros_bridge]: Input image format is not MONO16 image. This node only supports MONO16 image.The current image input is 32FC1
[component_container_mt-2] [ERROR] [1779541579.114067116] [depth_nitros_bridge]: Input image format is not MONO16 image. This node only supports MONO16 image.The current image input is 32FC1
[component_container_mt-2] [ERROR] [1779541579.148834052] [depth_nitros_bridge]: Input image format is not MONO16 image. This node only supports MONO16 image.The current image input is 32FC1
[component_container_mt-2] [ERROR] [1779541579.170921825] [depth_nitros_bridge]: Input image format is not MONO16 image. This node only supports MONO16 image.The current image input is 32FC1
[component_container_mt-2] [ERROR] [1779541579.213738598] [depth_nitros_bridge]: Input image format is not MONO16 image. This node only supports MONO16 image.The current image input is 32FC1
[component_container_mt-2] [ERROR] [1779541579.236837671] [depth_nitros_bridge]: Input image format is not MONO16 image. This node only supports MONO16 image.The current image input is 32FC1
[component_container_mt-2] [ERROR] [1779541579.270932851] [depth_nitros_bridge]: Input image format is not MONO16 image. This node only supports MONO16 image.The current image input is 32FC1
[component_container_mt-2] [ERROR] [1779541579.305138330] [depth_nitros_bridge]: Input image format is not MONO16 image. This node only supports MONO16 image.The current image input is 32FC1
[component_container_mt-2] [ERROR] [1779541579.337478132] [depth_nitros_bridge]: Input image format is not MONO16 image. This node only supports MONO16 image.The current image input is 32FC1
[component_container_mt-2] [ERROR] [1779541579.370442833] [depth_nitros_bridge]: Input image format is not MONO16 image. This node only supports MONO16 image.The current image input is 32FC1
[component_container_mt-2] [ERROR] [1779541579.407926899] [depth_nitros_bridge]: Input image format is not MONO16 image. This node only supports MONO16 image.The current image input is 32FC1
[component_container_mt-2] [ERROR] [1779541579.440386246] [depth_nitros_bridge]: Input image format is not MONO16 image. This node only supports MONO16 image.The current image input is 32FC1
[component_container_mt-2] [ERROR] [1779541579.466327728] [depth_nitros_bridge]: Input image format is not MONO16 image. This node only supports MONO16 image.The current image input is 32FC1
[component_container_mt-2] [ERROR] [1779541579.494805228] [depth_nitros_bridge]: Input image format is not MONO16 image. This node only supports MONO16 image.The current image input is 32FC1
[component_container_mt-2] [ERROR] [1779541579.538684290] [depth_nitros_bridge]: Input image format is not MONO16 image. This node only supports MONO16 image.The current image input is 32FC1
[component_container_mt-2] [ERROR] [1779541579.567337123] [depth_nitros_bridge]: Input image format is not MONO16 image. This node only supports MONO16 image.The current image input is 32FC1
[component_container_mt-2] [ERROR] [1779541579.598443438] [depth_nitros_bridge]: Input image format is not MONO16 image. This node only supports MONO16 image.The current image input is 32FC1
[component_container_mt-2] [ERROR] [1779541579.633592977] [depth_nitros_bridge]: Input image format is not MONO16 image. This node only supports MONO16 image.The current image input is 32FC1
[component_container_mt-2] [ERROR] [1779541579.677522792] [depth_nitros_bridge]: Input image format is not MONO16 image. This node only supports MONO16 image.The current image input is 32FC1
[component_container_mt-2] [ERROR] [1779541579.704723094] [depth_nitros_bridge]: Input image format is not MONO16 image. This node only supports MONO16 image.The current image input is 32FC1
[component_container_mt-2] [ERROR] [1779541579.731057242] [depth_nitros_bridge]: Input image format is not MONO16 image. This node only supports MONO16 image.The current image input is 32FC1
[component_container_mt-2] [ERROR] [1779541579.764882386] [depth_nitros_bridge]: Input image format is not MONO16 image. This node only supports MONO16 image.The current image input is 32FC1
[component_container_mt-2] [ERROR] [1779541579.799420367] [depth_nitros_bridge]: Input image format is not MONO16 image. This node only supports MONO16 image.The current image input is 32FC1
[component_container_mt-2] [ERROR] [1779541579.830572468] [depth_nitros_bridge]: Input image format is not MONO16 image. This node only supports MONO16 image.The current image input is 32FC1
[component_container_mt-2] [ERROR] [1779541579.879464198] [depth_nitros_bridge]: Input image format is not MONO16 image. This node only supports MONO16 image.The current image input is 32FC1
[component_container_mt-2] [ERROR] [1779541579.910122266] [depth_nitros_bridge]: Input image format is not MONO16 image. This node only supports MONO16 image.The current image input is 32FC1
[component_container_mt-2] [ERROR] [1779541579.919494827] [depth_nitros_bridge]: Input image format is not MONO16 image. This node only supports MONO16 image.The current image input is 32FC1
[component_container_mt-2] [ERROR] [1779541579.995044322] [depth_nitros_bridge]: Input image format is not MONO16 image. This node only supports MONO16 image.The current image input is 32FC1
[component_container_mt-2] [ERROR] [1779541580.049099625] [depth_nitros_bridge]: Input image format is not MONO16 image. This node only supports MONO16 image.The current image input is 32FC1
[component_container_mt-2] [ERROR] [1779541580.079111813] [depth_nitros_bridge]: Input image format is not MONO16 image. This node only supports MONO16 image.The current image input is 32FC1
[component_container_mt-2] [ERROR] [1779541580.111343884] [depth_nitros_bridge]: Input image format is not MONO16 image. This node only supports MONO16 image.The current image input is 32FC1
[component_container_mt-2] [ERROR] [1779541580.148528783] [depth_nitros_bridge]: Input image format is not MONO16 image. This node only supports MONO16 image.The current image input is 32FC1
[component_container_mt-2] [ERROR] [1779541580.179396945] [depth_nitros_bridge]: Input image format is not MONO16 image. This node only supports MONO16 image.The current image input is 32FC1
[component_container_mt-2] [ERROR] [1779541580.209642267] [depth_nitros_bridge]: Input image format is not MONO16 image. This node only supports MONO16 image.The current image input is 32FC1
[component_container_mt-2] [ERROR] [1779541580.244158609] [depth_nitros_bridge]: Input image format is not MONO16 image. This node only supports MONO16 image.The current image input is 32FC1
[component_container_mt-2] [ERROR] [1779541580.270555440] [depth_nitros_bridge]: Input image format is not MONO16 image. This node only supports MONO16 image.The current image input is 32FC1
[component_container_mt-2] [ERROR] [1779541580.316103613] [depth_nitros_bridge]: Input image format is not MONO16 image. This node only supports MONO16 image.The current image input is 32FC1
[component_container_mt-2] [ERROR] [1779541580.336209087] [depth_nitros_bridge]: Input image format is not MONO16 image. This node only supports MONO16 image.The current image input is 32FC1
[component_container_mt-2] [ERROR] [1779541580.377416843] [depth_nitros_bridge]: Input image format is not MONO16 image. This node only supports MONO16 image.The current image input is 32FC1
[component_container_mt-2] [ERROR] [1779541580.406960652] [depth_nitros_bridge]: Input image format is not MONO16 image. This node only supports MONO16 image.The current image input is 32FC1
[component_container_mt-2] [ERROR] [1779541580.436400217] [depth_nitros_bridge]: Input image format is not MONO16 image. This node only supports MONO16 image.The current image input is 32FC1
[component_container_mt-2] [ERROR] [1779541580.479772208] [depth_nitros_bridge]: Input image format is not MONO16 image. This node only supports MONO16 image.The current image input is 32FC1
[component_container_mt-2] [ERROR] [1779541580.513366910] [depth_nitros_bridge]: Input image format is not MONO16 image. This node only supports MONO16 image.The current image input is 32FC1
[component_container_mt-2] [ERROR] [1779541580.529501757] [depth_nitros_bridge]: Input image format is not MONO16 image. This node only supports MONO16 image.The current image input is 32FC1
[component_container_mt-2] [ERROR] [1779541580.572594307] [depth_nitros_bridge]: Input image format is not MONO16 image. This node only supports MONO16 image.The current image input is 32FC1
[component_container_mt-2] [ERROR] [1779541580.619187925] [depth_nitros_bridge]: Input image format is not MONO16 image. This node only supports MONO16 image.The current image input is 32FC1
[component_container_mt-2] [ERROR] [1779541580.642479631] [depth_nitros_bridge]: Input image format is not MONO16 image. This node only supports MONO16 image.The current image input is 32FC1
[component_container_mt-2] [ERROR] [1779541580.684953557] [depth_nitros_bridge]: Input image format is not MONO16 image. This node only supports MONO16 image.The current image input is 32FC1
[component_container_mt-2] [ERROR] [1779541580.719024148] [depth_nitros_bridge]: Input image format is not MONO16 image. This node only supports MONO16 image.The current image input is 32FC1
[component_container_mt-2] [ERROR] [1779541580.737514844] [depth_nitros_bridge]: Input image format is not MONO16 image. This node only supports MONO16 image.The current image input is 32FC1
[component_container_mt-2] [ERROR] [1779541580.764768286] [depth_nitros_bridge]: Input image format is not MONO16 image. This node only supports MONO16 image.The current image input is 32FC1
[component_container_mt-2] [ERROR] [1779541580.815998829] [depth_nitros_bridge]: Input image format is not MONO16 image. This node only supports MONO16 image.The current image input is 32FC1
[component_container_mt-2] [ERROR] [1779541580.847367884] [depth_nitros_bridge]: Input image format is not MONO16 image. This node only supports MONO16 image.The current image input is 32FC1
[component_container_mt-2] [ERROR] [1779541580.880844449] [depth_nitros_bridge]: Input image format is not MONO16 image. This node only supports MONO16 image.The current image input is 32FC1
[component_container_mt-2] [ERROR] [1779541580.913556772] [depth_nitros_bridge]: Input image format is not MONO16 image. This node only supports MONO16 image.The current image input is 32FC1
[component_container_mt-2] [ERROR] [1779541580.927388576] [depth_nitros_bridge]: Input image format is not MONO16 image. This node only supports MONO16 image.The current image input is 32FC1
[component_container_mt-2] [ERROR] [1779541580.971980150] [depth_nitros_bridge]: Input image format is not MONO16 image. This node only supports MONO16 image.The current image input is 32FC1
[component_container_mt-2] [ERROR] [1779541581.005380570] [depth_nitros_bridge]: Input image format is not MONO16 image. This node only supports MONO16 image.The current image input is 32FC1
[component_container_mt-2] [ERROR] [1779541581.028757698] [depth_nitros_bridge]: Input image format is not MONO16 image. This node only supports MONO16 image.The current image input is 32FC1
[component_container_mt-2] [ERROR] [1779541581.073266652] [depth_nitros_bridge]: Input image format is not MONO16 image. This node only supports MONO16 image.The current image input is 32FC1
[component_container_mt-2] [ERROR] [1779541581.111974825] [depth_nitros_bridge]: Input image format is not MONO16 image. This node only supports MONO16 image.The current image input is 32FC1
[component_container_mt-2] [ERROR] [1779541581.135582143] [depth_nitros_bridge]: Input image format is not MONO16 image. This node only supports MONO16 image.The current image input is 32FC1
[component_container_mt-2] [ERROR] [1779541581.160965212] [depth_nitros_bridge]: Input image format is not MONO16 image. This node only supports MONO16 image.The current image input is 32FC1
[component_container_mt-2] [ERROR] [1779541581.204013922] [depth_nitros_bridge]: Input image format is not MONO16 image. This node only supports MONO16 image.The current image input is 32FC1
[component_container_mt-2] [ERROR] [1779541581.238626578] [depth_nitros_bridge]: Input image format is not MONO16 image. This node only supports MONO16 image.The current image input is 32FC1
[component_container_mt-2] [ERROR] [1779541581.283657480] [depth_nitros_bridge]: Input image format is not MONO16 image. This node only supports MONO16 image.The current image input is 32FC1
[component_container_mt-2] [ERROR] [1779541581.307715026] [depth_nitros_bridge]: Input image format is not MONO16 image. This node only supports MONO16 image.The current image input is 32FC1
[component_container_mt-2] [ERROR] [1779541581.335055461] [depth_nitros_bridge]: Input image format is not MONO16 image. This node only supports MONO16 image.The current image input is 32FC1
[component_container_mt-2] [ERROR] [1779541581.386251772] [depth_nitros_bridge]: Input image format is not MONO16 image. This node only supports MONO16 image.The current image input is 32FC1
[component_container_mt-2] [ERROR] [1779541581.394560366] [depth_nitros_bridge]: Input image format is not MONO16 image. This node only supports MONO16 image.The current image input is 32FC1
[component_container_mt-2] [ERROR] [1779541581.451366236] [depth_nitros_bridge]: Input image format is not MONO16 image. This node only supports MONO16 image.The current image input is 32FC1
[component_container_mt-2] [ERROR] [1779541581.482488148] [depth_nitros_bridge]: Input image format is not MONO16 image. This node only supports MONO16 image.The current image input is 32FC1
[component_container_mt-2] [ERROR] [1779541581.503392028] [depth_nitros_bridge]: Input image format is not MONO16 image. This node only supports MONO16 image.The current image input is 32FC1
[component_container_mt-2] [ERROR] [1779541581.536775992] [depth_nitros_bridge]: Input image format is not MONO16 image. This node only supports MONO16 image.The current image input is 32FC1
[component_container_mt-2] [ERROR] [1779541581.573406458] [depth_nitros_bridge]: Input image format is not MONO16 image. This node only supports MONO16 image.The current image input is 32FC1
[component_container_mt-2] [ERROR] [1779541581.607868429] [depth_nitros_bridge]: Input image format is not MONO16 image. This node only supports MONO16 image.The current image input is 32FC1
[component_container_mt-2] [ERROR] [1779541581.636454243] [depth_nitros_bridge]: Input image format is not MONO16 image. This node only supports MONO16 image.The current image input is 32FC1
[component_container_mt-2] [ERROR] [1779541581.660127395] [depth_nitros_bridge]: Input image format is not MONO16 image. This node only supports MONO16 image.The current image input is 32FC1
[component_container_mt-2] [ERROR] [1779541581.713506116] [depth_nitros_bridge]: Input image format is not MONO16 image. This node only supports MONO16 image.The current image input is 32FC1
[component_container_mt-2] [ERROR] [1779541581.747147183] [depth_nitros_bridge]: Input image format is not MONO16 image. This node only supports MONO16 image.The current image input is 32FC1
[component_container_mt-2] [ERROR] [1779541581.761258980] [depth_nitros_bridge]: Input image format is not MONO16 image. This node only supports MONO16 image.The current image input is 32FC1
[component_container_mt-2] [ERROR] [1779541581.803698518] [depth_nitros_bridge]: Input image format is not MONO16 image. This node only supports MONO16 image.The current image input is 32FC1
[component_container_mt-2] [ERROR] [1779541581.847362175] [depth_nitros_bridge]: Input image format is not MONO16 image. This node only supports MONO16 image.The current image input is 32FC1
[component_container_mt-2] [ERROR] [1779541581.880255145] [depth_nitros_bridge]: Input image format is not MONO16 image. This node only supports MONO16 image.The current image input is 32FC1
[component_container_mt-2] [ERROR] [1779541581.904192360] [depth_nitros_bridge]: Input image format is not MONO16 image. This node only supports MONO16 image.The current image input is 32FC1
[component_container_mt-2] [ERROR] [1779541581.921722541] [depth_nitros_bridge]: Input image format is not MONO16 image. This node only supports MONO16 image.The current image input is 32FC1
[component_container_mt-2] [ERROR] [1779541581.966420856] [depth_nitros_bridge]: Input image format is not MONO16 image. This node only supports MONO16 image.The current image input is 32FC1
[component_container_mt-2] [ERROR] [1779541582.000750515] [depth_nitros_bridge]: Input image format is not MONO16 image. This node only supports MONO16 image.The current image input is 32FC1
[component_container_mt-2] [ERROR] [1779541582.047120478] [depth_nitros_bridge]: Input image format is not MONO16 image. This node only supports MONO16 image.The current image input is 32FC1
[component_container_mt-2] [ERROR] [1779541582.066487037] [depth_nitros_bridge]: Input image format is not MONO16 image. This node only supports MONO16 image.The current image input is 32FC1
[component_container_mt-2] [ERROR] [1779541582.105683793] [depth_nitros_bridge]: Input image format is not MONO16 image. This node only supports MONO16 image.The current image input is 32FC1
[component_container_mt-2] [ERROR] [1779541582.144955989] [depth_nitros_bridge]: Input image format is not MONO16 image. This node only supports MONO16 image.The current image input is 32FC1
[component_container_mt-2] [ERROR] [1779541582.169854939] [depth_nitros_bridge]: Input image format is not MONO16 image. This node only supports MONO16 image.The current image input is 32FC1
[component_container_mt-2] [ERROR] [1779541582.198430042] [depth_nitros_bridge]: Input image format is not MONO16 image. This node only supports MONO16 image.The current image input is 32FC1
[component_container_mt-2] [ERROR] [1779541582.246139480] [depth_nitros_bridge]: Input image format is not MONO16 image. This node only supports MONO16 image.The current image input is 32FC1
[component_container_mt-2] [ERROR] [1779541582.282026254] [depth_nitros_bridge]: Input image format is not MONO16 image. This node only supports MONO16 image.The current image input is 32FC1
[component_container_mt-2] [ERROR] [1779541582.303302218] [depth_nitros_bridge]: Input image format is not MONO16 image. This node only supports MONO16 image.The current image input is 32FC1
[component_container_mt-2] [ERROR] [1779541582.316684664] [depth_nitros_bridge]: Input image format is not MONO16 image. This node only supports MONO16 image.The current image input is 32FC1
[component_container_mt-2] [ERROR] [1779541582.380813626] [depth_nitros_bridge]: Input image format is not MONO16 image. This node only supports MONO16 image.The current image input is 32FC1
[component_container_mt-2] [ERROR] [1779541582.393938384] [depth_nitros_bridge]: Input image format is not MONO16 image. This node only supports MONO16 image.The current image input is 32FC1
[component_container_mt-2] [ERROR] [1779541582.440829686] [depth_nitros_bridge]: Input image format is not MONO16 image. This node only supports MONO16 image.The current image input is 32FC1
[component_container_mt-2] [ERROR] [1779541582.471074761] [depth_nitros_bridge]: Input image format is not MONO16 image. This node only supports MONO16 image.The current image input is 32FC1
[component_container_mt-2] [ERROR] [1779541582.506702543] [depth_nitros_bridge]: Input image format is not MONO16 image. This node only supports MONO16 image.The current image input is 32FC1
[component_container_mt-2] [ERROR] [1779541582.536210363] [depth_nitros_bridge]: Input image format is not MONO16 image. This node only supports MONO16 image.The current image input is 32FC1
[component_container_mt-2] [ERROR] [1779541582.582896614] [depth_nitros_bridge]: Input image format is not MONO16 image. This node only supports MONO16 image.The current image input is 32FC1
[component_container_mt-2] [ERROR] [1779541582.607510613] [depth_nitros_bridge]: Input image format is not MONO16 image. This node only supports MONO16 image.The current image input is 32FC1
[component_container_mt-2] [ERROR] [1779541582.636493935] [depth_nitros_bridge]: Input image format is not MONO16 image. This node only supports MONO16 image.The current image input is 32FC1
[component_container_mt-2] [ERROR] [1779541582.669888206] [depth_nitros_bridge]: Input image format is not MONO16 image. This node only supports MONO16 image.The current image input is 32FC1
[component_container_mt-2] [ERROR] [1779541582.700838554] [depth_nitros_bridge]: Input image format is not MONO16 image. This node only supports MONO16 image.The current image input is 32FC1
[component_container_mt-2] [ERROR] [1779541582.734328309] [depth_nitros_bridge]: Input image format is not MONO16 image. This node only supports MONO16 image.The current image input is 32FC1
[component_container_mt-2] [ERROR] [1779541582.759950867] [depth_nitros_bridge]: Input image format is not MONO16 image. This node only supports MONO16 image.The current image input is 32FC1
[component_container_mt-2] [ERROR] [1779541582.795089512] [depth_nitros_bridge]: Input image format is not MONO16 image. This node only supports MONO16 image.The current image input is 32FC1
[component_container_mt-2] [ERROR] [1779541582.842617860] [depth_nitros_bridge]: Input image format is not MONO16 image. This node only supports MONO16 image.The current image input is 32FC1
[component_container_mt-2] [ERROR] [1779541582.870346604] [depth_nitros_bridge]: Input image format is not MONO16 image. This node only supports MONO16 image.The current image input is 32FC1
[component_container_mt-2] [ERROR] [1779541582.896933344] [depth_nitros_bridge]: Input image format is not MONO16 image. This node only supports MONO16 image.The current image input is 32FC1
[component_container_mt-2] [ERROR] [1779541582.928821524] [depth_nitros_bridge]: Input image format is not MONO16 image. This node only supports MONO16 image.The current image input is 32FC1
[component_container_mt-2] [ERROR] [1779541582.968749616] [depth_nitros_bridge]: Input image format is not MONO16 image. This node only supports MONO16 image.The current image input is 32FC1
[component_container_mt-2] [ERROR] [1779541582.996358003] [depth_nitros_bridge]: Input image format is not MONO16 image. This node only supports MONO16 image.The current image input is 32FC1
[component_container_mt-2] [ERROR] [1779541583.031250932] [depth_nitros_bridge]: Input image format is not MONO16 image. This node only supports MONO16 image.The current image input is 32FC1
[component_container_mt-2] [ERROR] [1779541583.062980135] [depth_nitros_bridge]: Input image format is not MONO16 image. This node only supports MONO16 image.The current image input is 32FC1
[component_container_mt-2] [ERROR] [1779541583.094442262] [depth_nitros_bridge]: Input image format is not MONO16 image. This node only supports MONO16 image.The current image input is 32FC1
[component_container_mt-2] [ERROR] [1779541583.129070543] [depth_nitros_bridge]: Input image format is not MONO16 image. This node only supports MONO16 image.The current image input is 32FC1
[component_container_mt-2] [ERROR] [1779541583.181428180] [depth_nitros_bridge]: Input image format is not MONO16 image. This node only supports MONO16 image.The current image input is 32FC1
[component_container_mt-2] [ERROR] [1779541583.193919908] [depth_nitros_bridge]: Input image format is not MONO16 image. This node only supports MONO16 image.The current image input is 32FC1
[component_container_mt-2] [ERROR] [1779541583.237047057] [depth_nitros_bridge]: Input image format is not MONO16 image. This node only supports MONO16 image.The current image input is 32FC1
[component_container_mt-2] [ERROR] [1779541583.271553404] [depth_nitros_bridge]: Input image format is not MONO16 image. This node only supports MONO16 image.The current image input is 32FC1
[component_container_mt-2] [ERROR] [1779541583.294212404] [depth_nitros_bridge]: Input image format is not MONO16 image. This node only supports MONO16 image.The current image input is 32FC1
[component_container_mt-2] [ERROR] [1779541583.328143787] [depth_nitros_bridge]: Input image format is not MONO16 image. This node only supports MONO16 image.The current image input is 32FC1
[component_container_mt-2] [ERROR] [1779541583.368159565] [depth_nitros_bridge]: Input image format is not MONO16 image. This node only supports MONO16 image.The current image input is 32FC1
[component_container_mt-2] [ERROR] [1779541583.397647597] [depth_nitros_bridge]: Input image format is not MONO16 image. This node only supports MONO16 image.The current image input is 32FC1
[component_container_mt-2] [ERROR] [1779541583.437164580] [depth_nitros_bridge]: Input image format is not MONO16 image. This node only supports MONO16 image.The current image input is 32FC1
[component_container_mt-2] [ERROR] [1779541583.470493172] [depth_nitros_bridge]: Input image format is not MONO16 image. This node only supports MONO16 image.The current image input is 32FC1
[component_container_mt-2] [ERROR] [1779541583.505112890] [depth_nitros_bridge]: Input image format is not MONO16 image. This node only supports MONO16 image.The current image input is 32FC1
[component_container_mt-2] [ERROR] [1779541583.536882041] [depth_nitros_bridge]: Input image format is not MONO16 image. This node only supports MONO16 image.The current image input is 32FC1
[component_container_mt-2] [ERROR] [1779541583.580880467] [depth_nitros_bridge]: Input image format is not MONO16 image. This node only supports MONO16 image.The current image input is 32FC1
[component_container_mt-2] [ERROR] [1779541583.608795281] [depth_nitros_bridge]: Input image format is not MONO16 image. This node only supports MONO16 image.The current image input is 32FC1
[component_container_mt-2] [ERROR] [1779541583.627588139] [depth_nitros_bridge]: Input image format is not MONO16 image. This node only supports MONO16 image.The current image input is 32FC1
[component_container_mt-2] [ERROR] [1779541583.666167326] [depth_nitros_bridge]: Input image format is not MONO16 image. This node only supports MONO16 image.The current image input is 32FC1
[component_container_mt-2] [ERROR] [1779541583.692754894] [depth_nitros_bridge]: Input image format is not MONO16 image. This node only supports MONO16 image.The current image input is 32FC1
[component_container_mt-2] [ERROR] [1779541583.740347909] [depth_nitros_bridge]: Input image format is not MONO16 image. This node only supports MONO16 image.The current image input is 32FC1
[component_container_mt-2] [ERROR] [1779541583.774738259] [depth_nitros_bridge]: Input image format is not MONO16 image. This node only supports MONO16 image.The current image input is 32FC1
[component_container_mt-2] [ERROR] [1779541583.805324667] [depth_nitros_bridge]: Input image format is not MONO16 image. This node only supports MONO16 image.The current image input is 32FC1
[component_container_mt-2] [ERROR] [1779541583.838219246] [depth_nitros_bridge]: Input image format is not MONO16 image. This node only supports MONO16 image.The current image input is 32FC1
[component_container_mt-2] [ERROR] [1779541583.866833079] [depth_nitros_bridge]: Input image format is not MONO16 image. This node only supports MONO16 image.The current image input is 32FC1
[component_container_mt-2] [ERROR] [1779541583.906146813] [depth_nitros_bridge]: Input image format is not MONO16 image. This node only supports MONO16 image.The current image input is 32FC1
[component_container_mt-2] [ERROR] [1779541583.937699527] [depth_nitros_bridge]: Input image format is not MONO16 image. This node only supports MONO16 image.The current image input is 32FC1
[component_container_mt-2] [ERROR] [1779541583.950522399] [depth_nitros_bridge]: Input image format is not MONO16 image. This node only supports MONO16 image.The current image input is 32FC1
[component_container_mt-2] [ERROR] [1779541584.014429560] [depth_nitros_bridge]: Input image format is not MONO16 image. This node only supports MONO16 image.The current image input is 32FC1
[component_container_mt-2] [ERROR] [1779541584.039606173] [depth_nitros_bridge]: Input image format is not MONO16 image. This node only supports MONO16 image.The current image input is 32FC1
[component_container_mt-2] [ERROR] [1779541584.066678804] [depth_nitros_bridge]: Input image format is not MONO16 image. This node only supports MONO16 image.The current image input is 32FC1
[component_container_mt-2] [ERROR] [1779541584.110289329] [depth_nitros_bridge]: Input image format is not MONO16 image. This node only supports MONO16 image.The current image input is 32FC1
[component_container_mt-2] [ERROR] [1779541584.137475339] [depth_nitros_bridge]: Input image format is not MONO16 image. This node only supports MONO16 image.The current image input is 32FC1
[component_container_mt-2] [ERROR] [1779541584.171059995] [depth_nitros_bridge]: Input image format is not MONO16 image. This node only supports MONO16 image.The current image input is 32FC1
[component_container_mt-2] [ERROR] [1779541584.208608425] [depth_nitros_bridge]: Input image format is not MONO16 image. This node only supports MONO16 image.The current image input is 32FC1
[component_container_mt-2] [ERROR] [1779541584.246498097] [depth_nitros_bridge]: Input image format is not MONO16 image. This node only supports MONO16 image.The current image input is 32FC1
[component_container_mt-2] [ERROR] [1779541584.263641225] [depth_nitros_bridge]: Input image format is not MONO16 image. This node only supports MONO16 image.The current image input is 32FC1
[component_container_mt-2] [ERROR] [1779541584.307824856] [depth_nitros_bridge]: Input image format is not MONO16 image. This node only supports MONO16 image.The current image input is 32FC1
[component_container_mt-2] [ERROR] [1779541584.344350769] [depth_nitros_bridge]: Input image format is not MONO16 image. This node only supports MONO16 image.The current image input is 32FC1
[component_container_mt-2] [ERROR] [1779541584.366341851] [depth_nitros_bridge]: Input image format is not MONO16 image. This node only supports MONO16 image.The current image input is 32FC1
[component_container_mt-2] [ERROR] [1779541584.397033216] [depth_nitros_bridge]: Input image format is not MONO16 image. This node only supports MONO16 image.The current image input is 32FC1
[component_container_mt-2] [ERROR] [1779541584.436439334] [depth_nitros_bridge]: Input image format is not MONO16 image. This node only supports MONO16 image.The current image input is 32FC1
[component_container_mt-2] [ERROR] [1779541584.481311721] [depth_nitros_bridge]: Input image format is not MONO16 image. This node only supports MONO16 image.The current image input is 32FC1
[component_container_mt-2] [ERROR] [1779541584.505384007] [depth_nitros_bridge]: Input image format is not MONO16 image. This node only supports MONO16 image.The current image input is 32FC1
[component_container_mt-2] [ERROR] [1779541584.549803801] [depth_nitros_bridge]: Input image format is not MONO16 image. This node only supports MONO16 image.The current image input is 32FC1
[component_container_mt-2] [ERROR] [1779541584.583064335] [depth_nitros_bridge]: Input image format is not MONO16 image. This node only supports MONO16 image.The current image input is 32FC1
[component_container_mt-2] [ERROR] [1779541584.616885858] [depth_nitros_bridge]: Input image format is not MONO16 image. This node only supports MONO16 image.The current image input is 32FC1
[component_container_mt-2] [ERROR] [1779541584.647265397] [depth_nitros_bridge]: Input image format is not MONO16 image. This node only supports MONO16 image.The current image input is 32FC1
[component_container_mt-2] [ERROR] [1779541584.681985459] [depth_nitros_bridge]: Input image format is not MONO16 image. This node only supports MONO16 image.The current image input is 32FC1
[component_container_mt-2] [ERROR] [1779541584.685888246] [depth_nitros_bridge]: Input image format is not MONO16 image. This node only supports MONO16 image.The current image input is 32FC1
[component_container_mt-2] [ERROR] [1779541584.746692718] [depth_nitros_bridge]: Input image format is not MONO16 image. This node only supports MONO16 image.The current image input is 32FC1
[component_container_mt-2] [ERROR] [1779541584.769807957] [depth_nitros_bridge]: Input image format is not MONO16 image. This node only supports MONO16 image.The current image input is 32FC1
[component_container_mt-2] [ERROR] [1779541584.808855292] [depth_nitros_bridge]: Input image format is not MONO16 image. This node only supports MONO16 image.The current image input is 32FC1
[component_container_mt-2] [ERROR] [1779541584.837879056] [depth_nitros_bridge]: Input image format is not MONO16 image. This node only supports MONO16 image.The current image input is 32FC1
[component_container_mt-2] [ERROR] [1779541584.864386773] [depth_nitros_bridge]: Input image format is not MONO16 image. This node only supports MONO16 image.The current image input is 32FC1
[component_container_mt-2] [ERROR] [1779541584.907435709] [depth_nitros_bridge]: Input image format is not MONO16 image. This node only supports MONO16 image.The current image input is 32FC1
[component_container_mt-2] [ERROR] [1779541584.947772511] [depth_nitros_bridge]: Input image format is not MONO16 image. This node only supports MONO16 image.The current image input is 32FC1
[component_container_mt-2] [ERROR] [1779541584.961470341] [depth_nitros_bridge]: Input image format is not MONO16 image. This node only supports MONO16 image.The current image input is 32FC1
[component_container_mt-2] [ERROR] [1779541585.003796681] [depth_nitros_bridge]: Input image format is not MONO16 image. This node only supports MONO16 image.The current image input is 32FC1
[component_container_mt-2] [ERROR] [1779541585.033879154] [depth_nitros_bridge]: Input image format is not MONO16 image. This node only supports MONO16 image.The current image input is 32FC1
[component_container_mt-2] [ERROR] [1779541585.073813139] [depth_nitros_bridge]: Input image format is not MONO16 image. This node only supports MONO16 image.The current image input is 32FC1
[component_container_mt-2] [ERROR] [1779541585.104120053] [depth_nitros_bridge]: Input image format is not MONO16 image. This node only supports MONO16 image.The current image input is 32FC1
[component_container_mt-2] [ERROR] [1779541585.137445991] [depth_nitros_bridge]: Input image format is not MONO16 image. This node only supports MONO16 image.The current image input is 32FC1
[component_container_mt-2] [ERROR] [1779541585.162645400] [depth_nitros_bridge]: Input image format is not MONO16 image. This node only supports MONO16 image.The current image input is 32FC1
[component_container_mt-2] [ERROR] [1779541585.202059251] [depth_nitros_bridge]: Input image format is not MONO16 image. This node only supports MONO16 image.The current image input is 32FC1
[component_container_mt-2] [ERROR] [1779541585.222873049] [depth_nitros_bridge]: Input image format is not MONO16 image. This node only supports MONO16 image.The current image input is 32FC1
[component_container_mt-2] [ERROR] [1779541585.265451549] [depth_nitros_bridge]: Input image format is not MONO16 image. This node only supports MONO16 image.The current image input is 32FC1
[component_container_mt-2] [ERROR] [1779541585.299622761] [depth_nitros_bridge]: Input image format is not MONO16 image. This node only supports MONO16 image.The current image input is 32FC1
[component_container_mt-2] [ERROR] [1779541585.343330153] [depth_nitros_bridge]: Input image format is not MONO16 image. This node only supports MONO16 image.The current image input is 32FC1
[component_container_mt-2] [ERROR] [1779541585.363199639] [depth_nitros_bridge]: Input image format is not MONO16 image. This node only supports MONO16 image.The current image input is 32FC1
[component_container_mt-2] [ERROR] [1779541585.399369485] [depth_nitros_bridge]: Input image format is not MONO16 image. This node only supports MONO16 image.The current image input is 32FC1
[component_container_mt-2] [ERROR] [1779541585.451197410] [depth_nitros_bridge]: Input image format is not MONO16 image. This node only supports MONO16 image.The current image input is 32FC1
[component_container_mt-2] [ERROR] [1779541585.470068216] [depth_nitros_bridge]: Input image format is not MONO16 image. This node only supports MONO16 image.The current image input is 32FC1
[component_container_mt-2] [ERROR] [1779541585.503266711] [depth_nitros_bridge]: Input image format is not MONO16 image. This node only supports MONO16 image.The current image input is 32FC1
[component_container_mt-2] [ERROR] [1779541585.526763970] [depth_nitros_bridge]: Input image format is not MONO16 image. This node only supports MONO16 image.The current image input is 32FC1
[component_container_mt-2] [ERROR] [1779541585.559886165] [depth_nitros_bridge]: Input image format is not MONO16 image. This node only supports MONO16 image.The current image input is 32FC1
[component_container_mt-2] [ERROR] [1779541585.596972259] [depth_nitros_bridge]: Input image format is not MONO16 image. This node only supports MONO16 image.The current image input is 32FC1
[component_container_mt-2] [ERROR] [1779541585.650614869] [depth_nitros_bridge]: Input image format is not MONO16 image. This node only supports MONO16 image.The current image input is 32FC1
[component_container_mt-2] [ERROR] [1779541585.668253243] [depth_nitros_bridge]: Input image format is not MONO16 image. This node only supports MONO16 image.The current image input is 32FC1
[component_container_mt-2] [ERROR] [1779541585.698255013] [depth_nitros_bridge]: Input image format is not MONO16 image. This node only supports MONO16 image.The current image input is 32FC1
[component_container_mt-2] [ERROR] [1779541585.732313792] [depth_nitros_bridge]: Input image format is not MONO16 image. This node only supports MONO16 image.The current image input is 32FC1
[component_container_mt-2] [ERROR] [1779541585.765788188] [depth_nitros_bridge]: Input image format is not MONO16 image. This node only supports MONO16 image.The current image input is 32FC1
[component_container_mt-2] [ERROR] [1779541585.804855241] [depth_nitros_bridge]: Input image format is not MONO16 image. This node only supports MONO16 image.The current image input is 32FC1
[component_container_mt-2] [ERROR] [1779541585.831972170] [depth_nitros_bridge]: Input image format is not MONO16 image. This node only supports MONO16 image.The current image input is 32FC1
[component_container_mt-2] [ERROR] [1779541585.871006878] [depth_nitros_bridge]: Input image format is not MONO16 image. This node only supports MONO16 image.The current image input is 32FC1
[component_container_mt-2] [ERROR] [1779541585.891093370] [depth_nitros_bridge]: Input image format is not MONO16 image. This node only supports MONO16 image.The current image input is 32FC1
[component_container_mt-2] [ERROR] [1779541585.947995531] [depth_nitros_bridge]: Input image format is not MONO16 image. This node only supports MONO16 image.The current image input is 32FC1
[component_container_mt-2] [ERROR] [1779541585.970421246] [depth_nitros_bridge]: Input image format is not MONO16 image. This node only supports MONO16 image.The current image input is 32FC1
[component_container_mt-2] [ERROR] [1779541586.014067518] [depth_nitros_bridge]: Input image format is not MONO16 image. This node only supports MONO16 image.The current image input is 32FC1
[component_container_mt-2] [ERROR] [1779541586.036595011] [depth_nitros_bridge]: Input image format is not MONO16 image. This node only supports MONO16 image.The current image input is 32FC1
[component_container_mt-2] [ERROR] [1779541586.070953106] [depth_nitros_bridge]: Input image format is not MONO16 image. This node only supports MONO16 image.The current image input is 32FC1
[component_container_mt-2] [ERROR] [1779541586.105413637] [depth_nitros_bridge]: Input image format is not MONO16 image. This node only supports MONO16 image.The current image input is 32FC1
[component_container_mt-2] [ERROR] [1779541586.142732863] [depth_nitros_bridge]: Input image format is not MONO16 image. This node only supports MONO16 image.The current image input is 32FC1
[component_container_mt-2] [ERROR] [1779541586.174677596] [depth_nitros_bridge]: Input image format is not MONO16 image. This node only supports MONO16 image.The current image input is 32FC1
[component_container_mt-2] [ERROR] [1779541586.195025487] [depth_nitros_bridge]: Input image format is not MONO16 image. This node only supports MONO16 image.The current image input is 32FC1
[component_container_mt-2] [ERROR] [1779541586.244618547] [depth_nitros_bridge]: Input image format is not MONO16 image. This node only supports MONO16 image.The current image input is 32FC1
[component_container_mt-2] [ERROR] [1779541586.274783195] [depth_nitros_bridge]: Input image format is not MONO16 image. This node only supports MONO16 image.The current image input is 32FC1
[component_container_mt-2] [ERROR] [1779541586.294477710] [depth_nitros_bridge]: Input image format is not MONO16 image. This node only supports MONO16 image.The current image input is 32FC1
[component_container_mt-2] [ERROR] [1779541586.348745112] [depth_nitros_bridge]: Input image format is not MONO16 image. This node only supports MONO16 image.The current image input is 32FC1
[component_container_mt-2] [ERROR] [1779541586.370299335] [depth_nitros_bridge]: Input image format is not MONO16 image. This node only supports MONO16 image.The current image input is 32FC1
[component_container_mt-2] [ERROR] [1779541586.403206614] [depth_nitros_bridge]: Input image format is not MONO16 image. This node only supports MONO16 image.The current image input is 32FC1
[component_container_mt-2] [ERROR] [1779541586.423317701] [depth_nitros_bridge]: Input image format is not MONO16 image. This node only supports MONO16 image.The current image input is 32FC1
[component_container_mt-2] [ERROR] [1779541586.462357895] [depth_nitros_bridge]: Input image format is not MONO16 image. This node only supports MONO16 image.The current image input is 32FC1
[component_container_mt-2] [ERROR] [1779541586.503524277] [depth_nitros_bridge]: Input image format is not MONO16 image. This node only supports MONO16 image.The current image input is 32FC1
[component_container_mt-2] [ERROR] [1779541586.579801185] [depth_nitros_bridge]: Input image format is not MONO16 image. This node only supports MONO16 image.The current image input is 32FC1
[component_container_mt-2] [ERROR] [1779541586.703140046] [depth_nitros_bridge]: Input image format is not MONO16 image. This node only supports MONO16 image.The current image input is 32FC1
[component_container_mt-2] [ERROR] [1779541586.743022366] [depth_nitros_bridge]: Input image format is not MONO16 image. This node only supports MONO16 image.The current image input is 32FC1
[component_container_mt-2] [ERROR] [1779541586.781479716] [depth_nitros_bridge]: Input image format is not MONO16 image. This node only supports MONO16 image.The current image input is 32FC1
[component_container_mt-2] [ERROR] [1779541586.817472227] [depth_nitros_bridge]: Input image format is not MONO16 image. This node only supports MONO16 image.The current image input is 32FC1
[component_container_mt-2] [ERROR] [1779541586.826488352] [depth_nitros_bridge]: Input image format is not MONO16 image. This node only supports MONO16 image.The current image input is 32FC1
[component_container_mt-2] [ERROR] [1779541586.861183364] [depth_nitros_bridge]: Input image format is not MONO16 image. This node only supports MONO16 image.The current image input is 32FC1
[component_container_mt-2] [ERROR] [1779541586.904012848] [depth_nitros_bridge]: Input image format is not MONO16 image. This node only supports MONO16 image.The current image input is 32FC1
[component_container_mt-2] [ERROR] [1779541586.928921592] [depth_nitros_bridge]: Input image format is not MONO16 image. This node only supports MONO16 image.The current image input is 32FC1
[component_container_mt-2] [ERROR] [1779541586.975021529] [depth_nitros_bridge]: Input image format is not MONO16 image. This node only supports MONO16 image.The current image input is 32FC1
[component_container_mt-2] [ERROR] [1779541587.006130598] [depth_nitros_bridge]: Input image format is not MONO16 image. This node only supports MONO16 image.The current image input is 32FC1
[component_container_mt-2] [ERROR] [1779541587.037243204] [depth_nitros_bridge]: Input image format is not MONO16 image. This node only supports MONO16 image.The current image input is 32FC1
[component_container_mt-2] [ERROR] [1779541587.063913921] [depth_nitros_bridge]: Input image format is not MONO16 image. This node only supports MONO16 image.The current image input is 32FC1
[component_container_mt-2] [ERROR] [1779541587.104876310] [depth_nitros_bridge]: Input image format is not MONO16 image. This node only supports MONO16 image.The current image input is 32FC1
[component_container_mt-2] [ERROR] [1779541587.147598861] [depth_nitros_bridge]: Input image format is not MONO16 image. This node only supports MONO16 image.The current image input is 32FC1
[component_container_mt-2] [ERROR] [1779541587.170186849] [depth_nitros_bridge]: Input image format is not MONO16 image. This node only supports MONO16 image.The current image input is 32FC1
[component_container_mt-2] [ERROR] [1779541587.204193883] [depth_nitros_bridge]: Input image format is not MONO16 image. This node only supports MONO16 image.The current image input is 32FC1
[component_container_mt-2] [ERROR] [1779541587.237633717] [depth_nitros_bridge]: Input image format is not MONO16 image. This node only supports MONO16 image.The current image input is 32FC1
[component_container_mt-2] [ERROR] [1779541587.270164934] [depth_nitros_bridge]: Input image format is not MONO16 image. This node only supports MONO16 image.The current image input is 32FC1
[component_container_mt-2] [ERROR] [1779541587.296913857] [depth_nitros_bridge]: Input image format is not MONO16 image. This node only supports MONO16 image.The current image input is 32FC1
[component_container_mt-2] [ERROR] [1779541587.332829280] [depth_nitros_bridge]: Input image format is not MONO16 image. This node only supports MONO16 image.The current image input is 32FC1
[component_container_mt-2] [ERROR] [1779541587.370747671] [depth_nitros_bridge]: Input image format is not MONO16 image. This node only supports MONO16 image.The current image input is 32FC1
[component_container_mt-2] [ERROR] [1779541587.404986921] [depth_nitros_bridge]: Input image format is not MONO16 image. This node only supports MONO16 image.The current image input is 32FC1
[component_container_mt-2] [ERROR] [1779541587.437604536] [depth_nitros_bridge]: Input image format is not MONO16 image. This node only supports MONO16 image.The current image input is 32FC1
[component_container_mt-2] [ERROR] [1779541587.465665207] [depth_nitros_bridge]: Input image format is not MONO16 image. This node only supports MONO16 image.The current image input is 32FC1
[component_container_mt-2] [ERROR] [1779541587.495309764] [depth_nitros_bridge]: Input image format is not MONO16 image. This node only supports MONO16 image.The current image input is 32FC1
[component_container_mt-2] [ERROR] [1779541587.550830350] [depth_nitros_bridge]: Input image format is not MONO16 image. This node only supports MONO16 image.The current image input is 32FC1
[component_container_mt-2] [ERROR] [1779541587.571060009] [depth_nitros_bridge]: Input image format is not MONO16 image. This node only supports MONO16 image.The current image input is 32FC1
[component_container_mt-2] [ERROR] [1779541587.613221830] [depth_nitros_bridge]: Input image format is not MONO16 image. This node only supports MONO16 image.The current image input is 32FC1
[component_container_mt-2] [ERROR] [1779541587.647119254] [depth_nitros_bridge]: Input image format is not MONO16 image. This node only supports MONO16 image.The current image input is 32FC1
[component_container_mt-2] [ERROR] [1779541587.670946989] [depth_nitros_bridge]: Input image format is not MONO16 image. This node only supports MONO16 image.The current image input is 32FC1
[component_container_mt-2] [ERROR] [1779541587.685279872] [depth_nitros_bridge]: Input image format is not MONO16 image. This node only supports MONO16 image.The current image input is 32FC1
[component_container_mt-2] [ERROR] [1779541587.730102279] [depth_nitros_bridge]: Input image format is not MONO16 image. This node only supports MONO16 image.The current image input is 32FC1
[component_container_mt-2] [ERROR] [1779541587.776922391] [depth_nitros_bridge]: Input image format is not MONO16 image. This node only supports MONO16 image.The current image input is 32FC1
[component_container_mt-2] [ERROR] [1779541587.804691105] [depth_nitros_bridge]: Input image format is not MONO16 image. This node only supports MONO16 image.The current image input is 32FC1
[component_container_mt-2] [ERROR] [1779541587.848553881] [depth_nitros_bridge]: Input image format is not MONO16 image. This node only supports MONO16 image.The current image input is 32FC1
[component_container_mt-2] [ERROR] [1779541587.879836380] [depth_nitros_bridge]: Input image format is not MONO16 image. This node only supports MONO16 image.The current image input is 32FC1
[component_container_mt-2] [ERROR] [1779541587.912752243] [depth_nitros_bridge]: Input image format is not MONO16 image. This node only supports MONO16 image.The current image input is 32FC1
[component_container_mt-2] [ERROR] [1779541587.929867571] [depth_nitros_bridge]: Input image format is not MONO16 image. This node only supports MONO16 image.The current image input is 32FC1
[component_container_mt-2] [ERROR] [1779541587.983003352] [depth_nitros_bridge]: Input image format is not MONO16 image. This node only supports MONO16 image.The current image input is 32FC1
[component_container_mt-2] [ERROR] [1779541588.006247360] [depth_nitros_bridge]: Input image format is not MONO16 image. This node only supports MONO16 image.The current image input is 32FC1
[component_container_mt-2] [ERROR] [1779541588.047421379] [depth_nitros_bridge]: Input image format is not MONO16 image. This node only supports MONO16 image.The current image input is 32FC1
[component_container_mt-2] [ERROR] [1779541588.080500798] [depth_nitros_bridge]: Input image format is not MONO16 image. This node only supports MONO16 image.The current image input is 32FC1
[component_container_mt-2] [ERROR] [1779541588.113744689] [depth_nitros_bridge]: Input image format is not MONO16 image. This node only supports MONO16 image.The current image input is 32FC1
[component_container_mt-2] [ERROR] [1779541588.141190353] [depth_nitros_bridge]: Input image format is not MONO16 image. This node only supports MONO16 image.The current image input is 32FC1
[component_container_mt-2] [ERROR] [1779541588.169639310] [depth_nitros_bridge]: Input image format is not MONO16 image. This node only supports MONO16 image.The current image input is 32FC1
[component_container_mt-2] [ERROR] [1779541588.193022637] [depth_nitros_bridge]: Input image format is not MONO16 image. This node only supports MONO16 image.The current image input is 32FC1
[component_container_mt-2] [ERROR] [1779541588.238350385] [depth_nitros_bridge]: Input image format is not MONO16 image. This node only supports MONO16 image.The current image input is 32FC1
[component_container_mt-2] [ERROR] [1779541588.281058427] [depth_nitros_bridge]: Input image format is not MONO16 image. This node only supports MONO16 image.The current image input is 32FC1
[component_container_mt-2] [ERROR] [1779541588.306269828] [depth_nitros_bridge]: Input image format is not MONO16 image. This node only supports MONO16 image.The current image input is 32FC1
[component_container_mt-2] [ERROR] [1779541588.326632776] [depth_nitros_bridge]: Input image format is not MONO16 image. This node only supports MONO16 image.The current image input is 32FC1
[component_container_mt-2] [ERROR] [1779541588.359482399] [depth_nitros_bridge]: Input image format is not MONO16 image. This node only supports MONO16 image.The current image input is 32FC1
[component_container_mt-2] [ERROR] [1779541588.386421678] [depth_nitros_bridge]: Input image format is not MONO16 image. This node only supports MONO16 image.The current image input is 32FC1
[component_container_mt-2] [ERROR] [1779541588.438139131] [depth_nitros_bridge]: Input image format is not MONO16 image. This node only supports MONO16 image.The current image input is 32FC1
[component_container_mt-2] [ERROR] [1779541588.470095650] [depth_nitros_bridge]: Input image format is not MONO16 image. This node only supports MONO16 image.The current image input is 32FC1
[component_container_mt-2] [ERROR] [1779541588.516215957] [depth_nitros_bridge]: Input image format is not MONO16 image. This node only supports MONO16 image.The current image input is 32FC1
[component_container_mt-2] [ERROR] [1779541588.526926286] [depth_nitros_bridge]: Input image format is not MONO16 image. This node only supports MONO16 image.The current image input is 32FC1
[component_container_mt-2] [ERROR] [1779541588.572377872] [depth_nitros_bridge]: Input image format is not MONO16 image. This node only supports MONO16 image.The current image input is 32FC1
[component_container_mt-2] [ERROR] [1779541588.605300096] [depth_nitros_bridge]: Input image format is not MONO16 image. This node only supports MONO16 image.The current image input is 32FC1
[component_container_mt-2] [ERROR] [1779541588.647885718] [depth_nitros_bridge]: Input image format is not MONO16 image. This node only supports MONO16 image.The current image input is 32FC1
[component_container_mt-2] [ERROR] [1779541588.675550645] [depth_nitros_bridge]: Input image format is not MONO16 image. This node only supports MONO16 image.The current image input is 32FC1
[component_container_mt-2] [ERROR] [1779541588.712977290] [depth_nitros_bridge]: Input image format is not MONO16 image. This node only supports MONO16 image.The current image input is 32FC1
[component_container_mt-2] [ERROR] [1779541588.739071659] [depth_nitros_bridge]: Input image format is not MONO16 image. This node only supports MONO16 image.The current image input is 32FC1
[component_container_mt-2] [ERROR] [1779541588.769843744] [depth_nitros_bridge]: Input image format is not MONO16 image. This node only supports MONO16 image.The current image input is 32FC1
[component_container_mt-2] [ERROR] [1779541588.803020108] [depth_nitros_bridge]: Input image format is not MONO16 image. This node only supports MONO16 image.The current image input is 32FC1
[component_container_mt-2] [ERROR] [1779541588.827473668] [depth_nitros_bridge]: Input image format is not MONO16 image. This node only supports MONO16 image.The current image input is 32FC1
[component_container_mt-2] [ERROR] [1779541588.853410797] [depth_nitros_bridge]: Input image format is not MONO16 image. This node only supports MONO16 image.The current image input is 32FC1
[component_container_mt-2] [ERROR] [1779541588.917039166] [depth_nitros_bridge]: Input image format is not MONO16 image. This node only supports MONO16 image.The current image input is 32FC1
[component_container_mt-2] [ERROR] [1779541588.936615531] [depth_nitros_bridge]: Input image format is not MONO16 image. This node only supports MONO16 image.The current image input is 32FC1
[component_container_mt-2] [ERROR] [1779541588.970088028] [depth_nitros_bridge]: Input image format is not MONO16 image. This node only supports MONO16 image.The current image input is 32FC1
[component_container_mt-2] [ERROR] [1779541589.003403721] [depth_nitros_bridge]: Input image format is not MONO16 image. This node only supports MONO16 image.The current image input is 32FC1
[component_container_mt-2] [ERROR] [1779541589.028232649] [depth_nitros_bridge]: Input image format is not MONO16 image. This node only supports MONO16 image.The current image input is 32FC1
[component_container_mt-2] [ERROR] [1779541589.081450572] [depth_nitros_bridge]: Input image format is not MONO16 image. This node only supports MONO16 image.The current image input is 32FC1
[component_container_mt-2] [ERROR] [1779541589.112729708] [depth_nitros_bridge]: Input image format is not MONO16 image. This node only supports MONO16 image.The current image input is 32FC1
[component_container_mt-2] [ERROR] [1779541589.149600593] [depth_nitros_bridge]: Input image format is not MONO16 image. This node only supports MONO16 image.The current image input is 32FC1
[component_container_mt-2] [ERROR] [1779541589.172800983] [depth_nitros_bridge]: Input image format is not MONO16 image. This node only supports MONO16 image.The current image input is 32FC1
[component_container_mt-2] [ERROR] [1779541589.204383891] [depth_nitros_bridge]: Input image format is not MONO16 image. This node only supports MONO16 image.The current image input is 32FC1
[component_container_mt-2] [ERROR] [1779541589.238701317] [depth_nitros_bridge]: Input image format is not MONO16 image. This node only supports MONO16 image.The current image input is 32FC1
[component_container_mt-2] [ERROR] [1779541589.277790125] [depth_nitros_bridge]: Input image format is not MONO16 image. This node only supports MONO16 image.The current image input is 32FC1
[component_container_mt-2] [ERROR] [1779541589.383417602] [depth_nitros_bridge]: Input image format is not MONO16 image. This node only supports MONO16 image.The current image input is 32FC1
[component_container_mt-2] [ERROR] [1779541589.397178888] [depth_nitros_bridge]: Input image format is not MONO16 image. This node only supports MONO16 image.The current image input is 32FC1
[component_container_mt-2] [ERROR] [1779541589.437714451] [depth_nitros_bridge]: Input image format is not MONO16 image. This node only supports MONO16 image.The current image input is 32FC1
[component_container_mt-2] [ERROR] [1779541589.465720030] [depth_nitros_bridge]: Input image format is not MONO16 image. This node only supports MONO16 image.The current image input is 32FC1
[component_container_mt-2] [ERROR] [1779541589.516055519] [depth_nitros_bridge]: Input image format is not MONO16 image. This node only supports MONO16 image.The current image input is 32FC1
[component_container_mt-2] [ERROR] [1779541589.537890312] [depth_nitros_bridge]: Input image format is not MONO16 image. This node only supports MONO16 image.The current image input is 32FC1
[component_container_mt-2] [ERROR] [1779541589.569989982] [depth_nitros_bridge]: Input image format is not MONO16 image. This node only supports MONO16 image.The current image input is 32FC1
[component_container_mt-2] [ERROR] [1779541589.593240182] [depth_nitros_bridge]: Input image format is not MONO16 image. This node only supports MONO16 image.The current image input is 32FC1
[component_container_mt-2] [ERROR] [1779541589.637990389] [depth_nitros_bridge]: Input image format is not MONO16 image. This node only supports MONO16 image.The current image input is 32FC1
[component_container_mt-2] [ERROR] [1779541589.663817426] [depth_nitros_bridge]: Input image format is not MONO16 image. This node only supports MONO16 image.The current image input is 32FC1
[component_container_mt-2] [ERROR] [1779541589.702899689] [depth_nitros_bridge]: Input image format is not MONO16 image. This node only supports MONO16 image.The current image input is 32FC1
[component_container_mt-2] [ERROR] [1779541589.739530145] [depth_nitros_bridge]: Input image format is not MONO16 image. This node only supports MONO16 image.The current image input is 32FC1
[component_container_mt-2] [ERROR] [1779541589.785833059] [depth_nitros_bridge]: Input image format is not MONO16 image. This node only supports MONO16 image.The current image input is 32FC1
[component_container_mt-2] [ERROR] [1779541589.814856883] [depth_nitros_bridge]: Input image format is not MONO16 image. This node only supports MONO16 image.The current image input is 32FC1
[component_container_mt-2] [ERROR] [1779541589.826909830] [depth_nitros_bridge]: Input image format is not MONO16 image. This node only supports MONO16 image.The current image input is 32FC1
[component_container_mt-2] [ERROR] [1779541589.874910357] [depth_nitros_bridge]: Input image format is not MONO16 image. This node only supports MONO16 image.The current image input is 32FC1
[component_container_mt-2] [ERROR] [1779541589.901210536] [depth_nitros_bridge]: Input image format is not MONO16 image. This node only supports MONO16 image.The current image input is 32FC1
[component_container_mt-2] [ERROR] [1779541589.930124753] [depth_nitros_bridge]: Input image format is not MONO16 image. This node only supports MONO16 image.The current image input is 32FC1
[component_container_mt-2] [ERROR] [1779541589.965318785] [depth_nitros_bridge]: Input image format is not MONO16 image. This node only supports MONO16 image.The current image input is 32FC1
[component_container_mt-2] [ERROR] [1779541589.994020345] [depth_nitros_bridge]: Input image format is not MONO16 image. This node only supports MONO16 image.The current image input is 32FC1
[component_container_mt-2] [ERROR] [1779541590.037898051] [depth_nitros_bridge]: Input image format is not MONO16 image. This node only supports MONO16 image.The current image input is 32FC1
[component_container_mt-2] [ERROR] [1779541590.069592469] [depth_nitros_bridge]: Input image format is not MONO16 image. This node only supports MONO16 image.The current image input is 32FC1
[component_container_mt-2] [ERROR] [1779541590.093213207] [depth_nitros_bridge]: Input image format is not MONO16 image. This node only supports MONO16 image.The current image input is 32FC1
[component_container_mt-2] [ERROR] [1779541590.138270232] [depth_nitros_bridge]: Input image format is not MONO16 image. This node only supports MONO16 image.The current image input is 32FC1
[component_container_mt-2] [ERROR] [1779541590.169926761] [depth_nitros_bridge]: Input image format is not MONO16 image. This node only supports MONO16 image.The current image input is 32FC1
[component_container_mt-2] [ERROR] [1779541590.204403809] [depth_nitros_bridge]: Input image format is not MONO16 image. This node only supports MONO16 image.The current image input is 32FC1
[component_container_mt-2] [ERROR] [1779541590.240182492] [depth_nitros_bridge]: Input image format is not MONO16 image. This node only supports MONO16 image.The current image input is 32FC1
[component_container_mt-2] [ERROR] [1779541590.271222310] [depth_nitros_bridge]: Input image format is not MONO16 image. This node only supports MONO16 image.The current image input is 32FC1
[component_container_mt-2] [ERROR] [1779541590.318954771] [depth_nitros_bridge]: Input image format is not MONO16 image. This node only supports MONO16 image.The current image input is 32FC1
[component_container_mt-2] [ERROR] [1779541590.347556995] [depth_nitros_bridge]: Input image format is not MONO16 image. This node only supports MONO16 image.The current image input is 32FC1
[component_container_mt-2] [ERROR] [1779541590.368912335] [depth_nitros_bridge]: Input image format is not MONO16 image. This node only supports MONO16 image.The current image input is 32FC1
[component_container_mt-2] [ERROR] [1779541590.393408079] [depth_nitros_bridge]: Input image format is not MONO16 image. This node only supports MONO16 image.The current image input is 32FC1
[component_container_mt-2] [ERROR] [1779541590.427153237] [depth_nitros_bridge]: Input image format is not MONO16 image. This node only supports MONO16 image.The current image input is 32FC1
[component_container_mt-2] [ERROR] [1779541590.459844683] [depth_nitros_bridge]: Input image format is not MONO16 image. This node only supports MONO16 image.The current image input is 32FC1
[component_container_mt-2] [ERROR] [1779541590.499649298] [depth_nitros_bridge]: Input image format is not MONO16 image. This node only supports MONO16 image.The current image input is 32FC1
[component_container_mt-2] [ERROR] [1779541590.526512725] [depth_nitros_bridge]: Input image format is not MONO16 image. This node only supports MONO16 image.The current image input is 32FC1
[component_container_mt-2] [ERROR] [1779541590.564332379] [depth_nitros_bridge]: Input image format is not MONO16 image. This node only supports MONO16 image.The current image input is 32FC1
[component_container_mt-2] [ERROR] [1779541590.593255137] [depth_nitros_bridge]: Input image format is not MONO16 image. This node only supports MONO16 image.The current image input is 32FC1
[component_container_mt-2] [ERROR] [1779541590.637470447] [depth_nitros_bridge]: Input image format is not MONO16 image. This node only supports MONO16 image.The current image input is 32FC1
[component_container_mt-2] [ERROR] [1779541590.679548661] [depth_nitros_bridge]: Input image format is not MONO16 image. This node only supports MONO16 image.The current image input is 32FC1
[component_container_mt-2] [ERROR] [1779541590.714428747] [depth_nitros_bridge]: Input image format is not MONO16 image. This node only supports MONO16 image.The current image input is 32FC1
[component_container_mt-2] [ERROR] [1779541590.716351506] [depth_nitros_bridge]: Input image format is not MONO16 image. This node only supports MONO16 image.The current image input is 32FC1
[component_container_mt-2] [ERROR] [1779541590.761531053] [depth_nitros_bridge]: Input image format is not MONO16 image. This node only supports MONO16 image.The current image input is 32FC1
[component_container_mt-2] [ERROR] [1779541590.798999841] [depth_nitros_bridge]: Input image format is not MONO16 image. This node only supports MONO16 image.The current image input is 32FC1
[component_container_mt-2] [ERROR] [1779541590.847323373] [depth_nitros_bridge]: Input image format is not MONO16 image. This node only supports MONO16 image.The current image input is 32FC1
[component_container_mt-2] [ERROR] [1779541590.869882236] [depth_nitros_bridge]: Input image format is not MONO16 image. This node only supports MONO16 image.The current image input is 32FC1
[component_container_mt-2] [ERROR] [1779541590.903663076] [depth_nitros_bridge]: Input image format is not MONO16 image. This node only supports MONO16 image.The current image input is 32FC1
[component_container_mt-2] [ERROR] [1779541590.939860550] [depth_nitros_bridge]: Input image format is not MONO16 image. This node only supports MONO16 image.The current image input is 32FC1
[component_container_mt-2] [ERROR] [1779541590.970284059] [depth_nitros_bridge]: Input image format is not MONO16 image. This node only supports MONO16 image.The current image input is 32FC1
[component_container_mt-2] [ERROR] [1779541591.017176322] [depth_nitros_bridge]: Input image format is not MONO16 image. This node only supports MONO16 image.The current image input is 32FC1
[component_container_mt-2] [ERROR] [1779541591.046380521] [depth_nitros_bridge]: Input image format is not MONO16 image. This node only supports MONO16 image.The current image input is 32FC1
[component_container_mt-2] [ERROR] [1779541591.064851120] [depth_nitros_bridge]: Input image format is not MONO16 image. This node only supports MONO16 image.The current image input is 32FC1
[component_container_mt-2] [ERROR] [1779541591.103051409] [depth_nitros_bridge]: Input image format is not MONO16 image. This node only supports MONO16 image.The current image input is 32FC1
[component_container_mt-2] [ERROR] [1779541591.127799564] [depth_nitros_bridge]: Input image format is not MONO16 image. This node only supports MONO16 image.The current image input is 32FC1
[component_container_mt-2] [ERROR] [1779541591.180521001] [depth_nitros_bridge]: Input image format is not MONO16 image. This node only supports MONO16 image.The current image input is 32FC1
[component_container_mt-2] [ERROR] [1779541591.212051974] [depth_nitros_bridge]: Input image format is not MONO16 image. This node only supports MONO16 image.The current image input is 32FC1
[component_container_mt-2] [ERROR] [1779541591.239875693] [depth_nitros_bridge]: Input image format is not MONO16 image. This node only supports MONO16 image.The current image input is 32FC1
[component_container_mt-2] [ERROR] [1779541591.273026787] [depth_nitros_bridge]: Input image format is not MONO16 image. This node only supports MONO16 image.The current image input is 32FC1
[component_container_mt-2] [ERROR] [1779541591.305107955] [depth_nitros_bridge]: Input image format is not MONO16 image. This node only supports MONO16 image.The current image input is 32FC1
[component_container_mt-2] [ERROR] [1779541591.337983083] [depth_nitros_bridge]: Input image format is not MONO16 image. This node only supports MONO16 image.The current image input is 32FC1
[component_container_mt-2] [ERROR] [1779541591.371182691] [depth_nitros_bridge]: Input image format is not MONO16 image. This node only supports MONO16 image.The current image input is 32FC1
[component_container_mt-2] [ERROR] [1779541591.403602635] [depth_nitros_bridge]: Input image format is not MONO16 image. This node only supports MONO16 image.The current image input is 32FC1
[component_container_mt-2] [ERROR] [1779541591.426687630] [depth_nitros_bridge]: Input image format is not MONO16 image. This node only supports MONO16 image.The current image input is 32FC1
[component_container_mt-2] [ERROR] [1779541591.460943580] [depth_nitros_bridge]: Input image format is not MONO16 image. This node only supports MONO16 image.The current image input is 32FC1
[component_container_mt-2] [ERROR] [1779541591.514447730] [depth_nitros_bridge]: Input image format is not MONO16 image. This node only supports MONO16 image.The current image input is 32FC1
[component_container_mt-2] [ERROR] [1779541591.547608716] [depth_nitros_bridge]: Input image format is not MONO16 image. This node only supports MONO16 image.The current image input is 32FC1
[component_container_mt-2] [ERROR] [1779541591.560969995] [depth_nitros_bridge]: Input image format is not MONO16 image. This node only supports MONO16 image.The current image input is 32FC1
[component_container_mt-2] [ERROR] [1779541591.603519616] [depth_nitros_bridge]: Input image format is not MONO16 image. This node only supports MONO16 image.The current image input is 32FC1
[component_container_mt-2] [ERROR] [1779541591.636324600] [depth_nitros_bridge]: Input image format is not MONO16 image. This node only supports MONO16 image.The current image input is 32FC1
[component_container_mt-2] [ERROR] [1779541591.680642059] [depth_nitros_bridge]: Input image format is not MONO16 image. This node only supports MONO16 image.The current image input is 32FC1
[component_container_mt-2] [ERROR] [1779541591.715613971] [depth_nitros_bridge]: Input image format is not MONO16 image. This node only supports MONO16 image.The current image input is 32FC1
[component_container_mt-2] [ERROR] [1779541591.750054077] [depth_nitros_bridge]: Input image format is not MONO16 image. This node only supports MONO16 image.The current image input is 32FC1
[component_container_mt-2] [ERROR] [1779541591.771412175] [depth_nitros_bridge]: Input image format is not MONO16 image. This node only supports MONO16 image.The current image input is 32FC1
[component_container_mt-2] [ERROR] [1779541591.816736250] [depth_nitros_bridge]: Input image format is not MONO16 image. This node only supports MONO16 image.The current image input is 32FC1
[component_container_mt-2] [ERROR] [1779541591.848077799] [depth_nitros_bridge]: Input image format is not MONO16 image. This node only supports MONO16 image.The current image input is 32FC1
[component_container_mt-2] [ERROR] [1779541591.869922566] [depth_nitros_bridge]: Input image format is not MONO16 image. This node only supports MONO16 image.The current image input is 32FC1
[component_container_mt-2] [ERROR] [1779541591.903488423] [depth_nitros_bridge]: Input image format is not MONO16 image. This node only supports MONO16 image.The current image input is 32FC1
[component_container_mt-2] [ERROR] [1779541591.940711991] [depth_nitros_bridge]: Input image format is not MONO16 image. This node only supports MONO16 image.The current image input is 32FC1
[component_container_mt-2] [ERROR] [1779541591.951047473] [depth_nitros_bridge]: Input image format is not MONO16 image. This node only supports MONO16 image.The current image input is 32FC1
[component_container_mt-2] [ERROR] [1779541592.003345763] [depth_nitros_bridge]: Input image format is not MONO16 image. This node only supports MONO16 image.The current image input is 32FC1
[component_container_mt-2] [ERROR] [1779541592.036275496] [depth_nitros_bridge]: Input image format is not MONO16 image. This node only supports MONO16 image.The current image input is 32FC1
[component_container_mt-2] [ERROR] [1779541592.075663342] [depth_nitros_bridge]: Input image format is not MONO16 image. This node only supports MONO16 image.The current image input is 32FC1
[component_container_mt-2] [ERROR] [1779541592.095042023] [depth_nitros_bridge]: Input image format is not MONO16 image. This node only supports MONO16 image.The current image input is 32FC1
[component_container_mt-2] [ERROR] [1779541592.136917455] [depth_nitros_bridge]: Input image format is not MONO16 image. This node only supports MONO16 image.The current image input is 32FC1
[component_container_mt-2] [ERROR] [1779541592.180202239] [depth_nitros_bridge]: Input image format is not MONO16 image. This node only supports MONO16 image.The current image input is 32FC1
[component_container_mt-2] [ERROR] [1779541592.208726914] [depth_nitros_bridge]: Input image format is not MONO16 image. This node only supports MONO16 image.The current image input is 32FC1
[component_container_mt-2] [ERROR] [1779541592.253065200] [depth_nitros_bridge]: Input image format is not MONO16 image. This node only supports MONO16 image.The current image input is 32FC1
[component_container_mt-2] [ERROR] [1779541592.271223992] [depth_nitros_bridge]: Input image format is not MONO16 image. This node only supports MONO16 image.The current image input is 32FC1
[component_container_mt-2] [ERROR] [1779541592.313900801] [depth_nitros_bridge]: Input image format is not MONO16 image. This node only supports MONO16 image.The current image input is 32FC1
[component_container_mt-2] [ERROR] [1779541592.342077554] [depth_nitros_bridge]: Input image format is not MONO16 image. This node only supports MONO16 image.The current image input is 32FC1
[component_container_mt-2] [ERROR] [1779541592.371716918] [depth_nitros_bridge]: Input image format is not MONO16 image. This node only supports MONO16 image.The current image input is 32FC1
[component_container_mt-2] [ERROR] [1779541592.405215565] [depth_nitros_bridge]: Input image format is not MONO16 image. This node only supports MONO16 image.The current image input is 32FC1
[component_container_mt-2] [ERROR] [1779541592.418649102] [depth_nitros_bridge]: Input image format is not MONO16 image. This node only supports MONO16 image.The current image input is 32FC1
[component_container_mt-2] [ERROR] [1779541592.469768294] [depth_nitros_bridge]: Input image format is not MONO16 image. This node only supports MONO16 image.The current image input is 32FC1
[component_container_mt-2] [ERROR] [1779541592.517505465] [depth_nitros_bridge]: Input image format is not MONO16 image. This node only supports MONO16 image.The current image input is 32FC1
[component_container_mt-2] [ERROR] [1779541592.528152549] [depth_nitros_bridge]: Input image format is not MONO16 image. This node only supports MONO16 image.The current image input is 32FC1
[component_container_mt-2] [ERROR] [1779541592.580062831] [depth_nitros_bridge]: Input image format is not MONO16 image. This node only supports MONO16 image.The current image input is 32FC1
[component_container_mt-2] [ERROR] [1779541592.597388005] [depth_nitros_bridge]: Input image format is not MONO16 image. This node only supports MONO16 image.The current image input is 32FC1
[component_container_mt-2] [ERROR] [1779541592.628781281] [depth_nitros_bridge]: Input image format is not MONO16 image. This node only supports MONO16 image.The current image input is 32FC1
[component_container_mt-2] [ERROR] [1779541592.672954224] [depth_nitros_bridge]: Input image format is not MONO16 image. This node only supports MONO16 image.The current image input is 32FC1
[component_container_mt-2] [ERROR] [1779541592.705167972] [depth_nitros_bridge]: Input image format is not MONO16 image. This node only supports MONO16 image.The current image input is 32FC1
[component_container_mt-2] [ERROR] [1779541592.737789269] [depth_nitros_bridge]: Input image format is not MONO16 image. This node only supports MONO16 image.The current image input is 32FC1
[component_container_mt-2] [ERROR] [1779541592.769746069] [depth_nitros_bridge]: Input image format is not MONO16 image. This node only supports MONO16 image.The current image input is 32FC1
[component_container_mt-2] [ERROR] [1779541592.804007764] [depth_nitros_bridge]: Input image format is not MONO16 image. This node only supports MONO16 image.The current image input is 32FC1
[component_container_mt-2] [ERROR] [1779541592.826646960] [depth_nitros_bridge]: Input image format is not MONO16 image. This node only supports MONO16 image.The current image input is 32FC1
[component_container_mt-2] [ERROR] [1779541592.873087914] [depth_nitros_bridge]: Input image format is not MONO16 image. This node only supports MONO16 image.The current image input is 32FC1
[component_container_mt-2] [ERROR] [1779541592.902953190] [depth_nitros_bridge]: Input image format is not MONO16 image. This node only supports MONO16 image.The current image input is 32FC1
[component_container_mt-2] [ERROR] [1779541592.946758170] [depth_nitros_bridge]: Input image format is not MONO16 image. This node only supports MONO16 image.The current image input is 32FC1
[component_container_mt-2] [ERROR] [1779541592.980069173] [depth_nitros_bridge]: Input image format is not MONO16 image. This node only supports MONO16 image.The current image input is 32FC1
[component_container_mt-2] [ERROR] [1779541593.004537234] [depth_nitros_bridge]: Input image format is not MONO16 image. This node only supports MONO16 image.The current image input is 32FC1
[component_container_mt-2] [ERROR] [1779541593.038890355] [depth_nitros_bridge]: Input image format is not MONO16 image. This node only supports MONO16 image.The current image input is 32FC1
[component_container_mt-2] [ERROR] [1779541593.080001433] [depth_nitros_bridge]: Input image format is not MONO16 image. This node only supports MONO16 image.The current image input is 32FC1
[component_container_mt-2] [ERROR] [1779541593.107828173] [depth_nitros_bridge]: Input image format is not MONO16 image. This node only supports MONO16 image.The current image input is 32FC1
[component_container_mt-2] [ERROR] [1779541593.127089657] [depth_nitros_bridge]: Input image format is not MONO16 image. This node only supports MONO16 image.The current image input is 32FC1
[component_container_mt-2] [ERROR] [1779541593.186524373] [depth_nitros_bridge]: Input image format is not MONO16 image. This node only supports MONO16 image.The current image input is 32FC1
[component_container_mt-2] [ERROR] [1779541593.204607685] [depth_nitros_bridge]: Input image format is not MONO16 image. This node only supports MONO16 image.The current image input is 32FC1
[component_container_mt-2] [ERROR] [1779541593.237260312] [depth_nitros_bridge]: Input image format is not MONO16 image. This node only supports MONO16 image.The current image input is 32FC1
[component_container_mt-2] [ERROR] [1779541593.264931732] [depth_nitros_bridge]: Input image format is not MONO16 image. This node only supports MONO16 image.The current image input is 32FC1
[component_container_mt-2] [ERROR] [1779541593.303420097] [depth_nitros_bridge]: Input image format is not MONO16 image. This node only supports MONO16 image.The current image input is 32FC1
[component_container_mt-2] [ERROR] [1779541593.338804110] [depth_nitros_bridge]: Input image format is not MONO16 image. This node only supports MONO16 image.The current image input is 32FC1
[component_container_mt-2] [ERROR] [1779541593.370189429] [depth_nitros_bridge]: Input image format is not MONO16 image. This node only supports MONO16 image.The current image input is 32FC1
[component_container_mt-2] [ERROR] [1779541593.410425928] [depth_nitros_bridge]: Input image format is not MONO16 image. This node only supports MONO16 image.The current image input is 32FC1
[component_container_mt-2] [ERROR] [1779541593.467506063] [depth_nitros_bridge]: Input image format is not MONO16 image. This node only supports MONO16 image.The current image input is 32FC1
[component_container_mt-2] [ERROR] [1779541593.491830770] [depth_nitros_bridge]: Input image format is not MONO16 image. This node only supports MONO16 image.The current image input is 32FC1
[component_container_mt-2] [ERROR] [1779541593.499745361] [depth_nitros_bridge]: Input image format is not MONO16 image. This node only supports MONO16 image.The current image input is 32FC1
[component_container_mt-2] [ERROR] [1779541593.540051363] [depth_nitros_bridge]: Input image format is not MONO16 image. This node only supports MONO16 image.The current image input is 32FC1
[component_container_mt-2] [ERROR] [1779541593.578200727] [depth_nitros_bridge]: Input image format is not MONO16 image. This node only supports MONO16 image.The current image input is 32FC1
[component_container_mt-2] [ERROR] [1779541593.598410877] [depth_nitros_bridge]: Input image format is not MONO16 image. This node only supports MONO16 image.The current image input is 32FC1
[component_container_mt-2] [ERROR] [1779541593.641167932] [depth_nitros_bridge]: Input image format is not MONO16 image. This node only supports MONO16 image.The current image input is 32FC1
[component_container_mt-2] [ERROR] [1779541593.670519202] [depth_nitros_bridge]: Input image format is not MONO16 image. This node only supports MONO16 image.The current image input is 32FC1
[component_container_mt-2] [ERROR] [1779541593.704118709] [depth_nitros_bridge]: Input image format is not MONO16 image. This node only supports MONO16 image.The current image input is 32FC1
[component_container_mt-2] [ERROR] [1779541593.726409426] [depth_nitros_bridge]: Input image format is not MONO16 image. This node only supports MONO16 image.The current image input is 32FC1
[component_container_mt-2] [ERROR] [1779541593.760919038] [depth_nitros_bridge]: Input image format is not MONO16 image. This node only supports MONO16 image.The current image input is 32FC1
[component_container_mt-2] [ERROR] [1779541593.806079677] [depth_nitros_bridge]: Input image format is not MONO16 image. This node only supports MONO16 image.The current image input is 32FC1
[component_container_mt-2] [ERROR] [1779541593.830173783] [depth_nitros_bridge]: Input image format is not MONO16 image. This node only supports MONO16 image.The current image input is 32FC1
[component_container_mt-2] [ERROR] [1779541593.861410316] [depth_nitros_bridge]: Input image format is not MONO16 image. This node only supports MONO16 image.The current image input is 32FC1
[component_container_mt-2] [ERROR] [1779541593.894036219] [depth_nitros_bridge]: Input image format is not MONO16 image. This node only supports MONO16 image.The current image input is 32FC1
[component_container_mt-2] [ERROR] [1779541593.926724788] [depth_nitros_bridge]: Input image format is not MONO16 image. This node only supports MONO16 image.The current image input is 32FC1
[component_container_mt-2] [ERROR] [1779541593.960806290] [depth_nitros_bridge]: Input image format is not MONO16 image. This node only supports MONO16 image.The current image input is 32FC1
[component_container_mt-2] [ERROR] [1779541594.005795796] [depth_nitros_bridge]: Input image format is not MONO16 image. This node only supports MONO16 image.The current image input is 32FC1
[component_container_mt-2] [ERROR] [1779541594.026761868] [depth_nitros_bridge]: Input image format is not MONO16 image. This node only supports MONO16 image.The current image input is 32FC1
[component_container_mt-2] [ERROR] [1779541594.071149173] [depth_nitros_bridge]: Input image format is not MONO16 image. This node only supports MONO16 image.The current image input is 32FC1
[component_container_mt-2] [ERROR] [1779541594.093357640] [depth_nitros_bridge]: Input image format is not MONO16 image. This node only supports MONO16 image.The current image input is 32FC1
[component_container_mt-2] [ERROR] [1779541594.128432463] [depth_nitros_bridge]: Input image format is not MONO16 image. This node only supports MONO16 image.The current image input is 32FC1
[component_container_mt-2] [ERROR] [1779541594.176585269] [depth_nitros_bridge]: Input image format is not MONO16 image. This node only supports MONO16 image.The current image input is 32FC1
[component_container_mt-2] [ERROR] [1779541594.204762245] [depth_nitros_bridge]: Input image format is not MONO16 image. This node only supports MONO16 image.The current image input is 32FC1
[component_container_mt-2] [ERROR] [1779541594.229105879] [depth_nitros_bridge]: Input image format is not MONO16 image. This node only supports MONO16 image.The current image input is 32FC1
[component_container_mt-2] [ERROR] [1779541594.271719563] [depth_nitros_bridge]: Input image format is not MONO16 image. This node only supports MONO16 image.The current image input is 32FC1
[component_container_mt-2] [ERROR] [1779541594.307759951] [depth_nitros_bridge]: Input image format is not MONO16 image. This node only supports MONO16 image.The current image input is 32FC1
[component_container_mt-2] [ERROR] [1779541594.336919667] [depth_nitros_bridge]: Input image format is not MONO16 image. This node only supports MONO16 image.The current image input is 32FC1
[component_container_mt-2] [ERROR] [1779541594.370805240] [depth_nitros_bridge]: Input image format is not MONO16 image. This node only supports MONO16 image.The current image input is 32FC1
[component_container_mt-2] [ERROR] [1779541594.414910922] [depth_nitros_bridge]: Input image format is not MONO16 image. This node only supports MONO16 image.The current image input is 32FC1
[component_container_mt-2] [ERROR] [1779541594.429851628] [depth_nitros_bridge]: Input image format is not MONO16 image. This node only supports MONO16 image.The current image input is 32FC1
[component_container_mt-2] [ERROR] [1779541594.470758105] [depth_nitros_bridge]: Input image format is not MONO16 image. This node only supports MONO16 image.The current image input is 32FC1
[component_container_mt-2] [ERROR] [1779541594.504533093] [depth_nitros_bridge]: Input image format is not MONO16 image. This node only supports MONO16 image.The current image input is 32FC1
[component_container_mt-2] [ERROR] [1779541594.541617754] [depth_nitros_bridge]: Input image format is not MONO16 image. This node only supports MONO16 image.The current image input is 32FC1
[component_container_mt-2] [ERROR] [1779541594.570013750] [depth_nitros_bridge]: Input image format is not MONO16 image. This node only supports MONO16 image.The current image input is 32FC1
[component_container_mt-2] [ERROR] [1779541594.596033085] [depth_nitros_bridge]: Input image format is not MONO16 image. This node only supports MONO16 image.The current image input is 32FC1
[component_container_mt-2] [ERROR] [1779541594.637403826] [depth_nitros_bridge]: Input image format is not MONO16 image. This node only supports MONO16 image.The current image input is 32FC1
[component_container_mt-2] [ERROR] [1779541594.670146427] [depth_nitros_bridge]: Input image format is not MONO16 image. This node only supports MONO16 image.The current image input is 32FC1
[component_container_mt-2] [ERROR] [1779541594.704413823] [depth_nitros_bridge]: Input image format is not MONO16 image. This node only supports MONO16 image.The current image input is 32FC1
[component_container_mt-2] [ERROR] [1779541594.729517853] [depth_nitros_bridge]: Input image format is not MONO16 image. This node only supports MONO16 image.The current image input is 32FC1
[component_container_mt-2] [ERROR] [1779541594.776357968] [depth_nitros_bridge]: Input image format is not MONO16 image. This node only supports MONO16 image.The current image input is 32FC1
[component_container_mt-2] [ERROR] [1779541594.812867596] [depth_nitros_bridge]: Input image format is not MONO16 image. This node only supports MONO16 image.The current image input is 32FC1
[component_container_mt-2] [ERROR] [1779541594.836669413] [depth_nitros_bridge]: Input image format is not MONO16 image. This node only supports MONO16 image.The current image input is 32FC1
[component_container_mt-2] [ERROR] [1779541594.880185399] [depth_nitros_bridge]: Input image format is not MONO16 image. This node only supports MONO16 image.The current image input is 32FC1
[component_container_mt-2] [ERROR] [1779541594.905344519] [depth_nitros_bridge]: Input image format is not MONO16 image. This node only supports MONO16 image.The current image input is 32FC1
[component_container_mt-2] [ERROR] [1779541594.942906658] [depth_nitros_bridge]: Input image format is not MONO16 image. This node only supports MONO16 image.The current image input is 32FC1
[component_container_mt-2] [ERROR] [1779541594.979891867] [depth_nitros_bridge]: Input image format is not MONO16 image. This node only supports MONO16 image.The current image input is 32FC1
[component_container_mt-2] [ERROR] [1779541595.011449651] [depth_nitros_bridge]: Input image format is not MONO16 image. This node only supports MONO16 image.The current image input is 32FC1
[component_container_mt-2] [ERROR] [1779541595.037095574] [depth_nitros_bridge]: Input image format is not MONO16 image. This node only supports MONO16 image.The current image input is 32FC1
[component_container_mt-2] [ERROR] [1779541595.072505325] [depth_nitros_bridge]: Input image format is not MONO16 image. This node only supports MONO16 image.The current image input is 32FC1
[component_container_mt-2] [ERROR] [1779541595.107415313] [depth_nitros_bridge]: Input image format is not MONO16 image. This node only supports MONO16 image.The current image input is 32FC1
[component_container_mt-2] [ERROR] [1779541595.139180898] [depth_nitros_bridge]: Input image format is not MONO16 image. This node only supports MONO16 image.The current image input is 32FC1
[component_container_mt-2] [ERROR] [1779541595.160265572] [depth_nitros_bridge]: Input image format is not MONO16 image. This node only supports MONO16 image.The current image input is 32FC1
[component_container_mt-2] [ERROR] [1779541595.203903838] [depth_nitros_bridge]: Input image format is not MONO16 image. This node only supports MONO16 image.The current image input is 32FC1
[component_container_mt-2] [ERROR] [1779541595.239340854] [depth_nitros_bridge]: Input image format is not MONO16 image. This node only supports MONO16 image.The current image input is 32FC1
[component_container_mt-2] [ERROR] [1779541595.270650983] [depth_nitros_bridge]: Input image format is not MONO16 image. This node only supports MONO16 image.The current image input is 32FC1
[component_container_mt-2] [ERROR] [1779541595.303202716] [depth_nitros_bridge]: Input image format is not MONO16 image. This node only supports MONO16 image.The current image input is 32FC1
[component_container_mt-2] [ERROR] [1779541595.336995811] [depth_nitros_bridge]: Input image format is not MONO16 image. This node only supports MONO16 image.The current image input is 32FC1
[component_container_mt-2] [ERROR] [1779541595.357487135] [depth_nitros_bridge]: Input image format is not MONO16 image. This node only supports MONO16 image.The current image input is 32FC1
[component_container_mt-2] [ERROR] [1779541595.416499096] [depth_nitros_bridge]: Input image format is not MONO16 image. This node only supports MONO16 image.The current image input is 32FC1
[component_container_mt-2] [ERROR] [1779541595.436873677] [depth_nitros_bridge]: Input image format is not MONO16 image. This node only supports MONO16 image.The current image input is 32FC1
[component_container_mt-2] [ERROR] [1779541595.473351146] [depth_nitros_bridge]: Input image format is not MONO16 image. This node only supports MONO16 image.The current image input is 32FC1
[component_container_mt-2] [ERROR] [1779541595.513534858] [depth_nitros_bridge]: Input image format is not MONO16 image. This node only supports MONO16 image.The current image input is 32FC1
[component_container_mt-2] [ERROR] [1779541595.538375073] [depth_nitros_bridge]: Input image format is not MONO16 image. This node only supports MONO16 image.The current image input is 32FC1
[component_container_mt-2] [ERROR] [1779541595.572557812] [depth_nitros_bridge]: Input image format is not MONO16 image. This node only supports MONO16 image.The current image input is 32FC1
[component_container_mt-2] [ERROR] [1779541595.613642819] [depth_nitros_bridge]: Input image format is not MONO16 image. This node only supports MONO16 image.The current image input is 32FC1
[component_container_mt-2] [ERROR] [1779541595.627962011] [depth_nitros_bridge]: Input image format is not MONO16 image. This node only supports MONO16 image.The current image input is 32FC1
[component_container_mt-2] [ERROR] [1779541595.680078189] [depth_nitros_bridge]: Input image format is not MONO16 image. This node only supports MONO16 image.The current image input is 32FC1
[component_container_mt-2] [ERROR] [1779541595.684134422] [depth_nitros_bridge]: Input image format is not MONO16 image. This node only supports MONO16 image.The current image input is 32FC1
[component_container_mt-2] [ERROR] [1779541595.738019579] [depth_nitros_bridge]: Input image format is not MONO16 image. This node only supports MONO16 image.The current image input is 32FC1
[component_container_mt-2] [ERROR] [1779541595.783303893] [depth_nitros_bridge]: Input image format is not MONO16 image. This node only supports MONO16 image.The current image input is 32FC1
[component_container_mt-2] [ERROR] [1779541595.821104245] [depth_nitros_bridge]: Input image format is not MONO16 image. This node only supports MONO16 image.The current image input is 32FC1
[component_container_mt-2] [ERROR] [1779541595.839147738] [depth_nitros_bridge]: Input image format is not MONO16 image. This node only supports MONO16 image.The current image input is 32FC1
[component_container_mt-2] [ERROR] [1779541595.869754052] [depth_nitros_bridge]: Input image format is not MONO16 image. This node only supports MONO16 image.The current image input is 32FC1
[component_container_mt-2] [ERROR] [1779541595.907589322] [depth_nitros_bridge]: Input image format is not MONO16 image. This node only supports MONO16 image.The current image input is 32FC1
[component_container_mt-2] [ERROR] [1779541595.950471479] [depth_nitros_bridge]: Input image format is not MONO16 image. This node only supports MONO16 image.The current image input is 32FC1
[component_container_mt-2] [ERROR] [1779541595.960555968] [depth_nitros_bridge]: Input image format is not MONO16 image. This node only supports MONO16 image.The current image input is 32FC1
[component_container_mt-2] [ERROR] [1779541596.002987409] [depth_nitros_bridge]: Input image format is not MONO16 image. This node only supports MONO16 image.The current image input is 32FC1
[component_container_mt-2] [ERROR] [1779541596.047225279] [depth_nitros_bridge]: Input image format is not MONO16 image. This node only supports MONO16 image.The current image input is 32FC1
[component_container_mt-2] [ERROR] [1779541596.071507099] [depth_nitros_bridge]: Input image format is not MONO16 image. This node only supports MONO16 image.The current image input is 32FC1
[component_container_mt-2] [ERROR] [1779541596.094331146] [depth_nitros_bridge]: Input image format is not MONO16 image. This node only supports MONO16 image.The current image input is 32FC1
[component_container_mt-2] [ERROR] [1779541596.138970856] [depth_nitros_bridge]: Input image format is not MONO16 image. This node only supports MONO16 image.The current image input is 32FC1
[component_container_mt-2] [ERROR] [1779541596.166121262] [depth_nitros_bridge]: Input image format is not MONO16 image. This node only supports MONO16 image.The current image input is 32FC1
[component_container_mt-2] [ERROR] [1779541596.211848343] [depth_nitros_bridge]: Input image format is not MONO16 image. This node only supports MONO16 image.The current image input is 32FC1
[component_container_mt-2] [ERROR] [1779541596.250854011] [depth_nitros_bridge]: Input image format is not MONO16 image. This node only supports MONO16 image.The current image input is 32FC1
[component_container_mt-2] [ERROR] [1779541596.270472485] [depth_nitros_bridge]: Input image format is not MONO16 image. This node only supports MONO16 image.The current image input is 32FC1
[component_container_mt-2] [ERROR] [1779541596.316107623] [depth_nitros_bridge]: Input image format is not MONO16 image. This node only supports MONO16 image.The current image input is 32FC1
[component_container_mt-2] [ERROR] [1779541596.319197536] [depth_nitros_bridge]: Input image format is not MONO16 image. This node only supports MONO16 image.The current image input is 32FC1
[component_container_mt-2] [ERROR] [1779541596.363143458] [depth_nitros_bridge]: Input image format is not MONO16 image. This node only supports MONO16 image.The current image input is 32FC1
[component_container_mt-2] [ERROR] [1779541596.393198136] [depth_nitros_bridge]: Input image format is not MONO16 image. This node only supports MONO16 image.The current image input is 32FC1
[component_container_mt-2] [ERROR] [1779541596.432623391] [depth_nitros_bridge]: Input image format is not MONO16 image. This node only supports MONO16 image.The current image input is 32FC1
[component_container_mt-2] [ERROR] [1779541596.465354811] [depth_nitros_bridge]: Input image format is not MONO16 image. This node only supports MONO16 image.The current image input is 32FC1
[component_container_mt-2] [ERROR] [1779541596.505504187] [depth_nitros_bridge]: Input image format is not MONO16 image. This node only supports MONO16 image.The current image input is 32FC1
[component_container_mt-2] [ERROR] [1779541596.544960686] [depth_nitros_bridge]: Input image format is not MONO16 image. This node only supports MONO16 image.The current image input is 32FC1
[component_container_mt-2] [ERROR] [1779541596.571914641] [depth_nitros_bridge]: Input image format is not MONO16 image. This node only supports MONO16 image.The current image input is 32FC1
[component_container_mt-2] [ERROR] [1779541596.598945343] [depth_nitros_bridge]: Input image format is not MONO16 image. This node only supports MONO16 image.The current image input is 32FC1
[component_container_mt-2] [ERROR] [1779541596.640798590] [depth_nitros_bridge]: Input image format is not MONO16 image. This node only supports MONO16 image.The current image input is 32FC1
[component_container_mt-2] [ERROR] [1779541596.674289184] [depth_nitros_bridge]: Input image format is not MONO16 image. This node only supports MONO16 image.The current image input is 32FC1
[component_container_mt-2] [ERROR] [1779541596.693368123] [depth_nitros_bridge]: Input image format is not MONO16 image. This node only supports MONO16 image.The current image input is 32FC1
[component_container_mt-2] [ERROR] [1779541596.740179636] [depth_nitros_bridge]: Input image format is not MONO16 image. This node only supports MONO16 image.The current image input is 32FC1
[component_container_mt-2] [ERROR] [1779541596.759609744] [depth_nitros_bridge]: Input image format is not MONO16 image. This node only supports MONO16 image.The current image input is 32FC1
[component_container_mt-2] [ERROR] [1779541596.803006116] [depth_nitros_bridge]: Input image format is not MONO16 image. This node only supports MONO16 image.The current image input is 32FC1
[component_container_mt-2] [ERROR] [1779541596.841943430] [depth_nitros_bridge]: Input image format is not MONO16 image. This node only supports MONO16 image.The current image input is 32FC1
[component_container_mt-2] [ERROR] [1779541596.872270418] [depth_nitros_bridge]: Input image format is not MONO16 image. This node only supports MONO16 image.The current image input is 32FC1
[component_container_mt-2] [ERROR] [1779541596.913814923] [depth_nitros_bridge]: Input image format is not MONO16 image. This node only supports MONO16 image.The current image input is 32FC1
[component_container_mt-2] [ERROR] [1779541596.935914522] [depth_nitros_bridge]: Input image format is not MONO16 image. This node only supports MONO16 image.The current image input is 32FC1
[component_container_mt-2] [ERROR] [1779541596.969045001] [depth_nitros_bridge]: Input image format is not MONO16 image. This node only supports MONO16 image.The current image input is 32FC1
[component_container_mt-2] [ERROR] [1779541597.015187204] [depth_nitros_bridge]: Input image format is not MONO16 image. This node only supports MONO16 image.The current image input is 32FC1
[component_container_mt-2] [ERROR] [1779541597.046416696] [depth_nitros_bridge]: Input image format is not MONO16 image. This node only supports MONO16 image.The current image input is 32FC1
[component_container_mt-2] [ERROR] [1779541597.069860488] [depth_nitros_bridge]: Input image format is not MONO16 image. This node only supports MONO16 image.The current image input is 32FC1
[component_container_mt-2] [ERROR] [1779541597.114444490] [depth_nitros_bridge]: Input image format is not MONO16 image. This node only supports MONO16 image.The current image input is 32FC1
[component_container_mt-2] [ERROR] [1779541597.117976702] [depth_nitros_bridge]: Input image format is not MONO16 image. This node only supports MONO16 image.The current image input is 32FC1
[component_container_mt-2] [ERROR] [1779541597.180697053] [depth_nitros_bridge]: Input image format is not MONO16 image. This node only supports MONO16 image.The current image input is 32FC1
[component_container_mt-2] [ERROR] [1779541597.202768309] [depth_nitros_bridge]: Input image format is not MONO16 image. This node only supports MONO16 image.The current image input is 32FC1
[component_container_mt-2] [ERROR] [1779541597.248665820] [depth_nitros_bridge]: Input image format is not MONO16 image. This node only supports MONO16 image.The current image input is 32FC1
[component_container_mt-2] [ERROR] [1779541597.281783730] [depth_nitros_bridge]: Input image format is not MONO16 image. This node only supports MONO16 image.The current image input is 32FC1
[component_container_mt-2] [ERROR] [1779541597.323009787] [depth_nitros_bridge]: Input image format is not MONO16 image. This node only supports MONO16 image.The current image input is 32FC1
[component_container_mt-2] [ERROR] [1779541597.337795399] [depth_nitros_bridge]: Input image format is not MONO16 image. This node only supports MONO16 image.The current image input is 32FC1
[component_container_mt-2] [ERROR] [1779541597.362879279] [depth_nitros_bridge]: Input image format is not MONO16 image. This node only supports MONO16 image.The current image input is 32FC1
[component_container_mt-2] [ERROR] [1779541597.409496899] [depth_nitros_bridge]: Input image format is not MONO16 image. This node only supports MONO16 image.The current image input is 32FC1
[component_container_mt-2] [ERROR] [1779541597.430153718] [depth_nitros_bridge]: Input image format is not MONO16 image. This node only supports MONO16 image.The current image input is 32FC1
[component_container_mt-2] [ERROR] [1779541597.464623589] [depth_nitros_bridge]: Input image format is not MONO16 image. This node only supports MONO16 image.The current image input is 32FC1
[component_container_mt-2] [ERROR] [1779541597.506878227] [depth_nitros_bridge]: Input image format is not MONO16 image. This node only supports MONO16 image.The current image input is 32FC1
[component_container_mt-2] [ERROR] [1779541597.539086227] [depth_nitros_bridge]: Input image format is not MONO16 image. This node only supports MONO16 image.The current image input is 32FC1
[component_container_mt-2] [ERROR] [1779541597.600004595] [depth_nitros_bridge]: Input image format is not MONO16 image. This node only supports MONO16 image.The current image input is 32FC1
[component_container_mt-2] [ERROR] [1779541597.625512858] [depth_nitros_bridge]: Input image format is not MONO16 image. This node only supports MONO16 image.The current image input is 32FC1
[component_container_mt-2] [ERROR] [1779541597.647093056] [depth_nitros_bridge]: Input image format is not MONO16 image. This node only supports MONO16 image.The current image input is 32FC1
[component_container_mt-2] [ERROR] [1779541597.673636515] [depth_nitros_bridge]: Input image format is not MONO16 image. This node only supports MONO16 image.The current image input is 32FC1
[component_container_mt-2] [ERROR] [1779541597.702963328] [depth_nitros_bridge]: Input image format is not MONO16 image. This node only supports MONO16 image.The current image input is 32FC1
[component_container_mt-2] [ERROR] [1779541597.743339660] [depth_nitros_bridge]: Input image format is not MONO16 image. This node only supports MONO16 image.The current image input is 32FC1
[component_container_mt-2] [ERROR] [1779541597.758222936] [depth_nitros_bridge]: Input image format is not MONO16 image. This node only supports MONO16 image.The current image input is 32FC1
[component_container_mt-2] [ERROR] [1779541597.794465668] [depth_nitros_bridge]: Input image format is not MONO16 image. This node only supports MONO16 image.The current image input is 32FC1
[component_container_mt-2] [ERROR] [1779541597.831405924] [depth_nitros_bridge]: Input image format is not MONO16 image. This node only supports MONO16 image.The current image input is 32FC1
[component_container_mt-2] [ERROR] [1779541597.859780115] [depth_nitros_bridge]: Input image format is not MONO16 image. This node only supports MONO16 image.The current image input is 32FC1
[component_container_mt-2] [ERROR] [1779541597.897298155] [depth_nitros_bridge]: Input image format is not MONO16 image. This node only supports MONO16 image.The current image input is 32FC1
[component_container_mt-2] [ERROR] [1779541597.929930144] [depth_nitros_bridge]: Input image format is not MONO16 image. This node only supports MONO16 image.The current image input is 32FC1
[component_container_mt-2] [ERROR] [1779541597.951796077] [depth_nitros_bridge]: Input image format is not MONO16 image. This node only supports MONO16 image.The current image input is 32FC1
[component_container_mt-2] [ERROR] [1779541598.017226654] [depth_nitros_bridge]: Input image format is not MONO16 image. This node only supports MONO16 image.The current image input is 32FC1
[component_container_mt-2] [ERROR] [1779541598.040609265] [depth_nitros_bridge]: Input image format is not MONO16 image. This node only supports MONO16 image.The current image input is 32FC1
[component_container_mt-2] [ERROR] [1779541598.081324538] [depth_nitros_bridge]: Input image format is not MONO16 image. This node only supports MONO16 image.The current image input is 32FC1
[component_container_mt-2] [ERROR] [1779541598.116749199] [depth_nitros_bridge]: Input image format is not MONO16 image. This node only supports MONO16 image.The current image input is 32FC1
[component_container_mt-2] [ERROR] [1779541598.151206651] [depth_nitros_bridge]: Input image format is not MONO16 image. This node only supports MONO16 image.The current image input is 32FC1
[component_container_mt-2] [ERROR] [1779541598.181153536] [depth_nitros_bridge]: Input image format is not MONO16 image. This node only supports MONO16 image.The current image input is 32FC1
[component_container_mt-2] [ERROR] [1779541598.210775181] [depth_nitros_bridge]: Input image format is not MONO16 image. This node only supports MONO16 image.The current image input is 32FC1
[component_container_mt-2] [ERROR] [1779541598.248831278] [depth_nitros_bridge]: Input image format is not MONO16 image. This node only supports MONO16 image.The current image input is 32FC1
[component_container_mt-2] [ERROR] [1779541598.271937057] [depth_nitros_bridge]: Input image format is not MONO16 image. This node only supports MONO16 image.The current image input is 32FC1
[component_container_mt-2] [ERROR] [1779541598.315707175] [depth_nitros_bridge]: Input image format is not MONO16 image. This node only supports MONO16 image.The current image input is 32FC1
[component_container_mt-2] [ERROR] [1779541598.343278388] [depth_nitros_bridge]: Input image format is not MONO16 image. This node only supports MONO16 image.The current image input is 32FC1
[component_container_mt-2] [ERROR] [1779541598.381032806] [depth_nitros_bridge]: Input image format is not MONO16 image. This node only supports MONO16 image.The current image input is 32FC1
[component_container_mt-2] [ERROR] [1779541598.417184688] [depth_nitros_bridge]: Input image format is not MONO16 image. This node only supports MONO16 image.The current image input is 32FC1
[component_container_mt-2] [ERROR] [1779541598.437699636] [depth_nitros_bridge]: Input image format is not MONO16 image. This node only supports MONO16 image.The current image input is 32FC1
[component_container_mt-2] [ERROR] [1779541598.474725703] [depth_nitros_bridge]: Input image format is not MONO16 image. This node only supports MONO16 image.The current image input is 32FC1
[component_container_mt-2] [ERROR] [1779541598.494501484] [depth_nitros_bridge]: Input image format is not MONO16 image. This node only supports MONO16 image.The current image input is 32FC1
[component_container_mt-2] [ERROR] [1779541598.536806244] [depth_nitros_bridge]: Input image format is not MONO16 image. This node only supports MONO16 image.The current image input is 32FC1
[component_container_mt-2] [ERROR] [1779541598.569448590] [depth_nitros_bridge]: Input image format is not MONO16 image. This node only supports MONO16 image.The current image input is 32FC1
[component_container_mt-2] [ERROR] [1779541598.604519647] [depth_nitros_bridge]: Input image format is not MONO16 image. This node only supports MONO16 image.The current image input is 32FC1
[component_container_mt-2] [ERROR] [1779541598.636252777] [depth_nitros_bridge]: Input image format is not MONO16 image. This node only supports MONO16 image.The current image input is 32FC1
[component_container_mt-2] [ERROR] [1779541598.669848689] [depth_nitros_bridge]: Input image format is not MONO16 image. This node only supports MONO16 image.The current image input is 32FC1
[component_container_mt-2] [ERROR] [1779541598.703755743] [depth_nitros_bridge]: Input image format is not MONO16 image. This node only supports MONO16 image.The current image input is 32FC1
[component_container_mt-2] [ERROR] [1779541598.747544853] [depth_nitros_bridge]: Input image format is not MONO16 image. This node only supports MONO16 image.The current image input is 32FC1
[component_container_mt-2] [ERROR] [1779541598.770706000] [depth_nitros_bridge]: Input image format is not MONO16 image. This node only supports MONO16 image.The current image input is 32FC1
[component_container_mt-2] [ERROR] [1779541598.794762562] [depth_nitros_bridge]: Input image format is not MONO16 image. This node only supports MONO16 image.The current image input is 32FC1
[component_container_mt-2] [ERROR] [1779541598.826075558] [depth_nitros_bridge]: Input image format is not MONO16 image. This node only supports MONO16 image.The current image input is 32FC1
[component_container_mt-2] [ERROR] [1779541598.878633001] [depth_nitros_bridge]: Input image format is not MONO16 image. This node only supports MONO16 image.The current image input is 32FC1
[component_container_mt-2] [ERROR] [1779541598.892977304] [depth_nitros_bridge]: Input image format is not MONO16 image. This node only supports MONO16 image.The current image input is 32FC1
[component_container_mt-2] [ERROR] [1779541598.947415721] [depth_nitros_bridge]: Input image format is not MONO16 image. This node only supports MONO16 image.The current image input is 32FC1
[component_container_mt-2] [ERROR] [1779541598.971680990] [depth_nitros_bridge]: Input image format is not MONO16 image. This node only supports MONO16 image.The current image input is 32FC1
[component_container_mt-2] [ERROR] [1779541598.997327997] [depth_nitros_bridge]: Input image format is not MONO16 image. This node only supports MONO16 image.The current image input is 32FC1
[component_container_mt-2] [ERROR] [1779541599.038021488] [depth_nitros_bridge]: Input image format is not MONO16 image. This node only supports MONO16 image.The current image input is 32FC1
[component_container_mt-2] [ERROR] [1779541599.062443338] [depth_nitros_bridge]: Input image format is not MONO16 image. This node only supports MONO16 image.The current image input is 32FC1
[component_container_mt-2] [ERROR] [1779541599.095044998] [depth_nitros_bridge]: Input image format is not MONO16 image. This node only supports MONO16 image.The current image input is 32FC1
[component_container_mt-2] [ERROR] [1779541599.129062667] [depth_nitros_bridge]: Input image format is not MONO16 image. This node only supports MONO16 image.The current image input is 32FC1
[component_container_mt-2] [ERROR] [1779541599.178998770] [depth_nitros_bridge]: Input image format is not MONO16 image. This node only supports MONO16 image.The current image input is 32FC1
[component_container_mt-2] [ERROR] [1779541599.205782621] [depth_nitros_bridge]: Input image format is not MONO16 image. This node only supports MONO16 image.The current image input is 32FC1
[component_container_mt-2] [ERROR] [1779541599.249521313] [depth_nitros_bridge]: Input image format is not MONO16 image. This node only supports MONO16 image.The current image input is 32FC1
[component_container_mt-2] [ERROR] [1779541599.281127763] [depth_nitros_bridge]: Input image format is not MONO16 image. This node only supports MONO16 image.The current image input is 32FC1
[component_container_mt-2] [ERROR] [1779541599.316415825] [depth_nitros_bridge]: Input image format is not MONO16 image. This node only supports MONO16 image.The current image input is 32FC1
[component_container_mt-2] [ERROR] [1779541599.336884812] [depth_nitros_bridge]: Input image format is not MONO16 image. This node only supports MONO16 image.The current image input is 32FC1
[component_container_mt-2] [ERROR] [1779541599.369938965] [depth_nitros_bridge]: Input image format is not MONO16 image. This node only supports MONO16 image.The current image input is 32FC1
[component_container_mt-2] [ERROR] [1779541599.402900207] [depth_nitros_bridge]: Input image format is not MONO16 image. This node only supports MONO16 image.The current image input is 32FC1
[component_container_mt-2] [ERROR] [1779541599.447031517] [depth_nitros_bridge]: Input image format is not MONO16 image. This node only supports MONO16 image.The current image input is 32FC1
[component_container_mt-2] [ERROR] [1779541599.480883542] [depth_nitros_bridge]: Input image format is not MONO16 image. This node only supports MONO16 image.The current image input is 32FC1
[component_container_mt-2] [ERROR] [1779541599.503287927] [depth_nitros_bridge]: Input image format is not MONO16 image. This node only supports MONO16 image.The current image input is 32FC1
[component_container_mt-2] [ERROR] [1779541599.542462566] [depth_nitros_bridge]: Input image format is not MONO16 image. This node only supports MONO16 image.The current image input is 32FC1
[component_container_mt-2] [ERROR] [1779541599.569632357] [depth_nitros_bridge]: Input image format is not MONO16 image. This node only supports MONO16 image.The current image input is 32FC1
[component_container_mt-2] [ERROR] [1779541599.606588881] [depth_nitros_bridge]: Input image format is not MONO16 image. This node only supports MONO16 image.The current image input is 32FC1
[component_container_mt-2] [ERROR] [1779541599.641217568] [depth_nitros_bridge]: Input image format is not MONO16 image. This node only supports MONO16 image.The current image input is 32FC1
[component_container_mt-2] [ERROR] [1779541599.662385861] [depth_nitros_bridge]: Input image format is not MONO16 image. This node only supports MONO16 image.The current image input is 32FC1
[component_container_mt-2] [ERROR] [1779541599.710950761] [depth_nitros_bridge]: Input image format is not MONO16 image. This node only supports MONO16 image.The current image input is 32FC1
[component_container_mt-2] [ERROR] [1779541599.740983798] [depth_nitros_bridge]: Input image format is not MONO16 image. This node only supports MONO16 image.The current image input is 32FC1
[component_container_mt-2] [ERROR] [1779541599.764428717] [depth_nitros_bridge]: Input image format is not MONO16 image. This node only supports MONO16 image.The current image input is 32FC1
[component_container_mt-2] [ERROR] [1779541599.809383807] [depth_nitros_bridge]: Input image format is not MONO16 image. This node only supports MONO16 image.The current image input is 32FC1
[component_container_mt-2] [ERROR] [1779541599.848063788] [depth_nitros_bridge]: Input image format is not MONO16 image. This node only supports MONO16 image.The current image input is 32FC1
[component_container_mt-2] [ERROR] [1779541599.891250004] [depth_nitros_bridge]: Input image format is not MONO16 image. This node only supports MONO16 image.The current image input is 32FC1
[component_container_mt-2] [ERROR] [1779541599.900491996] [depth_nitros_bridge]: Input image format is not MONO16 image. This node only supports MONO16 image.The current image input is 32FC1
[component_container_mt-2] [ERROR] [1779541599.931330888] [depth_nitros_bridge]: Input image format is not MONO16 image. This node only supports MONO16 image.The current image input is 32FC1
[component_container_mt-2] [ERROR] [1779541599.966711279] [depth_nitros_bridge]: Input image format is not MONO16 image. This node only supports MONO16 image.The current image input is 32FC1
[component_container_mt-2] [ERROR] [1779541599.995105214] [depth_nitros_bridge]: Input image format is not MONO16 image. This node only supports MONO16 image.The current image input is 32FC1
[component_container_mt-2] [ERROR] [1779541600.042559641] [depth_nitros_bridge]: Input image format is not MONO16 image. This node only supports MONO16 image.The current image input is 32FC1
[component_container_mt-2] [ERROR] [1779541600.068300666] [depth_nitros_bridge]: Input image format is not MONO16 image. This node only supports MONO16 image.The current image input is 32FC1
[component_container_mt-2] [ERROR] [1779541600.098295343] [depth_nitros_bridge]: Input image format is not MONO16 image. This node only supports MONO16 image.The current image input is 32FC1
[component_container_mt-2] [ERROR] [1779541600.129615033] [depth_nitros_bridge]: Input image format is not MONO16 image. This node only supports MONO16 image.The current image input is 32FC1
[component_container_mt-2] [ERROR] [1779541600.160168978] [depth_nitros_bridge]: Input image format is not MONO16 image. This node only supports MONO16 image.The current image input is 32FC1
[component_container_mt-2] [ERROR] [1779541600.203168171] [depth_nitros_bridge]: Input image format is not MONO16 image. This node only supports MONO16 image.The current image input is 32FC1
[component_container_mt-2] [ERROR] [1779541600.250538760] [depth_nitros_bridge]: Input image format is not MONO16 image. This node only supports MONO16 image.The current image input is 32FC1
[component_container_mt-2] [ERROR] [1779541600.270225476] [depth_nitros_bridge]: Input image format is not MONO16 image. This node only supports MONO16 image.The current image input is 32FC1
[component_container_mt-2] [ERROR] [1779541600.304298354] [depth_nitros_bridge]: Input image format is not MONO16 image. This node only supports MONO16 image.The current image input is 32FC1
[component_container_mt-2] [ERROR] [1779541600.337981660] [depth_nitros_bridge]: Input image format is not MONO16 image. This node only supports MONO16 image.The current image input is 32FC1
[component_container_mt-2] [ERROR] [1779541600.383254038] [depth_nitros_bridge]: Input image format is not MONO16 image. This node only supports MONO16 image.The current image input is 32FC1
[component_container_mt-2] [ERROR] [1779541600.403117197] [depth_nitros_bridge]: Input image format is not MONO16 image. This node only supports MONO16 image.The current image input is 32FC1
[component_container_mt-2] [ERROR] [1779541600.447054369] [depth_nitros_bridge]: Input image format is not MONO16 image. This node only supports MONO16 image.The current image input is 32FC1
[component_container_mt-2] [ERROR] [1779541600.470845344] [depth_nitros_bridge]: Input image format is not MONO16 image. This node only supports MONO16 image.The current image input is 32FC1
[component_container_mt-2] [ERROR] [1779541600.507035412] [depth_nitros_bridge]: Input image format is not MONO16 image. This node only supports MONO16 image.The current image input is 32FC1
[component_container_mt-2] [ERROR] [1779541600.536788693] [depth_nitros_bridge]: Input image format is not MONO16 image. This node only supports MONO16 image.The current image input is 32FC1
[component_container_mt-2] [ERROR] [1779541600.572601716] [depth_nitros_bridge]: Input image format is not MONO16 image. This node only supports MONO16 image.The current image input is 32FC1
[component_container_mt-2] [ERROR] [1779541600.603646917] [depth_nitros_bridge]: Input image format is not MONO16 image. This node only supports MONO16 image.The current image input is 32FC1
[component_container_mt-2] [ERROR] [1779541600.636963350] [depth_nitros_bridge]: Input image format is not MONO16 image. This node only supports MONO16 image.The current image input is 32FC1
[component_container_mt-2] [ERROR] [1779541600.680975293] [depth_nitros_bridge]: Input image format is not MONO16 image. This node only supports MONO16 image.The current image input is 32FC1
[component_container_mt-2] [ERROR] [1779541600.713622766] [depth_nitros_bridge]: Input image format is not MONO16 image. This node only supports MONO16 image.The current image input is 32FC1
[component_container_mt-2] [ERROR] [1779541600.746846217] [depth_nitros_bridge]: Input image format is not MONO16 image. This node only supports MONO16 image.The current image input is 32FC1
[component_container_mt-2] [ERROR] [1779541600.770201222] [depth_nitros_bridge]: Input image format is not MONO16 image. This node only supports MONO16 image.The current image input is 32FC1
[component_container_mt-2] [ERROR] [1779541600.803915024] [depth_nitros_bridge]: Input image format is not MONO16 image. This node only supports MONO16 image.The current image input is 32FC1
[component_container_mt-2] [ERROR] [1779541600.841731720] [depth_nitros_bridge]: Input image format is not MONO16 image. This node only supports MONO16 image.The current image input is 32FC1
[component_container_mt-2] [ERROR] [1779541600.870756834] [depth_nitros_bridge]: Input image format is not MONO16 image. This node only supports MONO16 image.The current image input is 32FC1
[component_container_mt-2] [ERROR] [1779541600.897280982] [depth_nitros_bridge]: Input image format is not MONO16 image. This node only supports MONO16 image.The current image input is 32FC1
[component_container_mt-2] [ERROR] [1779541600.928889480] [depth_nitros_bridge]: Input image format is not MONO16 image. This node only supports MONO16 image.The current image input is 32FC1
[component_container_mt-2] [ERROR] [1779541600.961116460] [depth_nitros_bridge]: Input image format is not MONO16 image. This node only supports MONO16 image.The current image input is 32FC1
[component_container_mt-2] [ERROR] [1779541601.014149732] [depth_nitros_bridge]: Input image format is not MONO16 image. This node only supports MONO16 image.The current image input is 32FC1
[component_container_mt-2] [ERROR] [1779541601.019485238] [depth_nitros_bridge]: Input image format is not MONO16 image. This node only supports MONO16 image.The current image input is 32FC1
[component_container_mt-2] [ERROR] [1779541601.071871488] [depth_nitros_bridge]: Input image format is not MONO16 image. This node only supports MONO16 image.The current image input is 32FC1
[component_container_mt-2] [ERROR] [1779541601.114900584] [depth_nitros_bridge]: Input image format is not MONO16 image. This node only supports MONO16 image.The current image input is 32FC1
[component_container_mt-2] [ERROR] [1779541601.127160897] [depth_nitros_bridge]: Input image format is not MONO16 image. This node only supports MONO16 image.The current image input is 32FC1
[component_container_mt-2] [ERROR] [1779541601.173160255] [depth_nitros_bridge]: Input image format is not MONO16 image. This node only supports MONO16 image.The current image input is 32FC1
[component_container_mt-2] [ERROR] [1779541601.207122166] [depth_nitros_bridge]: Input image format is not MONO16 image. This node only supports MONO16 image.The current image input is 32FC1
[component_container_mt-2] [ERROR] [1779541601.228821256] [depth_nitros_bridge]: Input image format is not MONO16 image. This node only supports MONO16 image.The current image input is 32FC1
[component_container_mt-2] [ERROR] [1779541601.269917846] [depth_nitros_bridge]: Input image format is not MONO16 image. This node only supports MONO16 image.The current image input is 32FC1
[component_container_mt-2] [ERROR] [1779541601.317465146] [depth_nitros_bridge]: Input image format is not MONO16 image. This node only supports MONO16 image.The current image input is 32FC1
[component_container_mt-2] [ERROR] [1779541601.353012839] [depth_nitros_bridge]: Input image format is not MONO16 image. This node only supports MONO16 image.The current image input is 32FC1
[component_container_mt-2] [ERROR] [1779541601.379656352] [depth_nitros_bridge]: Input image format is not MONO16 image. This node only supports MONO16 image.The current image input is 32FC1
[component_container_mt-2] [ERROR] [1779541601.409815732] [depth_nitros_bridge]: Input image format is not MONO16 image. This node only supports MONO16 image.The current image input is 32FC1
[component_container_mt-2] [ERROR] [1779541601.441186881] [depth_nitros_bridge]: Input image format is not MONO16 image. This node only supports MONO16 image.The current image input is 32FC1
[component_container_mt-2] [ERROR] [1779541601.464412432] [depth_nitros_bridge]: Input image format is not MONO16 image. This node only supports MONO16 image.The current image input is 32FC1
[component_container_mt-2] [ERROR] [1779541601.504730148] [depth_nitros_bridge]: Input image format is not MONO16 image. This node only supports MONO16 image.The current image input is 32FC1
[component_container_mt-2] [ERROR] [1779541601.544293362] [depth_nitros_bridge]: Input image format is not MONO16 image. This node only supports MONO16 image.The current image input is 32FC1
[component_container_mt-2] [ERROR] [1779541601.580668220] [depth_nitros_bridge]: Input image format is not MONO16 image. This node only supports MONO16 image.The current image input is 32FC1
[component_container_mt-2] [ERROR] [1779541601.591938660] [depth_nitros_bridge]: Input image format is not MONO16 image. This node only supports MONO16 image.The current image input is 32FC1
[component_container_mt-2] [ERROR] [1779541601.638198007] [depth_nitros_bridge]: Input image format is not MONO16 image. This node only supports MONO16 image.The current image input is 32FC1
[component_container_mt-2] [ERROR] [1779541601.680968024] [depth_nitros_bridge]: Input image format is not MONO16 image. This node only supports MONO16 image.The current image input is 32FC1
[component_container_mt-2] [ERROR] [1779541601.699328752] [depth_nitros_bridge]: Input image format is not MONO16 image. This node only supports MONO16 image.The current image input is 32FC1
[component_container_mt-2] [ERROR] [1779541601.773341148] [depth_nitros_bridge]: Input image format is not MONO16 image. This node only supports MONO16 image.The current image input is 32FC1
[component_container_mt-2] [ERROR] [1779541601.789200925] [depth_nitros_bridge]: Input image format is not MONO16 image. This node only supports MONO16 image.The current image input is 32FC1
[component_container_mt-2] [ERROR] [1779541601.816073620] [depth_nitros_bridge]: Input image format is not MONO16 image. This node only supports MONO16 image.The current image input is 32FC1
[component_container_mt-2] [ERROR] [1779541601.821915975] [depth_nitros_bridge]: Input image format is not MONO16 image. This node only supports MONO16 image.The current image input is 32FC1
[component_container_mt-2] [ERROR] [1779541601.885420212] [depth_nitros_bridge]: Input image format is not MONO16 image. This node only supports MONO16 image.The current image input is 32FC1
[component_container_mt-2] [ERROR] [1779541601.900392340] [depth_nitros_bridge]: Input image format is not MONO16 image. This node only supports MONO16 image.The current image input is 32FC1
[component_container_mt-2] [ERROR] [1779541601.946444809] [depth_nitros_bridge]: Input image format is not MONO16 image. This node only supports MONO16 image.The current image input is 32FC1
[component_container_mt-2] [ERROR] [1779541601.980408033] [depth_nitros_bridge]: Input image format is not MONO16 image. This node only supports MONO16 image.The current image input is 32FC1
[component_container_mt-2] [ERROR] [1779541602.003147909] [depth_nitros_bridge]: Input image format is not MONO16 image. This node only supports MONO16 image.The current image input is 32FC1
[component_container_mt-2] [ERROR] [1779541602.036486933] [depth_nitros_bridge]: Input image format is not MONO16 image. This node only supports MONO16 image.The current image input is 32FC1
[component_container_mt-2] [ERROR] [1779541602.069788827] [depth_nitros_bridge]: Input image format is not MONO16 image. This node only supports MONO16 image.The current image input is 32FC1
[component_container_mt-2] [ERROR] [1779541602.113328111] [depth_nitros_bridge]: Input image format is not MONO16 image. This node only supports MONO16 image.The current image input is 32FC1
[component_container_mt-2] [ERROR] [1779541602.126036109] [depth_nitros_bridge]: Input image format is not MONO16 image. This node only supports MONO16 image.The current image input is 32FC1
[component_container_mt-2] [ERROR] [1779541602.169541709] [depth_nitros_bridge]: Input image format is not MONO16 image. This node only supports MONO16 image.The current image input is 32FC1
[component_container_mt-2] [ERROR] [1779541602.210547294] [depth_nitros_bridge]: Input image format is not MONO16 image. This node only supports MONO16 image.The current image input is 32FC1
[component_container_mt-2] [ERROR] [1779541602.229615941] [depth_nitros_bridge]: Input image format is not MONO16 image. This node only supports MONO16 image.The current image input is 32FC1
[component_container_mt-2] [ERROR] [1779541602.260004173] [depth_nitros_bridge]: Input image format is not MONO16 image. This node only supports MONO16 image.The current image input is 32FC1
[component_container_mt-2] [ERROR] [1779541602.293771978] [depth_nitros_bridge]: Input image format is not MONO16 image. This node only supports MONO16 image.The current image input is 32FC1
[component_container_mt-2] [ERROR] [1779541602.326972450] [depth_nitros_bridge]: Input image format is not MONO16 image. This node only supports MONO16 image.The current image input is 32FC1
[component_container_mt-2] [ERROR] [1779541602.370800435] [depth_nitros_bridge]: Input image format is not MONO16 image. This node only supports MONO16 image.The current image input is 32FC1
[component_container_mt-2] [ERROR] [1779541602.394211807] [depth_nitros_bridge]: Input image format is not MONO16 image. This node only supports MONO16 image.The current image input is 32FC1
[component_container_mt-2] [ERROR] [1779541602.437425802] [depth_nitros_bridge]: Input image format is not MONO16 image. This node only supports MONO16 image.The current image input is 32FC1
[component_container_mt-2] [ERROR] [1779541602.475294140] [depth_nitros_bridge]: Input image format is not MONO16 image. This node only supports MONO16 image.The current image input is 32FC1
[component_container_mt-2] [ERROR] [1779541602.506372438] [depth_nitros_bridge]: Input image format is not MONO16 image. This node only supports MONO16 image.The current image input is 32FC1
[component_container_mt-2] [ERROR] [1779541602.547555775] [depth_nitros_bridge]: Input image format is not MONO16 image. This node only supports MONO16 image.The current image input is 32FC1
[component_container_mt-2] [ERROR] [1779541602.560118299] [depth_nitros_bridge]: Input image format is not MONO16 image. This node only supports MONO16 image.The current image input is 32FC1
[component_container_mt-2] [ERROR] [1779541602.602644679] [depth_nitros_bridge]: Input image format is not MONO16 image. This node only supports MONO16 image.The current image input is 32FC1
[component_container_mt-2] [ERROR] [1779541602.646329031] [depth_nitros_bridge]: Input image format is not MONO16 image. This node only supports MONO16 image.The current image input is 32FC1
[component_container_mt-2] [ERROR] [1779541602.680470391] [depth_nitros_bridge]: Input image format is not MONO16 image. This node only supports MONO16 image.The current image input is 32FC1
[component_container_mt-2] [ERROR] [1779541602.708067855] [depth_nitros_bridge]: Input image format is not MONO16 image. This node only supports MONO16 image.The current image input is 32FC1
[component_container_mt-2] [ERROR] [1779541602.746864722] [depth_nitros_bridge]: Input image format is not MONO16 image. This node only supports MONO16 image.The current image input is 32FC1
[component_container_mt-2] [ERROR] [1779541602.770216969] [depth_nitros_bridge]: Input image format is not MONO16 image. This node only supports MONO16 image.The current image input is 32FC1
[component_container_mt-2] [ERROR] [1779541602.803277236] [depth_nitros_bridge]: Input image format is not MONO16 image. This node only supports MONO16 image.The current image input is 32FC1
[component_container_mt-2] [ERROR] [1779541602.836851756] [depth_nitros_bridge]: Input image format is not MONO16 image. This node only supports MONO16 image.The current image input is 32FC1
[component_container_mt-2] [ERROR] [1779541602.860534773] [depth_nitros_bridge]: Input image format is not MONO16 image. This node only supports MONO16 image.The current image input is 32FC1
[component_container_mt-2] [ERROR] [1779541602.892707125] [depth_nitros_bridge]: Input image format is not MONO16 image. This node only supports MONO16 image.The current image input is 32FC1
[component_container_mt-2] [ERROR] [1779541602.926157468] [depth_nitros_bridge]: Input image format is not MONO16 image. This node only supports MONO16 image.The current image input is 32FC1
[component_container_mt-2] [ERROR] [1779541602.972259010] [depth_nitros_bridge]: Input image format is not MONO16 image. This node only supports MONO16 image.The current image input is 32FC1
[component_container_mt-2] [ERROR] [1779541603.002833560] [depth_nitros_bridge]: Input image format is not MONO16 image. This node only supports MONO16 image.The current image input is 32FC1
[component_container_mt-2] [ERROR] [1779541603.037300803] [depth_nitros_bridge]: Input image format is not MONO16 image. This node only supports MONO16 image.The current image input is 32FC1
[component_container_mt-2] [ERROR] [1779541603.059702193] [depth_nitros_bridge]: Input image format is not MONO16 image. This node only supports MONO16 image.The current image input is 32FC1
[component_container_mt-2] [ERROR] [1779541603.093335155] [depth_nitros_bridge]: Input image format is not MONO16 image. This node only supports MONO16 image.The current image input is 32FC1
[component_container_mt-2] [ERROR] [1779541603.136346981] [depth_nitros_bridge]: Input image format is not MONO16 image. This node only supports MONO16 image.The current image input is 32FC1
[component_container_mt-2] [ERROR] [1779541603.170059533] [depth_nitros_bridge]: Input image format is not MONO16 image. This node only supports MONO16 image.The current image input is 32FC1
[component_container_mt-2] [ERROR] [1779541603.193206388] [depth_nitros_bridge]: Input image format is not MONO16 image. This node only supports MONO16 image.The current image input is 32FC1
[component_container_mt-2] [ERROR] [1779541603.247316503] [depth_nitros_bridge]: Input image format is not MONO16 image. This node only supports MONO16 image.The current image input is 32FC1
[component_container_mt-2] [ERROR] [1779541603.281894486] [depth_nitros_bridge]: Input image format is not MONO16 image. This node only supports MONO16 image.The current image input is 32FC1
[component_container_mt-2] [ERROR] [1779541603.303153632] [depth_nitros_bridge]: Input image format is not MONO16 image. This node only supports MONO16 image.The current image input is 32FC1
[component_container_mt-2] [ERROR] [1779541603.350002684] [depth_nitros_bridge]: Input image format is not MONO16 image. This node only supports MONO16 image.The current image input is 32FC1
[component_container_mt-2] [ERROR] [1779541603.380235001] [depth_nitros_bridge]: Input image format is not MONO16 image. This node only supports MONO16 image.The current image input is 32FC1
[component_container_mt-2] [ERROR] [1779541603.413533157] [depth_nitros_bridge]: Input image format is not MONO16 image. This node only supports MONO16 image.The current image input is 32FC1
[component_container_mt-2] [ERROR] [1779541603.449578590] [depth_nitros_bridge]: Input image format is not MONO16 image. This node only supports MONO16 image.The current image input is 32FC1
[component_container_mt-2] [ERROR] [1779541603.480829697] [depth_nitros_bridge]: Input image format is not MONO16 image. This node only supports MONO16 image.The current image input is 32FC1
[component_container_mt-2] [ERROR] [1779541603.514458279] [depth_nitros_bridge]: Input image format is not MONO16 image. This node only supports MONO16 image.The current image input is 32FC1
[component_container_mt-2] [ERROR] [1779541603.531467842] [depth_nitros_bridge]: Input image format is not MONO16 image. This node only supports MONO16 image.The current image input is 32FC1
[component_container_mt-2] [ERROR] [1779541603.561484924] [depth_nitros_bridge]: Input image format is not MONO16 image. This node only supports MONO16 image.The current image input is 32FC1
[component_container_mt-2] [ERROR] [1779541603.595467255] [depth_nitros_bridge]: Input image format is not MONO16 image. This node only supports MONO16 image.The current image input is 32FC1
[component_container_mt-2] [ERROR] [1779541603.637788282] [depth_nitros_bridge]: Input image format is not MONO16 image. This node only supports MONO16 image.The current image input is 32FC1
[component_container_mt-2] [ERROR] [1779541603.670546819] [depth_nitros_bridge]: Input image format is not MONO16 image. This node only supports MONO16 image.The current image input is 32FC1
[component_container_mt-2] [ERROR] [1779541603.693337998] [depth_nitros_bridge]: Input image format is not MONO16 image. This node only supports MONO16 image.The current image input is 32FC1
[component_container_mt-2] [ERROR] [1779541603.737870668] [depth_nitros_bridge]: Input image format is not MONO16 image. This node only supports MONO16 image.The current image input is 32FC1
[component_container_mt-2] [ERROR] [1779541603.777532176] [depth_nitros_bridge]: Input image format is not MONO16 image. This node only supports MONO16 image.The current image input is 32FC1
[component_container_mt-2] [ERROR] [1779541603.801277672] [depth_nitros_bridge]: Input image format is not MONO16 image. This node only supports MONO16 image.The current image input is 32FC1
[component_container_mt-2] [ERROR] [1779541603.839210880] [depth_nitros_bridge]: Input image format is not MONO16 image. This node only supports MONO16 image.The current image input is 32FC1
[component_container_mt-2] [ERROR] [1779541603.871044458] [depth_nitros_bridge]: Input image format is not MONO16 image. This node only supports MONO16 image.The current image input is 32FC1
[component_container_mt-2] [ERROR] [1779541603.906827971] [depth_nitros_bridge]: Input image format is not MONO16 image. This node only supports MONO16 image.The current image input is 32FC1
[component_container_mt-2] [ERROR] [1779541603.946697144] [depth_nitros_bridge]: Input image format is not MONO16 image. This node only supports MONO16 image.The current image input is 32FC1
[component_container_mt-2] [ERROR] [1779541603.984011216] [depth_nitros_bridge]: Input image format is not MONO16 image. This node only supports MONO16 image.The current image input is 32FC1
[component_container_mt-2] [ERROR] [1779541604.016109310] [depth_nitros_bridge]: Input image format is not MONO16 image. This node only supports MONO16 image.The current image input is 32FC1
[component_container_mt-2] [ERROR] [1779541604.038178354] [depth_nitros_bridge]: Input image format is not MONO16 image. This node only supports MONO16 image.The current image input is 32FC1
[component_container_mt-2] [ERROR] [1779541604.070228601] [depth_nitros_bridge]: Input image format is not MONO16 image. This node only supports MONO16 image.The current image input is 32FC1
[component_container_mt-2] [ERROR] [1779541604.103676394] [depth_nitros_bridge]: Input image format is not MONO16 image. This node only supports MONO16 image.The current image input is 32FC1
[component_container_mt-2] [ERROR] [1779541604.148146001] [depth_nitros_bridge]: Input image format is not MONO16 image. This node only supports MONO16 image.The current image input is 32FC1
[component_container_mt-2] [ERROR] [1779541604.180959065] [depth_nitros_bridge]: Input image format is not MONO16 image. This node only supports MONO16 image.The current image input is 32FC1
[component_container_mt-2] [ERROR] [1779541604.197068352] [depth_nitros_bridge]: Input image format is not MONO16 image. This node only supports MONO16 image.The current image input is 32FC1
[component_container_mt-2] [ERROR] [1779541604.227740627] [depth_nitros_bridge]: Input image format is not MONO16 image. This node only supports MONO16 image.The current image input is 32FC1
[component_container_mt-2] [ERROR] [1779541604.259878818] [depth_nitros_bridge]: Input image format is not MONO16 image. This node only supports MONO16 image.The current image input is 32FC1
[component_container_mt-2] [ERROR] [1779541604.304464700] [depth_nitros_bridge]: Input image format is not MONO16 image. This node only supports MONO16 image.The current image input is 32FC1
[component_container_mt-2] [ERROR] [1779541604.336279546] [depth_nitros_bridge]: Input image format is not MONO16 image. This node only supports MONO16 image.The current image input is 32FC1
[component_container_mt-2] [ERROR] [1779541604.373492520] [depth_nitros_bridge]: Input image format is not MONO16 image. This node only supports MONO16 image.The current image input is 32FC1
[component_container_mt-2] [ERROR] [1779541604.396460551] [depth_nitros_bridge]: Input image format is not MONO16 image. This node only supports MONO16 image.The current image input is 32FC1
[component_container_mt-2] [ERROR] [1779541604.431451452] [depth_nitros_bridge]: Input image format is not MONO16 image. This node only supports MONO16 image.The current image input is 32FC1
[component_container_mt-2] [ERROR] [1779541604.462379447] [depth_nitros_bridge]: Input image format is not MONO16 image. This node only supports MONO16 image.The current image input is 32FC1
[component_container_mt-2] [ERROR] [1779541604.493317700] [depth_nitros_bridge]: Input image format is not MONO16 image. This node only supports MONO16 image.The current image input is 32FC1
[component_container_mt-2] [ERROR] [1779541604.534544915] [depth_nitros_bridge]: Input image format is not MONO16 image. This node only supports MONO16 image.The current image input is 32FC1
[component_container_mt-2] [ERROR] [1779541604.577648470] [depth_nitros_bridge]: Input image format is not MONO16 image. This node only supports MONO16 image.The current image input is 32FC1
[component_container_mt-2] [ERROR] [1779541604.612907936] [depth_nitros_bridge]: Input image format is not MONO16 image. This node only supports MONO16 image.The current image input is 32FC1
[component_container_mt-2] [ERROR] [1779541604.636620138] [depth_nitros_bridge]: Input image format is not MONO16 image. This node only supports MONO16 image.The current image input is 32FC1
[component_container_mt-2] [ERROR] [1779541604.673383698] [depth_nitros_bridge]: Input image format is not MONO16 image. This node only supports MONO16 image.The current image input is 32FC1
[component_container_mt-2] [ERROR] [1779541604.705173376] [depth_nitros_bridge]: Input image format is not MONO16 image. This node only supports MONO16 image.The current image input is 32FC1
[component_container_mt-2] [ERROR] [1779541604.739509027] [depth_nitros_bridge]: Input image format is not MONO16 image. This node only supports MONO16 image.The current image input is 32FC1
[component_container_mt-2] [ERROR] [1779541604.772799508] [depth_nitros_bridge]: Input image format is not MONO16 image. This node only supports MONO16 image.The current image input is 32FC1
[component_container_mt-2] [ERROR] [1779541604.804221424] [depth_nitros_bridge]: Input image format is not MONO16 image. This node only supports MONO16 image.The current image input is 32FC1
[component_container_mt-2] [ERROR] [1779541604.829312276] [depth_nitros_bridge]: Input image format is not MONO16 image. This node only supports MONO16 image.The current image input is 32FC1
[component_container_mt-2] [ERROR] [1779541604.877493872] [depth_nitros_bridge]: Input image format is not MONO16 image. This node only supports MONO16 image.The current image input is 32FC1
[component_container_mt-2] [ERROR] [1779541604.903101479] [depth_nitros_bridge]: Input image format is not MONO16 image. This node only supports MONO16 image.The current image input is 32FC1
[component_container_mt-2] [ERROR] [1779541604.937618647] [depth_nitros_bridge]: Input image format is not MONO16 image. This node only supports MONO16 image.The current image input is 32FC1
[component_container_mt-2] [ERROR] [1779541604.970801061] [depth_nitros_bridge]: Input image format is not MONO16 image. This node only supports MONO16 image.The current image input is 32FC1
[component_container_mt-2] [ERROR] [1779541605.003959275] [depth_nitros_bridge]: Input image format is not MONO16 image. This node only supports MONO16 image.The current image input is 32FC1
[component_container_mt-2] [ERROR] [1779541605.037132885] [depth_nitros_bridge]: Input image format is not MONO16 image. This node only supports MONO16 image.The current image input is 32FC1
[component_container_mt-2] [ERROR] [1779541605.081300790] [depth_nitros_bridge]: Input image format is not MONO16 image. This node only supports MONO16 image.The current image input is 32FC1
[component_container_mt-2] [ERROR] [1779541605.106734546] [depth_nitros_bridge]: Input image format is not MONO16 image. This node only supports MONO16 image.The current image input is 32FC1
[component_container_mt-2] [ERROR] [1779541605.147609143] [depth_nitros_bridge]: Input image format is not MONO16 image. This node only supports MONO16 image.The current image input is 32FC1
[component_container_mt-2] [ERROR] [1779541605.179772071] [depth_nitros_bridge]: Input image format is not MONO16 image. This node only supports MONO16 image.The current image input is 32FC1
[component_container_mt-2] [ERROR] [1779541605.206328468] [depth_nitros_bridge]: Input image format is not MONO16 image. This node only supports MONO16 image.The current image input is 32FC1
[component_container_mt-2] [ERROR] [1779541605.235788648] [depth_nitros_bridge]: Input image format is not MONO16 image. This node only supports MONO16 image.The current image input is 32FC1
[component_container_mt-2] [ERROR] [1779541605.270550670] [depth_nitros_bridge]: Input image format is not MONO16 image. This node only supports MONO16 image.The current image input is 32FC1
[component_container_mt-2] [ERROR] [1779541605.304097713] [depth_nitros_bridge]: Input image format is not MONO16 image. This node only supports MONO16 image.The current image input is 32FC1
[component_container_mt-2] [ERROR] [1779541605.329975897] [depth_nitros_bridge]: Input image format is not MONO16 image. This node only supports MONO16 image.The current image input is 32FC1
[component_container_mt-2] [ERROR] [1779541605.376324954] [depth_nitros_bridge]: Input image format is not MONO16 image. This node only supports MONO16 image.The current image input is 32FC1
[component_container_mt-2] [ERROR] [1779541605.395785425] [depth_nitros_bridge]: Input image format is not MONO16 image. This node only supports MONO16 image.The current image input is 32FC1
[component_container_mt-2] [ERROR] [1779541605.438311137] [depth_nitros_bridge]: Input image format is not MONO16 image. This node only supports MONO16 image.The current image input is 32FC1
[component_container_mt-2] [ERROR] [1779541605.469600972] [depth_nitros_bridge]: Input image format is not MONO16 image. This node only supports MONO16 image.The current image input is 32FC1
[component_container_mt-2] [ERROR] [1779541605.503408404] [depth_nitros_bridge]: Input image format is not MONO16 image. This node only supports MONO16 image.The current image input is 32FC1
[component_container_mt-2] [ERROR] [1779541605.546481326] [depth_nitros_bridge]: Input image format is not MONO16 image. This node only supports MONO16 image.The current image input is 32FC1
[component_container_mt-2] [ERROR] [1779541605.575006556] [depth_nitros_bridge]: Input image format is not MONO16 image. This node only supports MONO16 image.The current image input is 32FC1
[component_container_mt-2] [ERROR] [1779541605.603494628] [depth_nitros_bridge]: Input image format is not MONO16 image. This node only supports MONO16 image.The current image input is 32FC1
[component_container_mt-2] [ERROR] [1779541605.636980766] [depth_nitros_bridge]: Input image format is not MONO16 image. This node only supports MONO16 image.The current image input is 32FC1
[component_container_mt-2] [ERROR] [1779541605.663817357] [depth_nitros_bridge]: Input image format is not MONO16 image. This node only supports MONO16 image.The current image input is 32FC1
[component_container_mt-2] [ERROR] [1779541605.705016175] [depth_nitros_bridge]: Input image format is not MONO16 image. This node only supports MONO16 image.The current image input is 32FC1
[component_container_mt-2] [ERROR] [1779541605.746162612] [depth_nitros_bridge]: Input image format is not MONO16 image. This node only supports MONO16 image.The current image input is 32FC1
[component_container_mt-2] [ERROR] [1779541605.771449448] [depth_nitros_bridge]: Input image format is not MONO16 image. This node only supports MONO16 image.The current image input is 32FC1
[component_container_mt-2] [ERROR] [1779541605.799442808] [depth_nitros_bridge]: Input image format is not MONO16 image. This node only supports MONO16 image.The current image input is 32FC1
[component_container_mt-2] [ERROR] [1779541605.859989048] [depth_nitros_bridge]: Input image format is not MONO16 image. This node only supports MONO16 image.The current image input is 32FC1
[component_container_mt-2] [ERROR] [1779541605.913512527] [depth_nitros_bridge]: Input image format is not MONO16 image. This node only supports MONO16 image.The current image input is 32FC1
[component_container_mt-2] [ERROR] [1779541605.947726176] [depth_nitros_bridge]: Input image format is not MONO16 image. This node only supports MONO16 image.The current image input is 32FC1
[component_container_mt-2] [ERROR] [1779541605.971130979] [depth_nitros_bridge]: Input image format is not MONO16 image. This node only supports MONO16 image.The current image input is 32FC1
[component_container_mt-2] [ERROR] [1779541606.018007703] [depth_nitros_bridge]: Input image format is not MONO16 image. This node only supports MONO16 image.The current image input is 32FC1
[component_container_mt-2] [ERROR] [1779541606.037974176] [depth_nitros_bridge]: Input image format is not MONO16 image. This node only supports MONO16 image.The current image input is 32FC1
[component_container_mt-2] [ERROR] [1779541606.063335849] [depth_nitros_bridge]: Input image format is not MONO16 image. This node only supports MONO16 image.The current image input is 32FC1
[component_container_mt-2] [ERROR] [1779541606.096668211] [depth_nitros_bridge]: Input image format is not MONO16 image. This node only supports MONO16 image.The current image input is 32FC1
[component_container_mt-2] [ERROR] [1779541606.126642557] [depth_nitros_bridge]: Input image format is not MONO16 image. This node only supports MONO16 image.The current image input is 32FC1
[component_container_mt-2] [ERROR] [1779541606.170306848] [depth_nitros_bridge]: Input image format is not MONO16 image. This node only supports MONO16 image.The current image input is 32FC1
[component_container_mt-2] [ERROR] [1779541606.204049549] [depth_nitros_bridge]: Input image format is not MONO16 image. This node only supports MONO16 image.The current image input is 32FC1
[component_container_mt-2] [ERROR] [1779541606.234636964] [depth_nitros_bridge]: Input image format is not MONO16 image. This node only supports MONO16 image.The current image input is 32FC1
[component_container_mt-2] [ERROR] [1779541606.272783063] [depth_nitros_bridge]: Input image format is not MONO16 image. This node only supports MONO16 image.The current image input is 32FC1
[component_container_mt-2] [ERROR] [1779541606.314495991] [depth_nitros_bridge]: Input image format is not MONO16 image. This node only supports MONO16 image.The current image input is 32FC1
[component_container_mt-2] [ERROR] [1779541606.341666541] [depth_nitros_bridge]: Input image format is not MONO16 image. This node only supports MONO16 image.The current image input is 32FC1
[component_container_mt-2] [ERROR] [1779541606.381100173] [depth_nitros_bridge]: Input image format is not MONO16 image. This node only supports MONO16 image.The current image input is 32FC1
[component_container_mt-2] [ERROR] [1779541606.392876953] [depth_nitros_bridge]: Input image format is not MONO16 image. This node only supports MONO16 image.The current image input is 32FC1
[component_container_mt-2] [ERROR] [1779541606.451748863] [depth_nitros_bridge]: Input image format is not MONO16 image. This node only supports MONO16 image.The current image input is 32FC1
[component_container_mt-2] [ERROR] [1779541606.482901181] [depth_nitros_bridge]: Input image format is not MONO16 image. This node only supports MONO16 image.The current image input is 32FC1
[component_container_mt-2] [ERROR] [1779541606.503063709] [depth_nitros_bridge]: Input image format is not MONO16 image. This node only supports MONO16 image.The current image input is 32FC1
[component_container_mt-2] [ERROR] [1779541606.536160723] [depth_nitros_bridge]: Input image format is not MONO16 image. This node only supports MONO16 image.The current image input is 32FC1
[component_container_mt-2] [ERROR] [1779541606.559817427] [depth_nitros_bridge]: Input image format is not MONO16 image. This node only supports MONO16 image.The current image input is 32FC1
[component_container_mt-2] [ERROR] [1779541606.614413315] [depth_nitros_bridge]: Input image format is not MONO16 image. This node only supports MONO16 image.The current image input is 32FC1
[component_container_mt-2] [ERROR] [1779541606.646568374] [depth_nitros_bridge]: Input image format is not MONO16 image. This node only supports MONO16 image.The current image input is 32FC1
[component_container_mt-2] [ERROR] [1779541606.679986370] [depth_nitros_bridge]: Input image format is not MONO16 image. This node only supports MONO16 image.The current image input is 32FC1
[component_container_mt-2] [ERROR] [1779541606.703315313] [depth_nitros_bridge]: Input image format is not MONO16 image. This node only supports MONO16 image.The current image input is 32FC1
[component_container_mt-2] [ERROR] [1779541606.746782695] [depth_nitros_bridge]: Input image format is not MONO16 image. This node only supports MONO16 image.The current image input is 32FC1
[component_container_mt-2] [ERROR] [1779541606.770149823] [depth_nitros_bridge]: Input image format is not MONO16 image. This node only supports MONO16 image.The current image input is 32FC1
[component_container_mt-2] [ERROR] [1779541606.803872406] [depth_nitros_bridge]: Input image format is not MONO16 image. This node only supports MONO16 image.The current image input is 32FC1
[component_container_mt-2] [ERROR] [1779541606.839742542] [depth_nitros_bridge]: Input image format is not MONO16 image. This node only supports MONO16 image.The current image input is 32FC1
[component_container_mt-2] [ERROR] [1779541606.860591058] [depth_nitros_bridge]: Input image format is not MONO16 image. This node only supports MONO16 image.The current image input is 32FC1
[component_container_mt-2] [ERROR] [1779541606.898302676] [depth_nitros_bridge]: Input image format is not MONO16 image. This node only supports MONO16 image.The current image input is 32FC1
[component_container_mt-2] [ERROR] [1779541606.935999401] [depth_nitros_bridge]: Input image format is not MONO16 image. This node only supports MONO16 image.The current image input is 32FC1
[component_container_mt-2] [ERROR] [1779541606.960251261] [depth_nitros_bridge]: Input image format is not MONO16 image. This node only supports MONO16 image.The current image input is 32FC1
[component_container_mt-2] [ERROR] [1779541607.006232876] [depth_nitros_bridge]: Input image format is not MONO16 image. This node only supports MONO16 image.The current image input is 32FC1
[component_container_mt-2] [ERROR] [1779541607.037214156] [depth_nitros_bridge]: Input image format is not MONO16 image. This node only supports MONO16 image.The current image input is 32FC1
[component_container_mt-2] [ERROR] [1779541607.070092061] [depth_nitros_bridge]: Input image format is not MONO16 image. This node only supports MONO16 image.The current image input is 32FC1
[component_container_mt-2] [ERROR] [1779541607.106733576] [depth_nitros_bridge]: Input image format is not MONO16 image. This node only supports MONO16 image.The current image input is 32FC1
[component_container_mt-2] [ERROR] [1779541607.150262211] [depth_nitros_bridge]: Input image format is not MONO16 image. This node only supports MONO16 image.The current image input is 32FC1
[component_container_mt-2] [ERROR] [1779541607.186142236] [depth_nitros_bridge]: Input image format is not MONO16 image. This node only supports MONO16 image.The current image input is 32FC1
[component_container_mt-2] [ERROR] [1779541607.213314599] [depth_nitros_bridge]: Input image format is not MONO16 image. This node only supports MONO16 image.The current image input is 32FC1
[component_container_mt-2] [ERROR] [1779541607.236627083] [depth_nitros_bridge]: Input image format is not MONO16 image. This node only supports MONO16 image.The current image input is 32FC1
[component_container_mt-2] [ERROR] [1779541607.271169251] [depth_nitros_bridge]: Input image format is not MONO16 image. This node only supports MONO16 image.The current image input is 32FC1
[component_container_mt-2] [ERROR] [1779541607.294655585] [depth_nitros_bridge]: Input image format is not MONO16 image. This node only supports MONO16 image.The current image input is 32FC1
[component_container_mt-2] [ERROR] [1779541607.338184857] [depth_nitros_bridge]: Input image format is not MONO16 image. This node only supports MONO16 image.The current image input is 32FC1
[component_container_mt-2] [ERROR] [1779541607.371725006] [depth_nitros_bridge]: Input image format is not MONO16 image. This node only supports MONO16 image.The current image input is 32FC1
[component_container_mt-2] [ERROR] [1779541607.404496082] [depth_nitros_bridge]: Input image format is not MONO16 image. This node only supports MONO16 image.The current image input is 32FC1
[component_container_mt-2] [ERROR] [1779541607.439567720] [depth_nitros_bridge]: Input image format is not MONO16 image. This node only supports MONO16 image.The current image input is 32FC1
[component_container_mt-2] [ERROR] [1779541607.463537813] [depth_nitros_bridge]: Input image format is not MONO16 image. This node only supports MONO16 image.The current image input is 32FC1
[component_container_mt-2] [ERROR] [1779541607.510945692] [depth_nitros_bridge]: Input image format is not MONO16 image. This node only supports MONO16 image.The current image input is 32FC1
[component_container_mt-2] [ERROR] [1779541607.541259716] [depth_nitros_bridge]: Input image format is not MONO16 image. This node only supports MONO16 image.The current image input is 32FC1
[component_container_mt-2] [ERROR] [1779541607.573193595] [depth_nitros_bridge]: Input image format is not MONO16 image. This node only supports MONO16 image.The current image input is 32FC1
[component_container_mt-2] [ERROR] [1779541607.605727380] [depth_nitros_bridge]: Input image format is not MONO16 image. This node only supports MONO16 image.The current image input is 32FC1
[component_container_mt-2] [ERROR] [1779541607.644027112] [depth_nitros_bridge]: Input image format is not MONO16 image. This node only supports MONO16 image.The current image input is 32FC1
[component_container_mt-2] [ERROR] [1779541607.674529171] [depth_nitros_bridge]: Input image format is not MONO16 image. This node only supports MONO16 image.The current image input is 32FC1
[component_container_mt-2] [ERROR] [1779541607.698315922] [depth_nitros_bridge]: Input image format is not MONO16 image. This node only supports MONO16 image.The current image input is 32FC1
[component_container_mt-2] [ERROR] [1779541607.729337859] [depth_nitros_bridge]: Input image format is not MONO16 image. This node only supports MONO16 image.The current image input is 32FC1
[component_container_mt-2] [ERROR] [1779541607.765000296] [depth_nitros_bridge]: Input image format is not MONO16 image. This node only supports MONO16 image.The current image input is 32FC1
[component_container_mt-2] [ERROR] [1779541607.799028798] [depth_nitros_bridge]: Input image format is not MONO16 image. This node only supports MONO16 image.The current image input is 32FC1
[component_container_mt-2] [ERROR] [1779541607.827005846] [depth_nitros_bridge]: Input image format is not MONO16 image. This node only supports MONO16 image.The current image input is 32FC1
[component_container_mt-2] [ERROR] [1779541607.866137585] [depth_nitros_bridge]: Input image format is not MONO16 image. This node only supports MONO16 image.The current image input is 32FC1
[component_container_mt-2] [ERROR] [1779541607.917321963] [depth_nitros_bridge]: Input image format is not MONO16 image. This node only supports MONO16 image.The current image input is 32FC1
[component_container_mt-2] [ERROR] [1779541607.948153479] [depth_nitros_bridge]: Input image format is not MONO16 image. This node only supports MONO16 image.The current image input is 32FC1
[component_container_mt-2] [ERROR] [1779541607.963216634] [depth_nitros_bridge]: Input image format is not MONO16 image. This node only supports MONO16 image.The current image input is 32FC1
[component_container_mt-2] [ERROR] [1779541608.008385022] [depth_nitros_bridge]: Input image format is not MONO16 image. This node only supports MONO16 image.The current image input is 32FC1
[component_container_mt-2] [ERROR] [1779541608.036921257] [depth_nitros_bridge]: Input image format is not MONO16 image. This node only supports MONO16 image.The current image input is 32FC1
[component_container_mt-2] [ERROR] [1779541608.072066904] [depth_nitros_bridge]: Input image format is not MONO16 image. This node only supports MONO16 image.The current image input is 32FC1
[component_container_mt-2] [ERROR] [1779541608.113207078] [depth_nitros_bridge]: Input image format is not MONO16 image. This node only supports MONO16 image.The current image input is 32FC1
[component_container_mt-2] [ERROR] [1779541608.137594483] [depth_nitros_bridge]: Input image format is not MONO16 image. This node only supports MONO16 image.The current image input is 32FC1
[component_container_mt-2] [ERROR] [1779541608.175368789] [depth_nitros_bridge]: Input image format is not MONO16 image. This node only supports MONO16 image.The current image input is 32FC1
[component_container_mt-2] [ERROR] [1779541608.215499804] [depth_nitros_bridge]: Input image format is not MONO16 image. This node only supports MONO16 image.The current image input is 32FC1
[component_container_mt-2] [ERROR] [1779541608.246341672] [depth_nitros_bridge]: Input image format is not MONO16 image. This node only supports MONO16 image.The current image input is 32FC1
[component_container_mt-2] [ERROR] [1779541608.273831144] [depth_nitros_bridge]: Input image format is not MONO16 image. This node only supports MONO16 image.The current image input is 32FC1
[component_container_mt-2] [ERROR] [1779541608.317656771] [depth_nitros_bridge]: Input image format is not MONO16 image. This node only supports MONO16 image.The current image input is 32FC1
[component_container_mt-2] [ERROR] [1779541608.346751797] [depth_nitros_bridge]: Input image format is not MONO16 image. This node only supports MONO16 image.The current image input is 32FC1
[component_container_mt-2] [ERROR] [1779541608.370154542] [depth_nitros_bridge]: Input image format is not MONO16 image. This node only supports MONO16 image.The current image input is 32FC1
[component_container_mt-2] [ERROR] [1779541608.403988850] [depth_nitros_bridge]: Input image format is not MONO16 image. This node only supports MONO16 image.The current image input is 32FC1
[component_container_mt-2] [ERROR] [1779541608.436671706] [depth_nitros_bridge]: Input image format is not MONO16 image. This node only supports MONO16 image.The current image input is 32FC1
[component_container_mt-2] [ERROR] [1779541608.469295759] [depth_nitros_bridge]: Input image format is not MONO16 image. This node only supports MONO16 image.The current image input is 32FC1
[component_container_mt-2] [ERROR] [1779541608.493176350] [depth_nitros_bridge]: Input image format is not MONO16 image. This node only supports MONO16 image.The current image input is 32FC1
[component_container_mt-2] [ERROR] [1779541608.536911700] [depth_nitros_bridge]: Input image format is not MONO16 image. This node only supports MONO16 image.The current image input is 32FC1
[component_container_mt-2] [ERROR] [1779541608.570331752] [depth_nitros_bridge]: Input image format is not MONO16 image. This node only supports MONO16 image.The current image input is 32FC1
[component_container_mt-2] [ERROR] [1779541608.596026769] [depth_nitros_bridge]: Input image format is not MONO16 image. This node only supports MONO16 image.The current image input is 32FC1
[component_container_mt-2] [ERROR] [1779541608.643409242] [depth_nitros_bridge]: Input image format is not MONO16 image. This node only supports MONO16 image.The current image input is 32FC1
[component_container_mt-2] [ERROR] [1779541608.673444425] [depth_nitros_bridge]: Input image format is not MONO16 image. This node only supports MONO16 image.The current image input is 32FC1
[component_container_mt-2] [ERROR] [1779541608.705861037] [depth_nitros_bridge]: Input image format is not MONO16 image. This node only supports MONO16 image.The current image input is 32FC1
[component_container_mt-2] [ERROR] [1779541608.729542369] [depth_nitros_bridge]: Input image format is not MONO16 image. This node only supports MONO16 image.The current image input is 32FC1
[component_container_mt-2] [ERROR] [1779541608.762506063] [depth_nitros_bridge]: Input image format is not MONO16 image. This node only supports MONO16 image.The current image input is 32FC1
[component_container_mt-2] [ERROR] [1779541608.803456041] [depth_nitros_bridge]: Input image format is not MONO16 image. This node only supports MONO16 image.The current image input is 32FC1
[component_container_mt-2] [ERROR] [1779541608.828928337] [depth_nitros_bridge]: Input image format is not MONO16 image. This node only supports MONO16 image.The current image input is 32FC1
[component_container_mt-2] [ERROR] [1779541608.870037543] [depth_nitros_bridge]: Input image format is not MONO16 image. This node only supports MONO16 image.The current image input is 32FC1
[component_container_mt-2] [ERROR] [1779541608.896121770] [depth_nitros_bridge]: Input image format is not MONO16 image. This node only supports MONO16 image.The current image input is 32FC1
[component_container_mt-2] [ERROR] [1779541608.937452271] [depth_nitros_bridge]: Input image format is not MONO16 image. This node only supports MONO16 image.The current image input is 32FC1
[component_container_mt-2] [ERROR] [1779541608.970391789] [depth_nitros_bridge]: Input image format is not MONO16 image. This node only supports MONO16 image.The current image input is 32FC1
[component_container_mt-2] [ERROR] [1779541608.994463528] [depth_nitros_bridge]: Input image format is not MONO16 image. This node only supports MONO16 image.The current image input is 32FC1
[component_container_mt-2] [ERROR] [1779541609.039667953] [depth_nitros_bridge]: Input image format is not MONO16 image. This node only supports MONO16 image.The current image input is 32FC1
[component_container_mt-2] [ERROR] [1779541609.090569369] [depth_nitros_bridge]: Input image format is not MONO16 image. This node only supports MONO16 image.The current image input is 32FC1
[component_container_mt-2] [ERROR] [1779541609.115008339] [depth_nitros_bridge]: Input image format is not MONO16 image. This node only supports MONO16 image.The current image input is 32FC1
[component_container_mt-2] [ERROR] [1779541609.132805122] [depth_nitros_bridge]: Input image format is not MONO16 image. This node only supports MONO16 image.The current image input is 32FC1
[component_container_mt-2] [ERROR] [1779541609.171827482] [depth_nitros_bridge]: Input image format is not MONO16 image. This node only supports MONO16 image.The current image input is 32FC1
[component_container_mt-2] [ERROR] [1779541609.205215679] [depth_nitros_bridge]: Input image format is not MONO16 image. This node only supports MONO16 image.The current image input is 32FC1
[component_container_mt-2] [ERROR] [1779541609.237315534] [depth_nitros_bridge]: Input image format is not MONO16 image. This node only supports MONO16 image.The current image input is 32FC1
[component_container_mt-2] [ERROR] [1779541609.270437895] [depth_nitros_bridge]: Input image format is not MONO16 image. This node only supports MONO16 image.The current image input is 32FC1
[component_container_mt-2] [ERROR] [1779541609.306245044] [depth_nitros_bridge]: Input image format is not MONO16 image. This node only supports MONO16 image.The current image input is 32FC1
[component_container_mt-2] [ERROR] [1779541609.350001860] [depth_nitros_bridge]: Input image format is not MONO16 image. This node only supports MONO16 image.The current image input is 32FC1
[component_container_mt-2] [ERROR] [1779541609.379224480] [depth_nitros_bridge]: Input image format is not MONO16 image. This node only supports MONO16 image.The current image input is 32FC1
[component_container_mt-2] [ERROR] [1779541609.404101820] [depth_nitros_bridge]: Input image format is not MONO16 image. This node only supports MONO16 image.The current image input is 32FC1
[component_container_mt-2] [ERROR] [1779541609.430514311] [depth_nitros_bridge]: Input image format is not MONO16 image. This node only supports MONO16 image.The current image input is 32FC1
[component_container_mt-2] [ERROR] [1779541609.471204129] [depth_nitros_bridge]: Input image format is not MONO16 image. This node only supports MONO16 image.The current image input is 32FC1
[component_container_mt-2] [ERROR] [1779541609.493947453] [depth_nitros_bridge]: Input image format is not MONO16 image. This node only supports MONO16 image.The current image input is 32FC1
[component_container_mt-2] [ERROR] [1779541609.541573910] [depth_nitros_bridge]: Input image format is not MONO16 image. This node only supports MONO16 image.The current image input is 32FC1
[component_container_mt-2] [ERROR] [1779541609.568045057] [depth_nitros_bridge]: Input image format is not MONO16 image. This node only supports MONO16 image.The current image input is 32FC1
[component_container_mt-2] [ERROR] [1779541609.597773306] [depth_nitros_bridge]: Input image format is not MONO16 image. This node only supports MONO16 image.The current image input is 32FC1
[component_container_mt-2] [ERROR] [1779541609.639758703] [depth_nitros_bridge]: Input image format is not MONO16 image. This node only supports MONO16 image.The current image input is 32FC1
[component_container_mt-2] [ERROR] [1779541609.680024249] [depth_nitros_bridge]: Input image format is not MONO16 image. This node only supports MONO16 image.The current image input is 32FC1
[component_container_mt-2] [ERROR] [1779541609.713849770] [depth_nitros_bridge]: Input image format is not MONO16 image. This node only supports MONO16 image.The current image input is 32FC1
[component_container_mt-2] [ERROR] [1779541609.746733993] [depth_nitros_bridge]: Input image format is not MONO16 image. This node only supports MONO16 image.The current image input is 32FC1
[component_container_mt-2] [ERROR] [1779541609.769390726] [depth_nitros_bridge]: Input image format is not MONO16 image. This node only supports MONO16 image.The current image input is 32FC1
[component_container_mt-2] [ERROR] [1779541609.807734000] [depth_nitros_bridge]: Input image format is not MONO16 image. This node only supports MONO16 image.The current image input is 32FC1
[component_container_mt-2] [ERROR] [1779541609.838816760] [depth_nitros_bridge]: Input image format is not MONO16 image. This node only supports MONO16 image.The current image input is 32FC1
[component_container_mt-2] [ERROR] [1779541609.855377317] [depth_nitros_bridge]: Input image format is not MONO16 image. This node only supports MONO16 image.The current image input is 32FC1
[component_container_mt-2] [ERROR] [1779541609.915207349] [depth_nitros_bridge]: Input image format is not MONO16 image. This node only supports MONO16 image.The current image input is 32FC1
[component_container_mt-2] [ERROR] [1779541609.944885589] [depth_nitros_bridge]: Input image format is not MONO16 image. This node only supports MONO16 image.The current image input is 32FC1
[component_container_mt-2] [ERROR] [1779541609.969520701] [depth_nitros_bridge]: Input image format is not MONO16 image. This node only supports MONO16 image.The current image input is 32FC1
[component_container_mt-2] [ERROR] [1779541610.044939102] [depth_nitros_bridge]: Input image format is not MONO16 image. This node only supports MONO16 image.The current image input is 32FC1
[component_container_mt-2] [ERROR] [1779541610.064692917] [depth_nitros_bridge]: Input image format is not MONO16 image. This node only supports MONO16 image.The current image input is 32FC1
[component_container_mt-2] [ERROR] [1779541610.105785252] [depth_nitros_bridge]: Input image format is not MONO16 image. This node only supports MONO16 image.The current image input is 32FC1
[component_container_mt-2] [ERROR] [1779541610.133357776] [depth_nitros_bridge]: Input image format is not MONO16 image. This node only supports MONO16 image.The current image input is 32FC1
[component_container_mt-2] [ERROR] [1779541610.170871543] [depth_nitros_bridge]: Input image format is not MONO16 image. This node only supports MONO16 image.The current image input is 32FC1
[component_container_mt-2] [ERROR] [1779541610.206902414] [depth_nitros_bridge]: Input image format is not MONO16 image. This node only supports MONO16 image.The current image input is 32FC1
[component_container_mt-2] [ERROR] [1779541610.240075231] [depth_nitros_bridge]: Input image format is not MONO16 image. This node only supports MONO16 image.The current image input is 32FC1
[component_container_mt-2] [ERROR] [1779541610.263316032] [depth_nitros_bridge]: Input image format is not MONO16 image. This node only supports MONO16 image.The current image input is 32FC1
[component_container_mt-2] [ERROR] [1779541610.307351756] [depth_nitros_bridge]: Input image format is not MONO16 image. This node only supports MONO16 image.The current image input is 32FC1
[component_container_mt-2] [ERROR] [1779541610.338139878] [depth_nitros_bridge]: Input image format is not MONO16 image. This node only supports MONO16 image.The current image input is 32FC1
[component_container_mt-2] [ERROR] [1779541610.369955021] [depth_nitros_bridge]: Input image format is not MONO16 image. This node only supports MONO16 image.The current image input is 32FC1
[component_container_mt-2] [ERROR] [1779541610.405649209] [depth_nitros_bridge]: Input image format is not MONO16 image. This node only supports MONO16 image.The current image input is 32FC1
[component_container_mt-2] [ERROR] [1779541610.440242947] [depth_nitros_bridge]: Input image format is not MONO16 image. This node only supports MONO16 image.The current image input is 32FC1
[component_container_mt-2] [ERROR] [1779541610.479892535] [depth_nitros_bridge]: Input image format is not MONO16 image. This node only supports MONO16 image.The current image input is 32FC1
[component_container_mt-2] [ERROR] [1779541610.513821496] [depth_nitros_bridge]: Input image format is not MONO16 image. This node only supports MONO16 image.The current image input is 32FC1
[component_container_mt-2] [ERROR] [1779541610.547437698] [depth_nitros_bridge]: Input image format is not MONO16 image. This node only supports MONO16 image.The current image input is 32FC1
[component_container_mt-2] [ERROR] [1779541610.569926085] [depth_nitros_bridge]: Input image format is not MONO16 image. This node only supports MONO16 image.The current image input is 32FC1
[component_container_mt-2] [ERROR] [1779541610.599270503] [depth_nitros_bridge]: Input image format is not MONO16 image. This node only supports MONO16 image.The current image input is 32FC1
[component_container_mt-2] [ERROR] [1779541610.639250166] [depth_nitros_bridge]: Input image format is not MONO16 image. This node only supports MONO16 image.The current image input is 32FC1
[component_container_mt-2] [ERROR] [1779541610.660450023] [depth_nitros_bridge]: Input image format is not MONO16 image. This node only supports MONO16 image.The current image input is 32FC1
[component_container_mt-2] [ERROR] [1779541610.697415425] [depth_nitros_bridge]: Input image format is not MONO16 image. This node only supports MONO16 image.The current image input is 32FC1
[component_container_mt-2] [ERROR] [1779541610.736688409] [depth_nitros_bridge]: Input image format is not MONO16 image. This node only supports MONO16 image.The current image input is 32FC1
[component_container_mt-2] [ERROR] [1779541610.760577029] [depth_nitros_bridge]: Input image format is not MONO16 image. This node only supports MONO16 image.The current image input is 32FC1
[component_container_mt-2] [ERROR] [1779541610.796943597] [depth_nitros_bridge]: Input image format is not MONO16 image. This node only supports MONO16 image.The current image input is 32FC1
[component_container_mt-2] [ERROR] [1779541610.836124981] [depth_nitros_bridge]: Input image format is not MONO16 image. This node only supports MONO16 image.The current image input is 32FC1
[component_container_mt-2] [ERROR] [1779541610.879862116] [depth_nitros_bridge]: Input image format is not MONO16 image. This node only supports MONO16 image.The current image input is 32FC1
[component_container_mt-2] [ERROR] [1779541610.895032791] [depth_nitros_bridge]: Input image format is not MONO16 image. This node only supports MONO16 image.The current image input is 32FC1
[component_container_mt-2] [ERROR] [1779541610.939693288] [depth_nitros_bridge]: Input image format is not MONO16 image. This node only supports MONO16 image.The current image input is 32FC1
[component_container_mt-2] [ERROR] [1779541610.969846086] [depth_nitros_bridge]: Input image format is not MONO16 image. This node only supports MONO16 image.The current image input is 32FC1
[component_container_mt-2] [ERROR] [1779541611.017346441] [depth_nitros_bridge]: Input image format is not MONO16 image. This node only supports MONO16 image.The current image input is 32FC1
[component_container_mt-2] [ERROR] [1779541611.038403328] [depth_nitros_bridge]: Input image format is not MONO16 image. This node only supports MONO16 image.The current image input is 32FC1
[component_container_mt-2] [ERROR] [1779541611.062052594] [depth_nitros_bridge]: Input image format is not MONO16 image. This node only supports MONO16 image.The current image input is 32FC1
[component_container_mt-2] [ERROR] [1779541611.115680038] [depth_nitros_bridge]: Input image format is not MONO16 image. This node only supports MONO16 image.The current image input is 32FC1
[component_container_mt-2] [ERROR] [1779541611.125938520] [depth_nitros_bridge]: Input image format is not MONO16 image. This node only supports MONO16 image.The current image input is 32FC1
[component_container_mt-2] [ERROR] [1779541611.179753950] [depth_nitros_bridge]: Input image format is not MONO16 image. This node only supports MONO16 image.The current image input is 32FC1
[component_container_mt-2] [ERROR] [1779541611.208922573] [depth_nitros_bridge]: Input image format is not MONO16 image. This node only supports MONO16 image.The current image input is 32FC1
[component_container_mt-2] [ERROR] [1779541611.238395112] [depth_nitros_bridge]: Input image format is not MONO16 image. This node only supports MONO16 image.The current image input is 32FC1
[component_container_mt-2] [ERROR] [1779541611.267926060] [depth_nitros_bridge]: Input image format is not MONO16 image. This node only supports MONO16 image.The current image input is 32FC1
[component_container_mt-2] [ERROR] [1779541611.313482988] [depth_nitros_bridge]: Input image format is not MONO16 image. This node only supports MONO16 image.The current image input is 32FC1
[component_container_mt-2] [ERROR] [1779541611.350598322] [depth_nitros_bridge]: Input image format is not MONO16 image. This node only supports MONO16 image.The current image input is 32FC1
[component_container_mt-2] [ERROR] [1779541611.382536297] [depth_nitros_bridge]: Input image format is not MONO16 image. This node only supports MONO16 image.The current image input is 32FC1
[component_container_mt-2] [ERROR] [1779541611.423587052] [depth_nitros_bridge]: Input image format is not MONO16 image. This node only supports MONO16 image.The current image input is 32FC1
[component_container_mt-2] [ERROR] [1779541611.442630265] [depth_nitros_bridge]: Input image format is not MONO16 image. This node only supports MONO16 image.The current image input is 32FC1
[component_container_mt-2] [ERROR] [1779541611.473264133] [depth_nitros_bridge]: Input image format is not MONO16 image. This node only supports MONO16 image.The current image input is 32FC1
[component_container_mt-2] [ERROR] [1779541611.503295496] [depth_nitros_bridge]: Input image format is not MONO16 image. This node only supports MONO16 image.The current image input is 32FC1
[component_container_mt-2] [ERROR] [1779541611.539479056] [depth_nitros_bridge]: Input image format is not MONO16 image. This node only supports MONO16 image.The current image input is 32FC1
[component_container_mt-2] [ERROR] [1779541611.577077474] [depth_nitros_bridge]: Input image format is not MONO16 image. This node only supports MONO16 image.The current image input is 32FC1
[component_container_mt-2] [ERROR] [1779541611.607312311] [depth_nitros_bridge]: Input image format is not MONO16 image. This node only supports MONO16 image.The current image input is 32FC1
[component_container_mt-2] [ERROR] [1779541611.650246213] [depth_nitros_bridge]: Input image format is not MONO16 image. This node only supports MONO16 image.The current image input is 32FC1
[component_container_mt-2] [ERROR] [1779541611.680109640] [depth_nitros_bridge]: Input image format is not MONO16 image. This node only supports MONO16 image.The current image input is 32FC1
[component_container_mt-2] [ERROR] [1779541611.703152790] [depth_nitros_bridge]: Input image format is not MONO16 image. This node only supports MONO16 image.The current image input is 32FC1
[component_container_mt-2] [ERROR] [1779541611.750421512] [depth_nitros_bridge]: Input image format is not MONO16 image. This node only supports MONO16 image.The current image input is 32FC1
[component_container_mt-2] [ERROR] [1779541611.769599741] [depth_nitros_bridge]: Input image format is not MONO16 image. This node only supports MONO16 image.The current image input is 32FC1
[component_container_mt-2] [ERROR] [1779541611.806537302] [depth_nitros_bridge]: Input image format is not MONO16 image. This node only supports MONO16 image.The current image input is 32FC1
[component_container_mt-2] [ERROR] [1779541611.849147367] [depth_nitros_bridge]: Input image format is not MONO16 image. This node only supports MONO16 image.The current image input is 32FC1
[component_container_mt-2] [ERROR] [1779541611.881322650] [depth_nitros_bridge]: Input image format is not MONO16 image. This node only supports MONO16 image.The current image input is 32FC1
[component_container_mt-2] [ERROR] [1779541611.913540535] [depth_nitros_bridge]: Input image format is not MONO16 image. This node only supports MONO16 image.The current image input is 32FC1
[component_container_mt-2] [ERROR] [1779541611.949138425] [depth_nitros_bridge]: Input image format is not MONO16 image. This node only supports MONO16 image.The current image input is 32FC1
[component_container_mt-2] [ERROR] [1779541611.980024025] [depth_nitros_bridge]: Input image format is not MONO16 image. This node only supports MONO16 image.The current image input is 32FC1
[component_container_mt-2] [ERROR] [1779541612.018049462] [depth_nitros_bridge]: Input image format is not MONO16 image. This node only supports MONO16 image.The current image input is 32FC1
[component_container_mt-2] [ERROR] [1779541612.046787240] [depth_nitros_bridge]: Input image format is not MONO16 image. This node only supports MONO16 image.The current image input is 32FC1
[component_container_mt-2] [ERROR] [1779541612.080322418] [depth_nitros_bridge]: Input image format is not MONO16 image. This node only supports MONO16 image.The current image input is 32FC1
[component_container_mt-2] [ERROR] [1779541612.103621297] [depth_nitros_bridge]: Input image format is not MONO16 image. This node only supports MONO16 image.The current image input is 32FC1
[component_container_mt-2] [ERROR] [1779541612.147787909] [depth_nitros_bridge]: Input image format is not MONO16 image. This node only supports MONO16 image.The current image input is 32FC1
[component_container_mt-2] [ERROR] [1779541612.169764420] [depth_nitros_bridge]: Input image format is not MONO16 image. This node only supports MONO16 image.The current image input is 32FC1
[component_container_mt-2] [ERROR] [1779541612.204293856] [depth_nitros_bridge]: Input image format is not MONO16 image. This node only supports MONO16 image.The current image input is 32FC1
[component_container_mt-2] [ERROR] [1779541612.236558599] [depth_nitros_bridge]: Input image format is not MONO16 image. This node only supports MONO16 image.The current image input is 32FC1
[component_container_mt-2] [ERROR] [1779541612.259736982] [depth_nitros_bridge]: Input image format is not MONO16 image. This node only supports MONO16 image.The current image input is 32FC1
[component_container_mt-2] [ERROR] [1779541612.303338904] [depth_nitros_bridge]: Input image format is not MONO16 image. This node only supports MONO16 image.The current image input is 32FC1
[component_container_mt-2] [ERROR] [1779541612.336550737] [depth_nitros_bridge]: Input image format is not MONO16 image. This node only supports MONO16 image.The current image input is 32FC1
[component_container_mt-2] [ERROR] [1779541612.371805586] [depth_nitros_bridge]: Input image format is not MONO16 image. This node only supports MONO16 image.The current image input is 32FC1
[component_container_mt-2] [ERROR] [1779541612.415316131] [depth_nitros_bridge]: Input image format is not MONO16 image. This node only supports MONO16 image.The current image input is 32FC1
[component_container_mt-2] [ERROR] [1779541612.446463551] [depth_nitros_bridge]: Input image format is not MONO16 image. This node only supports MONO16 image.The current image input is 32FC1
[component_container_mt-2] [ERROR] [1779541612.449902761] [depth_nitros_bridge]: Input image format is not MONO16 image. This node only supports MONO16 image.The current image input is 32FC1
[component_container_mt-2] [ERROR] [1779541612.502723553] [depth_nitros_bridge]: Input image format is not MONO16 image. This node only supports MONO16 image.The current image input is 32FC1
[component_container_mt-2] [ERROR] [1779541612.536570803] [depth_nitros_bridge]: Input image format is not MONO16 image. This node only supports MONO16 image.The current image input is 32FC1
[component_container_mt-2] [ERROR] [1779541612.580235043] [depth_nitros_bridge]: Input image format is not MONO16 image. This node only supports MONO16 image.The current image input is 32FC1
[component_container_mt-2] [ERROR] [1779541612.616229357] [depth_nitros_bridge]: Input image format is not MONO16 image. This node only supports MONO16 image.The current image input is 32FC1
[component_container_mt-2] [ERROR] [1779541612.636759006] [depth_nitros_bridge]: Input image format is not MONO16 image. This node only supports MONO16 image.The current image input is 32FC1
[component_container_mt-2] [ERROR] [1779541612.659973345] [depth_nitros_bridge]: Input image format is not MONO16 image. This node only supports MONO16 image.The current image input is 32FC1
[component_container_mt-2] [ERROR] [1779541612.709403850] [depth_nitros_bridge]: Input image format is not MONO16 image. This node only supports MONO16 image.The current image input is 32FC1
[component_container_mt-2] [ERROR] [1779541612.746828646] [depth_nitros_bridge]: Input image format is not MONO16 image. This node only supports MONO16 image.The current image input is 32FC1
[component_container_mt-2] [ERROR] [1779541612.761669472] [depth_nitros_bridge]: Input image format is not MONO16 image. This node only supports MONO16 image.The current image input is 32FC1
[component_container_mt-2] [ERROR] [1779541612.806223737] [depth_nitros_bridge]: Input image format is not MONO16 image. This node only supports MONO16 image.The current image input is 32FC1
[component_container_mt-2] [ERROR] [1779541612.853145246] [depth_nitros_bridge]: Input image format is not MONO16 image. This node only supports MONO16 image.The current image input is 32FC1
[component_container_mt-2] [ERROR] [1779541612.865620063] [depth_nitros_bridge]: Input image format is not MONO16 image. This node only supports MONO16 image.The current image input is 32FC1
[component_container_mt-2] [ERROR] [1779541612.906451941] [depth_nitros_bridge]: Input image format is not MONO16 image. This node only supports MONO16 image.The current image input is 32FC1
[component_container_mt-2] [ERROR] [1779541612.932606233] [depth_nitros_bridge]: Input image format is not MONO16 image. This node only supports MONO16 image.The current image input is 32FC1
[component_container_mt-2] [ERROR] [1779541612.962911456] [depth_nitros_bridge]: Input image format is not MONO16 image. This node only supports MONO16 image.The current image input is 32FC1
[component_container_mt-2] [ERROR] [1779541613.003307440] [depth_nitros_bridge]: Input image format is not MONO16 image. This node only supports MONO16 image.The current image input is 32FC1
[component_container_mt-2] [ERROR] [1779541613.043034729] [depth_nitros_bridge]: Input image format is not MONO16 image. This node only supports MONO16 image.The current image input is 32FC1
[component_container_mt-2] [ERROR] [1779541613.071517206] [depth_nitros_bridge]: Input image format is not MONO16 image. This node only supports MONO16 image.The current image input is 32FC1
[component_container_mt-2] [ERROR] [1779541613.094066632] [depth_nitros_bridge]: Input image format is not MONO16 image. This node only supports MONO16 image.The current image input is 32FC1
[component_container_mt-2] [ERROR] [1779541613.136475010] [depth_nitros_bridge]: Input image format is not MONO16 image. This node only supports MONO16 image.The current image input is 32FC1
[component_container_mt-2] [ERROR] [1779541613.170633054] [depth_nitros_bridge]: Input image format is not MONO16 image. This node only supports MONO16 image.The current image input is 32FC1
[component_container_mt-2] [ERROR] [1779541613.203761442] [depth_nitros_bridge]: Input image format is not MONO16 image. This node only supports MONO16 image.The current image input is 32FC1
[component_container_mt-2] [ERROR] [1779541613.239742723] [depth_nitros_bridge]: Input image format is not MONO16 image. This node only supports MONO16 image.The current image input is 32FC1
[component_container_mt-2] [ERROR] [1779541613.271001333] [depth_nitros_bridge]: Input image format is not MONO16 image. This node only supports MONO16 image.The current image input is 32FC1
[component_container_mt-2] [ERROR] [1779541613.303095719] [depth_nitros_bridge]: Input image format is not MONO16 image. This node only supports MONO16 image.The current image input is 32FC1
[component_container_mt-2] [ERROR] [1779541613.338618676] [depth_nitros_bridge]: Input image format is not MONO16 image. This node only supports MONO16 image.The current image input is 32FC1
[component_container_mt-2] [ERROR] [1779541613.380016394] [depth_nitros_bridge]: Input image format is not MONO16 image. This node only supports MONO16 image.The current image input is 32FC1
[component_container_mt-2] [ERROR] [1779541613.405967871] [depth_nitros_bridge]: Input image format is not MONO16 image. This node only supports MONO16 image.The current image input is 32FC1
[component_container_mt-2] [ERROR] [1779541613.436493697] [depth_nitros_bridge]: Input image format is not MONO16 image. This node only supports MONO16 image.The current image input is 32FC1
[component_container_mt-2] [ERROR] [1779541613.461057339] [depth_nitros_bridge]: Input image format is not MONO16 image. This node only supports MONO16 image.The current image input is 32FC1
[component_container_mt-2] [ERROR] [1779541613.503638334] [depth_nitros_bridge]: Input image format is not MONO16 image. This node only supports MONO16 image.The current image input is 32FC1
[component_container_mt-2] [ERROR] [1779541613.529554441] [depth_nitros_bridge]: Input image format is not MONO16 image. This node only supports MONO16 image.The current image input is 32FC1
[component_container_mt-2] [ERROR] [1779541613.575388715] [depth_nitros_bridge]: Input image format is not MONO16 image. This node only supports MONO16 image.The current image input is 32FC1
[component_container_mt-2] [ERROR] [1779541613.599056471] [depth_nitros_bridge]: Input image format is not MONO16 image. This node only supports MONO16 image.The current image input is 32FC1
[component_container_mt-2] [ERROR] [1779541613.637319326] [depth_nitros_bridge]: Input image format is not MONO16 image. This node only supports MONO16 image.The current image input is 32FC1
[component_container_mt-2] [ERROR] [1779541613.679693038] [depth_nitros_bridge]: Input image format is not MONO16 image. This node only supports MONO16 image.The current image input is 32FC1
[component_container_mt-2] [ERROR] [1779541613.703594004] [depth_nitros_bridge]: Input image format is not MONO16 image. This node only supports MONO16 image.The current image input is 32FC1
[component_container_mt-2] [ERROR] [1779541613.728340359] [depth_nitros_bridge]: Input image format is not MONO16 image. This node only supports MONO16 image.The current image input is 32FC1
[component_container_mt-2] [ERROR] [1779541613.763223501] [depth_nitros_bridge]: Input image format is not MONO16 image. This node only supports MONO16 image.The current image input is 32FC1
[component_container_mt-2] [ERROR] [1779541613.794317462] [depth_nitros_bridge]: Input image format is not MONO16 image. This node only supports MONO16 image.The current image input is 32FC1
[component_container_mt-2] [ERROR] [1779541613.839647235] [depth_nitros_bridge]: Input image format is not MONO16 image. This node only supports MONO16 image.The current image input is 32FC1
[component_container_mt-2] [ERROR] [1779541613.873460153] [depth_nitros_bridge]: Input image format is not MONO16 image. This node only supports MONO16 image.The current image input is 32FC1
[component_container_mt-2] [ERROR] [1779541613.903869657] [depth_nitros_bridge]: Input image format is not MONO16 image. This node only supports MONO16 image.The current image input is 32FC1
[component_container_mt-2] [ERROR] [1779541613.957867828] [depth_nitros_bridge]: Input image format is not MONO16 image. This node only supports MONO16 image.The current image input is 32FC1
[component_container_mt-2] [ERROR] [1779541613.976945104] [depth_nitros_bridge]: Input image format is not MONO16 image. This node only supports MONO16 image.The current image input is 32FC1
[component_container_mt-2] [ERROR] [1779541614.006098951] [depth_nitros_bridge]: Input image format is not MONO16 image. This node only supports MONO16 image.The current image input is 32FC1
[component_container_mt-2] [ERROR] [1779541614.027774754] [depth_nitros_bridge]: Input image format is not MONO16 image. This node only supports MONO16 image.The current image input is 32FC1
[component_container_mt-2] [ERROR] [1779541614.072362869] [depth_nitros_bridge]: Input image format is not MONO16 image. This node only supports MONO16 image.The current image input is 32FC1
[component_container_mt-2] [ERROR] [1779541614.104059747] [depth_nitros_bridge]: Input image format is not MONO16 image. This node only supports MONO16 image.The current image input is 32FC1
[component_container_mt-2] [ERROR] [1779541614.127826362] [depth_nitros_bridge]: Input image format is not MONO16 image. This node only supports MONO16 image.The current image input is 32FC1
[component_container_mt-2] [ERROR] [1779541614.160939920] [depth_nitros_bridge]: Input image format is not MONO16 image. This node only supports MONO16 image.The current image input is 32FC1
[component_container_mt-2] [ERROR] [1779541614.193770948] [depth_nitros_bridge]: Input image format is not MONO16 image. This node only supports MONO16 image.The current image input is 32FC1
[component_container_mt-2] [ERROR] [1779541614.234111052] [depth_nitros_bridge]: Input image format is not MONO16 image. This node only supports MONO16 image.The current image input is 32FC1
[component_container_mt-2] [ERROR] [1779541614.281080669] [depth_nitros_bridge]: Input image format is not MONO16 image. This node only supports MONO16 image.The current image input is 32FC1
[component_container_mt-2] [ERROR] [1779541614.294977585] [depth_nitros_bridge]: Input image format is not MONO16 image. This node only supports MONO16 image.The current image input is 32FC1
[component_container_mt-2] [ERROR] [1779541614.327620593] [depth_nitros_bridge]: Input image format is not MONO16 image. This node only supports MONO16 image.The current image input is 32FC1
[component_container_mt-2] [ERROR] [1779541614.370392611] [depth_nitros_bridge]: Input image format is not MONO16 image. This node only supports MONO16 image.The current image input is 32FC1
[component_container_mt-2] [ERROR] [1779541614.393667116] [depth_nitros_bridge]: Input image format is not MONO16 image. This node only supports MONO16 image.The current image input is 32FC1
[component_container_mt-2] [ERROR] [1779541614.454554761] [depth_nitros_bridge]: Input image format is not MONO16 image. This node only supports MONO16 image.The current image input is 32FC1
[component_container_mt-2] [ERROR] [1779541614.480355813] [depth_nitros_bridge]: Input image format is not MONO16 image. This node only supports MONO16 image.The current image input is 32FC1
[component_container_mt-2] [ERROR] [1779541614.503443837] [depth_nitros_bridge]: Input image format is not MONO16 image. This node only supports MONO16 image.The current image input is 32FC1
[component_container_mt-2] [ERROR] [1779541614.536554291] [depth_nitros_bridge]: Input image format is not MONO16 image. This node only supports MONO16 image.The current image input is 32FC1
[component_container_mt-2] [ERROR] [1779541614.581850995] [depth_nitros_bridge]: Input image format is not MONO16 image. This node only supports MONO16 image.The current image input is 32FC1
[component_container_mt-2] [ERROR] [1779541614.610168071] [depth_nitros_bridge]: Input image format is not MONO16 image. This node only supports MONO16 image.The current image input is 32FC1
[component_container_mt-2] [ERROR] [1779541614.650351117] [depth_nitros_bridge]: Input image format is not MONO16 image. This node only supports MONO16 image.The current image input is 32FC1
[component_container_mt-2] [ERROR] [1779541614.660629114] [depth_nitros_bridge]: Input image format is not MONO16 image. This node only supports MONO16 image.The current image input is 32FC1
[component_container_mt-2] [ERROR] [1779541614.692999618] [depth_nitros_bridge]: Input image format is not MONO16 image. This node only supports MONO16 image.The current image input is 32FC1
[component_container_mt-2] [ERROR] [1779541614.741388720] [depth_nitros_bridge]: Input image format is not MONO16 image. This node only supports MONO16 image.The current image input is 32FC1
[component_container_mt-2] [ERROR] [1779541614.785877543] [depth_nitros_bridge]: Input image format is not MONO16 image. This node only supports MONO16 image.The current image input is 32FC1
[component_container_mt-2] [ERROR] [1779541614.805864636] [depth_nitros_bridge]: Input image format is not MONO16 image. This node only supports MONO16 image.The current image input is 32FC1
[component_container_mt-2] [ERROR] [1779541614.849130670] [depth_nitros_bridge]: Input image format is not MONO16 image. This node only supports MONO16 image.The current image input is 32FC1
[component_container_mt-2] [ERROR] [1779541614.882400763] [depth_nitros_bridge]: Input image format is not MONO16 image. This node only supports MONO16 image.The current image input is 32FC1
[component_container_mt-2] [ERROR] [1779541614.882849030] [depth_nitros_bridge]: Input image format is not MONO16 image. This node only supports MONO16 image.The current image input is 32FC1
[component_container_mt-2] [ERROR] [1779541614.938948091] [depth_nitros_bridge]: Input image format is not MONO16 image. This node only supports MONO16 image.The current image input is 32FC1
[component_container_mt-2] [ERROR] [1779541614.961147437] [depth_nitros_bridge]: Input image format is not MONO16 image. This node only supports MONO16 image.The current image input is 32FC1
[component_container_mt-2] [ERROR] [1779541614.994262111] [depth_nitros_bridge]: Input image format is not MONO16 image. This node only supports MONO16 image.The current image input is 32FC1
[component_container_mt-2] [ERROR] [1779541615.041266186] [depth_nitros_bridge]: Input image format is not MONO16 image. This node only supports MONO16 image.The current image input is 32FC1
[component_container_mt-2] [ERROR] [1779541615.069634238] [depth_nitros_bridge]: Input image format is not MONO16 image. This node only supports MONO16 image.The current image input is 32FC1
[component_container_mt-2] [ERROR] [1779541615.102328549] [depth_nitros_bridge]: Input image format is not MONO16 image. This node only supports MONO16 image.The current image input is 32FC1
[component_container_mt-2] [ERROR] [1779541615.136570861] [depth_nitros_bridge]: Input image format is not MONO16 image. This node only supports MONO16 image.The current image input is 32FC1
[component_container_mt-2] [ERROR] [1779541615.159200658] [depth_nitros_bridge]: Input image format is not MONO16 image. This node only supports MONO16 image.The current image input is 32FC1
[component_container_mt-2] [ERROR] [1779541615.182938840] [depth_nitros_bridge]: Input image format is not MONO16 image. This node only supports MONO16 image.The current image input is 32FC1
[component_container_mt-2] [ERROR] [1779541615.240422299] [depth_nitros_bridge]: Input image format is not MONO16 image. This node only supports MONO16 image.The current image input is 32FC1
[component_container_mt-2] [ERROR] [1779541615.260043459] [depth_nitros_bridge]: Input image format is not MONO16 image. This node only supports MONO16 image.The current image input is 32FC1
[component_container_mt-2] [ERROR] [1779541615.299492425] [depth_nitros_bridge]: Input image format is not MONO16 image. This node only supports MONO16 image.The current image input is 32FC1
[component_container_mt-2] [ERROR] [1779541615.349744432] [depth_nitros_bridge]: Input image format is not MONO16 image. This node only supports MONO16 image.The current image input is 32FC1
[component_container_mt-2] [ERROR] [1779541615.372344265] [depth_nitros_bridge]: Input image format is not MONO16 image. This node only supports MONO16 image.The current image input is 32FC1
[component_container_mt-2] [ERROR] [1779541615.401639995] [depth_nitros_bridge]: Input image format is not MONO16 image. This node only supports MONO16 image.The current image input is 32FC1
[component_container_mt-2] [ERROR] [1779541615.440114313] [depth_nitros_bridge]: Input image format is not MONO16 image. This node only supports MONO16 image.The current image input is 32FC1
[component_container_mt-2] [ERROR] [1779541615.473685051] [depth_nitros_bridge]: Input image format is not MONO16 image. This node only supports MONO16 image.The current image input is 32FC1
[component_container_mt-2] [ERROR] [1779541615.507040595] [depth_nitros_bridge]: Input image format is not MONO16 image. This node only supports MONO16 image.The current image input is 32FC1
[component_container_mt-2] [ERROR] [1779541615.550309708] [depth_nitros_bridge]: Input image format is not MONO16 image. This node only supports MONO16 image.The current image input is 32FC1
[component_container_mt-2] [ERROR] [1779541615.572007432] [depth_nitros_bridge]: Input image format is not MONO16 image. This node only supports MONO16 image.The current image input is 32FC1
[component_container_mt-2] [ERROR] [1779541615.604992511] [depth_nitros_bridge]: Input image format is not MONO16 image. This node only supports MONO16 image.The current image input is 32FC1
[component_container_mt-2] [ERROR] [1779541615.636477054] [depth_nitros_bridge]: Input image format is not MONO16 image. This node only supports MONO16 image.The current image input is 32FC1
[component_container_mt-2] [ERROR] [1779541615.681441850] [depth_nitros_bridge]: Input image format is not MONO16 image. This node only supports MONO16 image.The current image input is 32FC1
[component_container_mt-2] [ERROR] [1779541615.703536711] [depth_nitros_bridge]: Input image format is not MONO16 image. This node only supports MONO16 image.The current image input is 32FC1
[component_container_mt-2] [ERROR] [1779541615.738197291] [depth_nitros_bridge]: Input image format is not MONO16 image. This node only supports MONO16 image.The current image input is 32FC1
[component_container_mt-2] [ERROR] [1779541615.770976358] [depth_nitros_bridge]: Input image format is not MONO16 image. This node only supports MONO16 image.The current image input is 32FC1
[component_container_mt-2] [ERROR] [1779541615.816346381] [depth_nitros_bridge]: Input image format is not MONO16 image. This node only supports MONO16 image.The current image input is 32FC1
[component_container_mt-2] [ERROR] [1779541615.832727163] [depth_nitros_bridge]: Input image format is not MONO16 image. This node only supports MONO16 image.The current image input is 32FC1
[component_container_mt-2] [ERROR] [1779541615.887004542] [depth_nitros_bridge]: Input image format is not MONO16 image. This node only supports MONO16 image.The current image input is 32FC1
[component_container_mt-2] [ERROR] [1779541615.898944334] [depth_nitros_bridge]: Input image format is not MONO16 image. This node only supports MONO16 image.The current image input is 32FC1
[component_container_mt-2] [ERROR] [1779541615.928117855] [depth_nitros_bridge]: Input image format is not MONO16 image. This node only supports MONO16 image.The current image input is 32FC1
[component_container_mt-2] [ERROR] [1779541615.960482481] [depth_nitros_bridge]: Input image format is not MONO16 image. This node only supports MONO16 image.The current image input is 32FC1
[component_container_mt-2] [ERROR] [1779541616.014860015] [depth_nitros_bridge]: Input image format is not MONO16 image. This node only supports MONO16 image.The current image input is 32FC1
[component_container_mt-2] [ERROR] [1779541616.036787433] [depth_nitros_bridge]: Input image format is not MONO16 image. This node only supports MONO16 image.The current image input is 32FC1
[component_container_mt-2] [ERROR] [1779541616.061871513] [depth_nitros_bridge]: Input image format is not MONO16 image. This node only supports MONO16 image.The current image input is 32FC1
[component_container_mt-2] [ERROR] [1779541616.094289973] [depth_nitros_bridge]: Input image format is not MONO16 image. This node only supports MONO16 image.The current image input is 32FC1
[component_container_mt-2] [ERROR] [1779541616.139795322] [depth_nitros_bridge]: Input image format is not MONO16 image. This node only supports MONO16 image.The current image input is 32FC1
[component_container_mt-2] [ERROR] [1779541616.170054623] [depth_nitros_bridge]: Input image format is not MONO16 image. This node only supports MONO16 image.The current image input is 32FC1
[component_container_mt-2] [ERROR] [1779541616.193109043] [depth_nitros_bridge]: Input image format is not MONO16 image. This node only supports MONO16 image.The current image input is 32FC1
[component_container_mt-2] [ERROR] [1779541616.226290042] [depth_nitros_bridge]: Input image format is not MONO16 image. This node only supports MONO16 image.The current image input is 32FC1
[component_container_mt-2] [ERROR] [1779541616.271009204] [depth_nitros_bridge]: Input image format is not MONO16 image. This node only supports MONO16 image.The current image input is 32FC1
[component_container_mt-2] [ERROR] [1779541616.305371091] [depth_nitros_bridge]: Input image format is not MONO16 image. This node only supports MONO16 image.The current image input is 32FC1
[component_container_mt-2] [ERROR] [1779541616.332887065] [depth_nitros_bridge]: Input image format is not MONO16 image. This node only supports MONO16 image.The current image input is 32FC1
[component_container_mt-2] [ERROR] [1779541616.380794673] [depth_nitros_bridge]: Input image format is not MONO16 image. This node only supports MONO16 image.The current image input is 32FC1
[component_container_mt-2] [ERROR] [1779541616.405808873] [depth_nitros_bridge]: Input image format is not MONO16 image. This node only supports MONO16 image.The current image input is 32FC1
[component_container_mt-2] [ERROR] [1779541616.431252650] [depth_nitros_bridge]: Input image format is not MONO16 image. This node only supports MONO16 image.The current image input is 32FC1
[component_container_mt-2] [ERROR] [1779541616.481122343] [depth_nitros_bridge]: Input image format is not MONO16 image. This node only supports MONO16 image.The current image input is 32FC1
[component_container_mt-2] [ERROR] [1779541616.514759986] [depth_nitros_bridge]: Input image format is not MONO16 image. This node only supports MONO16 image.The current image input is 32FC1
[component_container_mt-2] [ERROR] [1779541616.546623788] [depth_nitros_bridge]: Input image format is not MONO16 image. This node only supports MONO16 image.The current image input is 32FC1
[component_container_mt-2] [ERROR] [1779541616.573620144] [depth_nitros_bridge]: Input image format is not MONO16 image. This node only supports MONO16 image.The current image input is 32FC1
[component_container_mt-2] [ERROR] [1779541616.604591793] [depth_nitros_bridge]: Input image format is not MONO16 image. This node only supports MONO16 image.The current image input is 32FC1
[component_container_mt-2] [ERROR] [1779541616.634737697] [depth_nitros_bridge]: Input image format is not MONO16 image. This node only supports MONO16 image.The current image input is 32FC1
[component_container_mt-2] [ERROR] [1779541616.663023227] [depth_nitros_bridge]: Input image format is not MONO16 image. This node only supports MONO16 image.The current image input is 32FC1
[component_container_mt-2] [ERROR] [1779541616.714635142] [depth_nitros_bridge]: Input image format is not MONO16 image. This node only supports MONO16 image.The current image input is 32FC1
[component_container_mt-2] [ERROR] [1779541616.716963467] [depth_nitros_bridge]: Input image format is not MONO16 image. This node only supports MONO16 image.The current image input is 32FC1
[component_container_mt-2] [ERROR] [1779541616.759956067] [depth_nitros_bridge]: Input image format is not MONO16 image. This node only supports MONO16 image.The current image input is 32FC1
[component_container_mt-2] [ERROR] [1779541616.803337885] [depth_nitros_bridge]: Input image format is not MONO16 image. This node only supports MONO16 image.The current image input is 32FC1
[component_container_mt-2] [ERROR] [1779541616.837123714] [depth_nitros_bridge]: Input image format is not MONO16 image. This node only supports MONO16 image.The current image input is 32FC1
[component_container_mt-2] [ERROR] [1779541616.871556064] [depth_nitros_bridge]: Input image format is not MONO16 image. This node only supports MONO16 image.The current image input is 32FC1
[component_container_mt-2] [ERROR] [1779541616.906816325] [depth_nitros_bridge]: Input image format is not MONO16 image. This node only supports MONO16 image.The current image input is 32FC1
[component_container_mt-2] [ERROR] [1779541616.952795745] [depth_nitros_bridge]: Input image format is not MONO16 image. This node only supports MONO16 image.The current image input is 32FC1
[component_container_mt-2] [ERROR] [1779541616.970191317] [depth_nitros_bridge]: Input image format is not MONO16 image. This node only supports MONO16 image.The current image input is 32FC1
[component_container_mt-2] [ERROR] [1779541616.993032471] [depth_nitros_bridge]: Input image format is not MONO16 image. This node only supports MONO16 image.The current image input is 32FC1
[component_container_mt-2] [ERROR] [1779541617.051913067] [depth_nitros_bridge]: Input image format is not MONO16 image. This node only supports MONO16 image.The current image input is 32FC1
[component_container_mt-2] [ERROR] [1779541617.080121960] [depth_nitros_bridge]: Input image format is not MONO16 image. This node only supports MONO16 image.The current image input is 32FC1
[component_container_mt-2] [ERROR] [1779541617.104439523] [depth_nitros_bridge]: Input image format is not MONO16 image. This node only supports MONO16 image.The current image input is 32FC1
[component_container_mt-2] [ERROR] [1779541617.126025593] [depth_nitros_bridge]: Input image format is not MONO16 image. This node only supports MONO16 image.The current image input is 32FC1
[component_container_mt-2] [ERROR] [1779541617.170053119] [depth_nitros_bridge]: Input image format is not MONO16 image. This node only supports MONO16 image.The current image input is 32FC1
[component_container_mt-2] [ERROR] [1779541617.197091659] [depth_nitros_bridge]: Input image format is not MONO16 image. This node only supports MONO16 image.The current image input is 32FC1
[component_container_mt-2] [ERROR] [1779541617.226908169] [depth_nitros_bridge]: Input image format is not MONO16 image. This node only supports MONO16 image.The current image input is 32FC1
[component_container_mt-2] [ERROR] [1779541617.271224132] [depth_nitros_bridge]: Input image format is not MONO16 image. This node only supports MONO16 image.The current image input is 32FC1
[component_container_mt-2] [ERROR] [1779541617.305069672] [depth_nitros_bridge]: Input image format is not MONO16 image. This node only supports MONO16 image.The current image input is 32FC1
[component_container_mt-2] [ERROR] [1779541617.338203269] [depth_nitros_bridge]: Input image format is not MONO16 image. This node only supports MONO16 image.The current image input is 32FC1
[component_container_mt-2] [ERROR] [1779541617.383362817] [depth_nitros_bridge]: Input image format is not MONO16 image. This node only supports MONO16 image.The current image input is 32FC1
[component_container_mt-2] [ERROR] [1779541617.413163824] [depth_nitros_bridge]: Input image format is not MONO16 image. This node only supports MONO16 image.The current image input is 32FC1
[component_container_mt-2] [ERROR] [1779541617.439932203] [depth_nitros_bridge]: Input image format is not MONO16 image. This node only supports MONO16 image.The current image input is 32FC1
[component_container_mt-2] [ERROR] [1779541617.477194288] [depth_nitros_bridge]: Input image format is not MONO16 image. This node only supports MONO16 image.The current image input is 32FC1
[component_container_mt-2] [ERROR] [1779541617.513667842] [depth_nitros_bridge]: Input image format is not MONO16 image. This node only supports MONO16 image.The current image input is 32FC1
[component_container_mt-2] [ERROR] [1779541617.540288312] [depth_nitros_bridge]: Input image format is not MONO16 image. This node only supports MONO16 image.The current image input is 32FC1
[component_container_mt-2] [ERROR] [1779541617.561052205] [depth_nitros_bridge]: Input image format is not MONO16 image. This node only supports MONO16 image.The current image input is 32FC1
[component_container_mt-2] [ERROR] [1779541617.619854521] [depth_nitros_bridge]: Input image format is not MONO16 image. This node only supports MONO16 image.The current image input is 32FC1
[component_container_mt-2] [ERROR] [1779541617.646734334] [depth_nitros_bridge]: Input image format is not MONO16 image. This node only supports MONO16 image.The current image input is 32FC1
[component_container_mt-2] [ERROR] [1779541617.669906310] [depth_nitros_bridge]: Input image format is not MONO16 image. This node only supports MONO16 image.The current image input is 32FC1
[component_container_mt-2] [ERROR] [1779541617.693195383] [depth_nitros_bridge]: Input image format is not MONO16 image. This node only supports MONO16 image.The current image input is 32FC1
[component_container_mt-2] [ERROR] [1779541617.740572947] [depth_nitros_bridge]: Input image format is not MONO16 image. This node only supports MONO16 image.The current image input is 32FC1
[component_container_mt-2] [ERROR] [1779541617.770919298] [depth_nitros_bridge]: Input image format is not MONO16 image. This node only supports MONO16 image.The current image input is 32FC1
[component_container_mt-2] [ERROR] [1779541617.813775278] [depth_nitros_bridge]: Input image format is not MONO16 image. This node only supports MONO16 image.The current image input is 32FC1
[component_container_mt-2] [ERROR] [1779541617.837203858] [depth_nitros_bridge]: Input image format is not MONO16 image. This node only supports MONO16 image.The current image input is 32FC1
[component_container_mt-2] [ERROR] [1779541617.880218817] [depth_nitros_bridge]: Input image format is not MONO16 image. This node only supports MONO16 image.The current image input is 32FC1
[component_container_mt-2] [ERROR] [1779541617.903352801] [depth_nitros_bridge]: Input image format is not MONO16 image. This node only supports MONO16 image.The current image input is 32FC1
[component_container_mt-2] [ERROR] [1779541617.946133171] [depth_nitros_bridge]: Input image format is not MONO16 image. This node only supports MONO16 image.The current image input is 32FC1
[component_container_mt-2] [ERROR] [1779541617.979964520] [depth_nitros_bridge]: Input image format is not MONO16 image. This node only supports MONO16 image.The current image input is 32FC1
[component_container_mt-2] [ERROR] [1779541618.002997227] [depth_nitros_bridge]: Input image format is not MONO16 image. This node only supports MONO16 image.The current image input is 32FC1
[component_container_mt-2] [ERROR] [1779541618.026278413] [depth_nitros_bridge]: Input image format is not MONO16 image. This node only supports MONO16 image.The current image input is 32FC1
[component_container_mt-2] [ERROR] [1779541618.072349777] [depth_nitros_bridge]: Input image format is not MONO16 image. This node only supports MONO16 image.The current image input is 32FC1
[component_container_mt-2] [ERROR] [1779541618.102929155] [depth_nitros_bridge]: Input image format is not MONO16 image. This node only supports MONO16 image.The current image input is 32FC1
[component_container_mt-2] [ERROR] [1779541618.137986843] [depth_nitros_bridge]: Input image format is not MONO16 image. This node only supports MONO16 image.The current image input is 32FC1
[component_container_mt-2] [ERROR] [1779541618.165600348] [depth_nitros_bridge]: Input image format is not MONO16 image. This node only supports MONO16 image.The current image input is 32FC1
[component_container_mt-2] [ERROR] [1779541618.219381059] [depth_nitros_bridge]: Input image format is not MONO16 image. This node only supports MONO16 image.The current image input is 32FC1
[component_container_mt-2] [ERROR] [1779541618.240765703] [depth_nitros_bridge]: Input image format is not MONO16 image. This node only supports MONO16 image.The current image input is 32FC1
[component_container_mt-2] [ERROR] [1779541618.275505791] [depth_nitros_bridge]: Input image format is not MONO16 image. This node only supports MONO16 image.The current image input is 32FC1
[component_container_mt-2] [ERROR] [1779541618.314394567] [depth_nitros_bridge]: Input image format is not MONO16 image. This node only supports MONO16 image.The current image input is 32FC1
[component_container_mt-2] [ERROR] [1779541618.326761716] [depth_nitros_bridge]: Input image format is not MONO16 image. This node only supports MONO16 image.The current image input is 32FC1
[component_container_mt-2] [ERROR] [1779541618.369465732] [depth_nitros_bridge]: Input image format is not MONO16 image. This node only supports MONO16 image.The current image input is 32FC1
[component_container_mt-2] [ERROR] [1779541618.407514382] [depth_nitros_bridge]: Input image format is not MONO16 image. This node only supports MONO16 image.The current image input is 32FC1
[component_container_mt-2] [ERROR] [1779541618.429166070] [depth_nitros_bridge]: Input image format is not MONO16 image. This node only supports MONO16 image.The current image input is 32FC1
[component_container_mt-2] [ERROR] [1779541618.470317722] [depth_nitros_bridge]: Input image format is not MONO16 image. This node only supports MONO16 image.The current image input is 32FC1
[component_container_mt-2] [ERROR] [1779541618.514603787] [depth_nitros_bridge]: Input image format is not MONO16 image. This node only supports MONO16 image.The current image input is 32FC1
[component_container_mt-2] [ERROR] [1779541618.536685835] [depth_nitros_bridge]: Input image format is not MONO16 image. This node only supports MONO16 image.The current image input is 32FC1
[component_container_mt-2] [ERROR] [1779541618.562095186] [depth_nitros_bridge]: Input image format is not MONO16 image. This node only supports MONO16 image.The current image input is 32FC1
[component_container_mt-2] [ERROR] [1779541618.604986450] [depth_nitros_bridge]: Input image format is not MONO16 image. This node only supports MONO16 image.The current image input is 32FC1
[component_container_mt-2] [ERROR] [1779541618.637173878] [depth_nitros_bridge]: Input image format is not MONO16 image. This node only supports MONO16 image.The current image input is 32FC1
[component_container_mt-2] [ERROR] [1779541618.671658568] [depth_nitros_bridge]: Input image format is not MONO16 image. This node only supports MONO16 image.The current image input is 32FC1
[component_container_mt-2] [ERROR] [1779541618.715693833] [depth_nitros_bridge]: Input image format is not MONO16 image. This node only supports MONO16 image.The current image input is 32FC1
[component_container_mt-2] [ERROR] [1779541618.742552873] [depth_nitros_bridge]: Input image format is not MONO16 image. This node only supports MONO16 image.The current image input is 32FC1
[component_container_mt-2] [ERROR] [1779541618.780067842] [depth_nitros_bridge]: Input image format is not MONO16 image. This node only supports MONO16 image.The current image input is 32FC1
[component_container_mt-2] [ERROR] [1779541618.783395567] [depth_nitros_bridge]: Input image format is not MONO16 image. This node only supports MONO16 image.The current image input is 32FC1
[component_container_mt-2] [ERROR] [1779541618.838040223] [depth_nitros_bridge]: Input image format is not MONO16 image. This node only supports MONO16 image.The current image input is 32FC1
[component_container_mt-2] [ERROR] [1779541618.871785466] [depth_nitros_bridge]: Input image format is not MONO16 image. This node only supports MONO16 image.The current image input is 32FC1
[component_container_mt-2] [ERROR] [1779541618.903624197] [depth_nitros_bridge]: Input image format is not MONO16 image. This node only supports MONO16 image.The current image input is 32FC1
[component_container_mt-2] [ERROR] [1779541618.946345361] [depth_nitros_bridge]: Input image format is not MONO16 image. This node only supports MONO16 image.The current image input is 32FC1
[component_container_mt-2] [ERROR] [1779541618.969321075] [depth_nitros_bridge]: Input image format is not MONO16 image. This node only supports MONO16 image.The current image input is 32FC1
[component_container_mt-2] [ERROR] [1779541618.983268187] [depth_nitros_bridge]: Input image format is not MONO16 image. This node only supports MONO16 image.The current image input is 32FC1
[component_container_mt-2] [ERROR] [1779541619.038749714] [depth_nitros_bridge]: Input image format is not MONO16 image. This node only supports MONO16 image.The current image input is 32FC1
[component_container_mt-2] [ERROR] [1779541619.070343760] [depth_nitros_bridge]: Input image format is not MONO16 image. This node only supports MONO16 image.The current image input is 32FC1
[component_container_mt-2] [ERROR] [1779541619.109335683] [depth_nitros_bridge]: Input image format is not MONO16 image. This node only supports MONO16 image.The current image input is 32FC1
[component_container_mt-2] [ERROR] [1779541619.145242950] [depth_nitros_bridge]: Input image format is not MONO16 image. This node only supports MONO16 image.The current image input is 32FC1
[component_container_mt-2] [ERROR] [1779541619.169216994] [depth_nitros_bridge]: Input image format is not MONO16 image. This node only supports MONO16 image.The current image input is 32FC1
[component_container_mt-2] [ERROR] [1779541619.195829073] [depth_nitros_bridge]: Input image format is not MONO16 image. This node only supports MONO16 image.The current image input is 32FC1
[component_container_mt-2] [ERROR] [1779541619.228494927] [depth_nitros_bridge]: Input image format is not MONO16 image. This node only supports MONO16 image.The current image input is 32FC1
[component_container_mt-2] [ERROR] [1779541619.270603141] [depth_nitros_bridge]: Input image format is not MONO16 image. This node only supports MONO16 image.The current image input is 32FC1
[component_container_mt-2] [ERROR] [1779541619.293782009] [depth_nitros_bridge]: Input image format is not MONO16 image. This node only supports MONO16 image.The current image input is 32FC1
[component_container_mt-2] [ERROR] [1779541619.330803011] [depth_nitros_bridge]: Input image format is not MONO16 image. This node only supports MONO16 image.The current image input is 32FC1
[component_container_mt-2] [ERROR] [1779541619.362345128] [depth_nitros_bridge]: Input image format is not MONO16 image. This node only supports MONO16 image.The current image input is 32FC1
[component_container_mt-2] [ERROR] [1779541619.393884098] [depth_nitros_bridge]: Input image format is not MONO16 image. This node only supports MONO16 image.The current image input is 32FC1
[component_container_mt-2] [ERROR] [1779541619.439064920] [depth_nitros_bridge]: Input image format is not MONO16 image. This node only supports MONO16 image.The current image input is 32FC1
[component_container_mt-2] [ERROR] [1779541619.463151076] [depth_nitros_bridge]: Input image format is not MONO16 image. This node only supports MONO16 image.The current image input is 32FC1
[component_container_mt-2] [ERROR] [1779541619.506926715] [depth_nitros_bridge]: Input image format is not MONO16 image. This node only supports MONO16 image.The current image input is 32FC1
[component_container_mt-2] [ERROR] [1779541619.537534173] [depth_nitros_bridge]: Input image format is not MONO16 image. This node only supports MONO16 image.The current image input is 32FC1
[component_container_mt-2] [ERROR] [1779541619.581752858] [depth_nitros_bridge]: Input image format is not MONO16 image. This node only supports MONO16 image.The current image input is 32FC1
[component_container_mt-2] [ERROR] [1779541619.602511073] [depth_nitros_bridge]: Input image format is not MONO16 image. This node only supports MONO16 image.The current image input is 32FC1
[component_container_mt-2] [ERROR] [1779541619.629885627] [depth_nitros_bridge]: Input image format is not MONO16 image. This node only supports MONO16 image.The current image input is 32FC1
[component_container_mt-2] [ERROR] [1779541619.669793191] [depth_nitros_bridge]: Input image format is not MONO16 image. This node only supports MONO16 image.The current image input is 32FC1
[component_container_mt-2] [ERROR] [1779541619.693319477] [depth_nitros_bridge]: Input image format is not MONO16 image. This node only supports MONO16 image.The current image input is 32FC1
[component_container_mt-2] [ERROR] [1779541619.736657679] [depth_nitros_bridge]: Input image format is not MONO16 image. This node only supports MONO16 image.The current image input is 32FC1
[component_container_mt-2] [ERROR] [1779541619.764265716] [depth_nitros_bridge]: Input image format is not MONO16 image. This node only supports MONO16 image.The current image input is 32FC1
[component_container_mt-2] [ERROR] [1779541619.783383070] [depth_nitros_bridge]: Input image format is not MONO16 image. This node only supports MONO16 image.The current image input is 32FC1
[component_container_mt-2] [ERROR] [1779541619.830145248] [depth_nitros_bridge]: Input image format is not MONO16 image. This node only supports MONO16 image.The current image input is 32FC1
[component_container_mt-2] [ERROR] [1779541619.867765507] [depth_nitros_bridge]: Input image format is not MONO16 image. This node only supports MONO16 image.The current image input is 32FC1
[component_container_mt-2] [ERROR] [1779541619.914049729] [depth_nitros_bridge]: Input image format is not MONO16 image. This node only supports MONO16 image.The current image input is 32FC1
[component_container_mt-2] [ERROR] [1779541619.917508015] [depth_nitros_bridge]: Input image format is not MONO16 image. This node only supports MONO16 image.The current image input is 32FC1
[component_container_mt-2] [ERROR] [1779541619.970097194] [depth_nitros_bridge]: Input image format is not MONO16 image. This node only supports MONO16 image.The current image input is 32FC1
[component_container_mt-2] [ERROR] [1779541619.994245011] [depth_nitros_bridge]: Input image format is not MONO16 image. This node only supports MONO16 image.The current image input is 32FC1
[component_container_mt-2] [ERROR] [1779541620.038068033] [depth_nitros_bridge]: Input image format is not MONO16 image. This node only supports MONO16 image.The current image input is 32FC1
[component_container_mt-2] [ERROR] [1779541620.070826772] [depth_nitros_bridge]: Input image format is not MONO16 image. This node only supports MONO16 image.The current image input is 32FC1
[component_container_mt-2] [ERROR] [1779541620.093444325] [depth_nitros_bridge]: Input image format is not MONO16 image. This node only supports MONO16 image.The current image input is 32FC1
[component_container_mt-2] [ERROR] [1779541620.137488213] [depth_nitros_bridge]: Input image format is not MONO16 image. This node only supports MONO16 image.The current image input is 32FC1
[component_container_mt-2] [ERROR] [1779541620.171973137] [depth_nitros_bridge]: Input image format is not MONO16 image. This node only supports MONO16 image.The current image input is 32FC1
[component_container_mt-2] [ERROR] [1779541620.203288022] [depth_nitros_bridge]: Input image format is not MONO16 image. This node only supports MONO16 image.The current image input is 32FC1
[component_container_mt-2] [ERROR] [1779541620.232023926] [depth_nitros_bridge]: Input image format is not MONO16 image. This node only supports MONO16 image.The current image input is 32FC1
[component_container_mt-2] [ERROR] [1779541620.279568074] [depth_nitros_bridge]: Input image format is not MONO16 image. This node only supports MONO16 image.The current image input is 32FC1
[component_container_mt-2] [ERROR] [1779541620.303808218] [depth_nitros_bridge]: Input image format is not MONO16 image. This node only supports MONO16 image.The current image input is 32FC1
[component_container_mt-2] [ERROR] [1779541620.347068469] [depth_nitros_bridge]: Input image format is not MONO16 image. This node only supports MONO16 image.The current image input is 32FC1
[component_container_mt-2] [ERROR] [1779541620.349561800] [depth_nitros_bridge]: Input image format is not MONO16 image. This node only supports MONO16 image.The current image input is 32FC1
[component_container_mt-2] [ERROR] [1779541620.403075137] [depth_nitros_bridge]: Input image format is not MONO16 image. This node only supports MONO16 image.The current image input is 32FC1
[component_container_mt-2] [ERROR] [1779541620.427721335] [depth_nitros_bridge]: Input image format is not MONO16 image. This node only supports MONO16 image.The current image input is 32FC1
[component_container_mt-2] [ERROR] [1779541620.472050572] [depth_nitros_bridge]: Input image format is not MONO16 image. This node only supports MONO16 image.The current image input is 32FC1
[component_container_mt-2] [ERROR] [1779541620.493686486] [depth_nitros_bridge]: Input image format is not MONO16 image. This node only supports MONO16 image.The current image input is 32FC1
[component_container_mt-2] [ERROR] [1779541620.547186955] [depth_nitros_bridge]: Input image format is not MONO16 image. This node only supports MONO16 image.The current image input is 32FC1
[component_container_mt-2] [ERROR] [1779541620.570221420] [depth_nitros_bridge]: Input image format is not MONO16 image. This node only supports MONO16 image.The current image input is 32FC1
[component_container_mt-2] [ERROR] [1779541620.606293658] [depth_nitros_bridge]: Input image format is not MONO16 image. This node only supports MONO16 image.The current image input is 32FC1
[component_container_mt-2] [ERROR] [1779541620.635081545] [depth_nitros_bridge]: Input image format is not MONO16 image. This node only supports MONO16 image.The current image input is 32FC1
[component_container_mt-2] [ERROR] [1779541620.673718047] [depth_nitros_bridge]: Input image format is not MONO16 image. This node only supports MONO16 image.The current image input is 32FC1
[component_container_mt-2] [ERROR] [1779541620.704345480] [depth_nitros_bridge]: Input image format is not MONO16 image. This node only supports MONO16 image.The current image input is 32FC1
[component_container_mt-2] [ERROR] [1779541620.736886648] [depth_nitros_bridge]: Input image format is not MONO16 image. This node only supports MONO16 image.The current image input is 32FC1
[component_container_mt-2] [ERROR] [1779541620.760758716] [depth_nitros_bridge]: Input image format is not MONO16 image. This node only supports MONO16 image.The current image input is 32FC1
[component_container_mt-2] [ERROR] [1779541620.810891541] [depth_nitros_bridge]: Input image format is not MONO16 image. This node only supports MONO16 image.The current image input is 32FC1
[component_container_mt-2] [ERROR] [1779541620.843158321] [depth_nitros_bridge]: Input image format is not MONO16 image. This node only supports MONO16 image.The current image input is 32FC1
[component_container_mt-2] [ERROR] [1779541620.887019580] [depth_nitros_bridge]: Input image format is not MONO16 image. This node only supports MONO16 image.The current image input is 32FC1
[component_container_mt-2] [ERROR] [1779541620.902509235] [depth_nitros_bridge]: Input image format is not MONO16 image. This node only supports MONO16 image.The current image input is 32FC1
[component_container_mt-2] [ERROR] [1779541620.936437452] [depth_nitros_bridge]: Input image format is not MONO16 image. This node only supports MONO16 image.The current image input is 32FC1
[component_container_mt-2] [ERROR] [1779541620.962518608] [depth_nitros_bridge]: Input image format is not MONO16 image. This node only supports MONO16 image.The current image input is 32FC1
[component_container_mt-2] [ERROR] [1779541620.999290517] [depth_nitros_bridge]: Input image format is not MONO16 image. This node only supports MONO16 image.The current image input is 32FC1
[component_container_mt-2] [ERROR] [1779541621.048307289] [depth_nitros_bridge]: Input image format is not MONO16 image. This node only supports MONO16 image.The current image input is 32FC1
[component_container_mt-2] [ERROR] [1779541621.061384084] [depth_nitros_bridge]: Input image format is not MONO16 image. This node only supports MONO16 image.The current image input is 32FC1
[component_container_mt-2] [ERROR] [1779541621.104122347] [depth_nitros_bridge]: Input image format is not MONO16 image. This node only supports MONO16 image.The current image input is 32FC1
[component_container_mt-2] [ERROR] [1779541621.147007907] [depth_nitros_bridge]: Input image format is not MONO16 image. This node only supports MONO16 image.The current image input is 32FC1
[component_container_mt-2] [ERROR] [1779541621.170156853] [depth_nitros_bridge]: Input image format is not MONO16 image. This node only supports MONO16 image.The current image input is 32FC1
[component_container_mt-2] [ERROR] [1779541621.219607907] [depth_nitros_bridge]: Input image format is not MONO16 image. This node only supports MONO16 image.The current image input is 32FC1
[component_container_mt-2] [ERROR] [1779541621.236791604] [depth_nitros_bridge]: Input image format is not MONO16 image. This node only supports MONO16 image.The current image input is 32FC1
[component_container_mt-2] [ERROR] [1779541621.270315893] [depth_nitros_bridge]: Input image format is not MONO16 image. This node only supports MONO16 image.The current image input is 32FC1
[component_container_mt-2] [ERROR] [1779541621.302487964] [depth_nitros_bridge]: Input image format is not MONO16 image. This node only supports MONO16 image.The current image input is 32FC1
[component_container_mt-2] [ERROR] [1779541621.350907169] [depth_nitros_bridge]: Input image format is not MONO16 image. This node only supports MONO16 image.The current image input is 32FC1
[component_container_mt-2] [ERROR] [1779541621.353287622] [depth_nitros_bridge]: Input image format is not MONO16 image. This node only supports MONO16 image.The current image input is 32FC1
[component_container_mt-2] [ERROR] [1779541621.409977229] [depth_nitros_bridge]: Input image format is not MONO16 image. This node only supports MONO16 image.The current image input is 32FC1
[component_container_mt-2] [ERROR] [1779541621.439041585] [depth_nitros_bridge]: Input image format is not MONO16 image. This node only supports MONO16 image.The current image input is 32FC1
[component_container_mt-2] [ERROR] [1779541621.470852907] [depth_nitros_bridge]: Input image format is not MONO16 image. This node only supports MONO16 image.The current image input is 32FC1
[component_container_mt-2] [ERROR] [1779541621.497278405] [depth_nitros_bridge]: Input image format is not MONO16 image. This node only supports MONO16 image.The current image input is 32FC1
[component_container_mt-2] [ERROR] [1779541621.540651457] [depth_nitros_bridge]: Input image format is not MONO16 image. This node only supports MONO16 image.The current image input is 32FC1
[component_container_mt-2] [ERROR] [1779541621.574122566] [depth_nitros_bridge]: Input image format is not MONO16 image. This node only supports MONO16 image.The current image input is 32FC1
[component_container_mt-2] [ERROR] [1779541621.602930220] [depth_nitros_bridge]: Input image format is not MONO16 image. This node only supports MONO16 image.The current image input is 32FC1
[component_container_mt-2] [ERROR] [1779541621.647029414] [depth_nitros_bridge]: Input image format is not MONO16 image. This node only supports MONO16 image.The current image input is 32FC1
[component_container_mt-2] [ERROR] [1779541621.681928269] [depth_nitros_bridge]: Input image format is not MONO16 image. This node only supports MONO16 image.The current image input is 32FC1
[component_container_mt-2] [ERROR] [1779541621.704466333] [depth_nitros_bridge]: Input image format is not MONO16 image. This node only supports MONO16 image.The current image input is 32FC1
[component_container_mt-2] [ERROR] [1779541621.747543837] [depth_nitros_bridge]: Input image format is not MONO16 image. This node only supports MONO16 image.The current image input is 32FC1
[component_container_mt-2] [ERROR] [1779541621.784448185] [depth_nitros_bridge]: Input image format is not MONO16 image. This node only supports MONO16 image.The current image input is 32FC1
[component_container_mt-2] [ERROR] [1779541621.815430681] [depth_nitros_bridge]: Input image format is not MONO16 image. This node only supports MONO16 image.The current image input is 32FC1
[component_container_mt-2] [ERROR] [1779541621.827004143] [depth_nitros_bridge]: Input image format is not MONO16 image. This node only supports MONO16 image.The current image input is 32FC1
[component_container_mt-2] [ERROR] [1779541621.860750181] [depth_nitros_bridge]: Input image format is not MONO16 image. This node only supports MONO16 image.The current image input is 32FC1
[component_container_mt-2] [ERROR] [1779541621.914437843] [depth_nitros_bridge]: Input image format is not MONO16 image. This node only supports MONO16 image.The current image input is 32FC1
[component_container_mt-2] [ERROR] [1779541621.928062016] [depth_nitros_bridge]: Input image format is not MONO16 image. This node only supports MONO16 image.The current image input is 32FC1
[component_container_mt-2] [ERROR] [1779541621.981723861] [depth_nitros_bridge]: Input image format is not MONO16 image. This node only supports MONO16 image.The current image input is 32FC1
[component_container_mt-2] [ERROR] [1779541622.014073913] [depth_nitros_bridge]: Input image format is not MONO16 image. This node only supports MONO16 image.The current image input is 32FC1
[component_container_mt-2] [ERROR] [1779541622.049854868] [depth_nitros_bridge]: Input image format is not MONO16 image. This node only supports MONO16 image.The current image input is 32FC1
[component_container_mt-2] [ERROR] [1779541622.072858042] [depth_nitros_bridge]: Input image format is not MONO16 image. This node only supports MONO16 image.The current image input is 32FC1
[component_container_mt-2] [ERROR] [1779541622.107050912] [depth_nitros_bridge]: Input image format is not MONO16 image. This node only supports MONO16 image.The current image input is 32FC1
[component_container_mt-2] [ERROR] [1779541622.130933645] [depth_nitros_bridge]: Input image format is not MONO16 image. This node only supports MONO16 image.The current image input is 32FC1
[component_container_mt-2] [ERROR] [1779541622.171812715] [depth_nitros_bridge]: Input image format is not MONO16 image. This node only supports MONO16 image.The current image input is 32FC1
[component_container_mt-2] [ERROR] [1779541622.210072742] [depth_nitros_bridge]: Input image format is not MONO16 image. This node only supports MONO16 image.The current image input is 32FC1
[component_container_mt-2] [ERROR] [1779541622.243844715] [depth_nitros_bridge]: Input image format is not MONO16 image. This node only supports MONO16 image.The current image input is 32FC1
[component_container_mt-2] [ERROR] [1779541622.261262902] [depth_nitros_bridge]: Input image format is not MONO16 image. This node only supports MONO16 image.The current image input is 32FC1
[component_container_mt-2] [ERROR] [1779541622.304544666] [depth_nitros_bridge]: Input image format is not MONO16 image. This node only supports MONO16 image.The current image input is 32FC1
[component_container_mt-2] [ERROR] [1779541622.340175619] [depth_nitros_bridge]: Input image format is not MONO16 image. This node only supports MONO16 image.The current image input is 32FC1
[component_container_mt-2] [ERROR] [1779541622.383022199] [depth_nitros_bridge]: Input image format is not MONO16 image. This node only supports MONO16 image.The current image input is 32FC1
[component_container_mt-2] [ERROR] [1779541622.406880261] [depth_nitros_bridge]: Input image format is not MONO16 image. This node only supports MONO16 image.The current image input is 32FC1
[component_container_mt-2] [ERROR] [1779541622.448587356] [depth_nitros_bridge]: Input image format is not MONO16 image. This node only supports MONO16 image.The current image input is 32FC1
[component_container_mt-2] [ERROR] [1779541622.483255050] [depth_nitros_bridge]: Input image format is not MONO16 image. This node only supports MONO16 image.The current image input is 32FC1
[component_container_mt-2] [ERROR] [1779541622.514748316] [depth_nitros_bridge]: Input image format is not MONO16 image. This node only supports MONO16 image.The current image input is 32FC1
[component_container_mt-2] [ERROR] [1779541622.528986420] [depth_nitros_bridge]: Input image format is not MONO16 image. This node only supports MONO16 image.The current image input is 32FC1
[component_container_mt-2] [ERROR] [1779541622.563465970] [depth_nitros_bridge]: Input image format is not MONO16 image. This node only supports MONO16 image.The current image input is 32FC1
[component_container_mt-2] [ERROR] [1779541622.593959312] [depth_nitros_bridge]: Input image format is not MONO16 image. This node only supports MONO16 image.The current image input is 32FC1
[component_container_mt-2] [ERROR] [1779541622.643396738] [depth_nitros_bridge]: Input image format is not MONO16 image. This node only supports MONO16 image.The current image input is 32FC1
[component_container_mt-2] [ERROR] [1779541622.670228112] [depth_nitros_bridge]: Input image format is not MONO16 image. This node only supports MONO16 image.The current image input is 32FC1
[component_container_mt-2] [ERROR] [1779541622.705014678] [depth_nitros_bridge]: Input image format is not MONO16 image. This node only supports MONO16 image.The current image input is 32FC1
[component_container_mt-2] [ERROR] [1779541622.736961430] [depth_nitros_bridge]: Input image format is not MONO16 image. This node only supports MONO16 image.The current image input is 32FC1
[component_container_mt-2] [ERROR] [1779541622.780051023] [depth_nitros_bridge]: Input image format is not MONO16 image. This node only supports MONO16 image.The current image input is 32FC1
[component_container_mt-2] [ERROR] [1779541622.803150224] [depth_nitros_bridge]: Input image format is not MONO16 image. This node only supports MONO16 image.The current image input is 32FC1
[component_container_mt-2] [ERROR] [1779541622.839860823] [depth_nitros_bridge]: Input image format is not MONO16 image. This node only supports MONO16 image.The current image input is 32FC1
[component_container_mt-2] [ERROR] [1779541622.870833310] [depth_nitros_bridge]: Input image format is not MONO16 image. This node only supports MONO16 image.The current image input is 32FC1
[component_container_mt-2] [ERROR] [1779541622.908167059] [depth_nitros_bridge]: Input image format is not MONO16 image. This node only supports MONO16 image.The current image input is 32FC1
[component_container_mt-2] [ERROR] [1779541622.940096593] [depth_nitros_bridge]: Input image format is not MONO16 image. This node only supports MONO16 image.The current image input is 32FC1
[component_container_mt-2] [ERROR] [1779541622.974731427] [depth_nitros_bridge]: Input image format is not MONO16 image. This node only supports MONO16 image.The current image input is 32FC1
[component_container_mt-2] [ERROR] [1779541623.007957221] [depth_nitros_bridge]: Input image format is not MONO16 image. This node only supports MONO16 image.The current image input is 32FC1
[component_container_mt-2] [ERROR] [1779541623.018654822] [depth_nitros_bridge]: Input image format is not MONO16 image. This node only supports MONO16 image.The current image input is 32FC1
[component_container_mt-2] [ERROR] [1779541623.073192020] [depth_nitros_bridge]: Input image format is not MONO16 image. This node only supports MONO16 image.The current image input is 32FC1
[component_container_mt-2] [ERROR] [1779541623.109136727] [depth_nitros_bridge]: Input image format is not MONO16 image. This node only supports MONO16 image.The current image input is 32FC1
[component_container_mt-2] [ERROR] [1779541623.133127209] [depth_nitros_bridge]: Input image format is not MONO16 image. This node only supports MONO16 image.The current image input is 32FC1
[component_container_mt-2] [ERROR] [1779541623.170794549] [depth_nitros_bridge]: Input image format is not MONO16 image. This node only supports MONO16 image.The current image input is 32FC1
[component_container_mt-2] [ERROR] [1779541623.204773539] [depth_nitros_bridge]: Input image format is not MONO16 image. This node only supports MONO16 image.The current image input is 32FC1
[component_container_mt-2] [ERROR] [1779541623.238633032] [depth_nitros_bridge]: Input image format is not MONO16 image. This node only supports MONO16 image.The current image input is 32FC1
[component_container_mt-2] [ERROR] [1779541623.270256593] [depth_nitros_bridge]: Input image format is not MONO16 image. This node only supports MONO16 image.The current image input is 32FC1
[component_container_mt-2] [ERROR] [1779541623.313438872] [depth_nitros_bridge]: Input image format is not MONO16 image. This node only supports MONO16 image.The current image input is 32FC1
[component_container_mt-2] [ERROR] [1779541623.337145584] [depth_nitros_bridge]: Input image format is not MONO16 image. This node only supports MONO16 image.The current image input is 32FC1
[component_container_mt-2] [ERROR] [1779541623.376624353] [depth_nitros_bridge]: Input image format is not MONO16 image. This node only supports MONO16 image.The current image input is 32FC1
[component_container_mt-2] [ERROR] [1779541623.414503440] [depth_nitros_bridge]: Input image format is not MONO16 image. This node only supports MONO16 image.The current image input is 32FC1
[component_container_mt-2] [ERROR] [1779541623.424909720] [depth_nitros_bridge]: Input image format is not MONO16 image. This node only supports MONO16 image.The current image input is 32FC1
[component_container_mt-2] [ERROR] [1779541623.469727562] [depth_nitros_bridge]: Input image format is not MONO16 image. This node only supports MONO16 image.The current image input is 32FC1
[component_container_mt-2] [ERROR] [1779541623.495864297] [depth_nitros_bridge]: Input image format is not MONO16 image. This node only supports MONO16 image.The current image input is 32FC1
[component_container_mt-2] [ERROR] [1779541623.530362204] [depth_nitros_bridge]: Input image format is not MONO16 image. This node only supports MONO16 image.The current image input is 32FC1
[component_container_mt-2] [ERROR] [1779541623.571769686] [depth_nitros_bridge]: Input image format is not MONO16 image. This node only supports MONO16 image.The current image input is 32FC1
[component_container_mt-2] [ERROR] [1779541623.605452784] [depth_nitros_bridge]: Input image format is not MONO16 image. This node only supports MONO16 image.The current image input is 32FC1
[component_container_mt-2] [ERROR] [1779541623.637795962] [depth_nitros_bridge]: Input image format is not MONO16 image. This node only supports MONO16 image.The current image input is 32FC1
[component_container_mt-2] [ERROR] [1779541623.681981132] [depth_nitros_bridge]: Input image format is not MONO16 image. This node only supports MONO16 image.The current image input is 32FC1
[component_container_mt-2] [ERROR] [1779541623.716371559] [depth_nitros_bridge]: Input image format is not MONO16 image. This node only supports MONO16 image.The current image input is 32FC1
[component_container_mt-2] [ERROR] [1779541623.739613736] [depth_nitros_bridge]: Input image format is not MONO16 image. This node only supports MONO16 image.The current image input is 32FC1
[component_container_mt-2] [ERROR] [1779541623.761088959] [depth_nitros_bridge]: Input image format is not MONO16 image. This node only supports MONO16 image.The current image input is 32FC1
[component_container_mt-2] [ERROR] [1779541623.796510782] [depth_nitros_bridge]: Input image format is not MONO16 image. This node only supports MONO16 image.The current image input is 32FC1
[component_container_mt-2] [ERROR] [1779541623.848205471] [depth_nitros_bridge]: Input image format is not MONO16 image. This node only supports MONO16 image.The current image input is 32FC1
[component_container_mt-2] [ERROR] [1779541623.876310813] [depth_nitros_bridge]: Input image format is not MONO16 image. This node only supports MONO16 image.The current image input is 32FC1
[component_container_mt-2] [ERROR] [1779541623.893668169] [depth_nitros_bridge]: Input image format is not MONO16 image. This node only supports MONO16 image.The current image input is 32FC1
[component_container_mt-2] [ERROR] [1779541623.936502953] [depth_nitros_bridge]: Input image format is not MONO16 image. This node only supports MONO16 image.The current image input is 32FC1
[component_container_mt-2] [ERROR] [1779541623.980112523] [depth_nitros_bridge]: Input image format is not MONO16 image. This node only supports MONO16 image.The current image input is 32FC1
[component_container_mt-2] [ERROR] [1779541624.013580044] [depth_nitros_bridge]: Input image format is not MONO16 image. This node only supports MONO16 image.The current image input is 32FC1
[component_container_mt-2] [ERROR] [1779541624.033713308] [depth_nitros_bridge]: Input image format is not MONO16 image. This node only supports MONO16 image.The current image input is 32FC1
[component_container_mt-2] [ERROR] [1779541624.071579577] [depth_nitros_bridge]: Input image format is not MONO16 image. This node only supports MONO16 image.The current image input is 32FC1
[component_container_mt-2] [ERROR] [1779541624.094031390] [depth_nitros_bridge]: Input image format is not MONO16 image. This node only supports MONO16 image.The current image input is 32FC1
[component_container_mt-2] [ERROR] [1779541624.138317914] [depth_nitros_bridge]: Input image format is not MONO16 image. This node only supports MONO16 image.The current image input is 32FC1
[component_container_mt-2] [ERROR] [1779541624.173117130] [depth_nitros_bridge]: Input image format is not MONO16 image. This node only supports MONO16 image.The current image input is 32FC1
[component_container_mt-2] [ERROR] [1779541624.205224708] [depth_nitros_bridge]: Input image format is not MONO16 image. This node only supports MONO16 image.The current image input is 32FC1
[component_container_mt-2] [ERROR] [1779541624.251290852] [depth_nitros_bridge]: Input image format is not MONO16 image. This node only supports MONO16 image.The current image input is 32FC1
[component_container_mt-2] [ERROR] [1779541624.272867415] [depth_nitros_bridge]: Input image format is not MONO16 image. This node only supports MONO16 image.The current image input is 32FC1
[component_container_mt-2] [ERROR] [1779541624.318218037] [depth_nitros_bridge]: Input image format is not MONO16 image. This node only supports MONO16 image.The current image input is 32FC1
[component_container_mt-2] [ERROR] [1779541624.350932685] [depth_nitros_bridge]: Input image format is not MONO16 image. This node only supports MONO16 image.The current image input is 32FC1
[component_container_mt-2] [ERROR] [1779541624.381052507] [depth_nitros_bridge]: Input image format is not MONO16 image. This node only supports MONO16 image.The current image input is 32FC1
[component_container_mt-2] [ERROR] [1779541624.403288049] [depth_nitros_bridge]: Input image format is not MONO16 image. This node only supports MONO16 image.The current image input is 32FC1
[component_container_mt-2] [ERROR] [1779541624.437937709] [depth_nitros_bridge]: Input image format is not MONO16 image. This node only supports MONO16 image.The current image input is 32FC1
[component_container_mt-2] [ERROR] [1779541624.468806158] [depth_nitros_bridge]: Input image format is not MONO16 image. This node only supports MONO16 image.The current image input is 32FC1
[component_container_mt-2] [ERROR] [1779541624.507114292] [depth_nitros_bridge]: Input image format is not MONO16 image. This node only supports MONO16 image.The current image input is 32FC1
[component_container_mt-2] [ERROR] [1779541624.546478995] [depth_nitros_bridge]: Input image format is not MONO16 image. This node only supports MONO16 image.The current image input is 32FC1
[component_container_mt-2] [ERROR] [1779541624.577866110] [depth_nitros_bridge]: Input image format is not MONO16 image. This node only supports MONO16 image.The current image input is 32FC1
[component_container_mt-2] [ERROR] [1779541624.606070354] [depth_nitros_bridge]: Input image format is not MONO16 image. This node only supports MONO16 image.The current image input is 32FC1
[component_container_mt-2] [ERROR] [1779541624.636784898] [depth_nitros_bridge]: Input image format is not MONO16 image. This node only supports MONO16 image.The current image input is 32FC1
[component_container_mt-2] [ERROR] [1779541624.663820185] [depth_nitros_bridge]: Input image format is not MONO16 image. This node only supports MONO16 image.The current image input is 32FC1
[component_container_mt-2] [ERROR] [1779541624.682651849] [depth_nitros_bridge]: Input image format is not MONO16 image. This node only supports MONO16 image.The current image input is 32FC1
[component_container_mt-2] [ERROR] [1779541624.729877722] [depth_nitros_bridge]: Input image format is not MONO16 image. This node only supports MONO16 image.The current image input is 32FC1
[component_container_mt-2] [ERROR] [1779541624.765273663] [depth_nitros_bridge]: Input image format is not MONO16 image. This node only supports MONO16 image.The current image input is 32FC1
[component_container_mt-2] [ERROR] [1779541624.804432453] [depth_nitros_bridge]: Input image format is not MONO16 image. This node only supports MONO16 image.The current image input is 32FC1
[component_container_mt-2] [ERROR] [1779541624.838535316] [depth_nitros_bridge]: Input image format is not MONO16 image. This node only supports MONO16 image.The current image input is 32FC1
[component_container_mt-2] [ERROR] [1779541624.876489059] [depth_nitros_bridge]: Input image format is not MONO16 image. This node only supports MONO16 image.The current image input is 32FC1
[component_container_mt-2] [ERROR] [1779541624.915569978] [depth_nitros_bridge]: Input image format is not MONO16 image. This node only supports MONO16 image.The current image input is 32FC1
[component_container_mt-2] [ERROR] [1779541624.946443190] [depth_nitros_bridge]: Input image format is not MONO16 image. This node only supports MONO16 image.The current image input is 32FC1
[component_container_mt-2] [ERROR] [1779541624.971425650] [depth_nitros_bridge]: Input image format is not MONO16 image. This node only supports MONO16 image.The current image input is 32FC1
[component_container_mt-2] [ERROR] [1779541625.004144016] [depth_nitros_bridge]: Input image format is not MONO16 image. This node only supports MONO16 image.The current image input is 32FC1
[component_container_mt-2] [ERROR] [1779541625.027298266] [depth_nitros_bridge]: Input image format is not MONO16 image. This node only supports MONO16 image.The current image input is 32FC1
[component_container_mt-2] [ERROR] [1779541625.079977233] [depth_nitros_bridge]: Input image format is not MONO16 image. This node only supports MONO16 image.The current image input is 32FC1
[component_container_mt-2] [ERROR] [1779541625.102866411] [depth_nitros_bridge]: Input image format is not MONO16 image. This node only supports MONO16 image.The current image input is 32FC1
[component_container_mt-2] [ERROR] [1779541625.129746708] [depth_nitros_bridge]: Input image format is not MONO16 image. This node only supports MONO16 image.The current image input is 32FC1
[component_container_mt-2] [ERROR] [1779541625.166624797] [depth_nitros_bridge]: Input image format is not MONO16 image. This node only supports MONO16 image.The current image input is 32FC1
[component_container_mt-2] [ERROR] [1779541625.213687954] [depth_nitros_bridge]: Input image format is not MONO16 image. This node only supports MONO16 image.The current image input is 32FC1
[component_container_mt-2] [ERROR] [1779541625.226517884] [depth_nitros_bridge]: Input image format is not MONO16 image. This node only supports MONO16 image.The current image input is 32FC1
[component_container_mt-2] [ERROR] [1779541625.274967626] [depth_nitros_bridge]: Input image format is not MONO16 image. This node only supports MONO16 image.The current image input is 32FC1
[component_container_mt-2] [ERROR] [1779541625.314894251] [depth_nitros_bridge]: Input image format is not MONO16 image. This node only supports MONO16 image.The current image input is 32FC1
[component_container_mt-2] [ERROR] [1779541625.344364936] [depth_nitros_bridge]: Input image format is not MONO16 image. This node only supports MONO16 image.The current image input is 32FC1
[component_container_mt-2] [ERROR] [1779541625.376034655] [depth_nitros_bridge]: Input image format is not MONO16 image. This node only supports MONO16 image.The current image input is 32FC1
[component_container_mt-2] [ERROR] [1779541625.388680629] [depth_nitros_bridge]: Input image format is not MONO16 image. This node only supports MONO16 image.The current image input is 32FC1
[component_container_mt-2] [ERROR] [1779541625.432558385] [depth_nitros_bridge]: Input image format is not MONO16 image. This node only supports MONO16 image.The current image input is 32FC1
[component_container_mt-2] [ERROR] [1779541625.473864864] [depth_nitros_bridge]: Input image format is not MONO16 image. This node only supports MONO16 image.The current image input is 32FC1
[component_container_mt-2] [ERROR] [1779541625.504609944] [depth_nitros_bridge]: Input image format is not MONO16 image. This node only supports MONO16 image.The current image input is 32FC1
[component_container_mt-2] [ERROR] [1779541625.526964301] [depth_nitros_bridge]: Input image format is not MONO16 image. This node only supports MONO16 image.The current image input is 32FC1
[component_container_mt-2] [ERROR] [1779541625.580547647] [depth_nitros_bridge]: Input image format is not MONO16 image. This node only supports MONO16 image.The current image input is 32FC1
[component_container_mt-2] [ERROR] [1779541625.602591493] [depth_nitros_bridge]: Input image format is not MONO16 image. This node only supports MONO16 image.The current image input is 32FC1
[component_container_mt-2] [ERROR] [1779541625.636785253] [depth_nitros_bridge]: Input image format is not MONO16 image. This node only supports MONO16 image.The current image input is 32FC1
[component_container_mt-2] [ERROR] [1779541625.659973888] [depth_nitros_bridge]: Input image format is not MONO16 image. This node only supports MONO16 image.The current image input is 32FC1
[component_container_mt-2] [ERROR] [1779541625.699760770] [depth_nitros_bridge]: Input image format is not MONO16 image. This node only supports MONO16 image.The current image input is 32FC1
[component_container_mt-2] [ERROR] [1779541625.740193969] [depth_nitros_bridge]: Input image format is not MONO16 image. This node only supports MONO16 image.The current image input is 32FC1
[component_container_mt-2] [ERROR] [1779541625.765432912] [depth_nitros_bridge]: Input image format is not MONO16 image. This node only supports MONO16 image.The current image input is 32FC1
[component_container_mt-2] [ERROR] [1779541625.814874149] [depth_nitros_bridge]: Input image format is not MONO16 image. This node only supports MONO16 image.The current image input is 32FC1
[component_container_mt-2] [ERROR] [1779541625.849434162] [depth_nitros_bridge]: Input image format is not MONO16 image. This node only supports MONO16 image.The current image input is 32FC1
[component_container_mt-2] [ERROR] [1779541625.869830035] [depth_nitros_bridge]: Input image format is not MONO16 image. This node only supports MONO16 image.The current image input is 32FC1
[component_container_mt-2] [ERROR] [1779541625.904477181] [depth_nitros_bridge]: Input image format is not MONO16 image. This node only supports MONO16 image.The current image input is 32FC1
[component_container_mt-2] [ERROR] [1779541625.928838957] [depth_nitros_bridge]: Input image format is not MONO16 image. This node only supports MONO16 image.The current image input is 32FC1
[component_container_mt-2] [ERROR] [1779541625.961421531] [depth_nitros_bridge]: Input image format is not MONO16 image. This node only supports MONO16 image.The current image input is 32FC1
[component_container_mt-2] [ERROR] [1779541626.008730430] [depth_nitros_bridge]: Input image format is not MONO16 image. This node only supports MONO16 image.The current image input is 32FC1
[component_container_mt-2] [ERROR] [1779541626.046761114] [depth_nitros_bridge]: Input image format is not MONO16 image. This node only supports MONO16 image.The current image input is 32FC1
[component_container_mt-2] [ERROR] [1779541626.072641099] [depth_nitros_bridge]: Input image format is not MONO16 image. This node only supports MONO16 image.The current image input is 32FC1
[component_container_mt-2] [ERROR] [1779541626.093636479] [depth_nitros_bridge]: Input image format is not MONO16 image. This node only supports MONO16 image.The current image input is 32FC1
[component_container_mt-2] [ERROR] [1779541626.137860939] [depth_nitros_bridge]: Input image format is not MONO16 image. This node only supports MONO16 image.The current image input is 32FC1
[component_container_mt-2] [ERROR] [1779541626.158362409] [depth_nitros_bridge]: Input image format is not MONO16 image. This node only supports MONO16 image.The current image input is 32FC1
[component_container_mt-2] [ERROR] [1779541626.196721642] [depth_nitros_bridge]: Input image format is not MONO16 image. This node only supports MONO16 image.The current image input is 32FC1
[component_container_mt-2] [ERROR] [1779541626.229960981] [depth_nitros_bridge]: Input image format is not MONO16 image. This node only supports MONO16 image.The current image input is 32FC1
[component_container_mt-2] [ERROR] [1779541626.277784443] [depth_nitros_bridge]: Input image format is not MONO16 image. This node only supports MONO16 image.The current image input is 32FC1
[component_container_mt-2] [ERROR] [1779541626.304576611] [depth_nitros_bridge]: Input image format is not MONO16 image. This node only supports MONO16 image.The current image input is 32FC1
[component_container_mt-2] [ERROR] [1779541626.338715411] [depth_nitros_bridge]: Input image format is not MONO16 image. This node only supports MONO16 image.The current image input is 32FC1
[component_container_mt-2] [ERROR] [1779541626.359758902] [depth_nitros_bridge]: Input image format is not MONO16 image. This node only supports MONO16 image.The current image input is 32FC1
[component_container_mt-2] [ERROR] [1779541626.416765835] [depth_nitros_bridge]: Input image format is not MONO16 image. This node only supports MONO16 image.The current image input is 32FC1
[component_container_mt-2] [ERROR] [1779541626.441126072] [depth_nitros_bridge]: Input image format is not MONO16 image. This node only supports MONO16 image.The current image input is 32FC1
[component_container_mt-2] [ERROR] [1779541626.471129835] [depth_nitros_bridge]: Input image format is not MONO16 image. This node only supports MONO16 image.The current image input is 32FC1
[component_container_mt-2] [ERROR] [1779541626.504733013] [depth_nitros_bridge]: Input image format is not MONO16 image. This node only supports MONO16 image.The current image input is 32FC1
[component_container_mt-2] [ERROR] [1779541626.546700256] [depth_nitros_bridge]: Input image format is not MONO16 image. This node only supports MONO16 image.The current image input is 32FC1
[component_container_mt-2] [ERROR] [1779541626.576995084] [depth_nitros_bridge]: Input image format is not MONO16 image. This node only supports MONO16 image.The current image input is 32FC1
[component_container_mt-2] [ERROR] [1779541626.610488636] [depth_nitros_bridge]: Input image format is not MONO16 image. This node only supports MONO16 image.The current image input is 32FC1
[component_container_mt-2] [ERROR] [1779541626.630588623] [depth_nitros_bridge]: Input image format is not MONO16 image. This node only supports MONO16 image.The current image input is 32FC1
[component_container_mt-2] [ERROR] [1779541626.665172312] [depth_nitros_bridge]: Input image format is not MONO16 image. This node only supports MONO16 image.The current image input is 32FC1
[component_container_mt-2] [ERROR] [1779541626.705115160] [depth_nitros_bridge]: Input image format is not MONO16 image. This node only supports MONO16 image.The current image input is 32FC1
[component_container_mt-2] [ERROR] [1779541626.735601033] [depth_nitros_bridge]: Input image format is not MONO16 image. This node only supports MONO16 image.The current image input is 32FC1
[component_container_mt-2] [ERROR] [1779541626.781715039] [depth_nitros_bridge]: Input image format is not MONO16 image. This node only supports MONO16 image.The current image input is 32FC1
[component_container_mt-2] [ERROR] [1779541626.803205103] [depth_nitros_bridge]: Input image format is not MONO16 image. This node only supports MONO16 image.The current image input is 32FC1
[component_container_mt-2] [ERROR] [1779541626.826661018] [depth_nitros_bridge]: Input image format is not MONO16 image. This node only supports MONO16 image.The current image input is 32FC1
[component_container_mt-2] [ERROR] [1779541626.874024343] [depth_nitros_bridge]: Input image format is not MONO16 image. This node only supports MONO16 image.The current image input is 32FC1
[component_container_mt-2] [ERROR] [1779541626.896410787] [depth_nitros_bridge]: Input image format is not MONO16 image. This node only supports MONO16 image.The current image input is 32FC1
[component_container_mt-2] [ERROR] [1779541626.930209741] [depth_nitros_bridge]: Input image format is not MONO16 image. This node only supports MONO16 image.The current image input is 32FC1
[component_container_mt-2] [ERROR] [1779541626.972190856] [depth_nitros_bridge]: Input image format is not MONO16 image. This node only supports MONO16 image.The current image input is 32FC1
[component_container_mt-2] [ERROR] [1779541627.007351056] [depth_nitros_bridge]: Input image format is not MONO16 image. This node only supports MONO16 image.The current image input is 32FC1
[component_container_mt-2] [ERROR] [1779541627.027917443] [depth_nitros_bridge]: Input image format is not MONO16 image. This node only supports MONO16 image.The current image input is 32FC1
[component_container_mt-2] [ERROR] [1779541627.082966934] [depth_nitros_bridge]: Input image format is not MONO16 image. This node only supports MONO16 image.The current image input is 32FC1
[component_container_mt-2] [ERROR] [1779541627.106542396] [depth_nitros_bridge]: Input image format is not MONO16 image. This node only supports MONO16 image.The current image input is 32FC1
[component_container_mt-2] [ERROR] [1779541627.156153706] [depth_nitros_bridge]: Input image format is not MONO16 image. This node only supports MONO16 image.The current image input is 32FC1
[component_container_mt-2] [ERROR] [1779541627.178244149] [depth_nitros_bridge]: Input image format is not MONO16 image. This node only supports MONO16 image.The current image input is 32FC1
[component_container_mt-2] [ERROR] [1779541627.214019030] [depth_nitros_bridge]: Input image format is not MONO16 image. This node only supports MONO16 image.The current image input is 32FC1
[component_container_mt-2] [ERROR] [1779541627.233321131] [depth_nitros_bridge]: Input image format is not MONO16 image. This node only supports MONO16 image.The current image input is 32FC1
[component_container_mt-2] [ERROR] [1779541627.276396484] [depth_nitros_bridge]: Input image format is not MONO16 image. This node only supports MONO16 image.The current image input is 32FC1
[component_container_mt-2] [ERROR] [1779541627.306130524] [depth_nitros_bridge]: Input image format is not MONO16 image. This node only supports MONO16 image.The current image input is 32FC1
[component_container_mt-2] [ERROR] [1779541627.336937660] [depth_nitros_bridge]: Input image format is not MONO16 image. This node only supports MONO16 image.The current image input is 32FC1
[component_container_mt-2] [ERROR] [1779541627.370720208] [depth_nitros_bridge]: Input image format is not MONO16 image. This node only supports MONO16 image.The current image input is 32FC1
[component_container_mt-2] [ERROR] [1779541627.403139863] [depth_nitros_bridge]: Input image format is not MONO16 image. This node only supports MONO16 image.The current image input is 32FC1
[component_container_mt-2] [ERROR] [1779541627.439696074] [depth_nitros_bridge]: Input image format is not MONO16 image. This node only supports MONO16 image.The current image input is 32FC1
[component_container_mt-2] [ERROR] [1779541627.472194536] [depth_nitros_bridge]: Input image format is not MONO16 image. This node only supports MONO16 image.The current image input is 32FC1
[component_container_mt-2] [ERROR] [1779541627.515254963] [depth_nitros_bridge]: Input image format is not MONO16 image. This node only supports MONO16 image.The current image input is 32FC1
[component_container_mt-2] [ERROR] [1779541627.530392313] [depth_nitros_bridge]: Input image format is not MONO16 image. This node only supports MONO16 image.The current image input is 32FC1
[component_container_mt-2] [ERROR] [1779541627.561363877] [depth_nitros_bridge]: Input image format is not MONO16 image. This node only supports MONO16 image.The current image input is 32FC1
[component_container_mt-2] [ERROR] [1779541627.604854333] [depth_nitros_bridge]: Input image format is not MONO16 image. This node only supports MONO16 image.The current image input is 32FC1
[component_container_mt-2] [ERROR] [1779541627.628563179] [depth_nitros_bridge]: Input image format is not MONO16 image. This node only supports MONO16 image.The current image input is 32FC1
[component_container_mt-2] [ERROR] [1779541627.670934751] [depth_nitros_bridge]: Input image format is not MONO16 image. This node only supports MONO16 image.The current image input is 32FC1
[component_container_mt-2] [ERROR] [1779541627.710301379] [depth_nitros_bridge]: Input image format is not MONO16 image. This node only supports MONO16 image.The current image input is 32FC1
[component_container_mt-2] [ERROR] [1779541627.736584355] [depth_nitros_bridge]: Input image format is not MONO16 image. This node only supports MONO16 image.The current image input is 32FC1
[component_container_mt-2] [ERROR] [1779541627.777121727] [depth_nitros_bridge]: Input image format is not MONO16 image. This node only supports MONO16 image.The current image input is 32FC1
[component_container_mt-2] [ERROR] [1779541627.817746211] [depth_nitros_bridge]: Input image format is not MONO16 image. This node only supports MONO16 image.The current image input is 32FC1
[component_container_mt-2] [ERROR] [1779541627.828738158] [depth_nitros_bridge]: Input image format is not MONO16 image. This node only supports MONO16 image.The current image input is 32FC1
[component_container_mt-2] [ERROR] [1779541627.862845811] [depth_nitros_bridge]: Input image format is not MONO16 image. This node only supports MONO16 image.The current image input is 32FC1
[component_container_mt-2] [ERROR] [1779541627.900394985] [depth_nitros_bridge]: Input image format is not MONO16 image. This node only supports MONO16 image.The current image input is 32FC1
[component_container_mt-2] [ERROR] [1779541627.933561480] [depth_nitros_bridge]: Input image format is not MONO16 image. This node only supports MONO16 image.The current image input is 32FC1
[component_container_mt-2] [ERROR] [1779541627.971249859] [depth_nitros_bridge]: Input image format is not MONO16 image. This node only supports MONO16 image.The current image input is 32FC1
[component_container_mt-2] [ERROR] [1779541628.003468720] [depth_nitros_bridge]: Input image format is not MONO16 image. This node only supports MONO16 image.The current image input is 32FC1
[component_container_mt-2] [ERROR] [1779541628.021475860] [depth_nitros_bridge]: Input image format is not MONO16 image. This node only supports MONO16 image.The current image input is 32FC1
[component_container_mt-2] [ERROR] [1779541628.070309000] [depth_nitros_bridge]: Input image format is not MONO16 image. This node only supports MONO16 image.The current image input is 32FC1
[component_container_mt-2] [ERROR] [1779541628.103424643] [depth_nitros_bridge]: Input image format is not MONO16 image. This node only supports MONO16 image.The current image input is 32FC1
[component_container_mt-2] [ERROR] [1779541628.137998769] [depth_nitros_bridge]: Input image format is not MONO16 image. This node only supports MONO16 image.The current image input is 32FC1
[component_container_mt-2] [ERROR] [1779541628.170174233] [depth_nitros_bridge]: Input image format is not MONO16 image. This node only supports MONO16 image.The current image input is 32FC1
[component_container_mt-2] [ERROR] [1779541628.204115089] [depth_nitros_bridge]: Input image format is not MONO16 image. This node only supports MONO16 image.The current image input is 32FC1
[component_container_mt-2] [ERROR] [1779541628.245718271] [depth_nitros_bridge]: Input image format is not MONO16 image. This node only supports MONO16 image.The current image input is 32FC1
[component_container_mt-2] [ERROR] [1779541628.267922460] [depth_nitros_bridge]: Input image format is not MONO16 image. This node only supports MONO16 image.The current image input is 32FC1
[component_container_mt-2] [ERROR] [1779541628.309662373] [depth_nitros_bridge]: Input image format is not MONO16 image. This node only supports MONO16 image.The current image input is 32FC1
[component_container_mt-2] [ERROR] [1779541628.342045477] [depth_nitros_bridge]: Input image format is not MONO16 image. This node only supports MONO16 image.The current image input is 32FC1
[component_container_mt-2] [ERROR] [1779541628.369811460] [depth_nitros_bridge]: Input image format is not MONO16 image. This node only supports MONO16 image.The current image input is 32FC1
[component_container_mt-2] [ERROR] [1779541628.393474645] [depth_nitros_bridge]: Input image format is not MONO16 image. This node only supports MONO16 image.The current image input is 32FC1
[component_container_mt-2] [ERROR] [1779541628.432367685] [depth_nitros_bridge]: Input image format is not MONO16 image. This node only supports MONO16 image.The current image input is 32FC1
[component_container_mt-2] [ERROR] [1779541628.472594079] [depth_nitros_bridge]: Input image format is not MONO16 image. This node only supports MONO16 image.The current image input is 32FC1
[component_container_mt-2] [ERROR] [1779541628.517563921] [depth_nitros_bridge]: Input image format is not MONO16 image. This node only supports MONO16 image.The current image input is 32FC1
[component_container_mt-2] [ERROR] [1779541628.528056093] [depth_nitros_bridge]: Input image format is not MONO16 image. This node only supports MONO16 image.The current image input is 32FC1
[component_container_mt-2] [ERROR] [1779541628.561489736] [depth_nitros_bridge]: Input image format is not MONO16 image. This node only supports MONO16 image.The current image input is 32FC1
[component_container_mt-2] [ERROR] [1779541628.593688155] [depth_nitros_bridge]: Input image format is not MONO16 image. This node only supports MONO16 image.The current image input is 32FC1
[component_container_mt-2] [ERROR] [1779541628.630189796] [depth_nitros_bridge]: Input image format is not MONO16 image. This node only supports MONO16 image.The current image input is 32FC1
[component_container_mt-2] [ERROR] [1779541628.673434725] [depth_nitros_bridge]: Input image format is not MONO16 image. This node only supports MONO16 image.The current image input is 32FC1
[component_container_mt-2] [ERROR] [1779541628.705929372] [depth_nitros_bridge]: Input image format is not MONO16 image. This node only supports MONO16 image.The current image input is 32FC1
[component_container_mt-2] [ERROR] [1779541628.738697786] [depth_nitros_bridge]: Input image format is not MONO16 image. This node only supports MONO16 image.The current image input is 32FC1
[component_container_mt-2] [ERROR] [1779541628.762231824] [depth_nitros_bridge]: Input image format is not MONO16 image. This node only supports MONO16 image.The current image input is 32FC1
[component_container_mt-2] [ERROR] [1779541628.796391583] [depth_nitros_bridge]: Input image format is not MONO16 image. This node only supports MONO16 image.The current image input is 32FC1
[component_container_mt-2] [ERROR] [1779541628.830118192] [depth_nitros_bridge]: Input image format is not MONO16 image. This node only supports MONO16 image.The current image input is 32FC1
[component_container_mt-2] [ERROR] [1779541628.860750757] [depth_nitros_bridge]: Input image format is not MONO16 image. This node only supports MONO16 image.The current image input is 32FC1
[component_container_mt-2] [ERROR] [1779541628.899922080] [depth_nitros_bridge]: Input image format is not MONO16 image. This node only supports MONO16 image.The current image input is 32FC1
[component_container_mt-2] [ERROR] [1779541628.943762189] [depth_nitros_bridge]: Input image format is not MONO16 image. This node only supports MONO16 image.The current image input is 32FC1
[component_container_mt-2] [ERROR] [1779541628.970466969] [depth_nitros_bridge]: Input image format is not MONO16 image. This node only supports MONO16 image.The current image input is 32FC1
[component_container_mt-2] [ERROR] [1779541629.006683049] [depth_nitros_bridge]: Input image format is not MONO16 image. This node only supports MONO16 image.The current image input is 32FC1
[component_container_mt-2] [ERROR] [1779541629.037520838] [depth_nitros_bridge]: Input image format is not MONO16 image. This node only supports MONO16 image.The current image input is 32FC1
[component_container_mt-2] [ERROR] [1779541629.095756653] [depth_nitros_bridge]: Input image format is not MONO16 image. This node only supports MONO16 image.The current image input is 32FC1
[component_container_mt-2] [ERROR] [1779541629.136891244] [depth_nitros_bridge]: Input image format is not MONO16 image. This node only supports MONO16 image.The current image input is 32FC1
[component_container_mt-2] [ERROR] [1779541629.160646962] [depth_nitros_bridge]: Input image format is not MONO16 image. This node only supports MONO16 image.The current image input is 32FC1
[component_container_mt-2] [ERROR] [1779541629.203327290] [depth_nitros_bridge]: Input image format is not MONO16 image. This node only supports MONO16 image.The current image input is 32FC1
[component_container_mt-2] [ERROR] [1779541629.228828904] [depth_nitros_bridge]: Input image format is not MONO16 image. This node only supports MONO16 image.The current image input is 32FC1
[component_container_mt-2] [ERROR] [1779541629.260868778] [depth_nitros_bridge]: Input image format is not MONO16 image. This node only supports MONO16 image.The current image input is 32FC1
[component_container_mt-2] [ERROR] [1779541629.307078223] [depth_nitros_bridge]: Input image format is not MONO16 image. This node only supports MONO16 image.The current image input is 32FC1
[component_container_mt-2] [ERROR] [1779541629.337044300] [depth_nitros_bridge]: Input image format is not MONO16 image. This node only supports MONO16 image.The current image input is 32FC1
[component_container_mt-2] [ERROR] [1779541629.357569154] [depth_nitros_bridge]: Input image format is not MONO16 image. This node only supports MONO16 image.The current image input is 32FC1
[component_container_mt-2] [ERROR] [1779541629.398706937] [depth_nitros_bridge]: Input image format is not MONO16 image. This node only supports MONO16 image.The current image input is 32FC1
[component_container_mt-2] [ERROR] [1779541629.417007126] [depth_nitros_bridge]: Input image format is not MONO16 image. This node only supports MONO16 image.The current image input is 32FC1
[component_container_mt-2] [ERROR] [1779541629.470062516] [depth_nitros_bridge]: Input image format is not MONO16 image. This node only supports MONO16 image.The current image input is 32FC1
[component_container_mt-2] [ERROR] [1779541629.499344382] [depth_nitros_bridge]: Input image format is not MONO16 image. This node only supports MONO16 image.The current image input is 32FC1
[component_container_mt-2] [ERROR] [1779541629.534837624] [depth_nitros_bridge]: Input image format is not MONO16 image. This node only supports MONO16 image.The current image input is 32FC1
[component_container_mt-2] [ERROR] [1779541629.561873956] [depth_nitros_bridge]: Input image format is not MONO16 image. This node only supports MONO16 image.The current image input is 32FC1
[component_container_mt-2] [ERROR] [1779541629.598123413] [depth_nitros_bridge]: Input image format is not MONO16 image. This node only supports MONO16 image.The current image input is 32FC1
[component_container_mt-2] [ERROR] [1779541629.644041585] [depth_nitros_bridge]: Input image format is not MONO16 image. This node only supports MONO16 image.The current image input is 32FC1
[component_container_mt-2] [ERROR] [1779541629.666984829] [depth_nitros_bridge]: Input image format is not MONO16 image. This node only supports MONO16 image.The current image input is 32FC1
[component_container_mt-2] [ERROR] [1779541629.715962823] [depth_nitros_bridge]: Input image format is not MONO16 image. This node only supports MONO16 image.The current image input is 32FC1
[component_container_mt-2] [ERROR] [1779541629.741757650] [depth_nitros_bridge]: Input image format is not MONO16 image. This node only supports MONO16 image.The current image input is 32FC1
[component_container_mt-2] [ERROR] [1779541629.783543262] [depth_nitros_bridge]: Input image format is not MONO16 image. This node only supports MONO16 image.The current image input is 32FC1
[component_container_mt-2] [ERROR] [1779541629.806815476] [depth_nitros_bridge]: Input image format is not MONO16 image. This node only supports MONO16 image.The current image input is 32FC1
[component_container_mt-2] [ERROR] [1779541629.839813890] [depth_nitros_bridge]: Input image format is not MONO16 image. This node only supports MONO16 image.The current image input is 32FC1
[component_container_mt-2] [ERROR] [1779541629.874206411] [depth_nitros_bridge]: Input image format is not MONO16 image. This node only supports MONO16 image.The current image input is 32FC1
[component_container_mt-2] [ERROR] [1779541629.922208785] [depth_nitros_bridge]: Input image format is not MONO16 image. This node only supports MONO16 image.The current image input is 32FC1
[component_container_mt-2] [ERROR] [1779541629.947840127] [depth_nitros_bridge]: Input image format is not MONO16 image. This node only supports MONO16 image.The current image input is 32FC1
[component_container_mt-2] [ERROR] [1779541629.981551467] [depth_nitros_bridge]: Input image format is not MONO16 image. This node only supports MONO16 image.The current image input is 32FC1
[component_container_mt-2] [ERROR] [1779541630.013139959] [depth_nitros_bridge]: Input image format is not MONO16 image. This node only supports MONO16 image.The current image input is 32FC1
[component_container_mt-2] [ERROR] [1779541630.048301172] [depth_nitros_bridge]: Input image format is not MONO16 image. This node only supports MONO16 image.The current image input is 32FC1
[component_container_mt-2] [ERROR] [1779541630.049716897] [depth_nitros_bridge]: Input image format is not MONO16 image. This node only supports MONO16 image.The current image input is 32FC1
[component_container_mt-2] [ERROR] [1779541630.106037695] [depth_nitros_bridge]: Input image format is not MONO16 image. This node only supports MONO16 image.The current image input is 32FC1
[component_container_mt-2] [ERROR] [1779541630.129186278] [depth_nitros_bridge]: Input image format is not MONO16 image. This node only supports MONO16 image.The current image input is 32FC1
[component_container_mt-2] [ERROR] [1779541630.161279898] [depth_nitros_bridge]: Input image format is not MONO16 image. This node only supports MONO16 image.The current image input is 32FC1
[component_container_mt-2] [ERROR] [1779541630.195689930] [depth_nitros_bridge]: Input image format is not MONO16 image. This node only supports MONO16 image.The current image input is 32FC1
[component_container_mt-2] [ERROR] [1779541630.236682926] [depth_nitros_bridge]: Input image format is not MONO16 image. This node only supports MONO16 image.The current image input is 32FC1
[component_container_mt-2] [ERROR] [1779541630.262256145] [depth_nitros_bridge]: Input image format is not MONO16 image. This node only supports MONO16 image.The current image input is 32FC1
[component_container_mt-2] [ERROR] [1779541630.313917466] [depth_nitros_bridge]: Input image format is not MONO16 image. This node only supports MONO16 image.The current image input is 32FC1
[component_container_mt-2] [ERROR] [1779541630.346779873] [depth_nitros_bridge]: Input image format is not MONO16 image. This node only supports MONO16 image.The current image input is 32FC1
[component_container_mt-2] [ERROR] [1779541630.370800175] [depth_nitros_bridge]: Input image format is not MONO16 image. This node only supports MONO16 image.The current image input is 32FC1
[component_container_mt-2] [ERROR] [1779541630.400471134] [depth_nitros_bridge]: Input image format is not MONO16 image. This node only supports MONO16 image.The current image input is 32FC1
[component_container_mt-2] [ERROR] [1779541630.450790080] [depth_nitros_bridge]: Input image format is not MONO16 image. This node only supports MONO16 image.The current image input is 32FC1
[component_container_mt-2] [ERROR] [1779541630.480817332] [depth_nitros_bridge]: Input image format is not MONO16 image. This node only supports MONO16 image.The current image input is 32FC1
[component_container_mt-2] [ERROR] [1779541630.503412353] [depth_nitros_bridge]: Input image format is not MONO16 image. This node only supports MONO16 image.The current image input is 32FC1
[component_container_mt-2] [ERROR] [1779541630.522300339] [depth_nitros_bridge]: Input image format is not MONO16 image. This node only supports MONO16 image.The current image input is 32FC1
[component_container_mt-2] [ERROR] [1779541630.569839398] [depth_nitros_bridge]: Input image format is not MONO16 image. This node only supports MONO16 image.The current image input is 32FC1
[component_container_mt-2] [ERROR] [1779541630.604368190] [depth_nitros_bridge]: Input image format is not MONO16 image. This node only supports MONO16 image.The current image input is 32FC1
[component_container_mt-2] [ERROR] [1779541630.636360733] [depth_nitros_bridge]: Input image format is not MONO16 image. This node only supports MONO16 image.The current image input is 32FC1
[component_container_mt-2] [ERROR] [1779541630.670469772] [depth_nitros_bridge]: Input image format is not MONO16 image. This node only supports MONO16 image.The current image input is 32FC1
[component_container_mt-2] [ERROR] [1779541630.703868550] [depth_nitros_bridge]: Input image format is not MONO16 image. This node only supports MONO16 image.The current image input is 32FC1
[component_container_mt-2] [ERROR] [1779541630.731400602] [depth_nitros_bridge]: Input image format is not MONO16 image. This node only supports MONO16 image.The current image input is 32FC1
[component_container_mt-2] [ERROR] [1779541630.765140105] [depth_nitros_bridge]: Input image format is not MONO16 image. This node only supports MONO16 image.The current image input is 32FC1
[component_container_mt-2] [ERROR] [1779541630.803961109] [depth_nitros_bridge]: Input image format is not MONO16 image. This node only supports MONO16 image.The current image input is 32FC1
[component_container_mt-2] [ERROR] [1779541630.838042591] [depth_nitros_bridge]: Input image format is not MONO16 image. This node only supports MONO16 image.The current image input is 32FC1
[component_container_mt-2] [ERROR] [1779541630.864827993] [depth_nitros_bridge]: Input image format is not MONO16 image. This node only supports MONO16 image.The current image input is 32FC1
[component_container_mt-2] [ERROR] [1779541630.903837238] [depth_nitros_bridge]: Input image format is not MONO16 image. This node only supports MONO16 image.The current image input is 32FC1
[component_container_mt-2] [ERROR] [1779541630.937102914] [depth_nitros_bridge]: Input image format is not MONO16 image. This node only supports MONO16 image.The current image input is 32FC1
[component_container_mt-2] [ERROR] [1779541630.962925440] [depth_nitros_bridge]: Input image format is not MONO16 image. This node only supports MONO16 image.The current image input is 32FC1
[component_container_mt-2] [ERROR] [1779541631.010554252] [depth_nitros_bridge]: Input image format is not MONO16 image. This node only supports MONO16 image.The current image input is 32FC1
[component_container_mt-2] [ERROR] [1779541631.042029329] [depth_nitros_bridge]: Input image format is not MONO16 image. This node only supports MONO16 image.The current image input is 32FC1
[component_container_mt-2] [ERROR] [1779541631.079857562] [depth_nitros_bridge]: Input image format is not MONO16 image. This node only supports MONO16 image.The current image input is 32FC1
[component_container_mt-2] [ERROR] [1779541631.114902580] [depth_nitros_bridge]: Input image format is not MONO16 image. This node only supports MONO16 image.The current image input is 32FC1
[component_container_mt-2] [ERROR] [1779541631.146959402] [depth_nitros_bridge]: Input image format is not MONO16 image. This node only supports MONO16 image.The current image input is 32FC1
[component_container_mt-2] [ERROR] [1779541631.179866626] [depth_nitros_bridge]: Input image format is not MONO16 image. This node only supports MONO16 image.The current image input is 32FC1
[component_container_mt-2] [ERROR] [1779541631.207782977] [depth_nitros_bridge]: Input image format is not MONO16 image. This node only supports MONO16 image.The current image input is 32FC1
[component_container_mt-2] [ERROR] [1779541631.242473065] [depth_nitros_bridge]: Input image format is not MONO16 image. This node only supports MONO16 image.The current image input is 32FC1
[component_container_mt-2] [ERROR] [1779541631.270384186] [depth_nitros_bridge]: Input image format is not MONO16 image. This node only supports MONO16 image.The current image input is 32FC1
[component_container_mt-2] [ERROR] [1779541631.310334474] [depth_nitros_bridge]: Input image format is not MONO16 image. This node only supports MONO16 image.The current image input is 32FC1
[component_container_mt-2] [ERROR] [1779541631.337113872] [depth_nitros_bridge]: Input image format is not MONO16 image. This node only supports MONO16 image.The current image input is 32FC1
[component_container_mt-2] [ERROR] [1779541631.376140411] [depth_nitros_bridge]: Input image format is not MONO16 image. This node only supports MONO16 image.The current image input is 32FC1
[component_container_mt-2] [ERROR] [1779541631.407641597] [depth_nitros_bridge]: Input image format is not MONO16 image. This node only supports MONO16 image.The current image input is 32FC1
[component_container_mt-2] [ERROR] [1779541631.448834468] [depth_nitros_bridge]: Input image format is not MONO16 image. This node only supports MONO16 image.The current image input is 32FC1
[component_container_mt-2] [ERROR] [1779541631.477995419] [depth_nitros_bridge]: Input image format is not MONO16 image. This node only supports MONO16 image.The current image input is 32FC1
[component_container_mt-2] [ERROR] [1779541631.518853052] [depth_nitros_bridge]: Input image format is not MONO16 image. This node only supports MONO16 image.The current image input is 32FC1
[component_container_mt-2] [ERROR] [1779541631.528202571] [depth_nitros_bridge]: Input image format is not MONO16 image. This node only supports MONO16 image.The current image input is 32FC1
[component_container_mt-2] [ERROR] [1779541631.571643608] [depth_nitros_bridge]: Input image format is not MONO16 image. This node only supports MONO16 image.The current image input is 32FC1
[component_container_mt-2] [ERROR] [1779541631.602664496] [depth_nitros_bridge]: Input image format is not MONO16 image. This node only supports MONO16 image.The current image input is 32FC1
[component_container_mt-2] [ERROR] [1779541631.636613215] [depth_nitros_bridge]: Input image format is not MONO16 image. This node only supports MONO16 image.The current image input is 32FC1
[component_container_mt-2] [ERROR] [1779541631.679911017] [depth_nitros_bridge]: Input image format is not MONO16 image. This node only supports MONO16 image.The current image input is 32FC1
[component_container_mt-2] [ERROR] [1779541631.703277864] [depth_nitros_bridge]: Input image format is not MONO16 image. This node only supports MONO16 image.The current image input is 32FC1
[component_container_mt-2] [ERROR] [1779541631.747142400] [depth_nitros_bridge]: Input image format is not MONO16 image. This node only supports MONO16 image.The current image input is 32FC1
[component_container_mt-2] [ERROR] [1779541631.783921221] [depth_nitros_bridge]: Input image format is not MONO16 image. This node only supports MONO16 image.The current image input is 32FC1
[component_container_mt-2] [ERROR] [1779541631.806882784] [depth_nitros_bridge]: Input image format is not MONO16 image. This node only supports MONO16 image.The current image input is 32FC1
[component_container_mt-2] [ERROR] [1779541631.846779952] [depth_nitros_bridge]: Input image format is not MONO16 image. This node only supports MONO16 image.The current image input is 32FC1
[component_container_mt-2] [ERROR] [1779541631.879409602] [depth_nitros_bridge]: Input image format is not MONO16 image. This node only supports MONO16 image.The current image input is 32FC1
[component_container_mt-2] [ERROR] [1779541631.913541677] [depth_nitros_bridge]: Input image format is not MONO16 image. This node only supports MONO16 image.The current image input is 32FC1
[component_container_mt-2] [ERROR] [1779541631.936476413] [depth_nitros_bridge]: Input image format is not MONO16 image. This node only supports MONO16 image.The current image input is 32FC1
[component_container_mt-2] [ERROR] [1779541631.972480522] [depth_nitros_bridge]: Input image format is not MONO16 image. This node only supports MONO16 image.The current image input is 32FC1
[component_container_mt-2] [ERROR] [1779541632.013897616] [depth_nitros_bridge]: Input image format is not MONO16 image. This node only supports MONO16 image.The current image input is 32FC1
[component_container_mt-2] [ERROR] [1779541632.037554814] [depth_nitros_bridge]: Input image format is not MONO16 image. This node only supports MONO16 image.The current image input is 32FC1
[component_container_mt-2] [ERROR] [1779541632.071405196] [depth_nitros_bridge]: Input image format is not MONO16 image. This node only supports MONO16 image.The current image input is 32FC1
[component_container_mt-2] [ERROR] [1779541632.103276579] [depth_nitros_bridge]: Input image format is not MONO16 image. This node only supports MONO16 image.The current image input is 32FC1
[component_container_mt-2] [ERROR] [1779541632.136809501] [depth_nitros_bridge]: Input image format is not MONO16 image. This node only supports MONO16 image.The current image input is 32FC1
[component_container_mt-2] [ERROR] [1779541632.171718499] [depth_nitros_bridge]: Input image format is not MONO16 image. This node only supports MONO16 image.The current image input is 32FC1
[component_container_mt-2] [ERROR] [1779541632.206841496] [depth_nitros_bridge]: Input image format is not MONO16 image. This node only supports MONO16 image.The current image input is 32FC1
[component_container_mt-2] [ERROR] [1779541632.238495111] [depth_nitros_bridge]: Input image format is not MONO16 image. This node only supports MONO16 image.The current image input is 32FC1
[component_container_mt-2] [ERROR] [1779541632.279923249] [depth_nitros_bridge]: Input image format is not MONO16 image. This node only supports MONO16 image.The current image input is 32FC1
[component_container_mt-2] [ERROR] [1779541632.282707594] [depth_nitros_bridge]: Input image format is not MONO16 image. This node only supports MONO16 image.The current image input is 32FC1
[component_container_mt-2] [ERROR] [1779541632.326245203] [depth_nitros_bridge]: Input image format is not MONO16 image. This node only supports MONO16 image.The current image input is 32FC1
[component_container_mt-2] [ERROR] [1779541632.360056413] [depth_nitros_bridge]: Input image format is not MONO16 image. This node only supports MONO16 image.The current image input is 32FC1
[component_container_mt-2] [ERROR] [1779541632.403241860] [depth_nitros_bridge]: Input image format is not MONO16 image. This node only supports MONO16 image.The current image input is 32FC1
[component_container_mt-2] [ERROR] [1779541632.437248628] [depth_nitros_bridge]: Input image format is not MONO16 image. This node only supports MONO16 image.The current image input is 32FC1
[component_container_mt-2] [ERROR] [1779541632.470531839] [depth_nitros_bridge]: Input image format is not MONO16 image. This node only supports MONO16 image.The current image input is 32FC1
[component_container_mt-2] [ERROR] [1779541632.520355557] [depth_nitros_bridge]: Input image format is not MONO16 image. This node only supports MONO16 image.The current image input is 32FC1
[component_container_mt-2] [ERROR] [1779541632.541980757] [depth_nitros_bridge]: Input image format is not MONO16 image. This node only supports MONO16 image.The current image input is 32FC1
[component_container_mt-2] [ERROR] [1779541632.555353638] [depth_nitros_bridge]: Input image format is not MONO16 image. This node only supports MONO16 image.The current image input is 32FC1
[component_container_mt-2] [ERROR] [1779541632.603668437] [depth_nitros_bridge]: Input image format is not MONO16 image. This node only supports MONO16 image.The current image input is 32FC1
[component_container_mt-2] [ERROR] [1779541632.640380410] [depth_nitros_bridge]: Input image format is not MONO16 image. This node only supports MONO16 image.The current image input is 32FC1
[component_container_mt-2] [ERROR] [1779541632.662751821] [depth_nitros_bridge]: Input image format is not MONO16 image. This node only supports MONO16 image.The current image input is 32FC1
[component_container_mt-2] [ERROR] [1779541632.712012367] [depth_nitros_bridge]: Input image format is not MONO16 image. This node only supports MONO16 image.The current image input is 32FC1
=== 2026-05-23T22:24:37+09:00 launch_isaac_foundationpose.sh ===
Log file: /home/wonny/ur3_control/logs/launch_isaac_foundationpose.log
Launching Isaac FoundationPose (Ctrl+C to stop)...
[INFO] [launch]: All log files can be found below /home/wonny/.ros/log/2026-05-23-22-24-37-920091-wonny-22051
[INFO] [launch]: Default logging verbosity is set to INFO
[INFO] [launch.user]: LD_LIBRARY_PATH: cuda=/usr/local/cuda-12.6/targets/x86_64-linux/lib cvcuda=/opt/nvidia/cvcuda0/lib npp=/home/wonny/isaac_ros_assets/npp_extract/usr/local/cuda-12.6/targets/x86_64-linux/lib
[INFO] [launch.user]: Isaac FoundationPose: mesh=/home/wonny/ur3_control/src/ROS2_MuJoCo_UR3/install/ur3_mujoco_sim/share/ur3_mujoco_sim/meshes/foundationpose/square_1.obj texture=/home/wonny/ur3_control/src/ROS2_MuJoCo_UR3/install/ur3_mujoco_sim/share/ur3_mujoco_sim/meshes/foundationpose/square_1_texture.jpg
[INFO] [launch.user]:   refine=/home/wonny/isaac_ros_assets/models/foundationpose/refine_trt_engine.plan
[INFO] [launch.user]:   score=/home/wonny/isaac_ros_assets/models/foundationpose/score_trt_engine.plan
[INFO] [launch.user]: FoundationPose: single Nitros container (FP + mask + rgb/depth bridges)
[INFO] [foundation_pose_depth_mono16_node-1]: process started with pid [22064]
[INFO] [component_container_mt-2]: process started with pid [22066]
[INFO] [foundation_pose_output_tf_node-3]: process started with pid [22068]
[component_container_mt-2] [INFO] [1779542678.223785046] [foundationpose_container]: Load Library: /opt/ros/humble/lib/libfoundationpose_node.so
[component_container_mt-2] [INFO] [1779542678.236845000] [foundationpose_container]: Found class: rclcpp_components::NodeFactoryTemplate<nvidia::isaac_ros::foundationpose::FoundationPoseNode>
[component_container_mt-2] [INFO] [1779542678.236869763] [foundationpose_container]: Instantiate class: rclcpp_components::NodeFactoryTemplate<nvidia::isaac_ros::foundationpose::FoundationPoseNode>
[component_container_mt-2] [INFO] [1779542678.238974305] [foundationpose]: [NitrosNode] Initializing NitrosNode
[component_container_mt-2] [INFO] [1779542678.239202595] [NitrosContext]: [NitrosContext] Loading extension: gxf/lib/std/libgxf_std.so
[component_container_mt-2] [INFO] [1779542678.241182026] [NitrosContext]: [NitrosContext] Loading extension: gxf/lib/libgxf_isaac_gxf_helpers.so
[component_container_mt-2] [INFO] [1779542678.242652953] [NitrosContext]: [NitrosContext] Loading extension: gxf/lib/libgxf_isaac_sight.so
[component_container_mt-2] [INFO] [1779542678.244282115] [NitrosContext]: [NitrosContext] Loading extension: gxf/lib/libgxf_isaac_atlas.so
[component_container_mt-2] [33m2026-05-23 22:24:38.249 WARN  external/com_nvidia_gxf/gxf/std/program.cpp@532: No GXF scheduler specified.[0m
[component_container_mt-2] [INFO] [1779542678.249697094] [foundationpose]: [NitrosNode] Starting NitrosNode
[component_container_mt-2] [INFO] [1779542678.251617667] [foundationpose]: [NitrosNode] Loading extensions
[component_container_mt-2] [INFO] [1779542678.251684684] [foundationpose]: [NitrosContext] Loading extension: gxf/lib/multimedia/libgxf_multimedia.so
[component_container_mt-2] [INFO] [1779542678.253003982] [foundationpose]: [NitrosContext] Loading extension: gxf/lib/libgxf_isaac_message_compositor.so
[component_container_mt-2] [INFO] [1779542678.253601105] [foundationpose]: [NitrosContext] Loading extension: gxf/lib/serialization/libgxf_serialization.so
[component_container_mt-2] [INFO] [1779542678.255432732] [foundationpose]: [NitrosContext] Loading extension: gxf/lib/cuda/libgxf_cuda.so
[component_container_mt-2] [INFO] [1779542678.256740202] [foundationpose]: [NitrosContext] Loading extension: gxf/lib/libgxf_isaac_depth_image_proc.so
[component_container_mt-2] [INFO] [1779542678.408698507] [foundationpose]: [NitrosContext] Loading extension: gxf/lib/libgxf_isaac_sgm.so
[component_container_mt-2] [INFO] [1779542678.409386803] [foundationpose]: [NitrosContext] Loading extension: gxf/lib/libgxf_isaac_messages.so
[component_container_mt-2] [INFO] [1779542678.410004407] [foundationpose]: [NitrosContext] Loading extension: gxf/lib/libgxf_isaac_ros_messages.so
[component_container_mt-2] [INFO] [1779542678.410492146] [foundationpose]: [NitrosContext] Loading extension: gxf/lib/libgxf_isaac_tensor_rt.so
[component_container_mt-2] [INFO] [1779542678.439766657] [foundationpose]: [NitrosContext] Loading extension: gxf/lib/libgxf_isaac_foundationpose.so
[component_container_mt-2] [INFO] [1779542678.465746293] [foundationpose]: [NitrosNode] Loading graph to the optimizer
[component_container_mt-2] [INFO] [1779542678.472224851] [foundationpose]: [NitrosNode] Running optimization
[foundation_pose_output_tf_node-3] [INFO] [1779542678.502029363] [foundation_pose_output_tf]: Republishing TF fp_object from /output (score >= 0.0)
[foundation_pose_depth_mono16_node-1] [INFO] [1779542678.508998598] [foundation_pose_depth_mono16]: Depth MONO16 bridge: /rl_camera/noisy/depth -> /fp_bridge/depth_mono16
[component_container_mt-2] [INFO] [1779542678.736443473] [foundationpose]: [NitrosNode] Obtaining graph IO group info from the optimizer
[component_container_mt-2] [INFO] [1779542678.744657505] [foundationpose]: [NitrosNode] Starting negotiation...
[INFO] [launch_ros.actions.load_composable_nodes]: Loaded node '/foundationpose' in container '/foundationpose_container'
[component_container_mt-2] [INFO] [1779542678.746740239] [foundationpose_container]: Load Library: /opt/ros/humble/lib/libdetection2_d_to_mask.so
[component_container_mt-2] [INFO] [1779542678.747906109] [foundationpose_container]: Found class: rclcpp_components::NodeFactoryTemplate<nvidia::isaac_ros::foundationpose::Detection2DToMask>
[component_container_mt-2] [INFO] [1779542678.747915897] [foundationpose_container]: Instantiate class: rclcpp_components::NodeFactoryTemplate<nvidia::isaac_ros::foundationpose::Detection2DToMask>
[component_container_mt-2] [INFO] [1779542678.751504681] [detection2_d_to_mask]: Mask Height: 480, Mask Width: 640
[INFO] [launch_ros.actions.load_composable_nodes]: Loaded node '/detection2_d_to_mask' in container '/foundationpose_container'
[component_container_mt-2] [INFO] [1779542678.752651157] [foundationpose_container]: Load Library: /opt/ros/humble/lib/libresize_node.so
[component_container_mt-2] [INFO] [1779542678.753518882] [foundationpose_container]: Found class: rclcpp_components::NodeFactoryTemplate<nvidia::isaac_ros::image_proc::ResizeNode>
[component_container_mt-2] [INFO] [1779542678.753528581] [foundationpose_container]: Instantiate class: rclcpp_components::NodeFactoryTemplate<nvidia::isaac_ros::image_proc::ResizeNode>
[component_container_mt-2] [INFO] [1779542678.756166076] [rgb_nitros_bridge]: [NitrosNode] Initializing NitrosNode
[component_container_mt-2] [INFO] [1779542678.756454686] [rgb_nitros_bridge]: [ResizeNode] Set output data format to: "nitros_image_rgb8"
[component_container_mt-2] [INFO] [1779542678.756484609] [rgb_nitros_bridge]: [NitrosNode] Starting NitrosNode
[component_container_mt-2] [INFO] [1779542678.760863013] [rgb_nitros_bridge]: [NitrosNode] Loading extensions
[component_container_mt-2] [INFO] [1779542678.761090626] [rgb_nitros_bridge]: [NitrosContext] Loading extension: gxf/lib/libgxf_isaac_tensorops.so
[component_container_mt-2] [INFO] [1779542678.763000029] [rgb_nitros_bridge]: [NitrosNode] Loading graph to the optimizer
[component_container_mt-2] [INFO] [1779542678.764673597] [rgb_nitros_bridge]: [NitrosNode] Running optimization
[component_container_mt-2] [INFO] [1779542678.825664865] [rgb_nitros_bridge]: [NitrosNode] Obtaining graph IO group info from the optimizer
[component_container_mt-2] [INFO] [1779542678.826722952] [rgb_nitros_bridge]: [NitrosPublisherSubscriberGroup] Pinning the component "image_sink/sink" (type="nvidia::isaac_ros::MessageRelay") to use its compatible format only: "nitros_image_rgb8"
[component_container_mt-2] [INFO] [1779542678.830211836] [rgb_nitros_bridge]: [NitrosNode] Starting negotiation...
[INFO] [launch_ros.actions.load_composable_nodes]: Loaded node '/rgb_nitros_bridge' in container '/foundationpose_container'
[component_container_mt-2] [INFO] [1779542678.831344737] [foundationpose_container]: Load Library: /opt/ros/humble/lib/libconvert_metric_node.so
[component_container_mt-2] [INFO] [1779542678.832014139] [foundationpose_container]: Found class: rclcpp_components::NodeFactoryTemplate<nvidia::isaac_ros::depth_image_proc::ConvertMetricNode>
[component_container_mt-2] [INFO] [1779542678.832022760] [foundationpose_container]: Instantiate class: rclcpp_components::NodeFactoryTemplate<nvidia::isaac_ros::depth_image_proc::ConvertMetricNode>
[component_container_mt-2] [INFO] [1779542678.837760400] [depth_nitros_bridge.ManagedNitrosSubscriber]: Starting Managed Nitros Subscriber
[component_container_mt-2] [INFO] [1779542678.838763611] [depth_nitros_bridge.ManagedNitrosPublisher]: Starting Managed Nitros Publisher
[INFO] [launch_ros.actions.load_composable_nodes]: Loaded node '/depth_nitros_bridge' in container '/foundationpose_container'
[component_container_mt-2] [INFO] [1779542678.900819558] [rgb_nitros_bridge]: Negotiating
[component_container_mt-2] [INFO] [1779542678.900997829] [rgb_nitros_bridge]: Negotiating
[component_container_mt-2] [INFO] [1779542678.908794626] [depth_nitros_bridge]: Negotiating
[component_container_mt-2] [INFO] [1779542679.745713725] [foundationpose]: [NitrosNode] Starting post negotiation setup
[component_container_mt-2] [INFO] [1779542679.745751004] [foundationpose]: [NitrosNode] Getting data format negotiation results
[component_container_mt-2] [INFO] [1779542679.745764156] [foundationpose]: [NitrosPublisher] Negotiation ended with no results
[component_container_mt-2] [INFO] [1779542679.745772564] [foundationpose]: [NitrosPublisher] Use only the compatible publisher: topic_name="/output", data_format="nitros_detection3_d_array"
[component_container_mt-2] [INFO] [1779542679.745780315] [foundationpose]: [NitrosPublisher] Negotiation ended with no results
[component_container_mt-2] [INFO] [1779542679.745786423] [foundationpose]: [NitrosPublisher] Use only the compatible publisher: topic_name="/pose_estimation/pose_matrix_output", data_format="nitros_tensor_list_nchw"
[component_container_mt-2] [INFO] [1779542679.745794564] [foundationpose]: [NitrosSubscriber] Use the negotiated data format: "nitros_image_rgb8"
[component_container_mt-2] [INFO] [1779542679.745802378] [foundationpose]: [NitrosSubscriber] Use the negotiated data format: "nitros_camera_info"
[component_container_mt-2] [INFO] [1779542679.745808576] [foundationpose]: [NitrosSubscriber] Negotiation ended with no results
[component_container_mt-2] [INFO] [1779542679.745814227] [foundationpose]: [NitrosSubscriber] Use the compatible subscriber: topic_name="/segmentation", data_format="nitros_image_mono8"
[component_container_mt-2] [INFO] [1779542679.745821319] [foundationpose]: [NitrosSubscriber] Use the negotiated data format: "nitros_image_32FC1"
[component_container_mt-2] [INFO] [1779542679.745936462] [foundationpose]: [NitrosNode] Exporting the final graph based on the negotiation results
[component_container_mt-2] [INFO] [1779542679.830680868] [rgb_nitros_bridge]: [NitrosNode] Starting post negotiation setup
[component_container_mt-2] [INFO] [1779542679.830713623] [rgb_nitros_bridge]: [NitrosNode] Getting data format negotiation results
[component_container_mt-2] [INFO] [1779542679.830717941] [rgb_nitros_bridge]: [NitrosPublisher] Use the negotiated data format: "nitros_image_rgb8"
[component_container_mt-2] [INFO] [1779542679.830721176] [rgb_nitros_bridge]: [NitrosPublisher] Use the negotiated data format: "nitros_camera_info"
[component_container_mt-2] [INFO] [1779542679.830724123] [rgb_nitros_bridge]: [NitrosSubscriber] Negotiation ended with no results
[component_container_mt-2] [INFO] [1779542679.830726634] [rgb_nitros_bridge]: [NitrosSubscriber] Use the compatible subscriber: topic_name="/rl_camera/noisy/color", data_format="nitros_image_rgb8"
[component_container_mt-2] [INFO] [1779542679.830729768] [rgb_nitros_bridge]: [NitrosSubscriber] Negotiation ended with no results
[component_container_mt-2] [INFO] [1779542679.830731709] [rgb_nitros_bridge]: [NitrosSubscriber] Use the compatible subscriber: topic_name="/rl_camera/camera_info", data_format="nitros_camera_info"
[component_container_mt-2] [INFO] [1779542679.830789377] [rgb_nitros_bridge]: [NitrosNode] Exporting the final graph based on the negotiation results
[component_container_mt-2] [INFO] [1779542679.834466183] [rgb_nitros_bridge]: [NitrosNode] Wrote the final top level YAML graph to "/tmp/isaac_ros_nitros/graphs/MQONBJRLXG/MQONBJRLXG.yaml"
[component_container_mt-2] [INFO] [1779542679.834494854] [rgb_nitros_bridge]: [NitrosNode] Loading application
[component_container_mt-2] [INFO] [1779542679.836913354] [rgb_nitros_bridge]: [ResizeNode] postLoadGraphCallback().
[component_container_mt-2] [INFO] [1779542679.836956801] [rgb_nitros_bridge]: [NitrosNode] Initializing and running GXF graph
[component_container_mt-2] [INFO] [1779542679.848860647] [rgb_nitros_bridge]: [NitrosNode] Node was started
[component_container_mt-2] [INFO] [1779542681.266493880] [foundationpose]: [NitrosNode] Wrote the final top level YAML graph to "/tmp/isaac_ros_nitros/graphs/MFWEGCGFBM/MFWEGCGFBM.yaml"
[component_container_mt-2] [INFO] [1779542681.266521413] [foundationpose]: [NitrosNode] Loading application
[component_container_mt-2] [33m2026-05-23 22:24:41.272 WARN  external/com_nvidia_gxf/gxf/std/yaml_file_loader.cpp@1077: Using unregistered parameter 'dummy_rx' in component ''.[0m
[component_container_mt-2] [33m2026-05-23 22:24:41.272 WARN  external/com_nvidia_gxf/gxf/std/yaml_file_loader.cpp@1077: Using unregistered parameter 'dummy_rx' in component ''.[0m
[component_container_mt-2] [33m2026-05-23 22:24:41.272 WARN  external/com_nvidia_gxf/gxf/std/yaml_file_loader.cpp@1077: Using unregistered parameter 'dev_id' in component 'stream'.[0m
[component_container_mt-2] [INFO] [1779542681.273127688] [foundationpose]: [NitrosNode] Initializing and running GXF graph
[component_container_mt-2] [33m2026-05-23 22:24:41.275 WARN  external/com_nvidia_gxf/gxf/std/scheduling_terms.cpp@333: 'min_size' parameter in MultiMessageAvailableSchedulingTerm is deprecated. Use 'min_sum' with SumOfAll sampling mode instead[0m
[component_container_mt-2] [33m2026-05-23 22:24:41.275 WARN  external/com_nvidia_gxf/gxf/std/scheduling_terms.cpp@333: 'min_size' parameter in MultiMessageAvailableSchedulingTerm is deprecated. Use 'min_sum' with SumOfAll sampling mode instead[0m
[component_container_mt-2] [33m2026-05-23 22:24:41.275 WARN  external/com_nvidia_gxf/gxf/std/scheduling_terms.cpp@333: 'min_size' parameter in MultiMessageAvailableSchedulingTerm is deprecated. Use 'min_sum' with SumOfAll sampling mode instead[0m
[component_container_mt-2] [33m2026-05-23 22:24:41.275 WARN  external/com_nvidia_gxf/gxf/std/scheduling_terms.cpp@333: 'min_size' parameter in MultiMessageAvailableSchedulingTerm is deprecated. Use 'min_sum' with SumOfAll sampling mode instead[0m
[component_container_mt-2] [33m2026-05-23 22:24:41.276 WARN  external/com_nvidia_gxf/gxf/std/scheduling_terms.cpp@333: 'min_size' parameter in MultiMessageAvailableSchedulingTerm is deprecated. Use 'min_sum' with SumOfAll sampling mode instead[0m
[component_container_mt-2] [INFO] [1779542681.277300383] [foundationpose]: [NitrosNode] Node was started
[component_container_mt-2] [WARN] [1779542696.771526300] [foundationpose.NitrosSubscriber]: 10.0s passed while waiting to push a message entity (eid=2178) to the receiver camera_model_receiver
[component_container_mt-2] [WARN] [1779542696.897239319] [foundationpose.NitrosSubscriber]: 10.0s passed while waiting to push a message entity (eid=2286) to the receiver depth_receiver
[component_container_mt-2] [WARN] [1779542696.913618475] [foundationpose.NitrosSubscriber]: 10.0s passed while waiting to push a message entity (eid=2289) to the receiver rgb_image_receiver
[component_container_mt-2] [WARN] [1779542711.985791777] [foundationpose.NitrosSubscriber]: 20.0s passed while waiting to push a message entity (eid=2178) to the receiver camera_model_receiver
[component_container_mt-2] [WARN] [1779542712.103297753] [foundationpose.NitrosSubscriber]: 20.0s passed while waiting to push a message entity (eid=2286) to the receiver depth_receiver
[component_container_mt-2] [WARN] [1779542712.103307758] [foundationpose.NitrosSubscriber]: 20.0s passed while waiting to push a message entity (eid=2289) to the receiver rgb_image_receiver
[component_container_mt-2] [WARN] [1779542727.233164541] [foundationpose.NitrosSubscriber]: 30.0s passed while waiting to push a message entity (eid=2178) to the receiver camera_model_receiver
[component_container_mt-2] [WARN] [1779542727.329225609] [foundationpose.NitrosSubscriber]: 30.0s passed while waiting to push a message entity (eid=2286) to the receiver depth_receiver
[component_container_mt-2] [WARN] [1779542727.329225614] [foundationpose.NitrosSubscriber]: 30.0s passed while waiting to push a message entity (eid=2289) to the receiver rgb_image_receiver
[component_container_mt-2] [WARN] [1779542742.448234629] [foundationpose.NitrosSubscriber]: 40.0s passed while waiting to push a message entity (eid=2178) to the receiver camera_model_receiver
[component_container_mt-2] [WARN] [1779542742.536769651] [foundationpose.NitrosSubscriber]: 40.0s passed while waiting to push a message entity (eid=2286) to the receiver depth_receiver
[component_container_mt-2] [WARN] [1779542742.538921693] [foundationpose.NitrosSubscriber]: 40.0s passed while waiting to push a message entity (eid=2289) to the receiver rgb_image_receiver
[component_container_mt-2] [WARN] [1779542757.716925875] [foundationpose.NitrosSubscriber]: 50.0s passed while waiting to push a message entity (eid=2178) to the receiver camera_model_receiver
[component_container_mt-2] [WARN] [1779542757.810930353] [foundationpose.NitrosSubscriber]: 50.0s passed while waiting to push a message entity (eid=2286) to the receiver depth_receiver
[component_container_mt-2] [WARN] [1779542757.822961024] [foundationpose.NitrosSubscriber]: 50.0s passed while waiting to push a message entity (eid=2289) to the receiver rgb_image_receiver
[component_container_mt-2] [WARN] [1779542772.947863918] [foundationpose.NitrosSubscriber]: 60.0s passed while waiting to push a message entity (eid=2178) to the receiver camera_model_receiver
[component_container_mt-2] [WARN] [1779542773.024850983] [foundationpose.NitrosSubscriber]: 60.0s passed while waiting to push a message entity (eid=2286) to the receiver depth_receiver
[component_container_mt-2] [WARN] [1779542773.037659322] [foundationpose.NitrosSubscriber]: 60.0s passed while waiting to push a message entity (eid=2289) to the receiver rgb_image_receiver
[component_container_mt-2] [WARN] [1779542788.167545468] [foundationpose.NitrosSubscriber]: 70.0s passed while waiting to push a message entity (eid=2178) to the receiver camera_model_receiver
[component_container_mt-2] [WARN] [1779542788.239543536] [foundationpose.NitrosSubscriber]: 70.0s passed while waiting to push a message entity (eid=2286) to the receiver depth_receiver
[component_container_mt-2] [WARN] [1779542788.261540728] [foundationpose.NitrosSubscriber]: 70.0s passed while waiting to push a message entity (eid=2289) to the receiver rgb_image_receiver
[component_container_mt-2] [WARN] [1779542803.384765543] [foundationpose.NitrosSubscriber]: 80.0s passed while waiting to push a message entity (eid=2178) to the receiver camera_model_receiver
[component_container_mt-2] [WARN] [1779542803.442394370] [foundationpose.NitrosSubscriber]: 80.0s passed while waiting to push a message entity (eid=2286) to the receiver depth_receiver
[component_container_mt-2] [WARN] [1779542803.471373054] [foundationpose.NitrosSubscriber]: 80.0s passed while waiting to push a message entity (eid=2289) to the receiver rgb_image_receiver
[component_container_mt-2] [WARN] [1779542818.591403142] [foundationpose.NitrosSubscriber]: 90.0s passed while waiting to push a message entity (eid=2178) to the receiver camera_model_receiver
[component_container_mt-2] [WARN] [1779542818.628786862] [foundationpose.NitrosSubscriber]: 90.0s passed while waiting to push a message entity (eid=2286) to the receiver depth_receiver
[component_container_mt-2] [WARN] [1779542818.685538002] [foundationpose.NitrosSubscriber]: 90.0s passed while waiting to push a message entity (eid=2289) to the receiver rgb_image_receiver
[component_container_mt-2] [WARN] [1779542833.793150564] [foundationpose.NitrosSubscriber]: 100.0s passed while waiting to push a message entity (eid=2178) to the receiver camera_model_receiver
[component_container_mt-2] [WARN] [1779542833.825316971] [foundationpose.NitrosSubscriber]: 100.0s passed while waiting to push a message entity (eid=2286) to the receiver depth_receiver
[component_container_mt-2] [WARN] [1779542833.877510866] [foundationpose.NitrosSubscriber]: 100.0s passed while waiting to push a message entity (eid=2289) to the receiver rgb_image_receiver
